的	bu	白勺	76938354
一	aa	一一	35278860
了	aa	乛亅	34812434
了	vu	乛亅	34812434
是	op	日疋	31422712
是	ov	日龰	31422712
不	ad	一丶	29858097
不	ax	一小	29858097
我	pd	丿丶	29569261
我	pp	丿丿	29569261
在	ta	土丨	19195987
在	ut	ナ土	19195987
人	pd	丿丶	18435295
有	ou	月十	17847013
有	uo	ナ月	17847013
他	ry	亻也	17596473
你	re	亻尔	14221925
上	aa	丨一	11918291
上	ba	卜一	11918291
到	dv	刂至	11505436
就	yj	尤京	11305679
着	yo	羊目	11165468
大	ad	一丶	10828984
道	zu	辶首	10625536
那	el	阝𭃂	9929703
也	gg	𠃌乚	9508702
地	ty	土也	8804040
子	aa	乛一	8641973
子	vh	乛一	8641973
下	ab	一卜	8550882
下	ad	一丶	8550882
出	aa	丨丨	8294943
出	ck	屮凵	8294943
看	ou	目龵	8030267
看	uo	龵目	8030267
要	xn	覀女	7944606
她	ny	女也	7870163
中	aa	丨丨	7680869
中	ka	口丨	7680869
然	dq	灬犬	7339938
然	hq	灬犬	7339938
自	pa	丿一	7261699
自	pm	丿目	7261699
自	po	丿目	7261699
好	nz	女子	7259684
得	xc	彳寸	7186260
去	ts	土厶	7182400
可	dk	丁口	7069176
天	ad	一大	6797499
心	dd	丶丶	6555833
以	rd	人丶	6523162
以	ry	人{𠄌丶}	6523162
小	ad	亅丶	6383822
都	ev	耳者	6342930
和	hk	禾口	6252031
想	xx	相心	6140550
能	sb	厶匕	5933639
起	zj	走己	5819918
之	dd	丶丶	5373763
手	pa	丿丨	5076179
手	ub	{手}	5076179
而	aa	一丨	5075337
只	kb	口八	5050153
生	na	牛一	4966773
什	ru	亻十	4828364
身	pp	丿丿	4819905
事	aa	亅一	4729336
多	xx	夕夕	4617194
己	ag	乛乚	4569251
己	vg	乛乚	4569251
家	bu	宀豕	4546765
面	aa	一一	4532962
知	ku	口矢	4397165
知	uk	矢口	4397165
如	nk	女口	4308194
很	xg	彳艮	3994436
前	bd	丷刂	3967855
前	qd	䒑刂	3967855
情	xq	忄青	3879008
把	fb	扌巴	3798288
老	bl	匕耂	3762961
老	lb	耂匕	3762961
些	ec	二此	3752167
已	ag	乛乚	3720796
已	vg	乛乚	3720796
又	ad	フ丶	3710252
又	vd	フ丶	3710252
意	lx	立心	3668831
意	xy	心音	3668831
回	kk	口口	3608341
笑	vy	𥫗夭	3577465
所	hj	户斤	3534172
所	jh	斤户	3534172
但	rd	亻旦	3505257
眼	og	目艮	3495315
成	gg	𠃌戈	3478315
成	wg	戊𠃌	3478315
方	dd	丶刀	3471764
方	dg	丶𠃌	3471764
方	dp	丶丿	3471764
方	dw	丶万	3471764
方	wd	亠刀	3471764
年	pa	丿丨	3465446
年	ra	人丨	3465446
女	aa	フ一	3362646
女	vh	フ一	3362646
真	uj	十具	3314815
力	gp	𠃌丿	3298612
用	kf	冂𰀁	3170468
走	tv	土龰	3020224
被	yp	衤皮	2998064
正	av	一止	2933903
打	fd	扌丁	2882337
明	oo	日月	2864492
法	dq	氵去	2798486
才	ap	一丿	2774963
行	xd	彳丁	2756706
行	xi	彳亍	2756706
三	aa	一一	2747794
定	bp	宀疋	2738825
此	vb	止匕	2725965
再	aa	一乛	2681503
再	at	一土	2681503
同	kk	冂口	2614683
最	oq	日取	2582957
本	aa	一一	2579524
本	ma	木一	2579524
向	pk	丿口	2570964
分	bd	八刀	2568782
分	db	刀八	2568782
十	aa	丨一	2567177
高	dk	丶口	2565932
高	wk	亠口	2565932
第	vp	𥫗丿	2558818
感	xx	咸心	2529138
怎	xv	心乍	2520317
神	uu	礻申	2509843
作	rv	亻乍	2437693
其	ad	一丶	2417047
其	ba	八一	2417047
其	hb	一八	2417047
吧	kb	口巴	2403165
口	aa	丨一	2375024
啊	ka	口阿	2366043
因	kd	口大	2334623
白	pa	丿一	2322211
白	po	丿日	2322211
次	dq	冫欠	2307457
做	rg	亻故	2254997
外	xb	夕卜	2234449
光	ea	儿一	2185701
光	xw	小兀	2185701
主	dw	丶王	2156315
住	rv	亻主	2114870
果	ad	丨丶	2105431
果	tm	田木	2105431
全	rw	入王	2085206
二	aa	一一	2073729
候	ru	亻矢	2064968
公	bs	八厶	2055138
公	sb	厶八	2055138
相	mo	木目	2037658
等	vs	竹寺	2002114
色	db	刀巴	1988512
死	db	歹匕	1979349
部	ek	阝口	1972176
部	ep	阝咅	1972176
太	dd	大丶	1962845
日	aa	丨丨	1944999
日	or	{日}	1944999
日	ri	{日}	1944999
少	xp	小丿	1940099
理	wl	王里	1903915
直	aa	一一	1902380
直	uq	十且	1902380
重	pa	丿一	1900814
重	ql	千里	1900814
王	aa	一一	1891711
像	rx	亻象	1883479
比	bb	匕匕	1844194
快	xd	忄丶	1840001
快	xg	忄夬	1840001
何	rk	亻可	1822108
水	ad	一丶	1817943
水	uv	{水}	1817943
名	xk	夕口	1804559
呢	kn	口尼	1793494
叫	kj	口丩	1780163
西	aa	一一	1778761
便	rg	亻更	1735257
放	fw	方攵	1730745
放	wf	攵方	1730745
更	ad	一丶	1703552
更	ag	一{更下}	1703552
美	dy	大羊	1692264
美	yd	羊大	1692264
位	rl	亻立	1682896
接	fq	扌妾	1671342
先	en	儿	1662684
先	ne	儿	1662684
文	dd	丶丶	1637873
文	wi	亠乂	1637873
望	wo	王月	1623939
常	dd	丶吊	1623697
常	jk	巾口	1623697
常	xd	吊	1623697
完	by	宀元	1623350
四	aa	丨一	1598102
四	ke	囗儿	1598102
者	lo	日耂	1581047
者	ol	日耂	1581047
安	bn	宀女	1580103
清	dq	氵青	1568814
跟	zg	足艮	1547565
月	oy	{月}	1546594
月	pa	丿丨	1546594
月	yt	{月}	1546594
信	ry	亻言	1529741
山	aa	丨丨	1526952
空	bg	宀工	1496062
空	xg	穴工	1496062
找	fg	扌戈	1476145
原	ix	厂小	1473346
入	pd	丿丶	1472056
李	mz	木子	1462547
平	aa	一丨	1439957
平	gb	干八	1439957
思	tx	田心	1438567
思	xt	心田	1438567
林	mm	木木	1435296
使	rl	亻吏	1415240
由	aa	丨一	1400586
由	ao	丨日	1400586
受	vy	爫又	1388441
受	yb	又冖	1388441
命	re	人卩	1368062
目	aa	一一	1365310
目	mu	{目}	1365310
目	om	{目}	1365310
男	tl	田力	1354324
任	rr	亻壬	1353727
路	zg	足各	1338441
今	ra	人乛	1337566
今	rv	人乛	1337566
海	dm	氵每	1335124
加	kl	口力	1329722
加	lk	力口	1329722
活	du	氵舌	1317244
特	ns	牛寺	1314148
解	jn	角牛	1312068
世	aa	一乛	1305454
世	ca	廿乛	1305454
世	cv	廿乛	1305454
性	xu	忄生	1304637
表	fy	丰𧘇	1303318
它	bb	宀匕	1298568
立	da	丶一	1293824
黑	ad	丨丶	1292192
黑	ha	灬一	1292192
金	pa	丿一	1291889
金	ra	人一	1291889
花	ch	艹化	1277183
算	vc	竹廾	1263186
城	ti	土成	1258895
孩	zh	子亥	1251885
反	py	丿又	1250683
工	aa	一一	1242237
始	nt	女台	1239671
新	jq	斤亲	1232035
兵	qb	丘八	1226804
物	nw	牛勿	1225245
非	aa	丨一	1219442
似	ry	亻以	1203009
至	tv	土𠫔	1199059
至	vt	𠫔土	1199059
通	zy	辶甬	1186869
失	pf	丿夫	1182384
火	dd	丶丶	1180390
哥	dk	丁口	1176477
哥	kd	口丁	1176477
哥	kk	可可	1176477
士	aa	一一	1175727
五	aa	一一	1170398
魔	gm	鬼麻	1160330
魔	mg	麻鬼	1160330
竟	le	立儿	1160070
姐	nq	女且	1158924
乎	pa	丿丨	1157322
往	xv	彳主	1143435
量	ol	日里	1142437
早	ou	日十	1138903
怕	xb	心白	1114820
流	di	氵川	1114438
突	bq	宀犬	1106693
突	xq	穴犬	1106693
坐	rt	人土	1106273
坐	tc	土从	1106273
坐	tr	土人	1106273
斯	jq	斤其	1105720
斯	qj	其斤	1105720
音	lo	立日	1100301
指	fv	扌旨	1099010
拉	fl	扌立	1096796
半	bf	八𰀁	1095098
且	aa	丨一	1092816
利	dh	刂禾	1091519
利	hd	禾刂	1091519
合	rk	人口	1085786
倒	rd	亻到	1085421
度	gy	广又	1082785
微	xw	彳攵	1082510
步	vx	止小	1077549
教	wx	攵孝	1071585
喜	uk	士口	1069981
越	zy	走戉	1069176
影	pj	彡景	1067165
冷	dl	冫令	1063226
深	dm	氵木	1060800
告	kn	口	1054831
告	nk	口	1054831
落	cl	艹洛	1054311
象	du	刀𧰨	1041105
象	pd	丿丶	1041105
象	ua	𧰨一	1041105
容	bg	宀谷	1038318
怪	xu	心圣	1036985
提	fu	扌是	1026285
言	da	丶一	1026005
言	dk	丶口	1026005
言	wk	亠口	1026005
每	pm	丿母	1015025
每	rm	𠂉母	1015025
服	oy	月又	1011511
武	vy	止弋	1003136
武	yv	弋止	1003136
哪	kn	口那	998544
站	lv	立占	994038
奇	dk	大可	982596
房	hf	户方	980289
管	vg	𥫗官	979206
刻	dh	刂亥	977816
衣	dd	丶丶	974727
周	kj	口几	972776
周	kk	冂口	972776
百	ab	一白	962451
拿	uh	手合	958908
星	ou	日生	955656
化	rb	人匕	951401
功	gl	工力	945623
功	lg	力工	945623
系	ps	丿糸	942245
般	vu	舟殳	940949
必	dd	丶丶	940785
必	xp	心丿	940785
件	rn	亻牛	935235
血	pa	丿一	933230
血	pm	丿皿	933230
代	ry	亻弋	932729
精	mq	米青	932565
弟	bp	八丿	931804
近	zj	辶斤	925463
青	fo	月	914968
青	of	月	914968
界	tj	田介	913395
司	gk	𠃌口	911784
司	ka	口一	911784
整	vi	正敕	911668
整	vw	正攵	911668
字	bz	宀子	906615
晚	om	日免	904532
民	ag	乛乚	902697
民	kq	コ七	902697
民	vg	乛乚	902697
切	dq	刀七	900592
切	qd	七刀	900592
即	eg	卩艮	900101
即	ge	艮卩	900101
忙	xw	心亡	899024
交	df	丶父	898418
交	li	六ㄨ	898418
交	lw	六ㄨ	898418
交	wf	亠父	898418
或	gk	戈口	896787
暗	oy	日音	891081
夫	ad	一大	890506
夫	er	二人	890506
根	mg	木艮	886057
石	aa	丆一	885579
石	ak	丆口	885579
石	kp	口丿	885579
石	pk	丿口	885579
哈	kh	口合	879528
夜	dd	丶夂	877661
夜	dw	丶夂	877661
夜	wd	亠丶	877661
夜	ww	亠夂	877661
父	bi	八乂	875667
父	bw	八乂	875667
父	pd	丿丶	875667
制	dg	刂𠃌	870792
制	dv	刂{制左}	870792
友	uy	ナ又	869919
友	yu	又ナ	869919
阿	ek	耳可	867275
息	xz	心自	864425
息	zx	自心	864425
酒	dy	氵酉	862253
保	rd	亻呆	859752
片	pa	丿乛	859001
片	pv	丿乛	859001
形	pk	彡开	858843
南	ua	十丨	856521
南	uy	十{羊}	856521
各	wk	夂口	856128
急	xi	心刍	849907
急	xx	心彐	849907
令	rs	人厶	842791
及	nd	乃丶	839825
及	pd	丿丶	839825
慢	xm	忄曼	820995
雪	yx	雨𫜹	820388
苦	cg	艹古	810172
若	cy	艹右	809209
收	jw	丩攵	807363
收	wj	攵丩	807363
底	gd	广氐	806359
答	vh	竹合	796906
千	pa	丿丨	794964
消	dx	氵肖	792838
敢	aw	乛攵	782369
敢	vw	乛攵	782369
敢	we	攵耳	782369
留	lt	{留上}田	778671
留	td	田刀	778671
留	tl	田{留上}	778671
克	eg	儿古	777926
克	ux	十兄	777926
跑	zb	足包	767297
嘴	kj	口角	762052
嘴	kz	口觜	762052
官	bg	宀㠯	760400
官	bk	宀コ	760400
未	ad	一丶	758953
未	ex	二小	758953
句	gk	勹口	754300
句	kb	口勹	754300
句	kg	口勹	754300
句	pk	丿口	754300
求	ad	亅丶	749849
害	bk	宀口	740250
八	pd	丿丶	740031
久	dd	刀丶	737479
久	pd	丿丶	737479
德	xx	彳心	733775
元	aw	一兀	732265
元	ee	二儿	732265
楚	mp	木疋	728204
楚	pl	疋林	728204
雨	ad	一丶	725801
睛	oq	目青	724850
刀	gp	𠃌丿	723425
刀	pg	丿𠃌	723425
玉	ad	一丶	721753
玉	wd	王丶	721753
沉	dj	氵几	718489
沉	dr	氵冗	718489
北	ap	一丿	718033
北	bj	匕丬	718033
格	mg	木各	715810
停	rt	亻亭	715545
市	dj	丶巾	712352
市	wj	亠巾	712352
朝	ou	月十	709793
朝	uo	十月	709793
喝	kh	口曷	707608
族	fu	方矢	707445
江	dg	氵工	705253
母	ad	𠃊丶	701521
母	vd	𠃊丶	701521
章	lz	立早	697369
亮	dj	丶几	693524
亮	jb	几冖	693524
亮	wj	亠几	693524
客	bg	宀各	692916
照	dv	灬昭	692673
照	hv	灬昭	692673
易	ow	日勿	690500
足	kv	口龰	680607
依	ry	亻衣	679811
修	rp	亻彡	678749
破	up	石皮	677496
球	wq	王求	673782
呀	ky	口牙	673765
院	ew	阝完	672894
送	zg	辶关	668592
包	gs	勹巳	667583
攻	gw	工攵	665395
攻	wg	攵工	665395
玩	wy	王元	658958
待	xs	彳寺	658854
痛	by	疒甬	653298
呼	kh	口乎	649070
期	oq	月其	647443
期	qo	其月	647443
英	cy	艹央	646331
低	rd	亻氐	646263
帝	dj	丶巾	643284
帝	jb	巾冖	643284
帝	lj	{立}巾	643284
帝	wj	亠巾	643284
兄	ke	口儿	642800
背	ob	月北	642470
持	fs	扌寺	641315
皇	bw	白王	640305
七	ag	一乚	638221
六	db	丶八	635084
六	dd	丶丶	635084
六	wb	亠八	635084
穿	by	宀牙	634742
穿	xy	穴牙	634742
政	wv	攵正	633183
居	ug	尸古	627014
校	mj	木交	623489
曾	bo	丷日	621971
曾	ob	日八	621971
古	uk	十口	621960
睡	oi	目垂	616243
希	ib	乂布	614576
希	ij	乂巾	614576
希	ju	巾ナ	614576
速	zu	辶束	614540
室	bv	宀至	614287
旁	df	丶方	610425
旁	lf	立方	610425
旁	wf	亠方	610425
另	kl	口力	608814
露	yl	雨路	606979
鬼	pd	丿丶	604413
鬼	ps	丿厶	604413
娘	nl	女良	603856
取	ey	耳又	602170
取	ye	又耳	602170
式	gy	工弋	600521
式	yg	弋工	600521
除	ey	阝余	599918
考	lk	耂丂	599063
建	zy	廴聿	598616
招	fv	扌召	593719
布	ju	巾ナ	591571
布	uj	ナ巾	591571
程	hi	禾呈	590619
首	qz	䒑自	588887
朋	oo	月月	588716
掉	fv	扌卓	586059
忽	xw	心勿	585369
注	dv	氵主	583182
甚	qa	其乛	576087
甚	qv	其乛	576087
差	yg	羊工	573616
呵	kk	口可	570893
展	uy	尸𧘇	570379
品	kk	口口	566800
香	ho	禾日	563262
故	wg	攵古	560446
雷	yt	雨田	560379
念	xj	心今	559620
段	du	{段左}殳	559051
段	pu	丿殳	559051
段	ud	殳{段左}	559051
角	dy	刀用	557634
疑	bp	匕疋	556639
木	ad	一丶	547209
需	ye	雨而	543409
妹	nw	女未	542424
爸	fb	父巴	541485
左	gu	工ナ	538289
左	ug	ナ工	538289
派	dp	氵𠂢	537090
激	dj	氵敫	535171
激	dw	氵攵	535171
冰	du	冫水	534562
跳	zv	足兆	532527
支	uy	十又	532396
巴	ag	乛乚	523594
巴	kg	コ乚	523594
巴	vg	乛乚	523594
您	xn	心你	523541
肯	ov	月止	522835
肯	vo	止月	522835
醒	yx	酉星	522582
抱	fb	扌包	519992
淡	dy	氵炎	518865
造	zg	辶告	518334
集	mv	木隹	515762
集	vm	隹木	515762
商	dk	丶口	514550
商	lk	立口	514550
商	wk	亠口	514550
掌	du	丶手	510260
掌	uk	手口	510260
掌	xu	手	510260
密	bu	宀山	506110
密	ub	山必	506110
九	py	丿乙	506014
病	bb	疒丙	505956
米	dd	丶丶	503964
威	gn	戈女	503918
威	ng	女戈	503918
威	wn	戊女	503918
追	zv	辶𠂤	502402
基	qt	其土	499224
基	tq	土其	499224
推	fv	扌隹	497295
改	jw	己攵	495567
改	wj	攵己	495567
退	zg	辶艮	494368
味	kw	口未	493741
份	rf	亻分	493685
示	ad	一丶	492951
示	ex	二小	492951
忍	xr	心刃	492901
器	kk	口口	489638
器	qk	犬口	489638
恐	xg	心巩	489578
引	ga	弓丨	489419
皮	ad	乛丶	487744
皮	ay	乛又	487744
皮	vd	乛丶	487744
皮	vy	乛又	487744
皮	ya	又乛	487744
靠	fg	非告	486494
靠	nf	非	486494
存	uz	ナ子	485467
存	za	子丨	485467
莫	cd	艹大	485268
莫	ct	艹旲	485268
志	ux	士心	485065
志	xu	心士	485065
右	ku	口ナ	483406
右	uk	ナ口	483406
幸	tu	土十	477019
幸	ty	土{羊}	477019
社	tu	土示	476704
社	ut	示土	476704
佛	rf	亻弗	475734
止	aa	丨一	472691
守	bc	宀寸	470593
毛	pg	丿乚	469562
胡	og	月古	468131
散	wo	攵月	468009
板	mf	木反	466756
怒	xn	心奴	466019
料	md	米斗	463518
股	ou	月殳	461541
局	uk	尸口	461034
班	dw	刀王	459772
班	ww	王王	459772
初	yd	衤刀	455646
福	uf	示畐	455530
福	ut	示田	455530
狂	qw	犭王	454886
默	hq	黑犬	454458
巨	aa	一一	453729
巨	kk	匚コ	453729
既	gg	艮乚	453256
既	gw	艮{无}	453256
松	mg	木公	452901
烈	dl	灬列	452123
烈	hl	灬列	452123
否	kb	口不	450892
治	dt	氵台	450800
排	ff	扌非	449584
拍	fb	扌白	449481
耳	aa	一一	448849
寒	bd	宀丶	448294
哭	kq	口犬	447753
哭	qk	犬口	447753
府	gf	广付	442709
仍	rn	亻乃	434011
具	ba	八一	433976
具	bq	八且	433976
具	qb	且八	433976
忘	xw	心亡	433906
恩	xy	心因	433653
警	yj	言敬	433397
吸	kj	口及	431549
究	bj	宀九	429844
究	xj	穴九	429844
抓	fv	扌爪	428755
沙	du	氵少	427658
救	wq	攵求	427315
呆	km	口木	427048
河	dk	氵可	425953
迷	zm	辶米	424854
卷	ef	夫	419864
卷	je		419864
查	md	木旦	417554
毫	dm	丶毛	414933
毫	mb	毛冖	414933
毫	wm	亠毛	414933
春	fo	日	414544
春	of	日	414544
察	bj	宀祭	413974
草	cz	艹早	411706
遇	zy	辶禺	409411
充	dy	丶允	409223
充	es	儿厶	409223
充	wy	亠允	409223
史	ad	丨丶	409099
史	ki	口乂	409099
史	kw	口乂	409099
堂	dt	丶土	408194
堂	tk	土口	408194
堂	xt	土	408194
防	ef	耳方	406226
猛	qm	犭孟	403183
土	aa	一一	402279
卡	bx	卜下	402256
卡	ub	上卜	402256
助	lq	力且	401900
助	ql	且力	401900
京	dx	丶小	399657
京	wx	亠小	399657
永	dd	丶丶	399313
屋	uv	尸至	398799
副	df	刂畐	396897
副	dt	刂田	396897
刺	dc	刂朿	394555
境	tj	土竟	394043
禁	ul	示林	393943
共	bc	八龷	393083
共	cb	龷八	393083
弄	cw	廾王	391479
弄	wc	王廾	391479
翻	yf	羽番	391454
虎	hj	虍几	391382
喊	kx	口咸	390618
逃	zv	辶兆	388318
座	gz	广坐	388236
雅	vy	隹牙	387226
雅	yv	牙隹	387226
射	cu	寸身	386983
射	uc	身寸	386983
婚	nh	女昏	386955
君	ky	口尹	385417
柔	mm	矛木	384782
超	zv	走召	383924
科	hd	禾斗	383049
按	fa	扌安	382695
狠	qg	犭艮	382360
野	ly	里予	381317
野	yl	予里	381317
秦	fh	禾	381190
秦	hf	禾	381190
熟	du	灬孰	379833
熟	hu	灬孰	379833
置	sv	罒直	379704
仙	ru	亻山	379429
模	mm	木莫	378985
伸	ru	亻申	378380
波	dp	氵皮	377782
肉	ad	一丶	377486
肉	kr	冂人	377486
假	rj	亻叚	377294
假	ry	亻又	377294
舞	pa	丿㐄	376446
舞	rf	人㐄	376446
舞	xf	夕㐄	376446
姑	ng	女古	374941
麻	gl	广林	374419
投	fu	扌殳	373978
致	wv	攵至	370734
景	oj	日京	369788
啦	kl	口拉	365599
秀	hn	禾乃	364108
眉	om	目{眉头}	363007
眉	um	{尸}目	363007
眉	uo	尸目	363007
州	da	丶丨	362849
州	id	川丶	362849
承	ad	乛丶	361606
承	vd	乛丶	361606
案	bm	宀木	361285
案	ma	木安	361285
狼	ql	犭良	360398
偷	ry	亻俞	359993
店	gv	广占	356601
哦	kw	口我	356333
食	pd	丿丶	353226
食	rl	人良	353226
欲	gq	谷欠	353022
欲	qg	欠谷	353022
抬	ft	扌台	352793
秋	hh	禾火	352446
良	dg	丶艮	352124
午	pu	丿十	350826
午	ru	𠂉十	350826
午	ur	十𠂉	350826
桌	bm	卜木	346095
桌	mo	木日	346095
船	vk	舟口	345686
短	ud	矢豆	345480
村	mc	木寸	343959
某	gm	甘木	342978
某	mg	木甘	342978
摸	fm	扌莫	342354
付	rc	亻寸	342108
演	dy	氵寅	341366
封	cg	寸圭	341037
握	fw	扌屋	340839
田	aa	丨一	339958
唐	gk	广口	339749
藏	cg	艹戈	339641
藏	ci	艹臣	339641
震	yi	雨辰	338757
混	dk	氵昆	338565
透	zx	辶秀	336303
凌	dl	冫夌	335556
凌	dw	冫夂	335556
休	rm	亻木	334462
嘛	km	口麻	334431
梅	mm	木每	333631
紫	sc	糸此	332619
歌	qg	欠哥	332504
毒	fm	母	331576
宗	bu	宀示	329551
著	cv	艹者	329248
索	sb	糸冖	329201
索	us	十糸	329201
印	ey	卩{印左}	328075
印	pe	丿卩	328075
湖	dh	氵胡	327739
技	fv	扌支	326479
恨	xg	忄艮	326212
婆	nb	女波	325914
羽	xx	习习	322339
咱	kz	口自	321520
素	fs	糸	320732
素	sf	糸	320732
凡	dj	丶几	320342
凡	jd	几丶	320342
值	rv	亻直	320306
嘿	kh	口黑	319099
普	bo	並日	317637
普	ob	日並	317637
夏	aw	丆夂	314864
夏	wz	夂自	314864
街	ri	彳亍	313485
街	xg	行圭	313485
街	xi	彳亍	313485
牛	pa	丿丨	313393
仿	rf	亻方	313234
胸	ox	月匈	313164
浪	dl	氵良	312811
富	bf	宀畐	312299
富	bt	宀田	312299
尚	xk	口	311735
宇	by	宀于	311167
骨	go	{骨头}月	310699
骨	ob	月冖	310699
骨	og	月{骨头}	310699
智	ov	日知	310406
升	pc	丿廾	307512
叔	yx	又小	306516
善	ka	口一	305341
善	kq	口䒑	305341
善	yk	羊口	305341
弱	gd	弓冫	305241
架	mj	木加	304618
袋	yd	衣代	303806
朱	pw	丿未	302713
雄	vh	隹厷	302005
雄	vs	隹厶	302005
略	tg	田各	301716
杯	mb	木不	301690
施	fy	方也	301591
罪	sf	罒非	300821
牙	ap	一丿	300629
窗	bx	宀夕	298137
窗	xx	穴夕	298137
柳	mm	木卯	297897
搞	fg	扌高	297225
端	le	立而	296020
洞	dt	氵同	295409
洋	dy	氵羊	293496
肩	ho	户月	292627
肩	hy	户月	292627
肩	oh	月户	292627
魂	gy	鬼云	291928
魂	yg	云鬼	291928
蒙	cm	艹冡	290989
蒙	cu	艹豕	290989
洗	dx	氵先	290306
借	rx	亻昔	289749
伯	rb	亻白	289144
免	de	儿	289084
免	dm	{免下}	289084
菜	cc	艹采	288767
徐	xy	彳余	287405
型	tx	土刑	286621
娜	nn	女那	286464
暴	ou	日水	286045
亡	da	丶𠃊	286000
亡	dv	丶𠃊	286000
懂	xd	心董	281376
腿	ot	月退	280952
妙	nu	女少	280421
效	wj	攵交	279884
危	de		279881
套	di	大镸	278641
丁	aa	一亅	278627
趣	zq	走取	278572
妖	ny	女夭	278201
束	ad	一丶	277980
束	mk	木口	277980
迎	ze	辶卩	276814
舍	ru	人舌	276743
彩	pc	彡采	274800
委	hn	禾女	274305
狗	qj	犭句	273402
抗	fk	扌亢	272796
探	fm	扌木	272677
探	fu	扌{深右}	272677
尼	ub	尸匕	272244
控	fk	扌空	271743
惜	xx	心昔	271651
珠	wv	王朱	271642
抽	fy	扌由	270738
挺	ft	扌廷	269816
陪	ek	阝口	269126
陪	ep	阝咅	269126
硬	ug	石更	268057
避	zb	辶辟	268046
避	zx	辶辛	268046
勇	ly	力甬	266642
聊	em	耳卯	265573
奶	nn	女乃	265359
奔	dc	大廾	264800
奔	dh	大卉	264800
拳	ju	手	264501
拳	uf	手夫	264501
研	uk	石开	263794
配	yj	酉己	262063
介	ra	人丨	261749
介	rp	人{丿丨}	261749
尊	cq	寸酋	260962
尊	qc	酋寸	260962
冒	oo	曰目	258486
敬	wg	攵苟	255846
敬	wj	攵句	255846
丹	pd	丿丶	255714
舒	uy	舍予	255489
舒	yu	予舍	255489
蛋	ip	虫疋	255478
蛋	pi	疋虫	255478
哼	kh	口亨	255327
宋	bm	宀木	255294
箭	vq	𥫗前	254320
犯	qe	犭	254131
欣	jq	斤欠	253814
欣	qj	欠斤	253814
甲	aa	丨丨	253580
甲	oa	日丨	253580
菲	cf	艹非	252624
燕	cd	廿灬	251483
燕	ch	廿灬	251483
燕	db	灬匕	251483
燕	hb	灬匕	251483
曲	aa	丨丨	250151
曲	oa	日丨	250151
躲	ud	身朵	249450
玄	dy	丶幺	249249
玄	wy	亠幺	249249
幻	yg	幺𠃌	248831
茶	cm	艹木	248811
折	fj	扌斤	248570
伊	ry	亻尹	248425
傻	rw	亻夂	248211
姓	nu	女生	248203
源	dy	氵原	247962
洛	dg	氵各	247888
遍	zb	辶扁	247865
臣	aa	一丨	247343
臣	ka	匚丨	247343
漂	dp	氵票	245966
挑	fv	扌兆	245886
俊	rj	亻夋	244925
俊	rw	亻夂	244925
列	dd	歹刂	244324
森	ml	木林	243708
妻	na	女一	243636
妻	nq	女{妻上}	243636
拜	pa	丿丨	242993
拜	ua	丨	242993
拜	uf	{丰}	242993
移	hd	禾多	242884
腰	oy	月要	241952
巧	gk	工丂	241945
孤	zg	子瓜	241832
碰	ub	石並	240438
厚	iz	厂子	239064
累	st	糸田	238891
累	ts	田糸	238891
昨	ov	日乍	238837
幽	uy	山幺	238716
悲	fx	非心	238519
悲	xf	心非	238519
丈	ad	一丶	238063
牌	pb	片卑	237160
降	ef	阝㐄	236721
降	ej	阝夅	236721
偏	rb	亻扁	236193
省	ou	目少	235937
糊	mh	米胡	235912
汗	dg	氵干	235293
奈	du	大示	235258
操	fz	扌喿	235165
悄	xx	心肖	233784
尖	xd	小大	232729
圈	kj	囗卷	232242
油	dy	氵由	231197
撞	ft	扌童	230714
瞬	ou	目舜	230645
尤	ad	一丶	229183
尤	yd	尢丶	229183
徒	xz	彳走	228560
概	mj	木既	227790
增	tc	土曾	226112
祖	uq	示且	225814
困	km	囗木	225133
殿	ug	殳共	225035
迅	zu	辶十	225006
迅	zx	辶卂	225006
律	xy	彳聿	223633
番	pt	丿田	223306
番	tb	田釆	223306
番	tm	田米	223306
企	rv	人止	222834
限	eg	耳艮	222821
聚	ed	耳丶	222383
聚	ey	耳乑	222383
聚	qd	取丶	222383
聚	yq	乑取	222383
含	kj	口今	222331
含	rk	人口	222331
碎	uz	石卒	220325
躺	uu	身尚	220026
沈	dg	氵乚	218519
沈	dy	氵冘	218519
替	fo	夫日	218469
替	of	日夫	218469
孔	zg	子乚	218377
批	fb	扌比	218230
康	gl	广隶	217905
惑	xh	心或	217812
唯	kv	口隹	217658
率	du	丶十	217561
率	wu	亠十	217561
登	dd	癶豆	215944
互	aa	一一	215472
互	ea	二𠃍	215472
互	ev	二𠃍	215472
盯	od	目丁	215010
稍	hx	禾肖	214761
宣	bg	宀亘	214690
唱	ki	口昌	214664
剩	di	刂乘	214523
咬	kj	口交	214227
育	dy	丶月	214206
育	os	月厶	214206
育	wo	亠月	214206
晨	oi	日辰	213173
策	vc	𥫗朿	213136
疼	bd	疒冬	213129
漫	dm	氵曼	213126
材	mc	木才	212793
私	hs	禾厶	212479
吐	kt	口土	212473
艾	ci	艹乂	212019
艾	cw	艹乂	212019
谷	bk	八口	211522
谷	kr	口人	211522
庭	gt	广廷	211391
晃	og	日光	210916
吉	ku	口士	210857
吉	uk	士口	210857
吹	kq	口欠	209806
仔	rz	亻子	209161
仇	rj	亻九	208949
凝	dy	冫疑	208926
鼓	uv	士支	208688
鼓	vd	支豆	208688
席	gj	广巾	208395
席	jc	巾廿	208395
附	ef	耳付	207682
缺	fd	缶丶	207517
缺	fg	缶夬	207517
塞	bt	宀土	206867
塞	tb	土八	206867
豪	du	丶豕	206593
豪	ub	豕冖	206593
豪	wu	亠豕	206593
亦	dd	丶丶	205335
亦	wb	亠八	205335
亦	wy	亠{亦下}	205335
杜	mt	木土	205040
努	ln	力奴	204860
判	db	刂半	204750
扎	fg	扌乚	204372
翼	yg	羽共	203347
翼	yy	羽異	203347
灰	hu	火ナ	202762
灰	uh	ナ火	202762
朵	jm	几木	202374
朵	mj	木几	202374
盛	mi	皿成	202048
梁	mb	木{办}	201687
晶	oo	日日	201335
餐	uy	食又	201053
爆	hb	火暴	199957
愣	xf	忄方	198676
鼻	zb	自畀	197996
鼻	zq	自丌	197996
昏	ou	日氏	197245
抖	fd	扌斗	197122
陷	ej	耳臼	196684
陷	ex	阝臽	196684
敏	wm	攵每	196615
慌	xh	忄荒	196225
距	zj	足巨	193245
川	pa	丿丨	193133
逼	zf	辶畐	192855
逼	zt	辶田	192855
童	ll	立里	192039
臂	ob	月辟	190591
臂	ox	月辛	190591
逐	zu	辶豕	190582
傲	ra	亻敖	190525
傲	rw	亻攵	190525
戴	gg	戈共	189960
戴	gy	戈異	189960
芒	cw	艹亡	189889
伴	rb	亻半	189544
供	rg	亻共	188899
阻	eq	耳且	187918
例	rl	亻列	187039
瞪	od	目登	186802
慕	cx	艹心	186450
慕	xm	莫	186450
博	uc	十寸	186289
博	uf	十尃	186289
幕	cj	艹巾	186169
幕	jm	巾莫	186169
猜	qq	犭青	185595
益	mb	皿八	185217
珍	wp	王彡	183710
伏	rq	亻犬	183556
曹	co	艹日	183285
曹	oc	日{曹上}	183285
爬	vb	爪巴	183266
丫	ba	丷丨	183167
丫	da	丶丨	183167
炸	hv	火乍	183079
壁	tb	土辟	182739
壁	tx	土辛	182739
郎	el	阝良	182457
宿	bb	宀佰	181931
怨	xe	心	181641
怨	xy	心夘	181641
醉	yz	酉卒	181356
拼	fb	扌并	181290
迫	zb	辶白	181073
革	aa	一丨	180934
革	ca	廿一	180934
瞧	oj	目焦	180832
莉	cl	艹利	180099
忠	xv	心中	180043
嗯	ke	口恩	179528
佳	rg	亻圭	179512
旅	fp	方{𠂢}	179263
仁	re	亻二	179004
浩	dg	氵告	178517
塔	td	土荅	178293
塔	th	土合	178293
胖	ob	月半	178105
拔	fb	扌犮	177503
拔	fy	扌又	177503
炮	hb	火包	176432
傅	rc	亻寸	176201
傅	rf	亻尃	176201
邪	ey	耳牙	175398
邪	ye	牙阝	175398
芳	cf	艹方	175343
堆	tv	土隹	174996
裂	yl	衣列	174922
遭	zc	辶曹	174294
赤	tb	土八	174098
赤	ty	土{亦下}	174098
旋	fp	方疋	174074
扭	fi	扌丑	173801
浮	df	氵孚	173250
悉	xc	心釆	173018
悉	xm	心米	173018
擦	fi	扌察	172541
慧	fx	丰心	171937
慧	xh	心彗	171937
典	ba	八一	171037
典	bd	八{典上}	171037
匆	gp	勹丿	170609
匆	pd	丿丶	170609
匆	wd	勿丶	170609
隔	eg	耳鬲	169019
健	rj	亻建	168908
辛	lu	立十	168855
抵	fd	扌氐	168424
竹	gg	个个	168423
摩	mu	麻手	168189
摩	um	手麻	168189
肚	ot	月土	167538
插	fi	扌臿	167435
插	fj	扌臼	167435
磨	mu	麻石	167370
磨	um	石麻	167370
哎	ka	口艾	166400
御	xx	彳卸	166243
耐	ce	寸而	165628
氏	pg	丿乚	165389
扶	ff	扌夫	165206
恢	xh	忄灰	164984
貌	ve	豸儿	164902
貌	vm	豸皃	164902
述	zu	辶术	164756
票	xu	覀示	164603
拖	fy	扌也	163823
膀	op	月旁	163712
孟	mz	皿子	162475
孟	zm	子皿	162475
瑞	we	王而	161507
琴	wj	王今	161113
慰	xw	心尉	160488
蛇	it	虫它	160445
玲	wl	王令	160182
粗	mq	米且	159898
掩	fd	扌电	159891
掩	fy	扌奄	159891
屁	ub	尸比	159868
悠	xw	心攵	159692
悠	xy	心攸	159692
仰	re	亻卩	159568
仰	ry	亻卬	159568
零	yl	雨令	159040
盟	mm	明皿	158636
途	zy	辶余	158599
洪	dg	氵共	158368
悟	xw	忄吾	158203
固	kg	囗古	157594
冬	wd	夂丶	156922
滑	dg	氵骨	156890
甜	ug	舌甘	156743
琳	wl	王林	156208
乃	gp	丿𠄎	155797
乃	pg	丿𠄎	155797
暖	oy	日爰	155407
妮	nn	女尼	155375
旦	oa	日一	154394
估	rg	亻古	154328
坦	td	土旦	154240
甘	aa	一一	153739
甘	ca	廿一	153739
佩	rb	人币	153498
佩	rj	亻巾	153498
享	dz	丶子	152710
享	wz	亠子	152710
享	zk	子口	152710
吼	kk	口孔	152621
粉	mf	米分	151878
吻	kw	口勿	151655
瓶	wb	瓦并	151362
偶	ry	亻禺	150991
戒	gc	戈廾	150905
迪	zy	辶由	150391
拒	fj	扌巨	150199
勒	gl	革力	149722
勒	lg	力革	149722
朗	ol	月良	149504
嘻	kx	口喜	149024
尾	um	尸毛	148960
延	zv	廴止	148658
敲	gy	高又	148518
敲	pg	攴高	148518
曼	oy	日又	148287
宜	bq	宀且	148148
羞	yi	羊丑	148102
喂	kw	口畏	148044
吟	kj	口今	147887
滴	dd	氵啇	147754
滴	dg	氵古	147754
洲	dv	氵州	147589
爹	fd	父多	147569
晴	oq	日青	147525
央	ad	一丶	146296
央	kd	冂大	146296
悔	xm	忄每	146037
肖	ox	月	145163
肖	xo	月	145163
脆	ow	月危	145125
痕	bg	疒艮	144963
伍	rw	亻五	144670
寂	bu	宀叔	144616
翔	yy	羊羽	143540
薄	cc	艹寸	143289
薄	cp	艹溥	143289
侯	ru	亻矢	142640
郭	ex	耳享	142211
奴	ny	女又	142209
彼	xp	彳皮	141382
扔	fn	扌乃	141002
撒	fs	扌散	140910
豫	yx	予象	140767
耀	gd	光翟	140263
耀	gv	光隹	140263
姆	nm	女母	140194
篇	vb	竹扁	140190
椅	mq	木奇	140068
董	cv	艹重	139885
熊	dn	灬能	139726
熊	hn	灬能	139726
埋	tl	土里	139624
乖	pb	丿北	139563
乖	qb	千北	139563
狐	qg	犭瓜	139523
踏	zt	足沓	139340
隆	eu	阝生	139138
括	fu	扌舌	139127
潮	di	氵朝	139090
唉	ku	口矢	139034
唉	ky	口矣	139034
泰	fu	氺	138290
泰	uf	氺	138290
版	pf	片反	138140
末	ad	一丶	137858
末	am	一木	137858
旗	fq	方其	137444
焦	dv	灬隹	137278
焦	hv	灬隹	137278
焦	vd	隹灬	137278
焦	vh	隹灬	137278
侍	rs	亻寺	136559
款	qu	欠示	136499
拾	fh	扌合	136402
荒	ci	艹川	136353
姿	nc	女次	135544
域	th	土或	135460
搭	fd	扌荅	135458
搭	fh	扌合	135458
授	fu	扌受	134240
俗	rg	亻谷	134099
融	ig	虫鬲	133868
欺	qq	欠其	133789
霸	yo	雨月	133104
池	dy	氵也	132332
港	dx	氵巷	132167
喃	kn	口南	132068
廷	zr	廴壬	132059
乘	hb	禾北	131984
乘	pb	丿北	131984
奉	ff	𰀁	131631
扯	fv	扌止	131478
岸	ug	山干	129872
屈	ui	尸出	129274
哲	kv	口折	128653
季	hz	禾子	128550
召	dk	刀口	128448
召	kd	口刀	128448
恭	gx	共心	127784
恭	xg	共	127784
瘦	bs	疒叟	127216
瘦	by	疒又	127216
皆	bb	比白	127084
茫	cw	艹亡	126870
染	mg	木氿	126552
染	mj	木九	126552
爽	dy	大爻	126265
吞	kt	口天	125696
惹	cx	艹心	125358
惹	xr	心若	125358
哀	dy	丶𧘇	125269
哀	wy	亠𧘇	125269
哀	yk	衣口	125269
趁	zp	走彡	124805
倍	rk	亻口	124204
倍	rp	亻咅	124204
振	fi	扌辰	124002
婷	nt	女亭	123852
牢	bn	宀牛	122871
溜	dl	氵留	122662
臭	zq	自犬	122493
赫	ii	赤赤	122145
跪	zw	足危	121795
枝	mv	木支	121572
泉	bu	白水	121061
泉	ub	水白	121061
劫	lq	力去	120969
炎	hh	火火	120855
泥	dn	氵尼	120657
弓	ag	乛㇉	120521
弓	vg	乛㇉	120521
魏	gw	鬼委	120376
罩	sv	罒卓	120318
疾	bu	疒矢	120121
符	vf	𥫗付	119925
垂	pa	丿一	119904
映	oy	日央	119292
漠	dm	氵莫	119153
脖	ob	月孛	119048
脖	oz	月子	119048
沿	dk	氵口	118963
桑	mr	木叒	118729
桑	mu	木双	118729
桑	ym	又木	118729
堪	tu	土甚	118698
燃	hr	火然	118687
卓	bu	卜十	118671
卓	uo	十日	118671
祝	ux	示兄	118176
喘	ke	口而	117078
焰	hj	火臼	117059
焰	hx	火臽	117059
吵	ku	口少	117058
冥	bl	冖六	116978
冥	bz	冖昗	116978
鞋	gg	革圭	116843
逸	zt	辶兔	116826
均	ty	土匀	116506
碗	uw	石宛	116150
航	vk	舟亢	116067
踢	zy	足易	115921
姨	ny	女夷	115750
酸	yj	酉夋	115604
酸	yw	酉夂	115604
舌	qk	千口	115405
箱	vx	𥫗相	115256
邦	ef	耳丰	114842
邦	fe	丰阝	114842
霞	yj	雨叚	114414
霞	yy	雨又	114414
促	rz	亻足	114240
泡	db	氵包	114183
盾	po	丿目	113909
羊	da	丶丨	113627
碧	ub	石白	113618
碧	up	石珀	113618
援	fy	扌爰	113598
忌	jx	己心	113527
忌	xj	心己	113527
抹	fm	扌末	113249
倩	rq	亻青	112856
嘉	uj	士加	112633
袖	yy	衤由	112531
殊	dv	歹朱	112194
辰	iy	厂𧘇	112021
繁	sm	糸敏	111669
嫁	nj	女家	111212
咒	jk	几口	111198
咒	kj	口几	111198
撤	fw	扌攵	111118
恰	xh	心合	110670
媚	nm	女眉	110163
葛	ch	艹曷	109554
袁	ty	土𧘇	109370
摔	fl	扌率	109217
摔	fu	扌率	109217
序	gy	广予	109198
斜	dy	斗余	108597
瓦	ad	一丶	108370
莎	cu	艹沙	107897
崇	uz	山宗	107803
刑	dk	刂开	107683
墨	ht	黑土	107669
墨	th	土黑	107669
娃	ng	女圭	107391
梯	md	木弟	107297
桃	mv	木兆	107204
豆	aa	一一	107185
豆	aq	一䒑	107185
疲	bp	疒皮	106623
搬	fb	扌般	106566
瓜	pd	丿丶	106525
滋	dz	氵兹	106362
蒂	cd	艹帝	105801
予	aa	乛亅	105542
予	sa	龴亅	105542
勾	gs	勹厶	105524
惠	hx	叀心	105489
惠	xh	心叀	105489
析	mj	木斤	105460
砍	uq	石欠	105218
截	gv	戈隹	105111
截	ug	十戈	105111
截	vg	隹戈	105111
措	fx	扌昔	104929
薇	cw	艹微	104428
愈	xy	心俞	103820
督	ou	目叔	103779
酷	yg	酉告	103579
祥	uy	示羊	103572
怖	xb	心布	103474
侵	ry	亻又	103019
扮	ff	扌分	102939
糟	mc	米曹	102902
盈	my	皿又	102878
腹	of	月复	102733
尺	ad	乛丶	102253
尺	vd	乛丶	102253
稀	hx	禾希	102120
掏	ff	扌缶	102071
掏	ft	扌匋	102071
汽	dq	氵气	102025
液	dy	氵夜	101930
姬	ni	女臣	101929
愧	xg	忄鬼	101918
柱	mv	木主	101550
堡	tb	土保	100994
仗	rv	亻丈	100976
笨	vb	𥫗本	100829
奏	ft	天	100818
奏	tf	天	100818
歉	qj	欠兼	100666
甩	pg	丿乚	100637
怔	xv	心正	100634
允	se	厶儿	100455
耶	ee	耳阝	100191
爵	vc	爫寸	99014
穴	bb	宀八	98539
黎	hu	禾氺	98444
黎	ur	氺人	98444
租	hq	禾且	98428
培	tk	土口	98414
培	tp	土咅	98414
砸	uz	石匝	98411
井	aa	一丨	98246
井	ep	二リ	98246
返	zf	辶反	97646
匹	ke	匚儿	97644
啥	ku	口舍	97619
奸	ng	女干	97555
陌	eb	耳百	97194
叛	fb	反半	97192
核	mh	木亥	96965
幅	jf	巾畐	96800
幅	jt	巾田	96800
眨	of	目乏	96795
耗	lm	耒毛	96793
怡	xt	忄台	96402
扣	fk	扌口	96155
哇	kg	口圭	96108
勉	lm	力免	95918
孝	lz	耂子	95871
孝	zl	子耂	95871
矛	ap	乛丿	95725
矛	vp	乛丿	95725
氛	qf	气分	95504
衡	ri	彳亍	95483
衡	xd	彳丁	95483
衡	xi	彳亍	95483
陶	ef	阝缶	95450
陶	et	阝匋	95450
汪	dw	氵王	95118
僵	rj	亻畺	94955
妃	nj	女己	94415
棋	mq	木其	94079
咐	kf	口付	93482
泛	df	氵乏	93454
愁	xq	心秋	93376
搜	fs	扌叟	93119
搜	fy	扌又	93119
慈	xz	心兹	93047
肥	ob	月巴	93039
俱	rj	亻具	92404
惟	xv	忄隹	92036
捉	fz	扌足	91410
霍	yv	雨隹	91016
泄	du	氵世	90918
咽	ky	口因	90794
秒	hu	禾少	90580
勤	lj	力堇	89958
屏	ub	尸并	89750
霜	yx	雨相	89624
袍	yb	衤包	89409
蝶	im	虫木	89194
蝶	iy	虫枼	89194
祭	ou	月示	89101
祭	uy	示又	89101
璃	wl	王离	88749
劈	db	刀辟	88694
劈	dx	刀辛	88694
尬	yj	尤介	88603
熙	ds	灬巳	88330
熙	hs	灬巳	88330
寺	ct	寸土	88284
寺	tc	土寸	88284
昌	oo	日日	87938
巾	aa	丨丨	87648
描	fm	扌苗	87436
捕	ff	扌甫	87090
陵	el	阝夌	86608
陵	ew	阝夂	86608
咳	kh	口亥	86470
扇	hy	户羽	86396
扇	yh	羽户	86396
虹	ig	虫工	86362
撕	fs	扌斯	86284
蔡	cj	艹祭	86233
催	rc	亻崔	86151
彭	pd	彡豆	86069
彭	up	士彡	86069
辱	ci	寸辰	85827
辱	ic	辰寸	85827
誓	yv	言折	85826
盒	mh	皿合	85795
寸	ad	亅丶	85513
披	fp	扌皮	85497
跌	zu	足失	85274
欠	dr	人	85134
肌	oj	月几	85083
售	kv	口隹	85067
售	vk	隹口	85067
巡	zi	辶巛	85023
抑	fe	扌卩	84901
宏	bh	宀厷	84747
宏	bs	宀厶	84747
幼	ly	力幺	84744
幼	yl	幺力	84744
萍	cp	艹泙	84637
播	ff	扌番	84353
俄	rw	亻我	84261
刃	dd	刀丶	84243
蕾	cl	艹雷	83954
挨	fu	扌矢	83876
挨	fy	扌矣	83876
仲	rv	亻中	83817
埃	tu	土矢	83548
埃	ty	土矣	83548
艘	vs	舟叟	83282
艘	vy	舟又	83282
琪	wq	王其	83147
僧	rc	亻曾	83065
渡	dd	氵度	83062
卑	pa	丿丨	82925
卑	up	十丿	82925
雕	vv	周隹	82838
鼠	ju	臼{鼠下}	82778
辣	xu	辛束	82598
刷	dj	刂巾	82427
斥	jd	斤丶	82160
斥	pd	丿丶	82160
裙	yj	衤君	82091
翠	yz	羽卒	82046
掠	fj	扌京	81961
勃	lb	力孛	81808
勃	lz	力子	81808
夕	pd	丿丶	81778
矮	uw	矢委	81728
捏	fn	扌圼	81503
捏	ft	扌土	81503
姚	nv	女兆	81369
瑟	wb	王必	81347
渴	dh	氵曷	81029
昂	oe	日卩	80972
串	aa	丨丨	80922
串	vv	中中	80922
涉	db	氵步	80705
咕	kg	口古	80611
婉	nw	女宛	80016
姜	ny	女羊	79591
姜	yn	羊女	79591
荷	ch	艹何	79485
冠	bc	冖寸	79415
魅	gw	鬼未	79400
玫	ww	攵王	79367
裁	gy	戈衣	79360
裁	yg	衣戈	79360
坡	tp	土皮	79228
歪	bv	不正	78305
乏	pv	丿之	78100
申	aa	丨丨	78049
申	oa	日丨	78049
割	dh	刂害	77561
巫	gc	工从	77547
巫	gr	工人	77547
衫	yp	衤丿	77529
棒	mf	木奉	77284
泣	dl	氵立	77103
恍	xg	忄光	76884
魄	bg	白鬼	76856
魄	gb	鬼白	76856
柄	mb	木丙	76845
患	xi	心串	76682
覆	xf	覀復	76596
蜜	bi	宀虫	76559
蜜	ib	虫必	76559
陛	eb	阝坒	76314
陛	et	阝土	76314
遮	zd	辶灬	76029
遮	zh	辶灬	76029
遮	zu	辶庶	76029
帕	jb	巾白	75768
咖	kj	口加	75455
嫌	nj	女兼	75438
胳	og	月各	75288
挖	fw	扌穵	75265
挖	fy	扌乙	75265
啪	kp	口拍	75251
爪	pd	丿丶	74674
眠	om	目民	74642
穆	hp	禾丿	74572
啡	kf	口非	74499
吾	kw	口五	74366
吾	wk	五口	74366
脾	ob	月卑	74235
屠	uv	尸者	74112
玻	wp	王皮	74100
蓉	cr	艹容	74083
曰	aa	丨一	74013
曰	oy	{曰}	74013
曰	yt	{曰}	74013
膊	oc	月寸	73983
膊	of	月尃	73983
後	xw	彳夂	73938
逆	zn	辶屰	73790
猴	qh	犭侯	73614
毅	lu	立殳	73576
毅	uu	殳豕	73576
毅	uy	殳豙	73576
舅	jn	臼男	73540
娟	no	女月	73343
娟	ny	女肙	73343
眯	om	目米	73287
淫	dr	氵壬	73135
吩	kf	口分	72921
匪	kf	匚非	72837
牧	nw	牛攵	72623
役	xu	彳殳	72621
寄	bq	宀奇	72560
腐	gr	广肉	72243
腐	rf	肉府	72243
姻	ny	女因	72158
晰	ox	日析	72136
亭	db	丁宀	72135
亭	dd	丶丁	72135
亭	wd	亠丁	72135
邀	zj	辶敫	72128
邀	zw	辶攵	72128
哄	kg	口共	72071
墓	ct	艹土	71994
墓	tm	土莫	71994
柯	mk	木可	71973
筋	vl	𥫗肋	71688
崔	uv	山隹	71661
捷	fj	扌疌	71379
淋	dl	氵林	71208
弗	aa	乛丨	71101
弗	gp	弓{丿丨}	71101
弗	vu	乛丨	71101
棍	mk	木昆	70829
廊	gl	广郎	70608
畏	ty	田𧘇	70481
歇	qh	欠曷	70470
裹	dy	丶𧘇	70440
裹	wy	亠𧘇	70440
裹	yg	衣果	70440
苗	ct	艹田	70433
盼	of	目分	70327
咯	kg	口各	70258
耍	ne	女而	70234
煞	dw	灬攵	70229
煞	hw	灬攵	70229
添	dt	氵忝	69960
添	dx	氵	69960
嫂	ns	女叟	69851
嫂	ny	女又	69851
慨	xj	忄既	69723
嚷	kx	口襄	69716
嚷	ky	口𧘇	69716
拐	fl	扌另	69575
宴	bn	宀女	69541
津	dy	氵聿	69527
浴	dg	氵谷	69322
挽	fm	扌免	69193
牲	nu	牛生	68954
乳	fg	孚乚	68901
乳	gf	乚孚	68901
逝	zv	辶折	68598
喉	kh	口侯	68460
逛	zk	辶狂	68458
兼	bd	丷丶	68324
兼	bj	丷{兼下}	68324
兼	qd	䒑丶	68324
兼	qj	䒑{兼下}	68324
戈	ad	一点	68258
涯	dy	氵厓	68222
捧	ff	扌奉	68202
障	ev	阝章	67983
跨	zk	足夸	67967
妥	vn	爫女	67901
揉	fr	扌柔	67835
寞	bm	宀莫	67695
寨	bm	宀木	67653
寨	mb	木八	67653
漆	dq	氵桼	67629
漆	du	氵氺	67629
污	dk	氵亏	67424
嘲	ki	口朝	67228
枚	mw	木攵	67198
吊	kj	口巾	67131
乾	qu	乞龺	67122
乾	uq	十乞	67122
馨	ux	声香	67101
馨	xq	香殸	67101
馨	xu	香殳	67101
嗓	ks	口桑	66941
呈	kw	口王	66909
卿	mg	卯艮	66819
卿	mj	{卯左}即	66819
楠	mn	木南	66793
籍	vj	𥫗耤	66610
籍	vx	𥫗昔	66610
裸	yg	衤果	66535
灌	dv	氵隹	66346
昆	ob	日比	66326
逍	zx	辶肖	66286
帽	jm	巾冒	66271
逗	zd	辶豆	66171
蹲	zz	足尊	66158
踩	zc	足采	66021
趴	zb	足八	65882
逢	zf	辶丰	65867
植	mv	木直	65774
媒	nm	女某	65752
昭	ov	日召	65610
尹	ap	乛丿	65600
尹	vp	乛丿	65600
趟	zu	走尚	65492
沾	dv	氵占	65300
兔	dd	刀丶	65122
瞎	oh	目害	64955
鞭	gb	革便	64899
俺	rd	亻电	64855
俺	ry	亻奄	64855
斤	pa	丿丨	64823
翅	vy	支羽	64425
翅	yv	羽支	64425
雀	vx	隹小	64212
雀	xv	小隹	64212
慎	xv	忄真	64154
盆	mf	皿分	64086
芬	cf	艹分	63866
崖	uy	山厓	63804
丘	ja	斤一	63759
丘	pa	丿一	63759
蠢	ii	虫虫	63523
潘	df	氵番	63492
拓	fu	扌石	63143
娶	nq	女取	63133
漏	dl	氵屚	62997
漏	dy	氵雨	62997
珊	wc	王册	62734
宙	by	宀由	62098
尉	cu	寸示	62071
屑	ux	尸肖	62044
叮	kd	口丁	62022
捂	fw	扌吾	61932
柴	mc	木此	61680
杆	mg	木干	61570
涵	dh	氵函	61454
嘟	kd	口都	61299
崩	up	山朋	61288
薛	cx	艹辛	61265
藤	ct	艹滕	61231
枯	mg	木古	61044
糖	mt	米唐	60725
愉	xy	心俞	60639
糕	mg	米羔	60411
彬	mu	木杉	60398
彬	pl	丿林	60398
愚	xy	心禺	60381
疏	ag	乛乚	60274
疏	pi	𤴔川	60274
疏	vg	乛乚	60274
疏	vi	乛川	60274
翰	uy	龺羽	60202
翰	yu	羽龺	60202
堵	tv	土者	60165
腕	ow	月宛	60083
眸	om	目牟	59961
眸	on	目牛	59961
芸	cy	艹云	59910
溪	dx	氵奚	59612
殷	pu	丿殳	59421
殷	uu	{身}殳	59421
鼎	oa	目乛	59165
鼎	od	目{鼎去目}	59165
稿	hg	禾高	59162
冤	bt	冖兔	59019
症	bv	疒正	58943
棵	mg	木果	58780
狄	qh	犭火	58778
咧	kl	口列	58774
湘	dx	氵相	58673
宛	be	宀	58603
宛	by	宀夘	58603
嫩	ni	女敕	58594
嫩	nw	女攵	58594
肆	yi	聿镸	58585
肆	ys	聿厶	58585
宰	bx	宀辛	58463
憾	xg	心感	58412
腔	ok	月空	58166
哩	kl	口里	58164
豹	vu	豸勺	58129
瑰	wg	王鬼	58092
戚	gx	戈小	57840
戚	wx	戊小	57840
郡	ej	耳君	57742
澡	dz	氵喿	57698
桂	mg	木圭	57604
兮	bk	八丂	57566
雯	yw	雨文	57561
契	dd	大刀	57408
卜	ad	丨丶	57367
揭	fh	扌曷	57148
妄	nw	女亡	56997
坑	tk	土亢	56879
伐	rg	亻戈	56861
矩	uj	矢巨	56720
葬	cc	艹廾	56577
鄙	eh	耳回	56240
鹿	gb	广比	56206
鹿	lb	{鹿头}比	56206
柏	mb	木白	56086
朕	og	月关	55860
舟	pd	丿丶	55739
躁	zz	足喿	55588
庸	ga	广丨	55082
庸	gy	广用	55082
削	dx	刂肖	54894
砰	up	石平	54753
耿	eh	耳火	54708
筒	vt	竹同	54584
遂	zu	辶豕	54528
旭	jo	九日	54482
旭	oj	日九	54482
胎	ot	月台	54438
惶	xh	心皇	54202
淑	du	氵叔	54159
叉	dy	丶又	54152
叉	yd	又丶	54152
斑	ww	玟王	53974
儒	rx	亻需	53866
嫣	ny	女焉	53722
宅	bq	宀七	53376
宅	bt	宀乇	53376
押	fj	扌甲	53350
胃	ot	月田	53113
胃	to	田月	53113
旨	bo	匕日	53094
旨	ob	日匕	53094
膝	oq	月桼	52944
膝	ou	月氺	52944
浸	dy	氵又	52615
弦	gx	弓玄	52599
衷	wy	亠𧘇	52515
衷	yv	衣中	52515
刮	du	刂舌	52316
艇	vt	舟廷	52284
赴	zb	走卜	52184
囊	ay	𰀉𧘇	52069
斧	fj	父斤	52064
斧	jf	斤父	52064
疆	gj	弓畺	51900
塌	ty	土羽	51754
乞	py	丿乙	51739
乞	ry	𠂉乙	51739
乞	yr	乙𠂉	51739
旺	ow	日王	51739
烤	hk	火考	51737
黛	hd	黑代	51658
辨	dx	刂辛	51442
辨	xx	辛辛	51442
狸	ql	犭里	51416
愕	xe	忄咢	51262
愕	xk	忄亏	51262
遣	zg	辶㠯	51164
晌	ox	日向	51129
麟	ll	鹿粦	51074
腥	ox	月星	51054
粒	ml	米立	50991
俏	rx	亻肖	50651
杖	mv	木丈	50648
芝	cv	艹之	50352
夷	ad	一丶	50315
夷	dg	大弓	50315
佐	rz	亻左	50271
巷	gs	共巳	50218
巷	sg	巳共	50218
遵	zz	辶尊	50067
塑	to	土月	49903
塑	tu	土朔	49903
桶	my	木甬	49900
昊	ot	日天	49733
帆	jf	巾凡	49724
搏	fc	扌寸	49712
搏	ff	扌尃	49712
噢	ka	口奥	49608
蹦	zb	足崩	49581
蹦	zp	足朋	49581
寡	bf	宀分	49558
凰	jh	几皇	49489
哨	kx	口肖	49486
拆	fi	扌斥	49444
茹	cr	艹如	49430
劣	lu	力少	49371
沃	dy	氵夭	49337
摘	fd	扌啇	49225
摘	fg	扌古	49225
咋	kv	口乍	49191
坤	tu	土申	49143
俯	rf	亻府	49115
媳	nx	女息	49077
嘶	ks	口斯	48914
碌	ul	石录	48886
匙	bu	匕是	48847
匙	ub	是匕	48847
翁	yg	羽公	48774
辜	ux	十辛	48645
辜	xg	辛古	48645
竭	lh	立曷	48555
廉	gj	广兼	48551
械	mj	木戒	48533
斌	ww	文武	48027
填	tv	土真	47816
溢	dy	氵益	47668
抄	fu	扌少	47668
妒	nh	女户	47550
嗦	ks	口索	47528
掀	fx	扌欣	47524
芙	cf	艹夫	47397
祈	uj	示斤	47360
吱	kv	口支	47132
撇	fb	扌敝	47004
撇	fw	扌攵	47004
胞	ob	月包	46906
妨	nf	女方	46595
拂	ff	扌弗	46508
倦	rj	亻卷	46376
衰	dy	丶𧘇	46360
衰	wy	亠𧘇	46360
衰	yv	衣{中}	46360
靖	lq	立青	46359
循	xd	彳盾	46243
挪	fn	扌那	46163
蓬	cf	艹逢	46160
垃	tl	土立	46134
署	sv	罒者	46050
甫	ad	一丶	46012
姥	nl	女老	45943
圾	tj	土及	45932
熬	da	灬敖	45832
熬	dw	灬攵	45832
熬	ha	灬敖	45832
熬	hw	灬攵	45832
枕	mg	木乚	45747
枕	my	木冘	45747
丐	ag	一㇉	45707
茜	cx	艹西	45676
咦	ky	口夷	45558
攀	mu	木手	45399
攀	ud	手大	45399
攀	uf	手樊	45399
彤	pd	丿丹	45357
妍	nk	女开	45256
拽	fy	扌曳	45251
妓	nv	女支	45162
於	fd	方丶	45065
寇	bp	宀攴	45004
寇	by	宀又	45004
渺	dm	氵眇	44689
渺	du	氵少	44689
刊	dg	刂干	44631
肢	ov	月支	44527
孕	zn	子乃	44402
棉	mb	木帛	44297
棉	mj	木巾	44297
俘	rf	亻孚	44283
盔	mh	皿灰	44274
剪	dq	刀前	44250
兜	be	白儿	44209
兜	ek	儿コ	44209
笛	vy	𥫗由	43923
罕	bg	冖干	43875
噬	ku	口筮	43821
噬	kw	口巫	43821
躬	ug	身弓	43678
倚	rq	亻奇	43627
咚	kd	口冬	43570
撼	fg	扌感	43501
蕊	cr	艹惢	43461
蕊	cx	艹心	43461
侄	rv	亻至	43424
佑	ry	亻右	43281
雁	iv	厂隹	43201
拱	fg	扌共	43077
沐	dm	氵木	43038
菊	cj	艹匊	43031
菊	cm	艹米	43031
蜂	if	虫丰	43028
裕	yg	衤谷	43025
兆	dd	冫丶	42927
兆	ed	儿丶	42927
尿	uu	尸水	42861
黯	hy	黑音	42786
歹	ad	一丶	42757
歹	ax	一夕	42757
蓄	ci	艹畜	42731
蓄	cx	艹畜	42731
朦	om	月蒙	42683
嘀	kd	口啇	42614
嘀	kg	口古	42614
怯	xq	心去	42612
叨	kd	口刀	42609
聘	ek	耳丂	42542
聘	ep	耳甹	42542
彪	hp	虎彡	42248
沸	df	氵弗	42184
氓	wm	亡民	42109
榜	mp	木旁	41985
憋	xb	心敝	41712
憋	xw	心攵	41712
啤	kb	口卑	41686
匠	jk	斤匚	41638
匠	kj	匚斤	41638
悍	xh	忄旱	41628
昧	ow	日未	41576
泊	db	氵白	41521
篷	vf	𥫗逢	41474
狡	qj	犭交	41377
磊	uu	石石	40900
隙	ex	阝小	40876
摧	fc	扌崔	40766
瞄	om	目苗	40747
煌	hh	火皇	40547
擅	fd	扌亶	40475
卒	du	丶十	40372
卒	uc	十从	40372
卒	wu	亠十	40372
丸	jd	九丶	40281
丸	pd	丿丶	40281
瞅	oq	目秋	40255
犬	ad	一丶	40178
犬	dd	大丶	40178
矣	su	厶矢	40045
楞	mf	木方	40000
昔	co	龷日	39983
昔	oc	日龷	39983
裳	dy	{党头}衣	39939
裳	xy	衣	39939
裳	yk	衣口	39939
駱	mg	馬各	39888
骷	gg	骨古	39696
妞	ni	女丑	39626
墅	ty	土野	39604
焚	hl	火林	39561
梳	mi	木川	39377
魁	gd	鬼斗	39294
耽	eg	耳乚	39196
耽	ey	耳冘	39196
擒	fq	扌禽	39189
陡	ez	阝走	39114
璋	wv	王章	38930
茂	cw	艹戊	38926
蹄	zd	足帝	38922
瞥	ob	目敝	38910
瞥	ow	目攵	38910
瞳	ot	目童	38812
肺	of	目巿	38759
肺	oj	目巾	38759
炒	hu	火少	38581
弘	gs	弓厶	38264
嫉	nj	女疾	38200
嗡	kw	口翁	38010
喧	kx	口宣	37906
脂	ov	月旨	37878
膛	ot	月堂	37836
疚	bj	疒久	37765
扁	hc	户艹	37657
茅	cm	艹矛	37567
滔	dj	氵臼	37516
滔	dy	氵舀	37516
掐	fj	扌臼	37391
掐	fx	扌臽	37391
瑜	wy	王俞	37277
邱	eq	耳丘	37273
桐	mt	木同	37139
茵	cy	艹因	37135
郝	ei	耳赤	36991
沫	dm	氵末	36929
菁	cq	艹青	36920
粹	mz	米卒	36862
琢	wd	王丶	36857
琢	wi	王豖	36857
喻	ky	口俞	36595
睹	ov	目者	36521
郊	ej	耳交	36462
侃	ri	亻川	36358
粘	mv	米占	36321
媛	ny	女爰	36310
凳	jd	几登	36123
淮	dv	氵隹	36109
蔽	cb	艹敝	36096
蔽	cw	艹攵	36096
潭	dt	氵覃	35887
翩	yb	羽扁	35855
呻	ku	口申	35841
枉	mw	木王	35783
拘	fj	扌句	35775
煮	dv	灬者	35755
煮	hv	灬者	35755
焉	vd	正灬	35627
焉	vh	正灬	35627
址	tv	土止	35618
匕	pg	丿乚	35573
敦	wx	攵享	35424
冉	aa	丨一	35293
冉	kt	冂土	35293
薪	cx	艹新	35145
呃	ke	口厄	35105
峻	uj	山夋	35003
峻	uw	山夂	35003
栽	gm	戈木	34930
栽	mg	木戈	34930
嚎	kh	口豪	34929
汁	du	氵十	34923
傍	rp	亻旁	34850
磕	uh	石盍	34654
磕	um	石皿	34654
坎	tq	土欠	34469
邵	ev	耳召	34414
萌	cm	艹明	34408
窄	bv	宀乍	34397
窄	xv	穴乍	34397
阮	ey	耳元	34363
蹈	zj	足臼	34345
蹈	zy	足舀	34345
碑	ub	石卑	34260
煤	hm	火某	34203
寓	by	宀禺	34060
倘	ru	亻尚	34043
杭	mk	木亢	34033
暇	oj	日叚	33980
暇	oy	日又	33980
蔓	cm	艹曼	33854
蒸	cd	艹灬	33714
蒸	ch	艹灬	33714
蒸	dv	灬䒱	33714
蒸	hv	灬䒱	33714
醋	yx	酉昔	33580
淌	du	氵尚	33568
姊	nz	女𠂔	33464
衍	ri	彳亍	33445
衍	xd	彳丁	33445
衍	xi	彳亍	33445
妾	ln	立女	33441
妾	nl	女立	33441
嘎	kg	口戛	33414
蜀	si	罒虫	33368
蝴	ih	虫胡	33327
莽	cc	艹廾	33238
弩	gn	弓奴	33228
稚	hv	禾隹	33182
圳	ti	土川	33157
徽	xw	彳攵	33080
衙	ri	彳亍	33073
衙	xi	彳亍	33073
衙	xw	行吾	33073
陋	ea	阝𠃊	32986
陋	ev	阝𠃊	32986
奢	dv	大者	32985
罐	fv	缶隹	32951
霄	yx	雨肖	32916
汝	dn	氵女	32816
敞	wu	攵尚	32687
暮	co	艹日	32619
暮	om	日莫	32619
灼	hu	火勺	32550
倪	re	亻兒	32398
挫	fz	扌坐	32364
咪	km	口米	32218
燥	hz	火喿	32172
泳	dy	氵永	32131
眶	ok	目匡	32097
乙	aa	乙乙	32048
乙	vv	{乙}	32048
乙	yy	{乙}	32048
澈	dw	氵攵	32041
酬	yv	酉州	31980
筷	vk	竹快	31937
宵	bx	宀肖	31872
揪	fq	扌秋	31819
喇	kd	口刂	31719
喇	kl	口剌	31719
丞	au	乛水	31714
丞	la	了一	31714
丞	zh	乛一	31714
拎	fl	扌令	31698
棠	dd	丶呆	31633
棠	mk	木口	31633
棠	xd	呆	31633
棠	xm	木	31633
梭	mj	木夋	31489
梭	mw	木夂	31489
哧	ki	口赤	31474
棺	mg	木官	31464
璇	wx	王旋	31459
瀚	dh	氵翰	31450
肝	og	月干	31440
疤	bb	疒巴	31337
嗔	kv	口真	31168
沮	dq	氵且	31095
廖	gl	广翏	31067
廖	gp	广丿	31067
皓	bg	白告	30879
恕	xr	心如	30848
虐	ha	虍一	30741
虞	hw	虍吴	30560
卦	bg	卜圭	30403
迦	zj	辶加	30382
陀	et	阝它	30349
哆	kd	口多	30257
葡	cp	艹匍	30236
帖	jv	巾占	30180
蛛	iv	虫朱	29896
盲	ow	目亡	29895
碟	um	石木	29736
碟	uy	石枼	29736
囚	kr	囗人	29642
裴	yf	衣非	29595
吏	ad	一丶	29539
萄	cf	艹缶	29505
萄	ct	艹匋	29505
霆	yt	雨廷	29470
喔	kw	口屋	29429
勿	gp	勹丿	29378
吭	kk	口亢	29375
淘	df	氵缶	29357
淘	dt	氵匋	29357
蔑	cu	艹戍	29247
淹	dd	氵电	29158
淹	dy	氵奄	29158
麒	lq	鹿其	29156
惚	xh	心忽	28986
桓	mg	木亘	28953
坊	tf	土方	28892
嗽	kq	口欠	28817
嗽	ku	口欶	28817
履	uf	尸復	28690
璐	wl	王路	28683
菩	ck	艹口	28652
菩	cp	艹咅	28652
巢	ig	川果	28649
畜	dt	丶田	28647
畜	tx	田玄	28647
畜	wt	亠田	28647
兀	ae	一儿	28642
兀	ag	一乚	28642
樊	dm	大木	28633
棚	mp	木朋	28567
仕	ru	亻士	28553
倏	rq	亻犬	28537
芹	cj	艹斤	28424
僻	rb	亻辟	28410
僻	rx	亻辛	28410
絮	sr	糸如	28392
杏	km	口木	28315
杏	mk	木口	28315
磁	uz	石兹	28220
逮	zl	辶隶	28151
搓	fi	扌差	28103
脊	od	月丶	28041
脊	or	月人	28041
噩	wk	王口	27969
嚼	kc	口寸	27876
嚼	kj	口爵	27876
揣	fe	扌而	27568
殖	dv	歹直	27563
伺	rs	亻司	27405
霖	yl	雨林	27387
襄	dy	丶𧘇	27380
襄	wy	亠𧘇	27380
襄	ya	衣一	27380
惕	xy	心易	27307
卸	ea	卩一	27285
卸	ev	卩止	27285
卸	ex	卩{卸左}	27285
敖	wd	攵𠂊	27108
敖	wg	攵勹	27108
敖	wp	攵丿	27108
框	mk	木匡	27076
捆	fk	扌困	27010
眩	ox	目玄	26994
炫	hx	火玄	26933
塘	tt	土唐	26894
阱	ej	阝井	26888
膜	om	月莫	26833
亨	dl	丶了	26827
亨	lk	了口	26827
亨	wl	亠了	26827
奕	dy	大亦	26802
奕	wd	亠大	26802
奕	yd	亦大	26802
猩	qx	犭星	26668
沁	dx	氵心	26604
跋	zb	足犮	26559
跋	zy	足又	26559
藩	cf	艹番	26539
藩	cp	艹潘	26539
舔	ut	舌忝	26424
舔	ux	舌	26424
捐	fo	扌月	26418
歧	vv	止支	26398
隋	eo	阝月	26353
蹭	zc	足曾	26351
甄	wt	瓦土	26342
甄	wy	瓦垔	26342
嗤	ki	口蚩	26283
缸	fg	缶工	26248
嬉	nx	女喜	26210
哮	kx	口孝	26173
熄	hx	火息	26172
俞	rd	人刂	26139
俞	ry	人刖	26139
豁	gh	谷害	26107
掘	fq	扌屈	26017
琦	wq	王奇	26016
屎	um	尸米	25988
乍	pa	丿一	25921
乍	re	𠂉二	25921
孽	cz	艹子	25919
孽	zx	子辛	25919
毯	my	毛炎	25831
弧	gg	弓瓜	25808
槐	mg	木鬼	25776
襟	yj	衤禁	25730
梨	ml	木利	25679
嗅	ki	口臭	25646
祁	eu	阝示	25566
祁	ue	示阝	25566
渠	mj	木巨	25514
矢	pd	丿大	25495
矢	pt	丿天	25495
矢	rd	𠂉大	25495
捅	fy	扌甬	25436
扛	fg	扌工	25430
朽	mk	木丂	25425
忖	xc	心寸	25374
匈	gx	勹凶	25364
扒	fb	扌八	25334
雍	dv	丶隹	25297
雍	wv	亠隹	25297
侮	rm	亻每	25279
霓	ye	雨兒	25232
稽	hv	禾旨	25200
夭	pd	丿大	25128
揍	fz	扌奏	25073
瞟	op	目票	25058
苟	cj	艹句	25037
琉	wi	王川	24975
漪	dq	氵奇	24948
漪	dy	氵猗	24948
暑	ov	日者	24941
窟	bq	宀屈	24923
窟	xq	穴屈	24923
瓷	wc	瓦次	24855
萱	cx	艹宣	24846
株	mv	木朱	24834
倭	rw	亻委	24818
鞘	gx	革肖	24815
沛	df	氵巿	24758
沛	dj	氵巾	24758
睿	bo	卜目	24474
睿	or	目人	24474
噗	kd	口丶	24442
噗	kf	口夫	24442
噗	kp	口菐	24442
唔	kw	口吾	24276
幢	jt	巾童	24268
喀	kk	口客	24238
涕	dd	氵弟	24195
拭	fu	扌式	24060
婢	nb	女卑	24051
剿	dg	刂果	23891
剿	di	刂巢	23891
胤	eo	儿月	23866
胤	pg	丿乚	23866
秩	hu	禾失	23852
畔	tb	田半	23833
粥	gg	弓弓	23792
粥	mg	米弓	23792
奎	dg	大圭	23789
茨	cc	艹次	23761
蹬	zd	足登	23651
岔	uf	山分	23623
叭	kb	口八	23566
咆	kb	口包	23494
梧	mw	木吾	23401
垮	tk	土夸	23378
澳	da	氵奥	23261
浙	dv	氵折	23244
甸	gt	勹田	23242
甸	tg	田勹	23242
鮑	yb	魚包	23115
刁	ga	𠃌一	23103
厥	ij	厂欮	23082
厥	iq	厂欠	23082
蚊	iw	虫文	23018
鞠	gj	革匊	23015
鞠	gm	革米	23015
歆	qy	欠音	22876
拙	fi	扌出	22860
茗	cm	艹名	22789
眷	jo	目	22751
眷	of	目夫	22751
戮	gl	戈翏	22742
戮	gp	戈彡	22742
唬	kh	口虎	22716
扳	ff	扌反	22636
踹	ze	足而	22631
漓	dl	氵离	22606
擂	fl	扌雷	22548
沌	dt	氵屯	22474
凸	aa	丨一	22455
蚩	iu	虫山	22424
蚩	ui	山虫	22424
唾	ki	口垂	22408
犀	nu	牛氺	22356
犀	un	尸牛	22356
澄	dd	氵登	22349
哉	gk	戈口	22334
哉	kg	口戈	22334
猾	qg	犭骨	22221
煎	dq	灬前	22180
煎	hq	灬前	22180
窒	bv	宀至	22175
窒	xv	穴至	22175
蝠	if	虫畐	22099
蝠	it	虫田	22099
瓣	gx	瓜辛	22056
瓣	xx	辛辛	22056
唧	kj	口即	22052
哽	kg	口更	21976
娥	nw	女我	21944
婿	nx	女胥	21914
耕	lj	耒井	21786
葫	ch	艹胡	21733
嗨	kh	口海	21687
疫	bu	疒殳	21652
兢	kk	克克	21643
兢	ue	十儿	21643
啼	kd	口帝	21533
杉	mp	木彡	21508
嗜	ko	口日	21476
嗜	kq	口耆	21476
券	df	刀夫	21437
券	jd	刀	21437
遁	zd	辶盾	21435
霎	yq	雨妾	21405
炯	hk	火口	21405
迭	zu	辶失	21389
彷	xf	彳方	21360
抿	fm	扌民	21329
剔	dy	刂易	21278
稻	hj	禾臼	21277
稻	hy	禾舀	21277
敷	wf	攵方	21263
怠	sx	厶心	21247
怠	xt	心台	21247
勺	gd	勹丶	21195
函	ku	凵氺	21187
函	lk	了凵	21187
喳	ki	口查	21141
撩	fl	扌尞	21011
撩	fx	扌小	21011
擎	uj	手敬	20931
巍	uw	山魏	20904
脯	of	月甫	20878
寥	bl	宀翏	20857
寥	bp	宀彡	20857
漾	dy	氵羕	20836
藉	cj	艹耤	20781
藉	cx	艹昔	20781
弊	cb	廾敝	20759
弊	cw	廾攵	20759
逞	zi	辶呈	20757
膏	og	月高	20747
膏	ok	月口	20747
膏	wo	亠月	20747
戳	gd	戈翟	20671
戳	gv	戈隹	20671
凹	aa	丨一	20644
叩	ke	口卩	20625
禽	rl	人离	20600
懊	xa	心奥	20550
懈	xj	忄解	20521
蛟	ij	虫交	20489
亢	dj	丶几	20459
亢	wj	亠几	20459
呸	kp	口丕	20447
芊	cq	艹千	20334
跺	zd	足朵	20222
蔚	cw	艹尉	20152
坪	tp	土平	20132
腮	os	月思	20075
踉	zl	足良	20003
踱	zd	足度	19897
嗖	ks	口叟	19887
嗖	ky	口又	19887
苑	ce	艹	19838
苑	cy	艹夘	19838
秉	ha	禾一	19831
秉	pd	丿丶	19831
猿	qy	犭袁	19821
堤	tu	土是	19816
佟	rd	亻冬	19785
憨	xg	心敢	19728
肘	oc	月寸	19724
拇	fm	扌母	19655
僚	rl	亻尞	19624
僚	rx	亻小	19624
霹	yb	雨辟	19613
霹	yx	雨辛	19613
婕	nj	女疌	19606
禹	pd	丿丶	19590
啃	kk	口肯	19567
拯	fi	扌丞	19388
忿	xf	心分	19358
梢	mx	木肖	19244
肋	ol	月力	19237
窘	bj	宀君	19223
窘	xj	穴君	19223
嵌	uq	山欠	19221
婪	nl	女林	19194
浦	df	氵甫	19174
炭	uh	山灰	19147
曦	og	日戈	19125
曦	ox	日羲	19125
簇	vz	𥫗族	19096
螺	il	虫累	19077
屯	ag	一乚	19049
悴	xz	忄卒	19029
匡	kw	匚王	18999
冀	bg	北共	18988
冀	by	北異	18988
倔	rq	亻屈	18984
橙	md	木登	18984
筱	vw	𥫗攵	18974
筱	vy	𥫗攸	18974
叱	kb	口匕	18954
髓	gs	骨遀	18935
髓	gz	骨辶	18935
淳	dx	氵享	18919
矜	mj	矛今	18885
詹	dy	言	18852
詹	yb	言八	18852
菱	cl	艹夌	18846
菱	cw	艹夂	18846
芷	cv	艹止	18836
惺	xx	心星	18833
囔	kn	口囊	18778
朔	on	月屰	18750
憔	xj	忄焦	18746
睫	oj	目疌	18742
睬	oc	目采	18741
臀	od	月殿	18687
臀	ou	月殳	18687
笙	vu	竹生	18633
戟	gu	戈龺	18632
戟	ug	十戈	18632
沼	dv	氵召	18625
昕	oj	日斤	18598
煜	hy	火昱	18582
祀	us	示巳	18571
罡	sv	罒正	18553
伶	rl	亻令	18546
酥	yh	酉禾	18511
懦	xx	忄需	18464
厄	ie	厂	18380
峨	uw	山我	18374
伽	rj	亻加	18295
卵	md	卯丶	18272
卵	pd	丿丶	18272
捶	fi	扌垂	18237
檐	mv	木詹	18211
檐	my	木言	18211
棘	cc	朿朿	18152
嗣	ks	口司	18110
嗣	sc	司冊	18110
炕	hk	火亢	18018
偎	rw	亻畏	18007
溶	dr	氵容	17932
幺	ad	𠃋丶	17926
幺	as	𠃋厶	17926
幺	vd	𠃋丶	17926
幺	vs	𠃋厶	17926
膨	op	月彭	17894
峙	us	山寺	17869
徊	xh	彳回	17842
砂	uu	石少	17805
舵	vt	舟它	17755
迸	zb	辶并	17662
斟	du	斗甚	17602
椒	mu	木叔	17541
旬	go	勹日	17475
旬	og	日勹	17475
萎	cw	艹委	17426
疙	bq	疒乞	17365
芠	cw	艹文	17349
瘩	bd	疒荅	17347
瘩	bh	疒合	17347
梵	fl	凡林	17305
梵	mf	木凡	17305
靴	gh	革化	17283
匿	kr	匚若	17242
堯	tw	土兀	17147
堯	wy	兀垚	17147
徘	xf	彳非	17122
芽	cy	艹牙	17121
狙	qq	犭且	17116
瀑	db	氵暴	17047
嗷	ka	口敖	17032
嗷	kw	口攵	17032
芯	cx	艹心	17023
禾	pd	丿丶	16993
禾	pm	丿木	16993
澎	dp	氵彭	16976
邢	ek	耳开	16955
蜘	iv	虫知	16934
憎	xc	忄曾	16932
靡	fm	非麻	16931
靡	mf	麻非	16931
褚	yv	衤者	16900
湛	du	氵甚	16846
蒲	cp	艹浦	16804
嚓	ki	口察	16791
珂	wk	王可	16769
崽	us	山思	16768
嬋	nd	女單	16719
嗒	kd	口荅	16686
嗒	kh	口合	16686
悸	xj	心季	16672
晦	om	日每	16662
涅	dn	氵圼	16639
涅	dt	氵土	16639
恬	xu	心舌	16632
慷	xk	忄康	16623
穹	bg	宀弓	16599
穹	xg	穴弓	16599
渣	di	氵查	16543
嬴	nk	女口	16436
嬴	wf	亡凡	16436
袱	yf	衤伏	16411
黝	hy	黑幼	16397
淇	dq	氵其	16379
茄	cj	艹加	16373
寅	bb	宀八	16337
赦	iw	赤攵	16333
赦	wi	攵赤	16333
悻	xx	忄幸	16292
祟	iu	出示	16287
祟	ui	示出	16287
榻	my	木羽	16283
蛙	ig	虫圭	16283
嵩	ug	山高	16210
茉	cm	艹末	16199
唰	ku	口刷	16179
噪	kz	口喿	16010
菌	ch	艹禾	16008
菌	cq	艹囷	16008
蝙	ib	虫扁	16004
庶	gd	广灬	15986
庶	gh	广灬	15986
邸	ed	耳氐	15950
晟	oi	日成	15923
禧	ux	示喜	15854
旱	og	日干	15826
虔	hw	虍文	15826
琛	wm	王木	15726
琛	wu	王冞	15726
榴	ml	木留	15726
漱	dq	氵欠	15713
漱	du	氵欶	15713
忑	xx	心下	15706
匣	kj	匚甲	15699
忐	xu	心上	15677
蟒	im	虫莽	15665
棱	ml	木夌	15662
棱	mw	木夂	15662
悚	xu	忄束	15579
廓	gg	广郭	15567
惘	xw	忄罔	15566
漉	dl	氵鹿	15539
蟹	ij	虫解	15529
佬	rl	亻老	15514
曳	ap	丨丿	15503
曳	oi	日乂	15503
曳	ow	日乂	15503
壤	tx	土襄	15483
壤	ty	土𧘇	15483
忡	xv	心中	15459
倡	ri	亻昌	15456
冶	dt	冫台	15455
姝	nv	女朱	15426
筠	vj	竹均	15378
竿	vg	竹干	15347
蜷	ij	虫卷	15341
癌	bu	疒山	15319
嘈	kc	口曹	15262
剖	dk	刂口	15232
剖	dp	刂咅	15232
汀	dd	氵丁	15090
牡	nt	牛土	15032
斐	wf	文非	15019
懵	xm	心瞢	15002
懵	xo	忄目	15002
皙	bx	白析	14920
恤	xx	忄血	14830
咄	ki	口出	14825
痞	bf	疒否	14766
橘	mk	木口	14755
橘	my	木矞	14755
氧	qy	气羊	14746
瑾	wj	王堇	14682
烙	hg	火各	14608
璧	wb	王辟	14608
璧	wx	王辛	14608
璧	yb	玉辟	14608
璧	yx	玉辛	14608
攘	fx	扌襄	14580
攘	fy	扌𧘇	14580
攥	fs	扌糸	14543
攥	fz	扌纂	14543
汰	dt	氵太	14511
溺	dr	氵弱	14495
咔	kk	口卡	14414
芭	cb	艹巴	14409
戎	gu	戈𠂇	14391
褐	yh	衤曷	14390
吆	ky	口幺	14326
彰	pv	彡章	14222
漩	dx	氵旋	14215
聆	el	耳令	14208
蒜	cs	艹祘	14174
蒜	cu	艹示	14174
棕	mz	木宗	14156
鄂	ee	阝咢	14061
鄂	ek	耳亏	14061
搐	fi	扌畜	14053
搐	fx	扌畜	14053
怦	xp	心平	14012
穗	hh	禾惠	13995
撰	fg	扌共	13976
牟	sn	厶牛	13962
奄	dd	大电	13947
梓	mx	木辛	13927
烘	hg	火共	13793
炙	ho	火{月}	13778
炙	hy	火{月}	13778
炙	oh	{月}火	13778
炙	yh	{月}火	13778
翎	yl	羽令	13767
惋	xw	心宛	13737
栩	my	木羽	13693
逾	zy	辶俞	13686
墟	tx	土虚	13672
鬟	ih	镸睘	13671
鬟	iy	镸𧘇	13671
茬	cz	艹在	13642
褪	yt	衤退	13537
鑫	jj	金金	13522
骸	gh	骨亥	13516
峭	ux	山肖	13505
竈	bm	宀黽	13458
竈	xm	穴黽	13458
洽	dh	氵合	13409
暄	ox	日宣	13336
裔	yk	衣口	13332
韶	yv	音召	13303
硯	uj	石見	13267
惦	xd	忄店	13189
邃	zu	辶豕	13142
搔	fi	扌虫	13130
搔	fz	扌蚤	13130
腑	of	月府	13129
遏	zh	辶曷	13099
募	cl	艹力	13095
募	lm	力莫	13095
憬	xj	心景	13093
庵	gd	广电	13087
庵	gy	广奄	13087
叼	kd	口刁	13048
嫖	np	女票	13042
苛	ck	艹可	13000
拌	fb	扌半	12927
奠	dq	大酋	12902
奠	qd	酋大	12902
喋	km	口木	12871
喋	ky	口枼	12871
糙	mz	米造	12840
貂	vv	豸召	12832
揖	fe	扌耳	12821
揖	fq	扌咠	12821
葵	cg	艹癸	12818
葵	ct	艹天	12818
榆	my	木俞	12802
眈	og	目乚	12773
眈	oy	目冘	12773
扼	fe	扌厄	12762
眺	ov	目兆	12749
孜	wz	攵子	12741
孜	zw	子攵	12741
簌	vq	竹欠	12731
簌	vu	𥫗欶	12731
璽	ye	玉爾	12725
偌	rr	亻若	12710
蓓	cb	艹倍	12618
弛	gy	弓也	12591
庇	gb	广比	12566
檀	md	木亶	12516
螂	il	虫郎	12502
趾	zv	足止	12471
妲	nd	女旦	12460
掂	fd	扌店	12450
醇	yx	酉享	12444
槽	mc	木曹	12412
憧	xt	心童	12337
酣	yg	酉甘	12314
宦	bi	宀臣	12302
筐	vk	𥫗匡	12286
琅	wl	王良	12283
瞻	ov	目詹	12261
瞻	oy	目言	12261
焱	hh	火火	12242
湃	db	氵拜	12221
撅	fj	扌厥	12167
撅	fq	扌欠	12167
煽	hu	火扇	12159
呱	kg	口瓜	12127
猝	qz	犭卒	12077
殆	dt	歹台	12048
蔬	cu	艹疏	12038
婧	nq	女青	11970
熒	hb	火冖	11955
熒	hh	火火	11955
侈	rd	亻多	11948
霏	yf	雨非	11940
瘟	bm	疒皿	11924
瘟	bw	疒昷	11924
蕪	cw	艹無	11922
崎	uq	山奇	11863
亥	dd	丶丶	11845
亥	dr	丶人	11845
亥	wr	亠人	11845
俐	rl	亻利	11827
譬	yb	言辟	11807
譬	yx	言辛	11807
晏	oa	日安	11688
弈	cy	廾亦	11679
弈	wc	亠廾	11679
弈	yc	亦廾	11679
鞍	ga	革安	11579
瘸	br	疒肉	11577
珏	wy	王玉	11522
傀	rg	亻鬼	11508
噔	kd	口登	11503
靶	gb	革巴	11461
恙	xy	心羊	11433
恙	yx	羊心	11433
懿	yx	壹心	11429
懿	yz	壹恣	11429
竺	ve	𥫗二	11419
吝	kw	口文	11418
吝	wk	文口	11418
荀	cx	艹旬	11378
嘭	kp	口彭	11327
菇	cg	艹姑	11316
恃	xs	忄寺	11258
儡	rl	亻畾	11246
儡	rt	亻田	11246
呦	ky	口幼	11228
榕	mr	木容	11223
躇	zv	足著	11200
酌	yu	酉勺	11174
丙	an	一内	11170
涎	dy	氵延	11149
冽	dl	冫列	11108
砌	uq	石切	11088
翟	yv	羽隹	11050
噎	ky	口壹	11030
噼	kb	口辟	11014
噼	kx	口辛	11014
咎	ki	口处	11012
蠕	ix	虫需	11004
冕	om	日免	10994
雌	vc	隹此	10979
茸	ce	艹耳	10963
瑛	wy	王英	10948
剃	dd	弟刂	10941
掰	fu	分手	10932
掰	uu	手手	10932
蹙	zq	足戚	10904
蹙	zx	足小	10904
橡	mx	木象	10887
佯	ry	亻羊	10873
崛	uq	山屈	10826
勘	lu	力甚	10761
稼	hj	禾家	10734
桀	mf	木㐄	10702
桀	xm	夕木	10702
渝	dy	氵俞	10653
拚	fb	扌弁	10652
拚	fc	扌廾	10652
汐	dx	氵夕	10645
磅	up	石旁	10605
壕	th	土豪	10556
撮	fz	扌最	10534
璣	wj	王幾	10523
祠	us	示司	10484
黏	hv	禾占	10465
黏	vu	占黍	10465
珀	wb	王白	10455
睽	og	目癸	10448
睽	ot	目天	10448
栓	mq	木全	10429
邑	kb	口巴	10420
瑕	wj	王叚	10419
瑕	wy	王又	10419
磋	ui	石差	10397
粟	mx	米覀	10358
粟	xm	覀米	10358
薯	cu	艹署	10341
滬	db	氵巴	10326
滬	dh	氵扈	10326
岑	uj	山今	10316
娼	ni	女昌	10278
迂	zy	辶于	10277
伎	rv	亻支	10269
翡	yf	羽非	10243
蹊	zx	足奚	10230
寐	bw	宀未	10214
這	zy	辶言	10162
敝	wb	攵㡀	10151
崆	uk	山空	10115
甭	by	不用	10111
笠	vl	竹立	10084
扈	hb	戶巴	10073
扈	hy	户邑	10073
芮	cn	艹内	10037
卉	cu	廾十	10030
卉	uc	十廾	10030
靳	gj	革斤	10010
靳	jg	斤革	10010
札	mg	木乚	9993
婊	nb	女表	9991
裘	yq	衣求	9991
扉	hf	户非	9977
塢	tw	土烏	9944
膳	ou	月善	9913
剌	du	刂束	9911
鱷	ye	魚噩	9891
捺	fn	扌奈	9881
悼	xv	忄卓	9880
毋	ap	𠃊丿	9854
毋	vp	𠃊丿	9854
曙	ou	日署	9845
簸	vp	竹皮	9837
忒	xy	心弋	9833
忒	yx	弋心	9833
妳	ne	女尔	9800
叟	jy	臼又	9797
叟	yj	又臼	9797
拴	fq	扌全	9790
痹	bb	疒畀	9748
痹	bq	疒丌	9748
垣	tg	土亘	9743
蛤	ih	虫合	9735
羹	gm	羔美	9720
羹	ym	羊美	9720
蛾	iw	虫我	9694
瑚	wh	王胡	9681
個	rg	亻固	9663
熔	hr	火容	9661
惆	xv	忄周	9648
拗	fy	扌幼	9593
燎	hl	火尞	9587
燎	hx	火小	9587
熠	hb	火白	9579
薰	cx	艹熏	9574
蕃	cf	艹番	9570
捋	fc	扌寸	9568
捋	fl	扌寽	9568
髦	im	髟毛	9531
髦	mb	毛髟	9531
簿	vc	𥫗寸	9481
簿	vf	𥫗尃	9481
迢	zv	辶召	9447
汩	do	氵曰	9441
汩	dy	氵曰	9441
狩	qu	犭守	9422
蜥	ix	虫析	9410
惴	xe	忄而	9403
胯	ok	月夸	9397
劭	lv	力召	9369
烹	dh	灬亨	9367
烹	hh	灬亨	9367
咣	kg	口光	9351
攸	rw	亻攵	9343
硝	ux	石肖	9321
滕	ou	月氺	9254
寰	bh	宀睘	9242
寰	by	宀𧘇	9242
紊	sw	糸文	9236
紊	ws	文糸	9236
蕉	cj	艹焦	9223
稠	hv	禾周	9216
蟆	im	虫莫	9205
垢	th	土后	9175
楷	mj	木皆	9165
炊	hq	火欠	9154
忻	xj	忄斤	9151
炳	hb	火丙	9133
腆	od	月典	9132
褒	wy	亠𧘇	9130
褒	yb	衣保	9130
酋	by	丷酉	9128
酋	qa	䒑一	9128
拈	fv	扌占	9106
抒	fy	扌予	9105
孰	wx	丸享	9098
孰	xw	享丸	9098
褂	yg	衤卦	9095
孺	zx	子需	9093
胭	oy	月因	9088
嫡	nd	女啇	9082
嫡	ng	女古	9082
礁	uj	石焦	9082
珉	wm	王民	9079
啜	ku	口双	9057
啜	kv	口叕	9057
晾	oj	日京	9012
隧	es	阝遂	9003
窿	bl	宀隆	9002
窿	xl	穴隆	9002
嫦	ni	女常	8971
莞	cw	艹完	8969
瓢	gp	瓜票	8967
曜	od	日翟	8963
曜	ov	日隹	8963
猖	qi	犭昌	8948
遐	zj	辶叚	8944
遐	zy	辶又	8944
蹋	zy	足羽	8940
麾	mm	麻毛	8918
猥	qw	犭畏	8898
篝	vg	𥫗冓	8896
殉	dx	歹旬	8878
蜒	iy	虫延	8877
枷	mj	木加	8877
皎	bj	白交	8869
霽	yq	雨齊	8842
窖	bg	宀告	8831
窖	xg	穴告	8831
咫	iv	尺只	8825
檬	mm	木蒙	8818
乒	jp	斤丿	8803
乒	pp	丿丿	8803
乒	pq	丿丘	8803
乒	qp	丘丿	8803
奚	vd	爫大	8800
淤	dy	氵於	8794
溯	do	氵月	8725
溯	du	氵朔	8725
溯	dy	氵月	8725
凋	dv	冫周	8718
泌	db	氵必	8695
刨	db	刂包	8691
樵	mj	木焦	8689
盎	my	皿央	8678
戾	hq	户犬	8677
咀	kq	口且	8667
屹	uq	山乞	8644
挎	fk	扌夸	8629
羔	dy	灬羊	8622
羔	hy	灬羊	8622
羔	yd	{羊}灬	8622
羔	yh	{羊}灬	8622
殃	dy	歹央	8611
庚	gd	广丶	8607
庚	gg	广{庚内}	8607
庚	gr	广人	8607
淼	uu	水水	8593
隘	ey	耳益	8588
璨	wc	王粲	8551
璨	wm	王米	8551
跤	zj	足交	8546
摁	fe	扌恩	8517
痊	bq	疒全	8478
來	ad	一丶	8459
來	mc	木从	8459
來	mr	木人	8459
臻	vq	至秦	8443
泯	dm	氵民	8435
糜	mm	麻米	8423
睦	ot	目土	8412
喵	km	口苗	8410
褥	yc	衤寸	8394
褥	yr	衤辱	8394
汶	dw	氵文	8380
饞	ui	飠毚	8379
饞	ut	飠兔	8379
蜿	iw	虫宛	8376
墩	td	土敦	8359
棣	ml	木隶	8329
沓	ou	日水	8322
沓	uo	水日	8322
喏	kr	口若	8320
琶	bw	巴王	8308
琶	wb	王巴	8308
締	sd	糸帝	8273
耷	de	大耳	8256
耷	ed	耳大	8256
弼	bg	百弓	8249
弼	gg	弓弓	8249
柬	ad	一丶	8238
柬	mb	木八	8238
拷	fk	扌考	8224
剁	dd	朵刂	8222
柿	mu	木市	8210
琵	wb	王比	8200
沂	dj	氵斤	8174
蕙	ch	艹惠	8173
捻	fn	扌念	8152
帛	bj	白巾	8139
帛	jb	巾白	8139
撂	fg	扌各	8107
娓	nw	女尾	8105
乓	jd	斤丶	8098
乓	pd	丘丶	8098
乓	qd	丘丶	8098
髯	ir	髟冉	8077
娉	nk	女丂	8067
娉	np	女甹	8067
圭	tt	土土	8052
璀	wc	王崔	8045
苔	ct	艹台	8045
肪	of	月方	8036
吮	ky	口允	8032
啄	kd	口丶	8026
啄	ki	口豖	8026
帷	jv	巾隹	8007
箍	vz	𥫗匝	8001
蟑	iv	虫章	7998
梗	mg	木更	7980
捎	fx	扌肖	7956
瞿	ov	目隹	7952
瞿	vm	隹目	7952
瞿	vo	隹目	7952
嗬	kh	口荷	7948
蘑	cm	艹磨	7944
唏	kx	口希	7925
羌	yg	{羊}乚	7900
骼	gg	骨各	7894
羲	yg	羊戈	7847
羲	yx	羊{羲下}	7847
祺	uq	示其	7841
羿	cy	廾羽	7834
羿	yc	羽廾	7834
苞	cb	艹包	7827
犁	nl	牛利	7823
舷	vx	舟玄	7809
矗	vv	直直	7808
癖	bb	疒辟	7798
癖	bx	疒辛	7798
掣	uv	手制	7797
匾	kb	匚扁	7782
瀛	dy	氵嬴	7781
珞	wg	王各	7779
衲	yn	衤内	7778
毓	mi	每川	7778
惰	xo	忄月	7669
藻	cz	艹澡	7612
啷	kl	口郎	7603
佘	ru	人示	7584
黠	hj	黑吉	7541
鉢	jb	金本	7494
邯	eg	耳甘	7487
瑀	wy	王禹	7470
醺	yx	酉熏	7468
芥	cj	艹介	7468
佼	rj	亻交	7460
舜	vf	爫㐄	7460
簪	vo	𥫗日	7448
簪	vq	𥫗朁	7448
痰	by	疒炎	7445
蹂	zr	足柔	7440
簧	vh	𥫗黄	7430
甥	un	生男	7427
潺	di	氵孱	7363
潺	dz	氵子	7363
獠	ql	犭尞	7356
獠	qx	犭小	7356
筏	vf	𥫗伐	7349
瞌	oh	目盍	7311
瞌	om	目皿	7311
髻	ij	髟吉	7307
椎	mv	木隹	7273
唆	kj	口夋	7269
唆	kw	口夂	7269
煦	dx	灬昫	7265
煦	hx	灬昫	7265
嵋	um	山眉	7261
幡	jf	巾番	7256
翌	yl	羽立	7243
碳	ut	石炭	7195
蜓	it	虫廷	7149
咻	kx	口休	7148
捍	fh	扌旱	7135
睨	oe	目兒	7131
鼾	bg	鼻干	7130
桔	mj	木吉	7128
抉	fd	扌丶	7091
抉	fg	扌夬	7091
玟	ww	王文	7088
蜻	iq	虫青	7088
徨	xh	彳皇	7081
嗲	kd	口爹	7063
碾	uv	石展	7058
哐	kk	口匡	7050
粼	dl	刂粦	7049
粼	md	米刂	7049
啐	kz	口卒	7044
嚏	kp	口疐	7017
甬	sy	用	7009
榨	mv	木窄	6994
倜	rv	亻周	6979
稷	hw	禾夂	6957
妤	ny	女予	6923
篡	vs	竹厶	6922
晤	ow	日吾	6919
肇	hy	户聿	6900
肇	yw	聿攵	6900
咂	kz	口匝	6899
帚	jb	巾冖	6894
帚	xj	𫜹巾	6894
瘤	bl	疒留	6892
瞠	ot	目堂	6874
嚅	kx	口需	6865
愴	xc	忄倉	6862
鑌	jb	金賓	6859
腺	oq	月泉	6833
箐	vq	竹青	6828
坷	tk	土可	6828
螃	ip	虫旁	6823
冢	bd	冖丶	6812
冢	bi	冖豖	6812
晁	ov	日兆	6804
蝗	ih	虫皇	6770
烽	hf	火丰	6755
轆	il	車鹿	6743
莘	cx	艹辛	6743
撬	fm	扌毛	6740
撬	fq	扌毳	6740
澹	dv	氵詹	6736
澹	dy	氵言	6736
釗	jd	金刂	6725
簍	vl	竹婁	6723
緹	su	糸是	6721
宸	bi	宀辰	6716
泓	dh	氵弘	6716
泓	ds	氵厶	6716
胄	oy	月由	6703
羚	yl	羊令	6686
綏	st	糸妥	6678
迄	zq	辶乞	6616
踞	zj	足居	6612
慵	xy	心庸	6576
噤	kj	口禁	6575
幌	jh	巾晃	6566
荻	cd	艹狄	6563
跚	zc	足册	6556
袒	yd	衤旦	6547
浣	dw	氵完	6534
荼	cy	艹余	6513
晗	oh	日含	6491
腋	oy	月夜	6487
骰	gu	骨殳	6460
曝	ob	日暴	6457
涮	du	氵刷	6454
踵	zv	足重	6451
炬	hj	火巨	6448
俟	ru	亻矢	6435
俟	ry	亻矣	6435
瞑	ol	目六	6405
瞑	om	目冥	6405
渲	dx	氵宣	6400
擻	fu	扌數	6388
湮	dt	氵土	6374
湮	dy	氵垔	6374
麓	ll	鹿林	6365
埔	tf	土甫	6340
噘	kj	口厥	6333
噘	kq	口欠	6333
涓	do	氵月	6331
涓	dy	氵肙	6331
掬	fj	扌匊	6329
掬	fm	扌米	6329
怏	xy	忄央	6323
莓	cm	艹每	6323
萃	cz	艹卒	6318
呲	kc	口此	6309
昱	ol	日立	6273
旌	fu	方生	6251
摞	fl	扌累	6250
們	rm	亻門	6244
吠	kq	口犬	6242
濮	df	氵夫	6228
濮	dp	氵僕	6228
卞	dx	丶下	6201
琬	ww	王宛	6185
啕	kf	口缶	6152
啕	kt	口匋	6152
搪	ft	扌唐	6143
隴	el	耳龍	6141
膺	go	广月	6134
皋	bu	白十	6131
橄	mg	木敢	6085
垛	td	土朵	6052
盅	mv	皿中	6047
拄	fv	扌主	6044
踝	zg	足果	6039
臧	gi	戈臣	6025
臧	ig	臣戈	6025
淅	dx	氵析	6023
岌	uj	山及	6018
岱	ud	山代	6015
璞	wd	王乀	6014
璞	wf	王夫	6014
璞	wp	王菐	6014
秧	hy	禾央	5967
翱	yg	羽皋	5945
翱	yu	羽十	5945
逅	zh	辶后	5938
磐	ub	石般	5916
壑	ty	土又	5914
翊	ly	立羽	5899
琰	wy	王炎	5886
佗	rt	亻它	5875
汲	dj	氵及	5849
垠	tg	土艮	5840
迥	zt	辶冋	5833
邂	zj	辶解	5821
杞	mj	木己	5807
痘	bd	疒豆	5797
臊	oz	月喿	5795
藕	co	艹耦	5784
湄	dm	氵眉	5774
媲	nb	女比	5774
獒	qa	犬敖	5756
獒	qw	犬攵	5756
恪	xg	忄各	5751
椰	my	木耶	5739
仨	rs	亻三	5719
紂	sc	糸寸	5710
餒	ut	飠妥	5700
蜈	iw	虫吴	5696
窈	by	穴幼	5693
窈	xy	穴幼	5693
說	yd	言兑	5687
秤	hp	禾平	5682
楨	mv	木貞	5681
粱	mb	米刅	5673
悖	xb	忄孛	5666
悖	xz	忄子	5666
涔	dc	氵岑	5665
偕	rj	亻皆	5650
渭	dw	氵胃	5648
汴	db	氵卞	5636
蜴	iy	虫易	5628
桅	mw	木危	5611
隅	ey	耳禺	5608
卯	em	卩𠂎	5587
卯	ep	卩丿	5587
卯	me	𠂎卩	5587
孚	vz	爫子	5574
孚	zv	子爫	5574
禺	ad	丨丶	5565
禺	od	日丶	5565
琥	wh	王虎	5562
闞	mg	門敢	5558
杵	mw	木午	5556
掖	fy	扌夜	5553
畸	tq	田奇	5545
婀	na	女阿	5532
菡	ch	艹函	5512
噶	kg	口葛	5511
坍	td	土丹	5505
俑	ry	亻甬	5497
侏	rv	亻朱	5485
潦	dl	氵尞	5483
潦	dx	氵小	5483
挲	uu	沙手	5475
覃	xz	覀早	5474
硫	ui	石𫶧	5471
俸	rf	亻奉	5469
蟠	if	虫番	5464
弋	ad	一丶{弋}	5460
弋	yi	𫠠丶{弋}	5460
駙	mf	馬付	5442
梆	mb	木邦	5442
笈	vj	𥫗及	5428
忱	xg	忄乚	5425
忱	xy	忄冘	5425
恿	xy	心甬	5406
胥	op	月疋	5376
胥	po	疋月	5376
墾	tg	土艮	5358
瀅	dy	氵瑩	5356
窕	bv	穴兆	5351
窕	xv	穴兆	5351
滇	dv	氵真	5347
珅	wu	王申	5345
圃	kf	囗甫	5339
咿	ky	口伊	5338
徙	xb	彳歨	5331
徙	xv	彳龰	5331
瘴	bv	疒章	5331
舫	vf	舟方	5324
嗝	kg	口鬲	5321
藐	ce	艹儿	5308
藐	cm	艹貌	5308
逵	zt	辶土	5273
戍	gd	戈丶	5272
戍	hd	一丶	5272
戍	wd	戊丶	5272
榭	mu	木射	5270
牠	ny	牛也	5251
揩	fj	扌皆	5243
熹	dx	丶喜	5242
熹	hx	灬喜	5242
蟾	iv	虫詹	5236
蟾	iy	虫言	5236
霾	yl	雨里	5226
蔫	cy	艹焉	5224
跛	zp	足皮	5214
岐	uv	山支	5207
糗	mi	米臭	5197
螳	it	虫堂	5195
哺	kf	口甫	5193
蚣	ig	虫公	5167
嵬	ug	山鬼	5144
褶	yb	衤白	5141
褶	yx	衤習	5141
玥	wo	王月	5094
籽	mz	米子	5088
釜	fa	父一	5081
釜	fj	父金	5081
釜	fq	父䒑	5081
磷	ul	石粦	5058
沒	du	氵殳	5057
沒	dy	氵又	5057
娑	nu	女沙	5056
巳	ag	乛乚	5048
巳	vg	乛乚	5048
恣	xc	心次	5030
酪	yg	酉各	5022
溟	dl	氵六	5020
溟	dm	氵冥	5020
丕	ab	一不	5020
丕	ba	不一	5020
隼	uv	十隹	5018
隼	vu	隹十	5018
峒	ut	山同	4991
芋	cy	艹于	4991
旖	fq	方奇	4980
筵	vy	𥫗延	4970
娣	nd	女弟	4964
婠	ng	女官	4956
盹	ot	目屯	4945
涸	dg	氵固	4944
劾	lh	力亥	4941
趔	zl	走列	4928
噌	kc	口曾	4924
軋	ig	車乚	4919
沽	dg	氵古	4913
愫	xs	忄素	4908
玷	wv	王占	4894
趄	zq	走且	4866
溥	dc	氵寸	4858
溥	df	氵尃	4858
疵	bc	疒此	4857
皖	bw	白完	4854
杳	mo	木日	4833
聿	aa	一一	4831
聿	vu	乛丨	4831
鵡	nw	鳥武	4795
匍	bf	勹甫	4791
匍	gf	勹甫	4791
崴	uw	山威	4790
幔	jm	巾曼	4776
蟈	ig	虫國	4761
雒	vg	隹各	4753
臆	oy	月意	4735
偃	rn	亻女	4730
偃	ry	亻匽	4730
瞰	og	目敢	4717
搡	fs	扌桑	4714
鄲	ed	耳單	4714
纜	sj	糸見	4706
纜	sl	糸覽	4706
袂	yd	衤丶	4693
袂	yg	衤夬	4693
楮	mv	木者	4690
詮	yq	言全	4687
麼	my	麻幺	4687
洵	dx	氵旬	4681
摹	cu	艹手	4677
摹	um	手莫	4677
蟀	il	虫率	4666
蟀	iu	虫十	4666
邋	zl	辶巤	4653
邋	zu	辶鼠	4653
苻	cf	艹付	4648
竣	lj	立夋	4635
竣	lw	立夂	4635
驥	mj	馬冀	4627
泗	ds	氵四	4611
痣	bv	疒志	4604
胴	ot	月同	4599
潼	dt	氵童	4597
匐	bf	勹畐	4587
匐	bt	勹田	4587
匐	gf	勹畐	4587
匐	gt	勹田	4587
姣	nj	女交	4585
蘸	cj	艹醮	4576
蟋	ix	虫悉	4573
渥	dw	氵屋	4566
蛐	iq	虫曲	4560
糯	mx	米需	4552
嵇	hu	禾山	4533
舀	vj	爫臼	4517
呤	kl	口令	4508
噙	kq	口禽	4495
嘣	kb	口崩	4487
宓	bb	宀必	4473
樟	mv	木章	4468
忪	xg	心公	4465
蟄	iv	虫執	4463
吒	kq	口七	4443
吒	kt	口乇	4443
捱	fy	扌厓	4439
阜	pu	丿十	4437
阜	uk	十口	4437
阜	vu	𠂤十	4437
崢	uv	山争	4434
濡	dx	氵需	4432
遢	zy	辶羽	4429
瑙	wi	王乂	4424
瑙	wx	王囟	4424
碉	uv	石周	4403
荃	cq	艹全	4385
孵	lf	卵孚	4384
訛	yh	言化	4383
嗵	kt	口通	4379
彝	ac	乛廾	4376
彝	cs	廾糸	4376
彝	jc	彑廾	4376
彝	vc	𠃋廾	4376
頎	jy	斤頁	4370
頎	yj	頁斤	4370
苓	cl	艹令	4355
噝	ks	口絲	4343
臾	jr	臼人	4333
臾	pd	丿大	4333
篆	vt	𥫗彖	4333
篆	vu	𥫗豕	4333
沏	dq	氵切	4304
蛆	iq	虫且	4296
淆	dy	氵肴	4293
揄	fy	扌俞	4290
嗑	kh	口盍	4272
嗑	km	口皿	4272
輜	it	車田	4265
輜	iz	車甾	4265
踮	zd	足店	4259
荔	cl	艹力	4246
會	ro	人日	4241
閆	ms	門三	4234
徵	xw	彳攵	4233
隗	eg	耳鬼	4223
饃	um	飠莫	4217
渤	db	氵勃	4217
楣	mm	木眉	4189
蜃	ii	虫辰	4184
遛	zl	辶留	4181
倌	rg	亻官	4168
氤	qy	气因	4163
戌	ga	戈一	4145
戌	hd	一丶	4145
戌	wa	戊一	4145
嶙	ul	山粦	4142
馗	ju	九首	4134
揶	fy	扌耶	4117
胚	op	月丕	4101
啻	kd	口帝	4090
敕	uw	束攵	4087
敕	wu	攵束	4087
夙	jd	几歹	4086
珈	wj	王加	4077
跂	zv	足支	4067
摒	fp	扌屏	4066
啾	kq	口秋	4063
峪	ug	山谷	4061
靼	gd	革旦	4059
菠	cb	艹波	4056
沅	dy	氵元	4051
馥	hf	禾复	4049
馥	xf	香复	4049
燮	hy	火又	4044
燮	yh	又火	4044
槌	mv	木追	4044
褸	yl	衤婁	4042
為	dd	丶灬	4042
為	dh	丶灬	4042
礴	ub	石薄	4039
豚	ou	月豕	4039
湍	de	氵而	4026
蚱	iv	虫乍	4020
毗	tb	田比	3984
耙	lb	耒巴	3977
襤	yj	衤監	3959
恁	xr	心任	3956
呷	kj	口甲	3954
瘁	bz	疒卒	3936
蚌	if	虫丰	3936
蔻	ck	艹寇	3925
憩	xz	心自	3905
瀨	dl	氵賴	3872
耘	ly	耒云	3869
俾	rb	亻卑	3864
鬃	iz	髟宗	3860
裟	yu	衣沙	3853
苒	cr	艹冉	3850
蘅	ch	艹衡	3849
唷	ky	口育	3835
袈	yj	衣加	3831
豺	vc	豸才	3825
町	td	田丁	3824
掇	fu	扌双	3820
掇	fv	扌叕	3820
坯	tp	土丕	3815
戛	ag	一戈	3808
戛	go	戈目	3808
貯	bn	貝宁	3787
塾	tu	土孰	3783
剽	dp	刂票	3778
孬	bh	不好	3769
衩	yi	衤叉	3768
鐐	jl	金尞	3760
鐐	jx	金小	3760
戊	ap	一丿	3757
戊	gp	戈丿	3757
戊	hd	一丶	3757
犟	nq	牛强	3756
酉	aa	一一	3752
夥	gd	果多	3748
斡	du	斗十	3740
斡	ud	十斗	3740
過	zg	辶咼	3735
過	zk	辶口	3735
珩	wx	王行	3734
匝	jk	巾匚	3734
匝	kj	匚巾	3734
攫	fj	扌矍	3728
攫	fy	扌又	3728
黔	hj	黑今	3727
潢	dh	氵黄	3727
臃	ov	月隹	3726
臃	oy	月雍	3726
軾	iu	車式	3719
酗	yx	酉凶	3709
嘹	kl	口尞	3699
嘹	kx	口小	3699
時	os	日寺	3698
阪	ef	耳反	3695
瓔	wy	王嬰	3679
冗	bj	冖几	3678
閎	mh	門厷	3673
閎	ms	門厶	3673
皿	aa	丨一	3662
囡	kn	口女	3654
浚	dj	氵夋	3635
浚	dw	氵夂	3635
臼	pa	丿一	3624
蹩	zb	足敝	3620
蹩	zw	足夂	3620
煲	hb	火保	3617
怵	xu	忄术	3616
囤	kt	口屯	3613
罔	kw	冂亡	3613
蚓	iy	虫引	3612
碴	ui	石查	3602
姒	ny	女以	3601
灸	hj	火久	3571
蚯	iq	虫丘	3554
嗥	kg	口皋	3548
嗥	ku	口十	3548
箴	vx	竹咸	3543
讒	yi	言毚	3541
讒	yt	言兔	3541
嶸	ur	山榮	3539
籮	vl	𥫗羅	3538
籮	vw	𥫗維	3538
艮	gf	{艮}	3524
艮	xy	彐衣	3524
艮	vd	乛丶	3524
艮	ad	乛丶	3524
葆	cb	艹保	3519
還	zh	辶睘	3510
還	zy	辶𧘇	3510
旎	fn	方尼	3505
糉	mw	米夂	3503
牒	pm	片木	3502
牒	py	爿枼	3502
瀘	dl	氵盧	3499
鍔	je	金咢	3471
惇	xx	忄享	3466
爻	ii	乂乂	3448
坳	ty	土幼	3440
葭	cj	艹叚	3436
葭	cy	艹又	3436
昀	oy	日匀	3423
嫗	nq	女區	3418
噫	ky	口意	3418
經	sg	糸工	3418
經	sj	糹巠	3418
癸	dt	癶天	3405
癸	td	天丶	3405
笆	vb	竹巴	3384
壬	pu	丿士	3379
壬	qa	千一	3379
抨	fp	扌平	3371
叵	kk	匚口	3366
箕	vq	𥫗其	3366
坨	tt	土它	3361
赳	zj	走丩	3339
琮	wz	王宗	3330
焊	hh	火旱	3324
淬	dz	氵卒	3322
埠	tf	土阜	3319
埠	tu	土十	3319
泱	dy	氵央	3316
懨	xq	忄犬	3306
懨	xy	忄厭	3306
淙	dz	氵宗	3304
榛	mq	木秦	3295
酵	yx	酉孝	3290
孛	uz	十子	3274
孛	zb	子冖	3274
佶	rj	亻吉	3270
犒	ng	牛高	3262
茱	cv	艹朱	3252
飪	ur	飠壬	3245
孿	yz	言子	3236
孿	zs	子糸	3236
泠	dl	氵令	3233
遽	zj	辶豦	3222
遽	zu	辶豕	3222
嗟	ki	口差	3220
鈣	jg	金丐	3218
諺	yy	言彦	3210
謨	ym	言莫	3201
翦	yq	羽前	3195
雉	uv	矢隹	3195
糠	mk	米康	3185
旮	jo	九日	3168
峋	ux	山旬	3167
跆	zt	足台	3161
飛	ff	飞飞	3160
飛	yd	乙丶	3160
瘠	bj	疒脊	3156
潸	do	氵月	3155
饕	uh	食號	3154
佚	ru	亻失	3148
淄	dt	氵田	3142
淄	dz	氵甾	3142
廿	aa	一一	3123
廿	ck	艹凵	3123
喟	kw	口胃	3119
僂	rl	亻婁	3115
沱	dt	氵它	3100
袤	dy	丶允	3094
袤	wy	亠𧘇	3094
袤	ym	衣矛	3094
對	ct	寸土	3081
對	cw	寸王	3081
欒	ms	木糸	3068
欒	sm	糸木	3068
欒	ym	言木	3068
畿	tg	田戈	3056
畿	yg	幺戈	3056
賡	bg	貝庚	3053
苯	cb	艹本	3045
佻	rv	亻兆	3042
繇	vx	爫系	3040
繇	xf	糸缶	3040
魈	gx	鬼肖	3032
屌	ud	尸吊	3026
涇	dg	氵工	3020
涇	dj	氵巠	3020
獗	qj	犭厥	3017
獗	qq	犭欠	3017
鞅	gy	革央	3011
蹶	zj	足厥	3000
蹶	zq	欠	3000
雹	yb	雨包	2984
旯	oj	日九	2979
洱	de	氵耳	2977
樣	my	木羕	2976
粲	my	米又	2974
哂	kx	口西	2972
蔗	cd	艹丶	2970
蔗	ch	艹灬	2970
蔗	cu	艹庶	2970
飩	ut	食屯	2968
奘	dv	大壯	2967
芍	cu	艹勺	2961
淞	ds	氵松	2959
腴	oy	月臾	2956
現	wj	王見	2949
剜	dw	刂宛	2941
汾	df	氵分	2940
頊	wy	王頁	2931
頊	yw	頁王	2931
濂	dl	氵廉	2917
蜚	if	虫非	2915
麝	lu	鹿射	2895
蚤	ii	虫叉	2887
坂	tf	土反	2872
忤	xw	忄午	2866
洙	dv	氵朱	2857
祗	ud	示氐	2852
無	da	丶一	2850
無	ha	灬一	2850
無	pd	丿丶	2850
無	ph	丿灬	2850
無	rd	𠂉丶	2850
無	rh	𠂉灬	2850
迤	zy	辶也	2847
彗	fx	丰𫜹	2839
彗	xf	彐丰	2839
暹	zv	辶隹	2835
赧	iy	赤又	2834
佝	rj	亻句	2829
蒯	dp	刂朋	2827
僮	rt	亻童	2826
嘞	kl	口勒	2819
硅	ug	石圭	2811
玳	wd	王代	2810
蛹	iy	虫甬	2810
睾	ps	丿十	2807
睾	px	丿幸	2807
螭	il	虫离	2805
盂	my	皿于	2805
賃	br	貝任	2805
瑁	wm	王冒	2802
俅	rq	亻求	2801
侗	rt	亻同	2800
騖	mm	矛馬	2799
騖	mw	馬攵	2799
宕	bu	宀石	2794
纂	vs	𥫗糸	2790
堰	tn	土女	2783
堰	ty	土晏	2783
萋	cq	艹妻	2776
鄢	ey	耳焉	2776
帔	jp	巾皮	2772
蓁	cq	艹秦	2763
杈	mi	木叉	2758
熨	hw	火尉	2753
撻	fd	扌達	2751
開	mk	門开	2749
煊	hx	火宣	2743
釧	ji	金川	2743
泫	dx	氵玄	2739
夔	bn	丷夒	2715
夔	qw	䒑攵	2715
夔	wb	夂八	2715
燧	hs	火遂	2712
嘁	kq	口戚	2705
嘁	kx	口小	2705
孱	un	尸孨	2698
孱	uz	尸子	2698
懣	xm	心滿	2697
邕	ib	巛巴	2691
邕	iy	巛邑	2691
彧	hd	一丶	2681
彧	hp	一彡	2681
彧	kp	口彡	2681
柩	mj	木久	2679
耆	lo	老日	2666
耆	ol	日老	2666
漕	dc	氵曹	2663
餞	uj	飠戔	2660
餮	du	歹食	2648
餮	up	食彡	2648
餮	ut	食殄	2648
幄	jw	巾屋	2644
爰	vy	爫友	2633
噻	ks	口塞	2629
倨	rj	亻居	2628
汜	ds	氵巳	2617
顴	yv	頁隹	2608
璟	wj	王景	2603
鏖	jl	金鹿	2590
鏖	lj	鹿金	2590
瞭	ol	目尞	2590
瞭	ox	目小	2590
楔	mq	木契	2580
藜	cl	艹黎	2576
郢	ei	耳呈	2567
梔	mb	木巴	2564
梔	mv	木巵	2564
岫	uy	山由	2562
犄	nq	牛奇	2549
葳	cw	艹威	2548
珪	wg	王圭	2546
魑	gl	鬼离	2543
璜	wh	王黄	2543
聒	eu	耳舌	2542
椿	mi	木春	2532
伢	ry	亻牙	2531
謾	ym	言曼	2531
琊	wx	王邪	2528
驊	mh	馬華	2520
禛	uv	示真	2519
鶩	nw	鳥攵	2519
翕	yh	羽合	2511
濠	dh	氵豪	2508
仞	rr	亻刃	2506
鰻	ym	魚曼	2505
玖	wj	王久	2503
踊	zy	足甬	2502
痿	bw	疒委	2501
皈	bf	白反	2501
芑	cj	艹己	2497
孑	aa	乛一	2490
孑	la	了一	2490
孑	vh	乛一	2490
檄	mj	木敫	2484
檄	mw	木攵	2484
啵	kb	口波	2483
昶	oy	日永	2483
柚	my	木由	2471
祐	uy	示右	2470
簣	vg	竹貴	2458
陲	ei	阝垂	2456
樽	mz	木尊	2441
亟	aa	乛一	2441
亟	ay	乛又	2441
亟	la	了一	2441
遨	za	辶敖	2435
遨	zw	辶攵	2435
莆	cf	艹甫	2433
舶	vb	舟白	2433
蛀	iv	虫主	2432
琨	wk	王昆	2422
點	hv	黑占	2411
邈	ze	辶皃	2409
邈	zm	辶貌	2409
抻	fu	扌申	2394
搽	fi	扌茶	2390
儷	rl	亻麗	2379
鉉	jx	金玄	2376
怩	xn	忄尼	2372
嚯	kh	口霍	2371
茁	ci	艹出	2369
韭	fa	非一	2364
膘	op	月票	2359
酩	ym	酉名	2357
榔	ml	木郎	2354
娩	nm	女免	2352
忸	xi	忄丑	2351
刎	dw	刂勿	2349
彿	xf	彳弗	2346
捫	fm	扌門	2344
漳	dv	氵章	2339
呶	kn	口奴	2337
瑄	wx	王宣	2337
仃	rd	亻丁	2331
呯	kp	口平	2330
佞	rn	亻女	2329
飭	ul	飠力	2326
裨	yb	衤卑	2321
壹	ud	士豆	2321
黜	hi	黑出	2320
巽	gs	共巳	2320
巽	sg	巳共	2320
滂	dp	氵旁	2319
徉	xy	彳羊	2314
奐	dd	大	2292
鋅	jx	金辛	2246
躋	zq	足齊	2241
莧	cj	艹見	2198
鋌	jt	金廷	2171
鮫	yj	魚交	2154
鍥	jq	金契	2139
噲	kh	口會	2126
訌	yg	言工	2114
賒	bu	貝佘	2108
戧	gc	戈倉	2092
鐫	jg	金𠃌	2064
鐫	jj	金雋	2064
騫	bm	宀馬	2002
騫	mb	馬八	2002
櫟	ml	木樂	1981
櫟	my	木樂	1981
燴	hh	火會	1966
殮	dq	歹僉	1933
灝	dy	氵頁	1933
蓀	cs	艹孫	1922
鴕	nt	鳥它	1914
韞	ww	韋昷	1912
牘	pm	片賣	1877
鐳	jl	金雷	1854
餑	ub	飠孛	1827
餑	uz	飠子	1827
滎	hu	火水	1800
滎	ub	水冖	1800
鄆	ej	耳軍	1795
櫓	ml	木魯	1792
櫚	ml	木閭	1768
稈	hh	禾旱	1730
鄺	eg	耳廣	1723
錕	jk	金昆	1706
縉	sj	糸晋	1688
攛	fc	扌竄	1661
攛	fu	扌鼠	1661
獁	qm	犭馬	1633
嘵	ky	口堯	1623
慪	xq	心區	1573
鍁	jx	金欣	1566
紇	sq	糸乞	1538
訖	yq	言乞	1527
誚	yx	言肖	1506
鷓	nu	鳥庶	1477
鉑	jb	金白	1444
瀧	dl	氵龍	1444
瘍	by	疒昜	1426
澇	dl	氵勞	1423
甌	wq	瓦區	1414
殫	dd	歹單	1412
謫	yd	言啇	1348
琿	wj	王軍	1336
鐙	jd	金登	1333
鼴	un	鼠女	1331
鼴	uy	鼠匽	1331
鎩	ju	金殺	1309
欏	ml	木羅	1297
欏	mw	木維	1297
膾	oh	月會	1296
聵	eg	耳貴	1284
煢	hu	火十	1249
煢	hx	火卂	1249
渢	df	氵風	1244
邐	zl	辶麗	1198
囅	dv	單展	1196
銓	jq	金全	1177
躚	zq	足遷	1158
躚	zs	足巳	1158
鵪	nd	鳥电	1153
鵪	ny	鳥奄	1153
幃	jw	巾韋	1123
銑	jx	金先	1116
饌	ug	飠共	1102
銖	jv	金朱	1101
獼	qm	犭彌	1070
驄	mc	馬悤	1056
驄	mx	馬心	1056
嚦	kl	口歷	1053
嚦	kv	口止	1053
皰	pb	皮包	1049
嬙	nh	女回	1037
嬙	ns	女嗇	1037
轔	il	車粦	1017
倀	ri	亻長	1014
詬	yh	言后	987
獺	ql	犭賴	975
賅	bh	貝亥	969
諤	ye	言咢	958
鏵	jh	金華	952
鉦	jv	金正	939
蘄	cj	艹斤	937
鬮	dg	鬥龜	926
擯	fb	扌賓	914
璸	wb	王賓	906
鋃	jl	金良	873
鈀	jb	金巴	872
贄	bv	貝執	871
萇	ci	艹長	866
釺	jq	金千	863
鷥	ns	鳥絲	843
鏜	jt	金堂	831
閬	ml	門良	820
騮	ml	馬留	809
苧	cn	艹宁	804
饈	ux	食羞	793
濰	dw	氵維	792
齙	ib	齒包	789
鏃	jz	金族	765
謳	yq	言區	753
讎	vv	隹隹	737
讎	yv	言隹	737
鱸	yl	魚盧	727
縞	sg	糸高	726
鉸	jj	金交	717
陘	eg	阝工	714
陘	ej	阝坙	714
鯀	yx	魚系	701
鏞	jy	金庸	701
嶧	ux	山幸	700
鐿	jy	金意	700
玀	ql	犭羅	693
玀	qw	犭維	693
葒	ch	艹紅	689
龢	hc	禾冊	688
龢	hy	禾龠	688
殺	uu	殳杀	686
鯶	yj	魚軍	685
饢	un	飠囊	685
饢	uy	飠{衣下}	685
枰	mp	木平	685
黼	fb	甫㡀	684
黼	sd	丨丶	684
黼	yf	业甫	684
檫	mi	木察	683
鄯	eu	耳善	683
氂	mw	毛攵	683
氂	wm	未毛	683
釅	yg	酉敢	681
釅	yy	酉嚴	681
壠	tl	土龍	680
佤	rw	亻瓦	679
騭	mb	馬步	679
歙	qx	欠翕	679
歙	qy	欠羽	679
頫	yv	頁兆	677
妁	nu	女勺	677
處	hi	虍処	676
蠃	dd	丶丶	675
蠃	ik	虫口	675
蠃	wf	亡凡	675
鋯	jg	金告	674
枇	mb	木比	674
鄞	ej	耳堇	673
乩	gv	乚占	672
乩	vg	占乚	672
遠	zy	辶袁	670
場	ty	土昜	669
蟊	im	虫矛	667
蟊	mi	矛虫	667
沭	du	氵术	665
埡	ty	土亞	662
綪	sq	糸青	662
鸛	ng	鳥雚	661
鸛	nv	鳥隹	661
萁	cq	艹其	661
傖	rc	亻倉	660
蓯	cc	艹從	659
蓯	cv	艹龰	659
盱	oy	目于	658
恚	xg	心圭	658
鈐	jj	金今	656
門	xa	彐亅	656
門	vh	乛一	656
門	aa	乛一	656
矬	uz	矢坐	654
帑	jn	巾奴	653
關	ma	門丨	652
劍	dq	刂僉	651
兒	ej	儿臼	651
兒	je	臼儿	651
車	aa	一丨	651
離	vl	隹离	648
轉	iv	車專	648
溦	dw	氵攵	647
儕	rq	亻齊	647
穡	hh	禾回	643
穡	hs	禾嗇	643
極	ma	木一	643
極	mj	木亟	643
煸	hb	火扁	641
娌	nl	女里	641
陣	ei	阝車	639
孳	zz	子兹	637
蚋	in	虫内	636
吶	kn	口内	636
箬	vr	𥫗若	633
豔	dm	豆皿	632
豔	fh	豐盍	632
豔	fm	豐皿	632
豔	qm	去皿	632
麂	lj	鹿几	630
糸	ad	𠃋丶	629
糸	si	{糸}	629
糸	vd	𠃋丶	629
糸	yx	幺小	629
猱	qr	犭柔	628
甑	wc	瓦曾	627
蹕	zb	足畢	627
榘	mj	木矩	625
岈	uy	山牙	625
掮	fj	扌肩	625
芾	cf	艹巿	624
芾	cj	艹巾	624
沔	dg	氵㇉	623
沔	dm	氵丏	623
炆	hw	火文	623
涘	dy	氵矣	623
躕	zc	足寸	622
躕	zi	足廚	622
冄	aa	丨一	620
苣	cj	艹巨	620
褳	yl	衤連	618
鄖	ey	耳員	618
萸	cy	艹臾	618
捭	fb	扌卑	617
嫇	nl	女六	617
嫇	nm	女冥	617
緊	sy	糸又	617
謇	by	宀言	614
謇	yb	言八	614
湉	dt	氵恬	612
笫	vz	𥫗𠂔	611
雖	vs	隹虽	610
樅	mc	木從	609
樅	mv	木止	609
妣	nb	女比	609
禟	ut	示唐	608
疥	bj	疒介	607
啁	kv	口周	607
氰	qq	气青	605
蒹	cj	艹兼	604
驚	mj	馬敬	604
檑	ml	木雷	602
誰	yv	言隹	602
禳	ux	示襄	600
禳	uy	示𧘇	600
緦	ss	糸思	597
婄	nk	女口	596
婄	np	女咅	596
夤	xb	夕八	596
鷸	nk	鳥口	596
鷸	ny	鳥矞	596
勣	lz	力責	595
鎦	jl	金留	592
玢	wf	王分	592
終	sd	糸冬	592
獪	qh	犭會	590
馬	ad	一灬	590
馬	ah	一灬	590
焐	hw	火吾	589
傢	rj	亻家	589
縻	ms	麻糸	588
縻	sm	糸麻	588
莜	cw	艹攵	587
莜	cy	艹攸	587
魆	gy	鬼戉	587
淦	dj	氵金	585
砦	uc	石此	584
洹	dg	氵亘	584
荇	cx	艹行	583
櫸	mj	木舉	581
楝	mj	木柬	581
艨	vm	舟蒙	580
楸	mq	木秋	580
睃	ow	目夂	579
棹	mv	木卓	579
昇	ou	日升	577
瀣	da	氵一	576
瀣	dj	氵韭	576
瀣	dx	氵韰	576
鬻	gv	鬲粥	575
鬻	mg	米鬲	575
東	ad	一丶	575
東	mo	木日	575
庥	gx	广休	574
囗	aa	丨一	573
筢	vb	竹把	568
柝	mi	木斥	567
靺	gm	革末	566
磔	uj	石桀	565
磔	um	石木	565
膂	ol	月旅	565
柞	mv	木乍	565
堀	tq	土屈	565
鞨	gh	革曷	564
諮	yz	言咨	564
泔	dg	氵甘	563
錳	jm	金孟	563
協	ul	十力	563
協	ux	十劦	563
聃	er	耳冉	561
堞	tm	土木	560
堞	ty	土枼	560
徂	xq	彳且	560
蟥	ih	虫黄	559
羕	yy	羊永	559
薅	cr	艹辱	556
墀	tx	土犀	556
嵯	ui	山差	555
艟	vt	舟童	555
窳	bg	宀瓜	555
窳	xg	穴瓜	555
懌	xx	忄幸	555
呎	ki	口尺	555
螄	iu	虫師	554
彘	ab	𠃋匕	554
彘	jb	彑匕	554
彘	uj	矢彑	554
彘	vb	𠃋匕	554
迨	zt	辶台	552
犰	qj	犭九	551
篦	vb	𥫗比	550
橛	mj	木厥	550
橛	mq	木欠	550
儁	rg	人𠃌	547
儁	rj	亻雋	547
焯	hv	火卓	547
趺	zf	足夫	546
倥	rk	亻空	545
鴰	nu	鳥舌	544
椋	mj	木京	544
瞇	om	目迷	544
崍	ul	山來	543
旒	fi	方川	542
芡	cq	艹欠	542
芩	cj	艹今	542
記	yj	言己	542
請	yq	言青	541
蝺	iy	虫禹	539
庠	gy	广羊	538
侂	rq	亻七	536
侂	rt	亻乇	536
狴	qb	犭坒	536
狴	qt	犬土	536
鈷	jg	金古	536
眾	sd	罒丶	536
眾	sy	罒{眾下}	536
樾	my	木越	535
穰	hx	禾襄	534
穰	hy	禾𧘇	534
欸	qy	欠矣	534
螯	ia	虫敖	533
螯	iw	虫攵	533
眙	ot	目台	532
耒	ad	一丶	532
耒	sx	三小	532
菈	cl	艹拉	531
肄	by	匕聿	531
肄	yu	聿矢	531
隨	es	阝遀	531
緗	sx	糸相	530
怛	xd	心旦	530
哏	kg	口艮	529
逄	zf	辶㐄	529
逄	zj	辶夅	529
岙	uy	山夭	528
岙	yu	夭山	528
蕁	cx	艹尋	527
圉	kx	囗幸	526
孌	ns	女糸	526
孌	yn	言女	526
叻	kl	口力	525
訢	yj	言斤	525
耋	lv	老至	524
邴	eb	耳丙	522
雙	vy	隹又	522
雙	yv	又隹	522
擊	fu	手殳	520
銥	jy	金衣	515
俳	rf	亻非	515
傷	rw	亻勿	515
傷	ry	人昜	515
艏	vu	舟首	514
喈	kj	口皆	512
蘺	cl	艹離	511
類	yl	頁类	511
類	yq	頁犬	511
崤	uy	山肴	508
貘	vm	豸莫	508
嶠	uq	山喬	508
珮	wb	王币	508
笄	vk	𥫗开	506
蹁	zb	足扁	503
緡	sh	糸昬	503
緡	so	糸日	503
蕤	cr	艹甤	503
蕤	cu	艹生	503
條	rt	亻条	501
秫	hu	禾术	500
掾	ft	扌彖	500
掾	fu	扌豕	500
澠	da	氵一	500
澠	dm	氵黽	500
璁	wc	王悤	500
璁	wx	王心	500
祆	ut	示天	499
吋	kc	口寸	499
醪	yl	酉翏	498
醪	yp	酉彡	498
豉	dv	豆支	498
郿	em	耳眉	497
搧	fu	扌扇	497
茛	cg	艹艮	494
筮	vw	𥫗巫	492
挹	fb	扌巴	492
挹	fy	扌邑	492
媸	ni	女蚩	490
怫	xf	忄弗	489
許	yw	言午	487
姰	nx	女旬	486
疣	by	疒尤	486
雱	yf	雨方	486
認	yr	言忍	486
鎳	jn	金臬	485
團	kv	囗專	485
褫	yh	衤虎	484
潾	dl	氵粦	483
轤	il	車盧	483
萬	cy	艹禺	482
熵	hu	火商	481
錯	jx	金昔	481
饉	uj	飠堇	480
謝	yu	言射	480
眇	ou	目少	479
軺	iv	車召	477
電	yd	雨电	477
電	yg	雨乚	477
塄	tf	土方	476
續	sm	糸賣	476
淶	dl	氵來	475
纔	si	糹毚	475
纔	st	糸兔	475
杼	my	木予	474
沖	dv	氵中	472
崮	ug	山固	471
峴	uj	山見	470
詁	yg	言古	463
玦	wd	王丶	462
玦	wg	王夬	462
鯰	yn	魚念	462
鯪	yl	魚夌	461
氟	qf	气弗	461
蔌	cq	艹欠	460
蔌	cu	艹欶	460
椹	mu	木甚	459
鐵	jg	釒戈	459
僜	rd	亻登	457
洄	dh	氵回	457
櫳	ml	木龍	456
沴	dp	氵彡	455
孢	zb	子包	455
郴	el	阝林	454
侑	ry	亻有	454
澶	dd	氵亶	453
獬	qj	犭解	453
詈	sy	罒言	453
興	ba	八一	452
興	jb	𦥑八	452
興	tb	同八	452
語	yw	言吾	451
嗐	kh	口害	449
鰓	ys	魚思	449
朮	md	木丶	449
矸	ug	石干	447
詎	yj	言巨	447
璺	jy	𦥑玉	446
璺	wb	王冖	446
璺	yb	玉冖	446
枋	mf	木方	446
澌	ds	氵斯	445
鞣	gr	革柔	445
幫	bf	帛封	445
幫	jf	巾封	445
黻	bb	犮㡀	444
黻	yb	业犮	444
黻	yy	业又	444
蜉	if	虫孚	444
樘	mt	木堂	443
耦	ly	耒禺	443
鳥	pd	丿灬	443
鳥	ph	丿灬	443
虛	hy	虍业	442
蛉	il	虫令	441
簞	vd	𥫗單	440
璈	wa	王敖	438
璈	ww	王攵	438
逋	zf	辶甫	438
扦	fq	扌千	438
歡	qv	欠隹	438
愆	xy	心衍	437
孃	nx	女襄	437
跩	zy	足曳	437
鱒	yz	魚尊	436
浠	dx	氵希	435
泚	dc	氵此	435
藿	ch	艹霍	435
痱	bf	疒非	434
憷	xi	忄楚	432
殳	jy	几又	432
隊	eu	阝豕	432
葚	cu	艹甚	431
翮	yg	羽鬲	429
喦	up	山品	428
戔	gg	戈戈	428
黧	hd	黑ㄉ	428
黧	hh	禾黑	428
錢	jj	金戔	428
鰈	ym	魚木	426
矇	om	目蒙	426
絕	sb	糹巴	426
絕	ss	糹色	426
曷	oa	日𠃊	424
毖	bb	比必	423
狳	qy	犭余	423
題	uy	是頁	423
題	yu	頁是	423
藍	cj	艹監	422
哚	kd	口朵	419
槎	mi	木差	419
坻	td	土氐	419
蜊	il	虫利	418
乂	pd	丿丶	418
乂	yi	{乂}	418
鐃	jy	金堯	418
嫘	nl	女累	417
騸	mu	馬扇	416
漯	dl	氵累	416
瓘	wv	王隹	415
捌	fb	扌别	415
椴	md	木段	414
墒	tu	土商	413
溘	dh	氵盍	413
溘	dm	氵皿	413
蹚	zt	足堂	413
牖	pf	片甫	413
齲	iy	齒禹	412
愍	xw	心攵	412
篁	vh	𥫗皇	410
刈	di	刂乂	410
諞	yb	言扁	408
蠲	bi	八虫	408
蠲	yu	益蜀	408
樂	bm	白木	408
樂	my	木幺	408
郞	el	耳良	407
總	sc	糹悤	407
總	sx	糸心	407
畠	bt	白田	406
鬲	aa	一丨	406
鬲	ay	一{羊}	406
瓠	gk	瓜夸	406
圪	tq	土乞	405
棰	mi	木垂	405
笮	vv	𥫗乍	405
洺	dm	氵名	405
嬛	nh	女睘	405
嬛	ny	女睘	405
輊	iv	車至	405
杓	mu	木勺	404
砷	uu	石申	404
衛	xi	彳亍	404
衛	xw	行韋	404
剴	dd	刂豆	403
剴	dq	刂豈	403
錙	jt	金田	403
錙	jz	金甾	403
辦	lx	力辛	403
辦	xx	辛辛	403
寤	bw	宀吾	402
瞽	og	目鼓	401
芎	cg	艹弓	401
縭	sl	糸离	399
捩	fl	扌戾	399
捩	fq	扌犬	399
蹼	zd	足丶	399
蹼	zf	足夫	399
蹼	zp	足菐	399
尻	uj	尸九	399
鱈	yx	魚雪	399
陸	et	阝土	398
裰	yu	衤双	397
裰	yv	衤叕	397
窨	by	宀音	396
窨	xy	穴音	396
傯	rc	亻悤	396
傯	rx	亻心	396
幛	jv	巾章	395
蔦	cn	艹鳥	395
榫	ms	木隼	395
榫	mu	木十	395
唸	kn	口念	395
峁	um	山卯	394
蓊	cw	艹翁	394
鏊	ja	金敖	393
鏊	jw	金攵	393
秭	hz	禾𠂔	392
屄	ux	尸穴	391
鮁	yb	魚犮	390
瘢	bb	疒般	390
茼	ct	艹同	390
茝	ci	艹臣	389
芰	cv	艹支	389
汊	di	氵叉	389
郜	eg	耳告	389
旄	fm	方毛	389
殍	df	歹孚	388
樨	mx	木犀	388
涑	du	氵束	387
摭	fd	扌灬	387
摭	fh	扌灬	387
摭	fu	扌庶	387
碇	ud	石定	387
鋇	jb	金貝	386
蟮	iu	虫善	385
萘	cn	艹奈	385
凼	ku	凵水	385
凼	uk	水凵	385
炔	hd	火丶	385
炔	hg	火夬	385
壚	tl	土盧	385
蓍	co	艹日	385
蓍	cq	艹耆	385
岢	uk	山可	384
飧	ux	食夕	384
飧	xu	夕食	384
碓	uv	石隹	382
劌	ds	刂歲	381
數	wl	攵婁	381
孓	ad	乛丶	380
孓	ld	了丶	380
孓	vd	乛丶	380
讕	yj	言柬	379
讕	yl	言闌	379
蕖	cq	艹渠	379
痧	bu	疒沙	379
暍	oh	日曷	378
霈	yp	雨沛	378
唵	kd	口电	377
唵	ky	口奄	377
訴	yi	言斥	377
鈈	jb	金不	376
槲	mh	木斛	376
嫚	nm	女曼	376
異	tg	田共	376
聖	ew	耳王	376
聖	wk	王口	376
腦	oi	月乂	376
腦	ow	月乂	376
腦	ox	月囟	376
鋏	jj	金夾	375
亂	gy	乚又	375
亂	pz	丿乚	375
亂	vg	爫乚	375
媗	nx	女宣	372
堝	tg	土咼	372
堝	tk	土口	372
狷	qo	犭月	372
狷	qy	犭肙	372
閽	mh	門昏	371
酢	yv	酉乍	371
漸	dv	氵斬	371
層	uc	尸曾	371
欹	qq	欠奇	370
螫	iu	虫赦	370
螫	iw	虫攵	370
準	uh	十淮	370
準	uv	十隹	370
傈	rl	亻栗	369
榊	mu	木神	367
淥	dl	氵录	367
淥	du	氵氺	367
怙	xg	心古	367
壅	dt	丶土	367
壅	tv	土隹	367
壅	ty	土雍	367
壅	wt	亠土	367
癔	by	疒意	364
紒	sj	糸介	364
傒	rx	亻奚	364
冴	dy	冫牙	362
莪	cw	艹我	362
嚇	kh	口赫	362
吽	kn	口牛	361
視	ju	見示	361
視	uj	示見	361
浞	dz	氵足	360
逯	zl	辶录	360
檁	mb	木稟	360
檁	mh	木禾	360
腳	oq	月卻	360
熱	dv	灬執	359
熱	hv	灬執	359
蔸	cd	艹兜	358
蔸	ce	艹儿	358
痤	bz	疒坐	358
嘚	kd	口得	357
翥	yv	羽者	357
親	jq	見亲	357
毬	mq	毛求	356
菽	cu	艹叔	355
戲	gd	戈豆	352
酰	yx	酉先	351
茭	cj	艹交	351
黥	hj	黑京	351
盍	mq	皿去	351
昉	of	日方	351
圍	kw	囗韦	350
珽	wt	王廷	349
霪	yy	雨淫	349
藥	cl	艹樂	349
藥	cy	艹樂	349
菏	ch	艹河	348
淰	dn	氵念	348
禵	ut	示題	347
柟	mr	木冉	346
夠	dj	多句	346
夠	xj	夕句	346
苴	cq	艹且	345
園	ky	囗袁	345
溿	dp	氵畔	344
粳	mg	米更	344
滅	dh	氵火	344
滅	dm	氵烕	344
糌	mo	米日	343
糌	mz	米昝	343
欷	qx	欠希	343
蹓	zl	足留	343
樹	mc	木寸	343
樹	mu	木尌	343
復	xf	彳复	343
亶	dd	丶旦	342
亶	wd	亠旦	342
惡	xy	心亞	342
義	yw	羊我	342
趵	zu	足勺	341
舸	vk	舟可	341
護	yh	言蒦	341
護	yy	言又	341
蛩	ig	虫巩	340
櫪	ml	木歷	339
櫪	mv	木止	339
決	dd	氵丶	338
決	dg	氵夬	338
娰	ns	女似	337
蘼	cf	艹非	337
蘼	cm	艹靡	337
蕈	ct	艹覃	337
搖	ff	扌缶	337
襦	yx	衤需	336
膈	og	月鬲	335
笊	vv	竹爪	334
芏	ct	艹土	334
畈	tf	田反	334
燠	ha	火奥	333
艉	vw	舟尾	333
厴	ij	厂甲	332
閶	mi	門昌	332
艿	cn	艹乃	330
攮	fn	扌囊	330
酚	yf	酉分	329
璘	wl	王粦	328
塍	ot	月土	327
厶	ad	𠃋丶	326
厶	si	{厶}	326
厶	vd	𠃋丶	326
笸	vk	𥫗口	325
笸	vp	𥫗叵	325
菰	cg	艹孤	325
氦	qh	气亥	325
鏹	jq	金强	324
疸	bd	疒旦	324
禤	uy	示羽	323
圮	tj	土己	323
幪	jm	巾蒙	322
醛	yq	酉荃	322
佈	rb	亻布	322
謦	yq	言殸	320
謦	yu	言殳	320
髡	iw	髟兀	320
髡	wb	兀髟	320
篌	vh	竹侯	320
諼	yy	言爰	320
砲	ub	石包	320
徼	xj	彳敫	319
徼	xw	彳攵	319
醯	ym	酉皿	319
豽	vn	豸内	318
襝	yq	衤僉	318
枳	mv	木只	318
懷	xh	忄褱	318
懷	xy	忄𧘇	318
則	db	刂貝	318
蓖	cb	艹比	317
髫	iv	髟召	317
酯	yv	酉旨	317
訾	yc	言此	316
暾	od	日敦	316
較	ij	車交	316
勢	lv	力執	315
趕	zh	走旱	313
確	uv	石隹	313
繼	sy	糸幺	312
繯	sh	糸睘	311
繯	sy	糸睘	311
鎰	jy	金益	311
孥	zn	子奴	310
斷	ja	斤𠃊	310
斷	jv	斤𠃊	310
斷	jy	斤幺	310
溧	dl	氵栗	309
糝	mc	米參	308
鑊	jh	金蒦	308
鑊	jy	金又	308
柢	md	木氐	308
虼	iq	虫乞	307
皴	pj	皮夋	307
皴	pw	皮夊	307
鋈	jw	金沃	306
帙	ju	巾失	306
箝	vg	𥫗甘	306
軍	bi	冖車	306
鍪	jm	金敄	305
鍪	jw	金攵	305
蘧	cj	艹遽	304
蘧	cu	艹豕	304
祩	uv	示朱	304
錁	jg	金果	304
丌	aa	一丨	303
丌	qi	{丌}	303
樓	ml	木婁	302
昳	ou	日失	301
鞫	gy	革言	301
簟	vt	竹覃	301
泮	db	氵半	301
溱	dq	氵秦	301
眭	og	目圭	301
倆	rl	亻兩	301
觀	jv	見隹	301
窫	bq	宀契	300
窫	xq	穴契	300
棽	lj	林今	300
棽	mj	木今	300
坩	tg	土甘	300
寶	bb	宀貝	300
旉	ff	方甫	299
嬖	nb	女辟	299
嬖	nx	女辛	299
鄄	et	阝土	299
鄄	ey	阝垔	299
隱	ej	阝急	299
隱	ex	阝心	299
郯	ey	阝炎	297
隰	ed	阝灬	297
隰	eh	阝灬	297
劻	lk	力匡	296
衹	yu	衤氏	296
報	ex	卩幸	296
報	ty	土又	296
報	xy	幸又	296
熜	hc	火悤	295
熜	hx	火心	295
廋	gs	广叟	295
單	kd	口{單下}	295
祼	ug	示果	294
薙	cv	艹雉	292
約	su	糸勺	291
厓	ig	厂圭	290
朐	oj	月句	290
尋	ck	寸口	290
尋	xc	𫜹寸	290
爾	ay	一爻	290
爾	hd	一丶	290
嘡	kt	口堂	289
跬	zg	足圭	289
愀	xq	心秋	289
墼	tu	土殳	289
識	yg	言戈	289
識	yv	言戠	289
醚	ym	酉迷	288
毀	ut	殳土	288
萑	cv	艹隹	287
幹	gu	干龺	287
幹	ug	十干	287
蚧	ij	虫介	286
綞	si	糸垂	286
恆	xa	忄一	286
恆	xg	心亙	286
麇	lh	鹿禾	284
姽	nw	女危	284
遄	ze	辶而	284
柰	mu	木示	284
達	zy	辶羊	284
趲	zz	走贊	283
琤	wv	王争	283
竑	lh	立厷	283
竑	ls	立厶	283
魴	yf	魚方	282
湣	dh	氵昬	282
湣	do	氵日	282
黃	cb	廿八	282
垸	tw	土完	281
禔	uu	示是	281
螅	ix	虫息	281
細	st	糸田	281
壞	th	土褱	281
壞	ty	土𧘇	281
玭	wb	王比	280
爔	hx	火羲	280
裎	yi	衤呈	280
煇	hj	火軍	280
埸	ty	土易	280
態	xn	心能	280
試	yu	言式	280
櫧	mv	木諸	279
務	mw	矛务	279
儇	rh	亻睘	278
儇	ry	亻睘	278
肽	ot	月太	277
卮	pe	丿	277
靚	jq	見青	277
靚	qj	青見	277
淚	dl	氵戾	277
淚	dq	氵犬	277
顯	ys	页絲	277
盉	hm	禾皿	276
盉	mh	皿禾	276
筲	vx	竹肖	276
倮	rg	亻果	275
媵	on	月女	275
崁	uk	山坎	275
菸	cy	艹於	275
弐	ye	弋二	274
岜	ub	山巴	273
澣	dg	氵幹	273
譫	yv	言詹	273
譫	yy	言言	273
幘	jz	巾責	272
鱘	yx	魚尋	272
褊	yb	衤扁	272
瘐	by	疒臾	272
創	dc	刂倉	272
簋	vm	𥫗皿	271
纘	sz	糸贊	271
梃	mt	木廷	271
礅	ud	石敦	270
屣	uv	尸龰	270
屣	ux	尸徙	270
陽	ey	阝昜	270
墡	tu	土善	269
缶	pa	丿一	269
缶	rk	𠂉凵	269
缶	wk	午凵	269
矟	mx	矛肖	268
甪	py	丿用	268
亍	ad	一丁	268
煙	ht	火土	268
煙	hy	火垔	268
刖	do	刂月	267
刖	od	月刂	267
塊	tg	土鬼	267
炻	hu	火石	266
澂	dw	氵攵	266
卬	ea	卩𠄌	265
卬	ev	卩𠄌	265
絲	ss	糸糸	264
荽	ct	艹妥	263
焗	hj	火局	263
瞋	ov	目真	263
癭	by	疒嬰	262
砬	ul	石立	262
磴	ud	石登	262
鍶	js	金思	262
跣	zx	足先	261
閒	mo	門月	261
迓	zy	辶牙	260
癤	bj	疒節	260
閃	mr	門人	260
練	sj	糸柬	260
況	dx	氵兄	260
鐘	jt	金童	259
啉	kl	口林	258
硒	ux	石西	258
擁	fv	扌隹	258
擁	fy	扌雍	258
汔	dq	氵乞	257
貓	vm	豸苗	257
騶	mc	馬屮	256
騶	mi	馬芻	256
蛄	ig	虫古	255
傴	rq	亻區	255
韉	gj	革薦	254
韉	gh	革灬	254
韉	gd	革灬	254
燹	hu	火豕	254
繅	si	糸巢	253
髀	gb	骨卑	253
禦	ue	示	253
禦	uy	示御	253
羏	yp	羊彡	252
凇	ds	冫松	252
翀	yv	羽中	252
跗	zf	足付	252
銎	jg	金巩	252
羖	yu	羊殳	252
濬	do	氵目	252
濬	dr	氵睿	252
銀	jg	金艮	252
鏦	jc	金從	251
鏦	jv	金龰	251
襌	yd	衤單	251
綠	sl	糸录	251
綠	su	纟氺	251
唎	kl	口利	250
調	yv	言周	250
寫	bd	宀灬	250
寫	bh	宀灬	250
爲	pd	丿丶	249
爲	vd	爫灬	249
爲	vh	爫灬	249
鋣	jx	金邪	248
嗉	ks	口素	248
殂	dq	歹且	248
眀	oo	目月	247
鞮	gu	革是	247
盡	md	皿灬	247
盡	mh	皿灬	247
盡	ym	肀皿	247
鼙	gb	鼓卑	246
檗	mb	木辟	246
檗	mx	木辛	246
悛	xj	忄夋	245
悛	xw	忄夂	245
璩	wj	王豦	245
璩	wu	王豕	245
彠	xh	尋蒦	244
彠	xy	尋又	244
沚	dv	氵止	244
純	st	糸屯	244
煳	hh	火胡	243
褙	yb	衤背	243
殘	dj	歹戔	243
鋶	ji	金川	242
尥	yu	尤勺	242
嵊	ui	山乘	242
勱	lw	力萬	242
淒	dq	氵妻	242
隻	vy	隹又	241
隻	yv	又隹	241
抺	fw	扌未	240
佾	ro	亻月	240
鯇	yw	魚完	239
鴒	nl	鳥令	239
書	oy	日聿	239
書	yo	聿日	239
苷	cg	艹甘	238
觚	jg	角瓜	238
棼	fl	分林	238
棼	mf	木分	238
熘	hl	火留	237
佺	rq	亻全	237
嫈	hn	火女	237
嫈	nb	女冖	237
萏	cj	艹臼	237
萏	cx	艹臽	237
媽	nm	女馬	237
觜	jc	角此	236
鶘	nh	鳥胡	236
羝	yd	羊氐	236
睏	ok	目困	236
譞	yh	言睘	235
譞	yy	言睘	235
満	du	氵山	235
嚳	gb	告冖	235
嚳	jg	{舉上}告	235
剡	dy	刂炎	235
溫	dm	氵皿	235
溫	dw	氵昷	235
爭	va	爫一	235
響	yx	音鄉	235
號	hh	号虎	235
椐	mj	木居	234
獮	qe	犭爾	234
鍊	jj	金柬	234
曩	ox	日襄	233
曩	oy	日𧘇	233
誗	yl	言利	232
髁	gg	骨果	232
蚍	ib	虫比	232
璦	wa	王愛	232
硨	ui	石車	232
領	yl	頁令	232
怱	xc	心匆	231
閫	mk	門困	231
溲	ds	氵叟	230
溲	dy	氵又	230
狺	qy	犭言	229
橈	my	木堯	229
匏	bk	包夸	229
匏	db	大包	229
耨	lr	耒辱	228
鰱	yl	魚連	228
鋹	ji	金長	227
煖	hy	火爰	227
豳	uu	山豕	226
燒	hy	火堯	226
傑	rj	亻桀	226
傑	rm	人木	226
緱	sh	糸侯	225
猓	qg	犭果	225
憒	xg	心貴	225
舨	vf	舟反	225
蠑	ir	虫榮	225
疋	av	乛龰	225
疋	pi	{疋}	225
疋	vv	乛龰	225
蹾	zd	足敦	224
榧	mf	木匪	224
洫	dx	氵血	224
搴	bu	宀手	224
搴	ub	手八	224
蚜	iy	虫牙	224
員	kb	口貝	224
磙	ug	石衮	223
糶	id	出翟	223
糶	iv	出隹	223
糶	md	米翟	223
荸	cb	艹孛	223
荸	cz	艹子	223
螈	iy	虫原	223
釐	lw	厘攵	223
壢	tl	土歷	223
壢	tv	土止	223
綈	sd	糸弟	222
踫	zb	足並	222
軛	ie	車厄	222
摀	fw	扌烏	222
詝	yn	言宁	221
珃	wr	王冉	221
庋	gv	广支	221
抔	fb	扌不	221
皸	pj	皮軍	220
胝	od	月氐	220
魚	dd	灬	220
魚	dh	灬	220
計	yu	言十	220
犼	qk	犭孔	219
滹	dh	氵乎	219
麈	lv	鹿主	219
蕗	cl	艹路	219
鈹	jp	金皮	219
邗	eg	耳干	218
鋦	jj	金局	218
跏	zj	足加	218
蝣	iz	虫子	218
習	by	白羽	217
習	yb	羽白	217
論	yl	言侖	217
寔	bu	宀是	216
誄	yl	言耒	216
鮒	yf	魚付	216
柙	mj	木甲	216
網	sw	糸罔	216
獍	qj	犭竟	215
罘	sb	罒不	215
浤	dh	氵宏	215
勰	ls	力思	215
勰	sx	思劦	215
鶇	nd	鳥東	215
硼	up	石朋	215
疝	bu	疒山	215
葸	cs	艹思	214
痋	bi	疒虫	214
扃	hk	户口	214
皤	bf	白番	214
潲	du	氵稍	214
笥	vs	竹司	214
掛	fg	扌卦	214
燝	hj	火景	213
鯡	yf	魚非	213
旰	og	日干	213
溏	dt	氵唐	213
險	eq	耳僉	213
憶	xy	心意	213
賣	bs	貝罒	213
賣	ub	士貝	213
賣	um	士買	213
溽	dr	氵辱	212
僨	rb	亻賁	212
伲	rn	亻尼	211
揎	fx	扌宣	211
晳	ox	日析	210
剞	dq	刂奇	210
禮	ud	示豆	210
禮	ul	示豊	210
痦	bw	疒吾	209
悝	xl	心里	209
漭	dm	氵莽	209
寘	bv	宀真	209
狀	pq	爿犬	209
狀	qp	犬爿	209
屬	ui	尸虫	209
屬	uu	尸蜀	209
華	ca	艹丨	209
礻	ui	{示}	208
樛	ml	木翏	208
樛	mp	木彡	208
鰨	yy	魚羽	208
袢	yb	衤半	208
嘏	gy	古又	208
昝	oi	日处	208
桿	mh	木旱	208
嘆	kh	口𦰩	208
願	yy	頁原	208
咹	ka	口安	207
滏	df	氵釜	207
釋	bx	釆幸	207
釋	px	丿幸	207
廨	gj	广解	206
薩	ci	艹產	206
薩	cs	艹隡	206
觳	ju	角殳	205
觳	uj	殳角	205
璔	wc	王曾	205
黙	dq	灬犬	204
黙	hq	黑犬	204
綝	sl	糸林	204
桷	mj	木角	204
戢	ad	一丶	204
戢	ge	戈二	204
戢	gq	戈咠	204
戢	kg	口戈	204
郛	ef	耳孚	203
彖	ad	一丶	203
彖	ju	彑𧰨	203
彖	ua	𧰨一	203
彖	uj	𧰨彑	203
彖	uv	豕乛	203
彖	vd	乛丶	203
羅	sv	罒隹	203
羅	sw	罒維	203
裉	yg	衤艮	202
蓐	cr	艹辱	202
脘	ow	月完	202
袛	yd	衤氐	202
買	bs	貝罒	202
買	sb	罒貝	202
艋	vm	舟孟	201
綎	st	糸廷	200
嬲	nn	女男	200
業	yl	业耒	200
業	yw	业未	200
糲	ml	米厲	199
糲	mw	米萬	199
郇	ex	耳旬	199
獨	qi	犭虫	199
獨	qu	犭蜀	199
歷	iv	厂止	198
歷	vh	止禾	198
參	sp	厶彡	198
耜	lg	耒㠯	197
鷯	nl	鳥尞	197
鷯	nx	鳥小	197
蠱	im	蟲皿	197
蠱	mi	皿蟲	197
厲	iw	厂萬	197
櫨	ml	木盧	196
坼	ti	土斥	196
鷦	nj	鳥焦	196
埕	ti	土呈	196
紓	sy	糸予	196
迴	zh	辶回	196
髮	ib	髟犮	196
陰	ey	耳云	196
尜	xx	小小	195
瘊	bh	疒侯	195
嫠	nw	女未	195
嫠	wn	未女	195
砩	uf	石弗	195
洳	dr	氵如	195
宄	bj	宀九	195
蠓	im	虫蒙	195
埒	tc	土寸	194
埒	tl	土寽	194
筥	vl	𥫗吕	194
鉈	jt	金它	194
墁	tm	土曼	194
愔	xy	忄音	194
廝	gs	广斯	194
鋰	jl	金里	193
脫	od	月兑	193
講	yg	言冓	193
講	yr	言冉	193
蔟	cz	艹族	192
劬	lj	力句	192
蹀	zm	足木	192
剋	dk	刂克	192
濞	db	氵鼻	191
曈	ot	日童	191
誘	yx	言秀	191
飄	fp	風票	191
飯	uf	飠反	191
醫	yu	酉殳	191
醫	yy	医酉	191
唣	kz	口皂	190
蠖	ih	虫蒦	190
蠖	iy	虫又	190
鱟	jy	{舉上}魚	190
鱟	yb	魚冖	190
悃	xk	忄困	190
祕	ub	示必	190
係	rx	亻系	190
咥	kv	口至	189
裒	dy	丶𧘇	189
裒	wy	亠𧘇	189
裒	yj	衣臼	189
畀	tq	田丌	189
紛	sf	糸分	189
訞	yy	言夭	188
磾	ud	石單	188
郫	eb	耳卑	187
蜆	ij	虫見	187
淯	dy	氵育	187
伕	rf	亻夫	187
煩	hy	火頁	187
邡	ef	耳方	186
嗍	ko	口月	186
嗍	ku	口朔	186
奭	db	大皕	186
讚	yz	言贊	186
賾	iz	臣責	185
閾	mh	門或	185
怍	xv	心乍	185
蟲	ii	虫虫	185
頂	dy	丁頁	185
頂	yd	頁丁	185
組	sq	糸且	185
鰩	yf	魚缶	184
鄣	ev	耳章	184
爌	hg	火廣	184
歲	vx	止小	184
陔	eh	耳亥	183
拶	fx	扌夕	183
狁	qy	犭允	183
歔	qx	欠虚	183
嚐	ki	口嘗	183
嚐	kv	口旨	183
敵	wd	亠啇	183
遊	zy	辶斿	183
遊	zz	辶子	183
汆	ru	入水	182
汆	ur	水入	182
觶	jd	角單	182
矽	ux	石夕	182
擺	fb	扌罷	182
擺	fn	扌能	182
卐	aa	乛一	181
卐	vh	乛一	181
涬	dx	氵幸	181
鶼	nj	鳥兼	181
呣	km	口母	181
卍	aa	乛丨	181
卍	vu	乛丨	181
託	yq	言七	181
託	yt	言乇	181
袴	yk	衤夸	180
顙	ys	頁桑	180
湜	du	氵是	180
鉬	jo	金目	180
磲	uq	石渠	180
肏	rr	肉入	180
嘸	kw	口無	180
勝	ol	月力	180
皞	bg	白皋	179
皞	bu	白十	179
齮	iq	齒奇	179
顧	yg	頁雇	179
換	fh	扌奂	179
蝰	ik	虫奎	178
劁	dj	刂焦	178
慊	xj	心兼	178
搛	fj	扌兼	178
眄	og	目㇉	178
眄	om	目丏	178
畋	tw	田攵	178
肫	ot	月屯	178
冇	uk	ナ冂	178
棗	cc	朿朿	178
彈	gd	弓單	178
崦	ud	山电	177
崦	uy	山奄	177
夾	dc	大从	177
夾	dr	大人	177
貴	bg	貝{貴頭}	177
雮	ym	雨毛	176
幷	dg	丶干	176
冏	kk	冂口	176
酹	yc	酉寸	176
酹	yl	酉寽	176
塚	tv	土冢	176
慘	xc	忄參	176
瘋	bf	疒風	176
順	yi	頁川	176
陳	ed	耳東	176
簏	vl	竹鹿	175
胼	ob	月并	175
髒	gz	骨葬	175
術	xi	彳亍	175
術	xu	行术	175
皝	bg	白光	174
皝	gh	光皇	174
脩	ro	亻月	174
蝓	iy	虫俞	173
瘳	bl	疒翏	173
瘳	bp	疒彡	173
稱	hr	禾冉	173
舁	cj	廾臼	172
舁	jc	臼廾	172
暌	ot	日天	172
佔	rv	亻占	172
壓	ty	土厭	172
詵	yx	言先	171
尢	ag	一乚	171
尢	yb	{尢}	171
瞾	ko	空目	170
瞾	ok	目空	170
瑨	wj	王晋	170
尙	xj	冋	170
尙	xk	小口	170
菔	cf	艹服	170
墬	tt	土彖	170
墬	tu	土豕	170
蟻	iy	虫義	170
選	zg	辶共	170
犨	nv	牛隹	169
焓	hh	火含	169
愬	xo	心月	169
愬	xu	心朔	169
胙	ov	月乍	169
蔞	cl	艹婁	169
旆	ff	方巿	169
旆	fj	方巾	169
琍	wl	王利	169
湞	dv	氵貞	168
靸	gj	革及	168
癒	by	疒愈	168
癡	by	疒疑	168
畢	aa	丨丨	168
碡	ud	石毒	167
縑	sj	糸兼	167
唦	ku	口沙	167
覘	jv	見占	167
顳	yn	頁聶	167
簡	vj	竹間	167
埽	tj	土巾	166
埽	tv	土帚	166
楙	mm	木木	166
丟	pq	丿去	166
擔	fv	扌詹	166
擔	fy	扌言	166
補	yf	衤甫	166
聯	ea	阝丨	165
栲	mk	木考	164
倖	rx	亻幸	164
牆	ph	爿回	164
牆	ps	爿嗇	164
衝	xi	彳亍	164
衝	xv	行重	164
統	si	糸充	164
鑛	jg	金廣	163
猲	qh	犭曷	163
鞬	gj	革建	163
踔	zv	足卓	162
俶	ru	亻叔	162
袼	yg	衤各	162
僳	rs	亻粟	162
芟	cu	艹殳	162
產	wu	文生	161
磻	uf	石番	160
呡	km	口民	160
蚴	iy	虫幼	160
槭	mq	木戚	160
槭	mx	木小	160
紙	su	糸氏	160
討	yc	言寸	160
蕢	cg	艹貴	159
囟	pa	丿一	159
囟	pi	丿乂	159
佧	rk	亻卡	159
檠	mj	木敬	159
桴	mf	木孚	159
哢	kn	口弄	159
邠	ef	耳分	159
疃	tt	田童	158
伷	ry	亻由	158
颮	fb	風包	158
鮓	yv	魚乍	158
狨	qr	犭戎	158
觫	ju	角束	158
燔	hf	火番	158
騙	mb	馬扁	158
費	bf	貝弗	158
誴	yz	言宗	157
幞	jd	巾丶	157
幞	jf	巾夫	157
幞	jp	巾菐	157
騌	mz	馬宗	157
唑	kz	口坐	157
溴	di	氵臭	157
栘	md	木多	157
俵	rb	亻表	157
琇	wx	王秀	157
賓	bb	宀貝	157
苊	ce	艹厄	156
鮃	yp	魚平	156
獚	qh	犭黄	156
騔	mh	馬曷	156
玡	wy	王牙	156
掊	fk	扌口	156
掊	fp	扌咅	156
溷	dh	氵圂	156
溷	du	氵豕	156
囉	kl	口羅	156
囉	kw	口維	156
癜	bd	疒殿	155
癜	bu	疒殳	155
畚	sf	厶奋	155
驂	mc	馬參	155
鮮	yy	魚羊	155
舉	fy	𰀁與	155
舉	jf	𦥑𰀁	155
泖	dm	氵卯	154
磽	uy	石堯	154
堠	th	土侯	154
浼	dm	氵免	154
隹	pa	丿一	154
隹	rv	人主	154
塵	lt	鹿土	154
塵	tl	土鹿	154
質	bj	貝斤	154
睺	oh	目侯	153
哿	kj	可加	153
僦	rj	亻就	153
帥	jv	巾𠂤	153
帥	vj	𠂤巾	153
瑠	wl	王留	152
礆	uq	石僉	152
隈	ew	阝畏	152
釭	jg	金工	152
沢	di	氵尺	151
饊	us	飠散	151
碚	uk	石口	151
碚	up	石咅	151
盤	mb	皿般	151
劉	dj	刂金	151
罱	sn	罒南	150
熦	hq	火雀	150
嵫	uz	山兹	150
隳	ex	耳心	150
隳	xs	隋	150
憮	xw	心無	150
側	rz	亻則	150
奮	dt	大田	150
戀	xs	心糸	150
戀	yx	言心	150
篼	vd	𥫗兜	149
篼	ve	𥫗儿	149
僴	rj	亻間	149
偙	rd	亻帝	149
鐇	jf	金番	149
捽	fz	扌卒	149
凊	dq	冫青	149
採	fc	扌采	149
揮	fj	扌軍	149
呑	ky	口夭	148
呑	yk	夭口	148
堖	ti	土メ	148
堖	tx	土囟	148
覿	jm	見賣	148
篥	vl	竹栗	148
揲	fm	扌木	148
揲	fy	扌枼	148
輥	ik	車昆	148
垕	th	土后	148
彳	pa	丿丨	148
彳	rf	{彳}	148
彳	xy	{彳}	148
設	yu	言殳	148
區	kp	匚品	148
鞝	gu	革尚	147
蟣	ij	虫幾	147
醢	ym	酉皿	147
詘	yi	言出	147
艹	aa	丨一	146
艹	ck	{艹}	146
塒	tu	土時	146
蟗	ai	一虫	146
蟗	ii	虫出	146
昺	ob	日丙	146
陬	eq	阝取	146
啫	kv	口者	145
錈	jj	金卷	145
羑	yj	羊久	145
祓	ub	示犮	145
祓	uy	示又	145
蠼	ij	虫矍	145
蠼	iy	虫又	145
圯	ts	土巳	145
菘	cs	艹松	145
弒	iu	乂式	145
弒	uu	杀式	145
養	yl	羊良	145
養	yu	羊食	145
糺	sg	糸乚	144
錒	ja	金阿	144
倧	rz	亻宗	144
櫻	my	木嬰	144
負	db	貝	144
砼	ug	石工	143
蚶	ig	虫甘	143
戥	gx	戈星	143
侔	rm	亻牟	143
侔	rn	亻牛	143
佷	rg	亻艮	143
談	yy	言炎	143
課	yg	言果	143
藁	cm	艹木	142
藁	mh	木蒿	142
咼	kk	冂口	142
檛	mg	木過	142
靘	qs	青色	142
鏡	jj	金竟	142
豬	uv	豕者	142
偉	rw	亻韋	142
鳳	jn	几鳥	142
崐	uk	山昆	141
丅	aa	一丨	141
鐔	jt	金覃	141
牾	nw	牛吾	141
硃	uv	石朱	141
擋	fd	扌當	141
糴	md	米翟	140
糴	rd	入翟	140
糴	rv	入隹	140
佴	re	亻耳	140
瞢	co	艹目	140
杪	mu	木少	140
遹	zk	辶口	140
遹	zy	辶矞	140
昃	or	日人	140
昃	oz	日仄	140
釆	pd	丿丶	140
釆	pm	丿米	140
鬏	iq	髟秋	139
弻	gg	弓弓	139
縲	sl	糸累	139
耪	lp	耒旁	139
揠	fn	扌女	139
揠	fy	扌匽	139
搥	fv	扌追	139
訝	yy	言牙	139
堅	ty	土又	139
節	vj	𥫗即	139
櫞	my	木緣	138
淏	dh	氵昊	138
淏	dt	氵天	138
雜	vm	隹木	138
騎	mq	馬奇	138
畫	ya	肀一	138
蛶	ic	虫寸	137
蛶	il	虫寽	137
狃	qi	犭丑	137
爨	hd	火大	137
爨	jh	𦥑火	137
爨	pd	丿丶	137
伋	rj	亻及	137
萩	cq	艹秋	137
蓋	ch	艹盍	137
蓋	cm	艹皿	137
敗	wb	攵貝	137
須	yp	頁彡	137
嗌	ky	口益	136
楯	md	木盾	136
嘌	kp	口票	136
畎	tq	田犬	136
驩	mv	馬隹	136
蕞	cz	艹最	136
鵒	ng	鳥谷	136
雩	yk	雨亏	136
頓	yt	頁屯	136
詩	ys	言寺	136
輪	il	車侖	136
議	yy	言義	136
脬	of	月孚	135
皊	bl	白令	135
殭	dj	歹畺	135
顫	yd	頁亶	135
盪	mt	皿湯	135
纈	sj	糸頡	134
鍼	jx	金咸	134
羼	uu	尸羴	134
羼	uy	尸羊	134
萊	cl	艹來	134
漶	dh	氵患	133
叡	yo	又目	133
叡	yr	又睿	133
賞	bk	貝口	133
賞	dy	丶員	133
賞	xy	員	133
圖	kh	口回	133
圖	kt	囗{圖}	133
噦	ks	口歲	132
奼	nq	女七	132
奼	nt	女乇	132
適	zd	辶啇	132
驗	mq	馬僉	132
埳	tj	土臼	131
埳	tx	土臽	131
狔	qn	犭尼	131
丏	ag	一㇉	131
廛	gt	广土	131
鑽	jz	金贊	131
罵	sm	罒馬	131
嚴	kg	口敢	131
廣	gh	广黄	131
蒽	ce	艹恩	130
氚	qi	气川	130
甍	cw	艹瓦	130
袷	yh	衤合	130
烴	hg	火工	130
烴	hj	火巠	130
焌	hj	火夋	130
懼	xq	忄瞿	130
懼	xv	忄隹	130
鬯	bk	匕凵	129
鬯	pz	丿乛	129
襻	yp	衤攀	129
躞	zx	足燮	129
躞	zy	足又	129
嗾	kz	口族	129
魽	yg	魚甘	129
銨	ja	金安	129
鵰	nv	鳥周	129
濃	dn	氵農	129
緣	st	糸彖	129
緣	su	纟豕	129
錱	jw	金王	128
説	yd	言兑	128
氽	ru	人水	128
氽	ur	水人	128
垍	tz	土自	128
岵	ug	山古	128
詿	yg	言圭	128
遘	zg	辶冓	128
遘	zr	辶冉	128
鎘	jg	金鬲	128
涼	dj	氵京	128
責	bf	貝	128
責	fb	貝	128
環	wh	王睘	128
環	wy	王睘	128
據	fj	扌豦	128
據	fu	扌豕	128
價	rj	亻賈	128
麍	li	鹿川	127
逭	zg	辶官	127
媺	nw	女攵	127
豨	ux	豕希	127
鈑	jf	金反	127
骯	gk	骨亢	127
蹤	zc	足從	127
蹤	zv	足龰	127
徳	xx	彳心	126
莰	ck	艹坎	126
觖	jd	角丶	126
觖	jg	角夬	126
栱	mg	木共	126
崑	uk	山昆	126
徹	xw	彳攵	126
漢	dh	氵𦰩	126
禊	uq	示契	125
茌	cu	艹仕	125
疔	bd	疒丁	125
圬	tk	土亏	125
茍	aj	丨句	125
茍	sh	丨一	125
潔	dj	氵絜	125
潔	ds	氵糸	125
嗻	ku	口庶	124
刳	dk	刂夸	124
蝤	iq	虫酋	124
蠆	iw	虫萬	124
睜	ov	目争	124
預	yy	頁予	124
堃	tf	土方	123
呋	kf	口夫	123
豇	dg	豆工	123
嫽	nl	女尞	123
嫽	nx	女小	123
秕	hb	禾比	123
匭	kg	匚軌	123
葑	cf	艹封	123
玹	wx	王玄	123
慄	xl	忄栗	123
蒼	cc	艹倉	123
圓	ky	囗員	123
垧	tx	土向	122
洧	dy	氵有	122
槍	mc	木倉	122
顏	yy	彦頁	122
資	bc	貝次	122
吣	kx	口心	121
亻	rf	{亻}	121
婑	nw	女委	121
贇	bb	斌貝	121
蠪	il	虫龍	121
緾	sl	糸厘	120
桕	mj	木臼	120
倐	rh	亻火	120
鈧	jk	金亢	120
窬	by	宀余	120
窬	xy	穴俞	120
埴	tv	土直	120
浯	dw	氵吾	120
紜	sy	糸云	120
跡	zy	足亦	120
緩	sy	糸爰	120
劃	dh	刂畫	120
甙	yg	弋甘	119
惝	xu	忄尚	119
崞	ux	山享	119
眚	ou	目生	119
彊	gj	弓畺	119
橫	mh	木黄	119
歐	qq	欠區	119
牤	nw	牛亡	118
頏	yk	頁亢	118
蛞	iu	虫舌	118
觔	jl	角力	118
憐	xl	忄粦	118
臨	ik	臣口	118
臨	ip	臣品	118
薷	cx	艹需	117
貏	vb	豸卑	117
邧	ey	耳元	117
嫋	nr	女弱	117
瑧	wq	王秦	117
蚵	ik	虫可	117
獄	qq	犭犬	117
茺	ci	艹充	116
蕻	cg	艹共	116
閌	mk	門亢	116
嫜	nv	女章	116
瑢	wr	王容	116
騄	ml	馬录	116
爛	hj	火柬	116
爛	hl	火闌	116
紞	sg	糹乚	115
紞	sy	糹冘	115
厊	iy	厂牙	115
郕	ei	耳成	115
蒗	cl	艹浪	115
蚰	iy	虫由	115
礡	uc	石寸	115
礡	uf	石尃	115
礡	up	石蒪	115
嗙	kp	口旁	115
囝	kz	囗子	115
撫	fw	扌無	115
罷	sn	罒能	115
骶	gd	骨氐	114
呿	kq	口去	114
巉	ui	石毚	114
巉	ut	山兔	114
敉	mw	米攵	114
鰾	yp	魚票	114
焜	hk	火昆	114
褲	yk	衤庫	114
階	ej	耳皆	114
標	mp	木票	114
軹	iv	車只	113
枹	mb	木包	113
簦	vd	竹登	113
畛	tp	田彡	113
黹	sd	丨丶	113
黹	yb	业八	113
霑	yv	雨沾	113
鎗	jc	金倉	113
徬	xp	彳旁	113
幣	jb	巾敝	113
幣	jw	巾攵	113
荘	cv	艹壮	112
貐	vy	豸俞	112
湔	dq	氵前	112
瞀	om	目敄	112
瞀	ow	目攵	112
跦	zv	足朱	112
魨	yt	魚屯	112
啍	kx	口享	112
晡	of	日甫	112
揚	fy	扌昜	112
燈	hd	火登	112
扌	aa	一一	111
扌	fu	{扌}	111
扌	ti	{扌}	111
齔	ib	齒匕	111
砉	fu	丰石	111
砉	uf	石丰	111
閉	mc	門才	111
歸	ps	丿丨	111
歸	vj	𠂤巾	111
歸	vv	止帚	111
聞	em	耳門	111
聞	me	門耳	111
獫	qq	犭僉	110
鞔	gm	革免	110
芄	cw	艹丸	110
漵	dw	氵攵	110
漵	dx	氵敘	110
甾	it	川田	110
甾	ti	田川	110
篪	vh	𥫗虎	110
仳	rb	亻比	110
甡	uu	生生	110
觸	ji	角虫	110
觸	ju	角蜀	110
島	nu	{鳥}山	110
島	un	山{鳥}	110
髙	dk	丶口	109
髙	wk	亠口	109
枱	mt	木台	109
鍩	jr	金若	109
硪	uw	石我	109
髂	gk	骨客	109
髑	gi	骨虫	109
髑	gu	骨蜀	109
權	mv	木隹	109
邨	et	耳屯	108
肶	ob	月比	108
瘻	bl	疒婁	108
壋	td	土當	108
弢	gy	弓又	108
屺	uj	山己	108
鄶	eh	耳會	108
猰	qq	犭契	108
碖	ul	石侖	108
胗	op	月丿	108
湊	dz	氵奏	108
蘋	cp	艹頻	108
宮	bl	宀吕	108
紀	sj	糸己	108
維	sv	糸隹	108
劵	jl	龹力	107
劵	lf	力夫	107
鱝	yb	魚賁	107
笪	vd	𥫗旦	107
伾	rp	亻丕	107
翃	yh	羽厷	107
翃	ys	羽厶	107
衖	xg	行共	107
衖	xi	彳亍	107
枵	mh	木号	107
沬	dw	氵未	107
紮	sv	糸札	107
賽	bb	宀貝	107
專	ac	一寸	107
專	cd	寸丶	107
崾	uy	山要	106
潙	dw	氵爲	106
齠	iv	齒召	106
髕	gb	骨賓	106
鯖	yq	魚青	106
鏍	jl	金累	106
腧	oy	月俞	106
甯	by	宀用	106
溻	dy	氵羽	105
罾	sc	罒曾	105
蟶	iu	虫聖	105
舳	vy	舟由	105
愨	xu	心殳	105
晢	ov	日折	105
紡	sf	糸方	105
湧	dy	氵勇	105
邏	zl	辶羅	105
邏	zw	辶維	105
氵	da	丶一	104
氵	dm	{氵}	104
氆	mp	毛普	104
笭	vl	𥫗令	104
蜱	ib	虫卑	104
紘	sh	糸厷	104
紘	ss	糸厶	104
忉	xd	忄刀	104
稜	hl	禾夌	104
餵	uw	食畏	104
岡	ku	冂山	104
樑	ml	木梁	104
勁	lg	力工	104
勁	lj	力巠	104
遙	zf	辶缶	104
莊	cv	艹壯	104
曉	oy	日堯	104
優	rw	亻攵	104
竐	lu	立殳	103
猸	qm	犭眉	103
敫	wf	攵方	103
孒	la	了一	103
鍤	ji	金臿	103
爝	hj	火爵	103
舯	vv	舟中	103
釩	jf	金凡	103
褔	yf	衤畐	103
褔	yt	衤田	103
爺	fy	父耶	103
蹟	zz	足責	103
鬆	is	髟松	103
邽	eg	耳圭	102
籩	vb	𥫗邊	102
銚	jv	金兆	102
罟	sg	罒古	102
巖	ug	山敢	102
巖	uy	山嚴	102
廢	gf	广發	102
岀	uu	山山	101
埝	tn	土念	101
芘	cb	艹比	101
楦	mx	木宣	101
絜	sd	糸刀	101
濉	ds	氵睢	101
濉	dv	氵隹	101
箅	vb	𥫗畀	101
箅	vq	𥫗丌	101
曛	ox	日熏	101
鬥	aa	丨亅	101
鬥	wa	王亅	101
貼	bv	貝占	101
舡	vg	舟工	100
鵓	nb	鳥孛	100
鵓	nz	鳥子	100
檞	mj	木解	100
硭	um	石芒	100
炱	ht	火台	100
炱	sh	厶火	100
諗	yn	言念	100
聱	ea	耳敖	100
茆	cm	艹卯	100
釷	jt	金土	100
鬧	du	鬥市	100
厭	iq	厂犬	100
厭	iy	厂猒	100
俠	rj	亻夾	100
顆	yg	頁果	100
際	ej	阝祭	100
矅	od	目翟	99
矅	ov	目隹	99
餷	ui	食查	99
菹	cj	艹沮	99
菹	cq	艹且	99
趑	zc	走次	99
褰	by	宀衣	99
褰	yb	衣八	99
纊	sg	糸廣	99
栝	mu	木舌	99
烆	hx	火行	99
鎌	jj	金兼	99
唪	kf	口奉	99
駐	mv	馬主	99
轟	ii	車車	99
霧	yw	雨務	99
搶	fc	扌倉	99
蘭	cj	艹柬	99
蘭	cl	艹闌	99
楊	my	木昜	99
昰	ov	日正	98
円	ka	冂一	98
鯿	yb	魚扁	98
璵	wy	王與	98
掎	fq	扌奇	98
莨	cl	艹良	98
屨	ul	尸婁	98
鯧	yi	魚昌	98
撲	fd	扌丶	98
撲	ff	扌夫	98
撲	fp	扌菐	98
詭	yw	言危	98
緒	sv	糸者	98
滾	dg	氵衮	98
滾	dy	氵𧘇	98
謂	yw	言胃	98
軟	iq	車欠	98
揺	ff	扌缶	97
揺	fk	扌凵	97
丨	aa	丨丨	97
丨	au	{丨}	97
丨	uu	丨丨	97
尨	ap	一丿	97
尨	lp	龙丿	97
莩	cf	艹孚	97
螽	di	冬虫	97
螽	id	虫冬	97
棻	cm	艹木	97
棻	mf	木分	97
埤	tb	土卑	97
濕	ds	氵絲	97
膚	hw	虍胃	97
羨	yc	羊㳄	97
羨	yq	羊欠	97
喚	kh	口奂	97
規	fj	夫見	97
規	jf	見夫	97
畑	ht	火田	96
昪	ob	日弁	96
昪	oc	日廾	96
釒	jn	{釒}	96
釒	rq	人䒑	96
蜩	iv	虫周	96
瘞	bt	疒土	96
蕕	cq	艹酋	96
蕕	cy	艹猶	96
潽	dp	氵普	96
醅	yk	酉口	96
醅	yp	酉咅	96
偑	rf	亻風	96
齁	bj	鼻句	96
靦	jm	見面	96
靦	mj	面見	96
郄	eh	阝厷	95
郄	es	阝厶	95
癍	bb	疒斑	95
傉	rr	亻辱	95
硎	ux	石刑	95
埭	tl	土隶	95
枘	mn	木内	95
啶	kd	口定	95
髹	ix	髟休	95
庹	gi	广尺	95
廌	gd	广灬	95
廌	gh	广灬	95
郤	eg	耳谷	95
鈺	jy	金玉	95
憑	xf	心馮	95
棄	dd	丶丶	95
棄	dm	丶木	95
棄	wd	亠丶	95
棄	wm	亠木	95
導	cd	寸道	95
毪	mm	毛牟	94
毪	mn	毛牛	94
暲	ov	日章	94
庀	gb	广匕	94
熳	hm	火曼	94
冑	yo	由月	94
袓	yq	衤且	94
燄	hj	火臼	94
燄	hx	火臽	94
燄	yj	炎臼	94
燄	yx	炎臽	94
蓮	cl	艹連	94
淨	dv	氵争	94
寧	bd	宀丁	94
淿	db	氵帛	93
淿	dj	氵巾	93
卣	ba	卜一	93
卣	bk	卜口	93
卣	sh	丨一	93
湓	dp	氵盆	93
賻	bc	貝寸	93
賻	bf	貝尃	93
顒	yy	頁禺	93
洎	dz	氵自	93
氘	qa	气丨	93
氘	qp	气{丿丨}	93
悽	xq	心妻	93
載	gi	戈車	93
載	ig	車戈	93
糵	cm	艹米	92
糵	mx	米薛	92
輬	ij	車京	92
鮨	yv	魚旨	92
澮	dh	氵會	92
忞	wx	文心	92
茈	cc	艹此	92
栳	ml	木老	92
煉	hj	火柬	92
歎	qh	欠𦰩	92
襲	yl	衣龍	92
牽	dn	丶牛	92
牽	ns	牛厶	92
牽	wn	亠牛	92
顔	yy	彦頁	91
笱	vj	竹句	91
姁	nj	女句	91
閿	mu	門受	91
騍	mg	馬果	91
絺	sx	糸希	91
搌	fv	扌展	91
旡	ag	一乚	91
豐	df	豆丰	91
豐	ud	山豆	91
擇	fx	扌幸	91
揸	fi	扌查	90
跽	zj	足忌	90
摽	fp	扌票	90
埵	ti	土垂	90
籐	vt	竹滕	90
纏	si	糹廛	90
災	hi	火川	90
災	ih	川火	90
猶	qq	犭酋	90
織	sg	糹戈	90
織	sv	糹戠	90
廳	gt	广聽	90
廳	gx	广心	90
犇	nn	牛牛	89
堺	tj	土界	89
弇	ch	廾合	89
弇	hc	合廾	89
渫	dm	氵木	89
菉	cl	艹录	89
劼	lj	力吉	89
墜	td	土隊	89
撐	fi	扌牚	89
撐	fy	扌牙	89
婦	nj	女巾	89
婦	nv	女帚	89
證	yd	言登	89
蘫	cl	艹濫	88
槅	mg	木鬲	88
檒	fl	風林	88
檒	lf	林風	88
檒	mf	木風	88
僰	rc	人朿	88
邾	ev	耳朱	88
婼	nr	女若	88
佉	rq	亻去	88
鬍	ih	髟胡	88
噍	kj	口焦	87
擐	fh	扌睘	87
擐	fy	扌睘	87
氌	ml	毛魯	87
汧	dk	氵开	87
覡	jw	見巫	87
撙	fz	扌尊	87
蹻	zq	足喬	87
堙	tt	土土	87
堙	ty	土垔	87
紗	su	糸少	87
膽	ov	月詹	87
膽	oy	月言	87
庫	gi	广車	87
縮	ss	糸宿	87
慮	hs	虍思	87
慮	xt	心田	87
顬	yx	頁需	86
蘡	cy	艹嬰	86
赸	zu	走山	86
燚	yy	炎炎	86
鴷	nl	鳥列	86
蜎	io	虫月	86
蜎	iy	虫肙	86
鰷	yt	魚條	86
緋	sf	糸非	86
喲	ky	口約	86
謎	ym	言迷	86
寬	bd	宀丶	86
寬	bj	宀見	86
複	yf	衤复	86
測	dz	氵則	86
沲	dy	氵也	85
揑	fg	扌工	85
刂	dk	{刂}	85
疳	bg	疒甘	85
烝	di	灬丞	85
烝	hi	灬丞	85
凅	dg	冫固	85
悰	xz	忄宗	85
桄	mg	木光	85
佇	rn	亻宁	85
紋	sw	糸文	85
喬	ph	丿一	85
喬	yk	夭口	85
誤	yw	言吴	85
碕	uq	石奇	84
瑊	wx	王咸	84
嚭	xf	喜否	84
譔	yg	言共	84
繞	sy	糸堯	84
劇	dj	刂豦	84
劇	du	刂豕	84
踣	zk	足口	83
踣	zp	足咅	83
燰	ha	火愛	83
髊	gi	骨差	83
慝	xn	心匿	83
兟	xx	先先	83
慓	xp	心票	83
烔	ht	火同	83
瀰	dm	氵彌	83
灑	dl	氵麗	83
凱	jd	几豆	83
凱	jq	几豈	83
臁	ol	月廉	82
瀹	dc	氵冊	82
瀹	dy	氵龠	82
獯	qx	犭熏	82
襞	yb	衣辟	82
襞	yx	衣辛	82
紟	sj	糸今	82
矧	uy	矢引	82
薑	cj	艹畺	82
韋	aa	乛丨	82
韋	vu	乛丨	82
韋	wf	𫝀㐄	82
執	wx	丸幸	82
執	xw	幸丸	82
紤	sj	糸斤	81
嗪	kq	口秦	81
艴	fs	弗色	81
艴	sf	色弗	81
榱	mu	木衰	81
扽	ft	扌屯	81
偳	re	亻而	81
釙	jb	金卜	81
蕆	cb	艹貝	81
剄	dg	刂工	81
剄	dj	刂巠	81
拏	un	手奴	81
嘜	km	口麥	81
蛘	iy	虫羊	81
苤	cp	艹丕	81
穀	hu	禾殳	81
穀	uh	殳禾	81
眛	ow	目未	81
臥	ir	臣人	81
臥	ri	人臣	81
遺	zg	辶貴	81
僅	rj	亻堇	81
紥	sv	糸扎	80
岎	uf	山分	80
毹	my	毛俞	80
暠	og	日高	80
澐	dy	氵雲	80
攉	fh	扌霍	80
攉	fv	扌隹	80
玗	wy	王于	80
廆	gg	广鬼	80
氬	qy	气亞	80
勗	ov	日助	80
勗	rv	日助	80
遞	zh	辶虎	80
損	fy	扌員	80
雞	vx	隹奚	80
綨	sq	糸其	79
紣	su	糸十	79
紣	sz	糹卆	79
璝	wg	王貴	79
玘	wj	王己	79
昖	og	日公	79
垡	tf	土伐	79
駘	mt	馬台	79
緙	sg	糸革	79
窅	bo	宀目	79
窅	xo	穴目	79
菑	ct	艹田	79
菑	cz	艹甾	79
闆	mp	門品	79
慣	xg	忄貫	79
詧	yy	言又	78
肟	ok	月亏	78
怾	xv	心只	78
鬷	gw	鬲夂	78
坰	tj	土冋	78
坰	tk	土口	78
乇	pq	丿七	78
鋨	jw	金我	78
瑎	wj	王皆	78
霨	yw	雨尉	78
嫄	ny	女原	78
禎	uv	示貞	78
韂	gv	革詹	77
韂	gy	革言	77
哌	kp	口𠂢	77
瘰	bl	疒累	77
仡	rq	亻乞	77
蜣	ig	虫乚	77
蜣	iq	虫羌	77
籀	vl	竹留	77
雋	vg	隹𠃌	77
鷺	nl	鳥路	77
囂	kk	口口	77
囂	yk	頁口	77
財	bc	貝才	77
錄	jl	金录	77
髠	ij	髟几	76
髠	jb	几髟	76
辻	zu	辶十	76
痩	bs	疒叟	76
薤	ca	艹一	76
薤	cj	艹韭	76
牂	py	爿羊	76
砟	uv	石乍	76
鐮	jl	金廉	76
傭	ry	亻庸	76
蕩	ct	艹湯	76
噁	ke	口惡	76
慾	xy	心欲	76
嘗	dv	丶旨	76
嘗	xv	旨	76
憂	hw	一夊	76
憂	wx	夊心	76
憂	xw	心夊	76
榮	hm	火木	76
榮	mb	木冖	76
讀	ym	言賣	76
誷	yw	言罔	75
曐	ju	晶生	75
曐	ou	日生	75
曐	uj	生晶	75
惣	xw	心物	75
嵛	uy	山俞	75
蠛	im	虫蔑	75
搿	hu	合手	75
搿	uu	手手	75
僬	rj	亻焦	75
寀	bc	宀采	75
瓿	wk	瓦口	75
瞞	or	目入	75
詠	yy	言永	75
墮	to	土月	75
墮	ts	土隋	75
捲	fj	扌卷	75
孫	zx	子系	75
鄉	el	阝良	75
鄉	xl	乡郎	75
紦	sb	糸巴	74
煺	ht	火退	74
愰	xh	忄晃	74
灄	dn	氵聶	74
垌	tt	土同	74
倓	ry	亻炎	74
嶢	uy	山堯	74
忭	xb	忄卞	74
鋟	jy	金又	74
劓	db	刂鼻	74
頵	yj	頁君	74
槔	mg	木皋	74
槔	mu	木十	74
瘛	bj	疒恝	74
瘛	bx	疒心	74
蟯	iy	虫堯	74
崙	ul	山侖	74
礦	ug	石廣	74
鋪	jf	金甫	74
暫	ov	日斬	74
獴	qm	犭蒙	73
洤	dq	氵全	73
咵	kk	口夸	73
鏐	jl	釒翏	73
鏐	jp	釒彡	73
龠	rc	人艹	73
蟛	ip	虫彭	73
俜	rk	亻丂	73
俜	rp	亻甹	73
輞	iw	車罔	73
嘧	km	口密	73
陴	eb	阝卑	73
袪	yq	衤去	73
凈	dv	冫争	73
唄	kb	口貝	73
鬚	ix	髟須	73
龐	gl	广龍	73
騰	om	月馬	73
蓂	cl	艹六	72
蓂	cm	艹冥	72
腠	oz	月奏	72
蝥	im	虫敄	72
蝥	iw	虫攵	72
猇	qh	犭虎	72
汍	dw	氵丸	72
轢	il	車樂	72
轢	iy	車樂	72
堋	tp	土朋	72
讋	yl	言龍	72
穭	hl	禾魯	72
儀	ry	亻義	72
擾	fy	扌憂	72
鞴	gy	革用	71
齕	iq	齒乞	71
浽	dt	氵妥	71
鏝	jm	金曼	71
殪	dy	歹壹	71
柃	ml	木令	71
咈	kf	口弗	71
蝟	iw	虫胃	71
燿	hd	火翟	71
燿	hv	火隹	71
氾	de	氵	71
兇	ex	儿凶	71
筆	vy	𥫗聿	71
詞	ys	言司	71
騦	ms	馬思	70
篍	vq	𥫗秋	70
娡	nv	女志	70
貟	bs	貝厶	70
貟	sb	厶貝	70
罃	fb	缶冖	70
罃	hf	火缶	70
骱	gj	骨介	70
恧	xe	心而	70
唼	kq	口妾	70
榪	mm	木馬	70
捯	fd	扌到	70
胍	og	月瓜	70
蒡	cp	艹旁	70
旛	ff	方番	70
跫	zg	足巩	70
巿	aa	一丨	70
巿	aj	一巾	70
垚	tt	土土	70
掙	fv	扌争	70
躍	zd	足翟	70
躍	zv	足隹	70
穩	hj	禾急	70
穩	hx	禾心	70
餘	uy	飠余	70
職	eg	耳戈	70
職	ev	耳戠	70
鰸	yq	魚區	69
烀	hh	火乎	69
胲	oh	月亥	69
氍	mq	毛瞿	69
氍	mv	毛隹	69
凵	kd	{凵}	69
鄠	ek	阝亏	69
鄠	ey	耳雩	69
瓖	wx	王襄	69
跘	zb	足半	69
忮	xv	忄支	69
硐	ut	石同	69
滲	dc	氵參	69
壯	pu	爿士	69
壯	up	士爿	69
噴	kb	口賁	69
遲	zn	辶牛	69
遲	zx	辶犀	69
輩	fi	非車	69
碼	um	石馬	69
輸	iy	車俞	69
檔	md	木當	69
箢	vw	竹宛	68
瘮	bc	疒參	68
攧	fd	扌顛	68
岺	ul	山令	68
嘢	ky	口野	68
伱	rn	亻尒	68
伱	rx	亻小	68
瘂	by	疒亞	68
芤	ck	艹孔	68
罞	sm	罒矛	68
哳	kv	口折	68
苾	cb	艹必	68
踰	zy	足俞	68
灣	dg	氵弓	68
灣	dw	氵彎	68
枬	md	木丹	67
檎	mq	木禽	67
饔	uv	食隹	67
饔	uy	食雍	67
諲	yt	言土	67
諲	yy	言垔	67
橦	mt	木童	67
鱺	yl	魚麗	67
嘯	ks	口肅	67
紹	sv	糸召	67
枊	me	木卩	66
峧	uj	山交	66
蚑	iv	虫支	66
砑	uy	石牙	66
狤	qj	犭吉	66
囧	kk	囗冂	66
顗	yd	頁豆	66
顗	yq	頁豈	66
戽	hd	户斗	66
嚥	ky	口燕	66
蠍	ix	虫歇	66
齊	de	丶二	66
齊	dh	丶一	66
齊	we	亠二	66
營	hl	火吕	66
營	lb	呂冖	66
苘	ct	艹{同}	65
墚	tl	土梁	65
飠	rl	人良	65
飠	ui	{飠}	65
鈥	jh	金火	65
穸	bx	宀夕	65
穸	xx	穴夕	65
翛	ry	亻羽	65
洨	dj	氵交	65
唻	kl	口來	65
甏	wp	瓦彭	65
瑱	wv	王真	65
漎	dc	氵從	65
漎	dv	氵龰	65
氡	qd	气冬	65
晹	oy	日易	65
廁	gz	广則	65
鳴	kn	口鳥	65
鳴	nk	鳥口	65
盜	mc	皿㳄	65
盜	mq	皿欠	65
寢	by	宀又	65
針	ju	金十	65
髎	gl	骨翏	64
髎	gp	骨彡	64
骺	gh	骨后	64
頉	vy	止頁	64
頉	yv	頁止	64
毎	rm	𠂉母	64
丒	ar	一刃	64
丒	ra	刃一	64
糈	mx	米胥	64
榿	md	木豆	64
榿	mq	木豈	64
毿	mc	毛參	64
媩	nh	女胡	64
瘼	bm	疒莫	64
鷚	nl	鳥翏	64
鷚	np	鳥彡	64
嚄	kh	口蒦	64
嚄	ky	口又	64
覯	jg	見冓	64
覯	jr	見冉	64
瑯	wl	王郎	64
凜	db	冫稟	64
凜	dh	冫禾	64
軀	uq	身區	64
尷	yj	尤監	64
獸	qu	犬嘼	64
麵	mm	麥面	64
諸	yv	言者	64
肷	oq	月欠	63
睱	oj	目叚	63
帯	jb	巾冖	63
嶲	ug	山𠃌	63
嶲	uj	山雋	63
苶	cn	艹尒	63
苶	cx	艹小	63
岣	uj	山句	63
楱	mz	木奏	63
峎	ug	山艮	63
酲	yi	酉呈	63
曌	km	空明	63
曌	mk	明空	63
曌	ok	日空	63
喨	kl	口亮	63
傾	rq	亻頃	63
麿	ml	麻吕	62
蕬	cx	艹絲	62
扞	fg	扌干	62
挻	fy	扌延	62
柺	ml	木另	62
憤	xb	心賁	62
積	hz	禾責	62
熺	hx	火喜	61
笢	vm	竹民	61
葇	cr	艹柔	61
塼	tv	土專	61
鰹	yj	魚堅	61
鉺	je	金耳	61
蛑	im	虫牟	61
蛑	in	虫牛	61
酎	yc	酉寸	61
裼	yy	衤易	61
湲	dy	氵爰	61
煐	hy	火英	61
懲	xv	心徵	61
懲	xw	心攵	61
餓	uw	飠我	61
鑑	jj	金監	61
農	qi	曲辰	61
戶	pk	丿コ	61
帳	ji	巾長	61
啟	wq	攵启	61
潵	ds	氵散	60
酐	yg	酉干	60
埜	tl	土林	60
毳	mm	毛毛	60
坫	tv	土占	60
痲	bl	疒林	60
鈴	jl	金令	60
額	yk	頁客	60
靣	ah	丆回	59
靣	ak	丆口	59
伹	rq	亻且	59
匚	kd	{匚}	59
蕡	cb	艹賁	59
貺	bx	貝兄	59
胂	ou	月申	59
滉	dh	氵晃	59
鉿	jh	金合	59
夬	ad	乛大	59
夬	vd	乛丶	59
躦	zz	足贊	59
紕	sb	糸比	59
閻	mj	門臼	59
閻	mx	門臽	59
贏	bk	貝口	59
贏	wf	亠凡	59
獎	qj	犬將	59
袝	yf	衤付	58
犭	qr	{犭}	58
嵴	uj	山脊	58
勔	lm	力面	58
濼	dl	氵樂	58
濼	dy	氵樂	58
趼	zk	足开	58
摛	fl	扌离	58
鋝	jc	金寸	58
鋝	jl	金寽	58
烋	dx	灬休	58
烋	hx	灬休	58
誾	my	門言	58
孖	zz	子子	58
妘	ny	女云	58
擗	fb	扌辟	58
擗	fx	扌辛	58
舺	vj	舟甲	58
舴	vv	舟乍	58
鎚	jv	金追	58
肅	ya	肀丨	58
肅	zs	乛丨	58
悶	mx	門心	58
悶	xm	心門	58
諾	yr	言若	58
構	mg	木冓	58
構	mr	木冉	58
碹	ux	石宣	57
癧	bl	疒歷	57
癧	bv	疒止	57
潿	dw	氵圍	57
螣	oi	月虫	57
肭	on	月内	57
粢	mc	米次	57
鷳	nx	鳥閒	57
晊	ov	日至	57
慉	xi	忄畜	57
慉	xx	忄畜	57
繃	sb	糸崩	57
璿	wo	王目	57
璿	wr	王睿	57
掃	fj	扌巾	57
掃	fv	扌帚	57
獻	qg	犬鬲	57
獻	qy	犬鬳	57
橋	mq	木喬	57
簽	vq	𥫗僉	57
躧	zl	足麗	56
篂	vx	𥫗星	56
嘅	kj	口既	56
吲	ky	口引	56
藶	cl	艹歷	56
藶	cv	艹止	56
蟪	ih	虫惠	56
靿	gy	革幼	56
眵	od	目多	56
劂	dj	刂厥	56
劂	dq	刂欠	56
鎪	js	金叟	56
珧	wv	王兆	56
咁	kg	口甘	56
脈	op	月𠂢	56
翹	yy	羽堯	56
銳	jd	金兑	56
緜	bx	帛系	55
緜	sj	糸巾	55
緜	xb	系帛	55
縡	sz	糸宰	55
嶝	ud	山登	55
釕	jl	金了	55
坭	tn	土尼	55
脞	oz	月坐	55
鍰	jy	金爰	55
嬸	nf	女番	55
嬸	nu	女審	55
簾	vl	竹廉	55
斬	ij	車斤	55
斬	ji	斤車	55
賺	bj	貝兼	55
撥	ff	扌發	55
籃	vj	𥫗監	55
項	gy	工頁	55
項	yg	頁工	55
鸘	nu	鳥霜	54
躐	zl	足巤	54
躐	zu	足{鼠}	54
鄜	el	耳鹿	54
厙	ii	厂車	54
碲	ud	石帝	54
嶁	ul	山婁	54
鄹	ej	耳聚	54
畤	ts	田寺	54
茳	cj	艹江	54
瓞	gu	瓜失	54
隉	eg	阝工	54
賭	bv	貝者	54
諒	yj	言京	54
鎖	jb	金貝	54
編	sb	糸扁	54
砹	ua	石艾	53
砘	ut	石屯	53
跐	zc	足此	53
阼	ev	耳乍	53
牻	nl	牛龙	53
牻	nm	牛尨	53
熲	yh	頁火	53
鴯	ne	鳥而	53
螗	it	虫唐	53
踡	zj	足卷	53
燉	hd	火敦	53
甦	gu	更生	53
甦	ug	生更	53
綁	sb	糸邦	53
縱	sc	糸從	53
縱	sv	糹龰	53
輝	gj	光軍	53
訓	yi	言川	53
製	yv	衣制	53
館	ug	食官	53
碦	uk	石客	52
潄	dw	氵攵	52
潄	ws	攵涑	52
嫏	nl	女郎	52
埯	td	土电	52
埯	ty	土奄	52
丶	dd	丶丶	52
丶	dm	{丶}	52
沷	db	氵犮	52
廑	gj	广堇	52
盩	mw	皿攵	52
攄	fl	扌慮	52
姤	nh	女后	52
堳	tm	土眉	52
塽	tu	土爽	52
芴	cw	艹勿	52
歛	qq	僉欠	52
迺	zx	辶西	52
茲	cy	艹幺	52
澤	dx	氵幸	52
捨	fu	扌舍	52
飲	uq	食欠	52
貨	bh	貝化	52
苄	cb	艹卞	51
苄	cx	艹下	51
舾	vx	舟西	51
硇	ui	石乂	51
硇	ux	石囟	51
憞	xd	心敦	51
鬿	gj	鬼斤	51
堍	tt	土兔	51
舄	jd	臼灬	51
舄	jh	臼灬	51
醵	yj	酉豦	51
醵	yu	酉豕	51
掯	fk	扌肯	51
燘	hm	火閔	51
扢	fq	扌乞	51
鞗	rg	亻革	51
琯	wg	王官	51
崒	uz	山卒	51
酴	yy	酉余	51
襬	yb	衤罷	51
襬	yn	衤能	51
姪	nv	女至	51
誦	yy	言甬	51
暈	oj	日軍	51
嬌	nq	女喬	51
叢	sd	丨丶	51
叢	yq	业取	51
叢	yy	业又	51
賤	bj	貝戔	51
惱	xi	忄乂	51
惱	xw	忄乂	51
惱	xx	心囟	51
彎	gs	弓糸	51
彎	yg	言弓	51
舊	cj	艹臼	51
鼗	gv	鼓兆	50
筯	vv	竹助	50
晧	og	日告	50
紖	sy	糸引	50
夼	di	大川	50
膕	og	月國	50
艚	vc	舟曹	50
筅	vx	𥫗先	50
繢	sg	糸貴	50
奓	dd	大多	50
浥	db	氵巴	50
浥	dy	氵邑	50
榖	hu	禾殳	50
榖	uh	殳禾	50
榖	uu	士殳	50
兗	dx	丶兄	50
兗	lx	六兄	50
兗	wx	亠兄	50
皺	pc	皮屮	50
皺	pi	皮芻	50
爐	hl	火盧	50
虧	hk	虍亏	50
虧	kh	亏雐	50
虧	kv	亏隹	50
駛	mu	馬史	50
湯	dy	氵昜	50
懶	xl	心賴	50
鮻	yj	魚夋	49
拤	fk	扌卡	49
拃	fv	扌乍	49
儍	rw	亻夂	49
腖	od	月東	49
碸	uf	石風	49
淠	db	氵畀	49
淠	dq	氵丌	49
鱭	yq	魚齊	49
祄	uj	示介	49
圊	kq	囗青	49
迕	zw	辶午	49
矻	uq	石乞	49
剉	dz	刂坐	49
俛	rm	亻免	49
衪	yy	衤也	49
蔘	cc	艹參	49
臟	oc	月藏	49
擠	fq	扌齊	49
烏	pd	丿灬	49
烏	ph	丿灬	49
違	zw	辶韋	49
鍵	jj	金建	49
貎	ve	豸兒	48
杮	mf	木巿	48
杮	mj	木巾	48
兲	wb	王八	48
兊	by	八允	48
兊	eg	儿公	48
釿	jj	金斤	48
菪	cd	艹宕	48
菪	cu	艹石	48
嚌	kq	口齊	48
朊	oy	月元	48
撚	fr	扌然	48
鈽	jb	金布	48
甕	dw	亠瓦	48
甕	wv	瓦隹	48
甕	ww	亠瓦	48
甕	wy	瓦雍	48
蒨	cq	艹倩	48
棲	mq	木妻	48
倉	rk	人口	48
喪	hd	一丶	48
喪	ty	土𧘇	48
禍	ug	示咼	48
禍	uk	示口	48
輛	il	車兩	48
勞	hl	火力	48
勞	lb	力冖	48
鐾	jb	金辟	47
鐾	jx	金辛	47
豾	vp	豸丕	47
腈	oq	月青	47
奌	dv	大占	47
喛	ky	口爰	47
丷	ba	{丷}	47
丷	dm	{丷}	47
丷	dp	丶丿	47
扠	fi	扌叉	47
躔	zi	足廛	47
躔	zt	足土	47
潷	db	氵筆	47
筘	vk	竹扣	47
蠊	il	虫廉	47
惓	xj	心卷	47
谿	gx	谷奚	47
斲	ja	斤一	47
斲	jy	斤{亞}	47
埼	tq	土奇	47
罣	sg	罒圭	47
暸	ol	日尞	47
暸	ox	日小	47
凍	dd	冫東	47
盧	hm	虍皿	47
彌	ge	弓爾	47
飾	uj	飠巾	47
辶	dd	丶丶	46
辶	zb	{辶}	46
絶	ss	糸色	46
癋	be	疒惡	46
犏	nb	牛扁	46
圏	kj	囗巻	46
亊	aa	亅一	46
蕺	cg	艹戈	46
蕺	cj	艹戢	46
仉	rj	亻几	46
爚	hc	火冊	46
爚	hy	火龠	46
璡	wj	王進	46
馘	uh	首或	46
漥	dg	氵圭	46
鑭	jj	金柬	46
鑭	jl	金闌	46
毌	aa	乛一	46
毌	vh	乛一	46
琝	wm	王旻	46
琝	ww	王文	46
縠	su	糸殳	46
縠	us	殳糸	46
獞	qt	犭童	46
鞞	gb	革卑	46
浬	dl	氵里	46
暐	ow	日韋	46
詛	yq	言且	46
駕	mj	馬加	46
奧	db	大釆	46
奧	pd	丿大	46
溝	dg	氵冓	46
溝	dr	氵冉	46
濟	dq	氵齊	46
觽	jg	角𠃌	45
觽	jj	角嶲	45
巻	jf	己夫	45
巻	jj	龹己	45
髟	ip	镸彡	45
姎	ny	女央	45
驦	mu	馬霜	45
餱	uh	飠侯	45
坶	tm	土母	45
瘥	bi	疒差	45
齉	bn	鼻囊	45
籓	vp	𥫗潘	45
薟	cq	艹僉	45
扆	hy	户衣	45
塏	td	土豆	45
塏	tq	土豈	45
旂	fj	方斤	45
綑	sk	糸困	45
罈	ft	缶覃	45
頸	yg	頁工	45
頸	yj	頁巠	45
瀟	ds	氵肅	45
瀟	dx	氵蕭	45
獵	ql	犭巤	45
徑	xg	彳工	45
徑	xj	彳巠	45
鋒	jf	金丰	45
獲	qh	犭蒦	45
獲	qy	犭又	45
贊	bx	貝先	45
玧	wy	王允	44
暼	ob	日敝	44
暼	ow	日攵	44
忄	xn	{忄}	44
廻	zh	廴回	44
鈁	jf	金方	44
滘	dk	氵口	44
挼	ft	扌妥	44
礓	uj	石畺	44
欻	qy	欠炎	44
蹯	zf	足番	44
坌	tf	土分	44
梱	mk	木困	44
褟	yy	衤羽	44
踼	zy	足昜	44
堉	ty	土育	44
佢	rj	亻巨	44
頹	ye	頁儿	44
頹	yt	頁秃	44
侶	rl	亻吕	44
暢	uy	申昜	44
洩	dy	氵曳	44
潛	do	氵日	44
潛	dq	氵朁	44
監	mv	皿{竹半}	44
臺	uv	士至	44
蹽	zl	足尞	43
蹽	zx	足小	43
裵	dy	亠𧘇	43
裵	wy	亠𧘇	43
裵	yf	衣非	43
肀	aa	丨一	43
肀	vu	乛丨	43
肀	yv	{肀}	43
缷	ef	卩缶	43
缷	fe	缶卩	43
璛	ws	王肅	43
昻	oe	日卩	43
昻	oq	日卭	43
揞	fy	扌音	43
嫰	nq	女欠	43
嫰	nu	女欶	43
厾	yq	乙去	43
厾	zd	乛丶	43
両	au	一山	43
崬	ud	山東	43
罠	sm	罒民	43
轘	ih	車睘	43
轘	iy	車睘	43
羰	yt	羊炭	43
鉍	jb	金必	43
閟	mb	門必	43
鴝	nj	鳥句	43
趐	zy	走羽	43
閤	mh	門合	43
臘	ol	月巤	43
縫	sf	糸逢	43
潤	dr	氵閏	43
悅	xx	忄兄	43
奪	dc	大寸	43
辭	xy	辛又	43
酞	yt	酉太	42
胬	rn	肉奴	42
肼	oj	月井	42
禥	uj	示基	42
梶	mw	木尾	42
桖	mx	木血	42
剠	dj	刂京	42
倿	rq	亻妾	42
錇	jk	金口	42
錇	jp	金咅	42
厔	iv	厂至	42
垞	tv	土宅	42
廙	gg	广共	42
廙	gy	广異	42
匊	gm	勹米	42
澉	dg	氵敢	42
淓	df	氵芳	42
飺	uc	食此	42
塙	tg	土高	42
垟	ty	土羊	42
衄	xi	血丑	42
傺	rj	亻祭	42
鼯	uw	鼠吾	42
縳	sv	糸專	42
槨	mg	木郭	42
昐	of	日分	42
啣	kx	口卸	42
簷	vv	𥫗詹	42
簷	vy	𥫗言	42
陞	et	阝土	42
潰	dg	氵貴	42
廂	gx	广相	42
勳	ld	力灬	42
勳	lh	力黑	42
勳	lx	力熏	42
繫	su	糸殳	42
恥	ex	耳心	42
齋	ds	丶丨	42
齋	dx	丶小	42
齋	qx	齊小	42
齋	wu	亠丨	42
齋	wx	亠小	42
濤	du	氵壽	42
藝	cy	艹云	42
躹	uj	身匊	41
炧	hy	火也	41
圝	ks	囗糸	41
鶥	nm	鳥眉	41
鶓	nm	鳥苗	41
咶	ku	口舌	41
窀	bt	宀屯	41
窀	xt	穴屯	41
珵	wi	王呈	41
葰	cj	艹俊	41
楶	cd	次呆	41
楶	mz	木咨	41
榍	mx	木屑	41
棖	mi	木長	41
櫆	mk	木魁	41
鑄	ju	金壽	41
闖	mm	門馬	41
螞	im	虫馬	41
窮	bg	宀弓	41
窮	xg	穴躬	41
聰	ec	耳悤	41
聰	ex	耳心	41
誌	yv	言志	41
葢	ch	艹盇	40
葢	cm	艹皿	40
桊	jm	龹木	40
桊	mf	木夫	40
晩	om	日免	40
訁	da	丶一	40
訁	dk	丶口	40
訁	wk	亠口	40
䰾	yb	魚巴	40
礌	ul	石雷	40
捃	fj	扌君	40
罨	sd	罒电	40
罨	sy	罒奄	40
騩	mg	馬鬼	40
轒	ib	車賁	40
砮	un	石奴	40
蕹	cv	艹隹	40
蕹	cy	艹雍	40
葙	cx	艹相	40
欗	mj	木柬	40
欗	ml	木蘭	40
燜	hm	火悶	40
璆	wl	王翏	40
璆	wp	王彡	40
窆	bf	宀乏	40
窆	xf	穴乏	40
鎯	jl	金郎	40
粿	mg	米果	40
瓚	wz	王贊	40
鍾	jv	金重	40
鷹	gn	广鳥	40
鷹	nv	鳥隹	40
樫	mj	木堅	39
劒	pd	丿丶	39
劒	rq	刃僉	39
鎄	ja	金哀	39
渰	dc	氵廾	39
渰	dy	氵弇	39
濆	db	氵賁	39
躒	zl	足樂	39
躒	zy	足樂	39
棆	ml	木侖	39
銙	jk	金夸	39
嬃	nx	女須	39
蟜	iq	虫喬	39
蒟	cj	艹句	39
蒟	cq	艹竘	39
蜾	ig	虫果	39
蒴	co	艹月	39
蒴	cu	艹朔	39
恝	xd	心刀	39
蟭	ij	虫焦	39
蟟	il	虫尞	39
蟟	ix	虫小	39
恓	xx	忄西	39
錟	jy	金炎	39
酤	yg	酉古	39
鯔	yt	魚田	39
鯔	yz	魚甾	39
俬	rs	亻私	39
睒	oy	目炎	39
鎧	jd	釒豆	39
鎧	jq	金豈	39
誡	yj	言戒	39
篠	vt	竹條	39
療	bl	疒尞	39
療	bx	疒小	39
罰	sd	罒刂	39
欄	mj	木柬	39
欄	ml	木闌	39
倫	rl	亻侖	39
賴	uf	束負	39
訊	yu	言十	39
訊	yx	言讯	39
訸	yh	言禾	38
皘	bq	白青	38
丬	jd	{丬}	38
丬	pj	{丬}	38
鍃	jh	金忽	38
鉕	jk	金口	38
鉕	jp	金叵	38
祏	uu	示石	38
絎	sx	糸行	38
巰	ai	一川	38
巰	ji	坙川	38
璱	ws	王瑟	38
罽	sd	罒刂	38
罽	sy	罒㓹	38
眢	oe	目	38
眢	oy	目夘	38
懞	xm	忄蒙	38
熇	hg	火高	38
牴	nd	牛氐	38
閑	mm	門木	38
懸	xx	縣心	38
謹	yj	言堇	38
闊	mh	門活	38
蠻	is	虫糸	38
蠻	yi	言虫	38
鉵	ji	金虫	37
覚	dj	丶見	37
覚	jb	見冖	37
糼	sl	糸力	37
歩	vu	止少	37
懗	xh	忄赫	37
飿	ui	飠出	37
憝	xd	心敦	37
偓	rw	亻屋	37
掭	ft	扌忝	37
掭	fx	扌	37
滍	di	氵蚩	37
浰	dl	氵利	37
蛸	ix	虫肖	37
虓	jh	九虎	37
噀	kg	口共	37
稙	hv	禾直	37
冱	dh	冫互	37
阯	ev	阝止	37
韁	gj	革畺	37
糢	mm	米莫	37
傘	ru	人十	37
廟	gi	广朝	37
貫	bm	貝毌	37
貫	mb	毌贝	37
勵	ll	力厲	37
勵	lw	力萬	37
獅	qu	犭師	37
鳸	hn	户鳥	36
鳸	nh	鳥户	36
讇	yj	言臼	36
讇	yy	言閻	36
蔵	ci	艹臣	36
瀬	dl	氵頼	36
瀬	dy	氵頁	36
掹	fm	扌孟	36
実	bd	宀丶	36
実	bf	宀夫	36
銱	jd	金吊	36
瞘	oq	目區	36
柊	md	木冬	36
萆	cb	艹卑	36
瑆	wx	王星	36
羧	yj	羊夋	36
羧	yw	羊夂	36
鄤	em	耳曼	36
芣	cb	艹不	36
倅	rz	亻卒	36
鉭	jd	金旦	36
杻	mi	木丑	36
齧	id	齒刀	36
衁	wx	亡血	36
衁	xw	血亡	36
庳	gb	广卑	36
崚	ul	山夌	36
飢	uj	飠几	36
蔭	cy	艹陰	36
聳	ec	耳從	36
聳	ev	耳止	36
糧	ml	米量	36
撿	fq	扌僉	36
礙	uy	石疑	36
詳	yy	言羊	36
註	yv	言主	36
阝	er	{阝}	35
阝	ga	㇌丨	35
璮	wd	王亶	35
渄	df	氵非	35
歺	bx	卜夕	35
歺	xb	夕卜	35
噏	kx	口翕	35
噏	ky	口羽	35
嘠	kg	口戈	35
嘠	kj	口戞	35
鸌	nh	鳥蒦	35
鸌	ny	鳥又	35
甓	wb	瓦辟	35
甓	wx	瓦辛	35
汭	dn	氵内	35
鮚	yj	魚吉	35
趯	zd	走翟	35
趯	zv	走隹	35
縴	sq	糹牽	35
搋	fh	扌虎	35
瘭	bp	疒票	35
繻	sx	糸需	35
棨	mw	木攵	35
嶒	uc	山曾	35
鎣	hj	火金	35
姖	nj	女巨	35
祹	ut	示匋	35
阽	ev	耳占	35
蕅	cy	艹禺	35
捥	fw	扌宛	35
腄	oi	月垂	35
眽	op	目𠂢	35
幬	ju	巾壽	35
罝	sq	罒且	35
憟	xs	心粟	35
挶	fj	扌局	35
爇	cr	艹熱	35
芼	cm	艹毛	35
纍	sl	糸畾	35
墳	tb	土賁	35
緻	sv	糸致	35
綿	sb	糹帛	35
綿	sj	糹巾	35
渾	dj	氵軍	35
貪	bj	貝今	35
醜	yg	酉鬼	35
矦	du	矢	34
矦	ui	矢厂	34
峯	uf	山丰	34
尅	ck	寸克	34
尅	kc	克寸	34
蕒	cm	艹買	34
鎙	jo	金月	34
鎙	ju	金朔	34
眊	om	目毛	34
衎	xg	行干	34
衎	xi	彳亍	34
瘵	bj	疒祭	34
蚇	ii	虫尺	34
泐	dl	氵力	34
晅	og	日亘	34
悺	xg	心官	34
劙	di	氵虫	34
滻	di	氵產	34
蝻	in	虫南	34
洑	df	氵伏	34
籜	vz	𥫗擇	34
垤	tv	土至	34
祔	uf	示付	34
扥	fg	扌乚	34
寯	bg	宀𠃌	34
寯	bj	宀雋	34
峇	uh	山合	34
癲	bd	疒顛	34
兌	bx	八兄	34
兌	ek	儿口	34
嚕	kl	口魯	34
汙	dy	氵于	34
蠅	im	虫黽	34
膩	oe	月貳	34
脅	ol	月力	34
櫃	mg	木貴	34
櫃	mk	木匱	34
魯	yo	魚日	34
賜	by	貝易	34
勸	lv	力隹	34
逬	zb	辶并	33
胩	ok	月卡	33
曵	ad	丨丶	33
曵	yd	曳丶	33
晣	ov	日折	33
廍	gb	广部	33
倞	rj	亻京	33
妶	nx	女玄	33
譾	yy	言羽	33
瞝	ol	目离	33
絪	sy	糸因	33
鍆	jm	金門	33
迮	zv	辶乍	33
騊	mt	馬匋	33
禘	ud	示帝	33
靬	gg	革干	33
訏	yy	言于	33
蓰	cv	艹龰	33
蓰	cx	艹徙	33
臢	oz	月贊	33
偲	rs	亻思	33
朅	qh	去曷	33
薴	cn	艹寧	33
罍	fl	缶畾	33
嬝	nn	女裊	33
嬝	ny	女衣	33
痺	bb	疒卑	33
揹	fb	扌背	33
挾	fj	扌夾	33
訶	yk	言可	33
窺	bg	宀規	33
窺	xg	穴規	33
嬰	nb	女貝	33
騷	mz	馬蚤	33
鎮	jv	金真	33
冊	aa	丨丨	33
檢	mq	木僉	33
運	zj	辶軍	33
踺	zj	足建	32
羮	gf	羔夫	32
潅	dv	氵隹	32
溚	dd	氵荅	32
溚	dh	氵合	32
峠	ux	山下	32
夂	pd	丿丶	32
夂	wf	{夂}	32
卨	bg	卜咼	32
卨	bk	卜口	32
卨	sh	丨一	32
凥	uj	尸几	32
雸	yg	雨甘	32
衒	xi	彳亍	32
衒	xx	行玄	32
碃	uq	石青	32
槧	mv	木斬	32
耖	lu	耒少	32
鳼	nw	鳥文	32
嗢	kw	口昷	32
唊	kj	口夾	32
簃	vy	竹移	32
嚜	km	口墨	32
誧	yf	言甫	32
跼	zj	足局	32
犮	ad	一丶	32
犮	yd	友丶	32
鶉	nx	鳥享	32
暪	or	日入	32
諡	ym	言皿	32
炤	hv	火召	32
濺	dj	氵賤	32
穫	hh	禾蒦	32
穫	hy	禾又	32
瑩	hy	火玉	32
瑩	yb	玉冖	32
鵝	nw	鳥我	32
瑪	wm	王馬	32
飽	ub	食包	32
齡	il	齒令	32
窩	bg	宀咼	32
窩	bk	宀口	32
窩	xg	穴咼	32
窩	xk	穴口	32
驅	mq	馬區	32
賀	bj	貝加	32
嗚	kw	口烏	32
宀	bk	{宀}	31
宀	da	丶乛	31
宀	dv	丶乛	31
刧	dq	刀去	31
葎	cl	艹律	31
璷	wf	王敷	31
璷	ww	王攵	31
襜	yv	衤詹	31
襜	yy	衤言	31
廇	gl	广留	31
脽	ov	月隹	31
嫕	nx	女心	31
嫕	ny	女悘	31
褧	yg	衣耿	31
廒	ga	广敖	31
廒	gw	广攵	31
朘	oj	月夋	31
脣	io	辰月	31
脣	oi	月辰	31
洐	dx	氵行	31
挓	fv	扌宅	31
竄	bu	宀鼠	31
竄	xu	穴鼠	31
豎	dy	豆又	31
嘍	kl	口婁	31
絃	sx	糸玄	31
殼	uj	殳几	31
訪	yf	言方	31
譜	yp	言普	31
詢	yx	言旬	31
霊	yy	雨业	30
衤	yi	{衤}	30
渏	dq	氵奇	30
涁	dp	氵彡	30
涁	du	氵杉	30
榀	mp	木品	30
攵	pd	丿丶	30
攵	wf	{攵}	30
娒	nm	女每	30
啲	kd	口的	30
駼	my	馬余	30
珜	wy	王羊	30
賕	bq	貝求	30
惔	xy	忄炎	30
侘	rv	亻宅	30
氙	qu	气山	30
吜	ki	口丑	30
藫	ct	艹潭	30
氪	qk	气克	30
屻	ur	山刃	30
亹	dq	丶且	30
亹	wq	亠且	30
耞	lj	耒加	30
聹	en	耳寧	30
褕	yy	衤俞	30
鶖	nq	鳥秋	30
蓳	cj	艹堇	30
餬	uh	食胡	30
閰	mj	門臼	30
鬘	im	髟曼	30
醣	yt	酉唐	30
鴞	nh	鳥号	30
睪	sx	罒幸	30
鰭	yo	鱼日	30
鰭	yq	魚耆	30
誅	yv	言朱	30
繩	sm	糸黽	30
錶	jb	金表	30
癢	by	疒養	30
攤	fn	扌難	30
併	rb	亻并	30
儲	rv	亻諸	30
齒	vk	止凵	30
軒	ig	車干	30
築	mv	木筑	30
築	vm	筑木	30
鯹	yx	魚星	29
遆	zd	辶帝	29
褍	ye	衤而	29
袥	yu	衤石	29
螦	is	虫素	29
珦	wx	王向	29
猹	qi	犭查	29
渋	dd	氵丶	29
渋	du	氵{氺}	29
擓	fh	扌匯	29
寛	bj	宀見	29
嚒	km	口麽	29
噽	xp	喜丕	29
丿	px	{丿}	29
溍	dj	氵晋	29
斝	db	斗冖	29
斝	kd	口斗	29
踆	zj	足夋	29
皽	pd	皮亶	29
篚	vf	竹匪	29
磡	uk	石勘	29
騤	mg	馬癸	29
騤	mt	馬天	29
窊	bg	宀瓜	29
窊	xg	穴瓜	29
牿	ng	牛告	29
裀	yy	衤因	29
埏	ty	土延	29
籙	vl	𥫗录	29
盷	oy	目匀	29
蛁	iv	虫召	29
撘	fd	扌答	29
癩	bl	疒賴	29
彆	gb	弓敝	29
彆	gw	弓攵	29
暱	on	日匿	29
燙	ht	火湯	29
貞	bb	貝卜	29
証	yv	言正	29
閱	md	門兑	29
辯	xx	辛辛	29
辯	yx	言辛	29
龜	da	一	29
龜	pa	丿一	29
頁	ab	丆貝	29
減	dx	氵咸	29
慶	gw	广夂	29
慶	lw	{鹿头}攵	29
癎	bj	疒間	28
哴	kl	口良	28
卆	ju	九十	28
蹡	zj	足將	28
褆	yu	衤是	28
艤	vy	舟義	28
鎵	jj	金家	28
珓	wj	王交	28
焠	hz	火卒	28
茻	cc	屮屮	28
燋	hj	火焦	28
瑒	wy	王昜	28
憍	xq	忄喬	28
摟	fl	扌婁	28
鱗	yl	魚粦	28
爍	hl	火樂	28
爍	hy	火樂	28
馳	my	馬也	28
糾	sj	糸丩	28
楓	mf	木風	28
鬱	fp	缶彡	28
鬱	mp	木彡	28
頗	yp	頁皮	28
攝	fn	扌聶	28
納	sn	糸内	28
評	yp	言平	28
樋	mt	木通	27
巈	uj	山鞠	27
崈	uz	山宗	27
妸	nk	女可	27
倶	rb	亻八	27
倶	rj	亻具	27
仫	rm	亻么	27
覤	jh	見虎	27
痄	bv	疒乍	27
蹅	zi	足查	27
栻	mu	木式	27
鑨	jl	金龍	27
礤	uc	石蔡	27
鼷	ux	鼠奚	27
蹐	zj	足脊	27
揝	fo	扌日	27
揝	fz	扌昝	27
偊	ry	亻禹	27
顓	ye	頁而	27
峊	uv	山𠂤	27
枒	my	木牙	27
悾	xk	心空	27
蓆	cx	艹席	27
皕	bb	百百	27
筊	vj	竹交	27
謔	yn	言虐	27
荊	cx	艹刑	27
溼	dt	氵土	27
祿	ul	示录	27
祿	uu	示氺	27
蝕	ui	飠虫	27
縛	sc	糸寸	27
縛	sf	糹尃	27
賦	bw	貝武	27
黨	dh	丶黑	27
黨	hk	黑口	27
黨	xh	黑	27
餜	ug	食果	26
菓	cg	艹果	26
繤	cs	艹糸	26
繤	sm	糸莫	26
礟	ub	石駁	26
矝	ml	矛令	26
疍	pd	疋旦	26
濪	dq	氵靘	26
濪	ds	氵色	26
攴	by	卜又	26
掻	fi	扌虫	26
愑	xy	心勇	26
鱅	yy	魚庸	26
朏	oi	月出	26
砫	uv	石主	26
漈	dj	氵祭	26
頠	yw	頁危	26
榼	mh	木盍	26
榼	mm	木皿	26
趎	zv	走朱	26
杙	my	木弋	26
抃	fb	扌卞	26
抃	fx	扌下	26
姞	nj	女吉	26
咇	kb	口必	26
敓	wd	攵兑	26
啢	kl	口兩	26
鞃	gh	革弘	26
鞃	gs	革厶	26
纁	sx	糸熏	26
偡	ru	亻甚	26
颭	fv	風占	26
焮	hx	火欣	26
顠	yp	頁票	26
螬	ic	虫曹	26
怳	xx	心兄	26
鏮	jk	金康	26
扙	fv	扌丈	26
搵	fm	扌皿	26
搵	fw	扌昷	26
鐲	ji	釒虫	26
鐲	ju	金蜀	26
燻	hx	火熏	26
毘	tb	田比	26
巔	uy	山頁	26
艷	sd	色豆	26
艷	sf	色豐	26
饒	uy	食堯	26
頑	yy	元頁	26
競	jj	竞竞	26
競	lx	立兄	26
訂	yd	言丁	26
週	zv	辶周	26
鸊	nb	鳥辟	25
鸊	nx	鳥辛	25
鷉	nh	鳥虎	25
鬽	gp	鬼彡	25
蓕	cg	艹桂	25
蒳	cn	艹納	25
葜	cq	艹契	25
膄	os	月叟	25
聼	ax	乛心	25
聼	ex	耳心	25
聼	vx	乛心	25
眞	bb	匕八	25
櫈	md	木凳	25
斅	px	攴學	25
斅	xy	學又	25
拠	fi	扌処	25
匄	gw	勹亡	25
螵	ip	虫票	25
耩	lr	耒冉	25
羵	yb	羊賁	25
鐓	jd	金敦	25
藚	cm	艹賣	25
瞵	ol	目粦	25
犺	qk	犭亢	25
洚	df	氵㐄	25
洚	dj	氵夅	25
撖	fg	扌敢	25
愝	xn	心女	25
愝	xy	心匽	25
爊	hb	火麃	25
爊	hd	火灬	25
爊	hh	火灬	25
瀍	di	氵廛	25
瀍	dt	氵土	25
濊	ds	氵歲	25
嵙	uk	山科	25
麀	lb	鹿匕	25
帨	jd	巾兑	25
蝀	id	虫東	25
銠	jl	金老	25
磌	uv	石真	25
釔	jy	金乙	25
迍	zt	辶屯	25
菴	cd	艹电	25
菴	cy	艹奄	25
撢	ft	扌覃	25
菻	cl	艹林	25
懮	xy	心憂	25
畯	tj	田夋	25
麴	mj	麥匊	25
麴	mm	麥米	25
洸	dg	氵光	25
尪	yw	尢王	25
艸	cc	屮屮	25
儼	rg	亻敢	25
儼	ry	亻嚴	25
嶽	uq	山犬	25
嶽	uy	山獄	25
頰	yj	頁夾	25
鈔	ju	金少	25
綻	sd	糸定	25
闢	mb	門辟	25
闢	mx	門辟	25
噓	kx	口虚	25
諷	yf	言風	25
償	ru	亻賞	25
壇	td	土亶	25
塗	tt	涂土	25
鍋	jg	金咼	25
鍋	jk	釒口	25
億	ry	亻意	25
稅	hd	禾兑	25
頻	yb	頁步	25
鉷	jg	金共	24
蹱	zt	足童	24
竢	lu	立矢	24
竢	ly	立矣	24
熌	hu	火閃	24
歘	qy	欠焱	24
挷	fb	扌邦	24
廴	zb	{廴}	24
圧	it	厂土	24
凖	uv	十隹	24
唗	kz	口走	24
澭	dv	氵隹	24
澭	dy	氵雍	24
娖	nz	女足	24
璪	wz	王喿	24
捊	ff	扌孚	24
釤	jp	金彡	24
貰	bu	貝世	24
璾	wq	王齊	24
囷	kh	囗禾	24
鈇	jf	金夫	24
奷	nq	女千	24
瞜	ol	目婁	24
矞	mk	矛口	24
芧	cy	艹予	24
楗	mj	木建	24
筭	vn	𥫗弄	24
魟	yg	魚工	24
杇	mk	木亏	24
鵂	nx	鳥休	24
鵂	rn	亻鳥	24
媜	nv	女貞	24
鞥	gc	革廾	24
鞥	gy	革弇	24
媧	ng	女咼	24
媧	nk	女口	24
闔	mh	門盍	24
闔	mm	門皿	24
嘖	kz	口責	24
汎	df	氵凡	24
鏈	jl	金連	24
雛	vc	隹屮	24
雛	vi	隹芻	24
蔔	cf	艹匐	24
蔔	ct	艹田	24
曬	ol	日麗	24
澀	ds	氵歰	24
澀	dv	氵止	24
荳	cd	艹豆	24
飼	us	飠司	24
狹	qj	犭夾	24
匯	kh	匚淮	24
籤	vg	𥫗戈	24
籤	vx	𥫗韱	24
偵	rv	亻貞	24
呂	kk	口口	24
誕	yy	言延	24
誇	yk	言夸	24
鋼	jg	金岡	24
購	bg	貝冓	24
購	br	貝冉	24
誐	yw	言我	23
蟸	iu	虫豕	23
蟸	ui	豕虫	23
禝	uj	示畟	23
禝	uw	示夂	23
灜	dy	氵贏	23
曪	ol	日羅	23
曪	ow	日維	23
壄	tm	土楙	23
嚿	kj	口舊	23
吿	nk	牛口	23
胠	oq	月去	23
醭	yd	酉丶	23
醭	yf	酉夫	23
醭	yp	酉菐	23
禖	um	示某	23
甃	wq	瓦秋	23
濄	dg	氵過	23
钂	jd	金黨	23
涴	dw	氵宛	23
朣	ot	月童	23
驏	mi	馬孱	23
驏	mz	馬子	23
橝	mt	木覃	23
醰	yt	酉覃	23
晼	ow	日宛	23
挐	ur	手如	23
萳	cn	艹南	23
曚	om	日蒙	23
僎	rg	亻共	23
翾	yh	羽睘	23
翾	yy	羽睘	23
阨	ee	耳厄	23
砢	uk	石可	23
漼	dc	氵崔	23
芵	cd	艹丶	23
芵	cg	艹夬	23
盦	my	皿酉	23
畬	ty	田余	23
囓	ki	口齒	23
袞	dy	丶𧘇	23
袞	ly	六𧘇	23
袞	wy	亠𧘇	23
袞	yk	衣口	23
囍	xx	喜喜	23
筍	vx	竹旬	23
侷	rj	亻局	23
瘖	by	疒音	23
轎	iq	車喬	23
竊	bs	疒厶	23
竊	xs	穴厶	23
疊	la	畾一	23
疊	ta	田一	23
偽	rw	亻爲	23
驕	mq	馬喬	23
潑	df	氵發	23
謙	yj	言兼	23
腸	oy	月昜	23
邁	zw	辶萬	23
蔣	cj	艹將	23
閣	mg	門各	23
審	bf	宀番	23
擬	fy	扌疑	23
郵	ei	耳垂	23
貝	ad	丨丶	23
貝	ob	目八	23
輔	if	車甫	23
絡	sg	糸各	23
麕	lh	鹿禾	22
麕	lq	鹿囷	22
込	zr	辶入	22
耠	lh	耒合	22
眮	ot	目同	22
癨	bh	疒霍	22
昞	ob	日丙	22
擡	ft	扌臺	22
戦	gd	戈单	22
嶋	un	山鳥	22
宆	bg	宀弓	22
囯	kw	囗王	22
哋	kd	口地	22
劐	dh	刂蒦	22
劐	dy	刂又	22
儛	rw	亻舞	22
倻	ry	亻耶	22
泂	dj	氵冋	22
泂	dk	氵口	22
栒	mx	木旬	22
雝	vb	隹巴	22
雝	vy	隹邕	22
膣	ov	月窒	22
絔	sb	糸百	22
犋	nj	牛具	22
鷫	ns	鳥肅	22
裯	yv	衤周	22
菼	cy	艹炎	22
碨	uw	石畏	22
敧	dy	大又	22
敧	pq	攴奇	22
摎	fl	扌翏	22
摎	fp	扌彡	22
膃	om	月皿	22
膃	ow	月昷	22
耑	ue	山而	22
泙	dp	氵平	22
蛦	iy	虫夷	22
篛	vr	竹弱	22
筳	vt	𥫗廷	22
狜	qg	犭古	22
濩	dh	氵蒦	22
濩	dy	氵又	22
泆	du	氵失	22
鄘	ey	耳庸	22
鰳	yl	魚勒	22
窾	bk	宀款	22
窾	xk	穴款	22
槻	mg	木規	22
鷁	ny	鳥益	22
蘞	cw	艹攵	22
搯	fy	扌舀	22
嚆	kg	口高	22
嚆	kh	口蒿	22
揙	fb	扌扁	22
鵯	nb	鳥卑	22
瀼	dx	氵襄	22
矌	og	目廣	22
掞	fy	扌炎	22
舖	fu	甫舍	22
舖	uf	舍甫	22
滯	dd	氵帶	22
鴦	ny	鳥央	22
搗	fd	扌島	22
擱	fg	扌閣	22
彙	gb	果冖	22
彙	jg	彑果	22
彙	zd	乛丶	22
顛	yv	頁真	22
賊	br	貝戎	22
棟	md	木東	22
軌	ij	車九	22
蘇	ch	艹禾	22
蘇	cs	艹穌	22
髈	gp	骨旁	21
駡	km	口馬	21
駡	mk	馬口	21
饀	uy	食舀	21
隠	ej	阝急	21
隠	ex	阝心	21
鐚	je	金惡	21
邉	zk	辶口	21
誔	yt	言廷	21
萜	ct	艹帖	21
経	su	糸圣	21
眘	do	大目	21
眘	ob	目丷	21
抷	fp	扌丕	21
尓	pd	丿丶	21
尓	px	丿小	21
尓	rx	𠂉小	21
噇	kt	口童	21
吚	ky	口尹	21
勅	lu	力束	21
婞	nx	女幸	21
巘	uq	山犬	21
巘	ux	山獻	21
朒	or	月肉	21
攽	wf	攵分	21
鞶	gb	革般	21
脥	oj	月夾	21
浿	db	氵貝	21
噷	kq	口欠	21
噷	kx	口歆	21
喤	kh	口皇	21
餗	uu	飠束	21
靇	yl	雨龍	21
怮	xy	忄幼	21
軏	iw	車兀	21
瞍	os	目叟	21
瞍	oy	目又	21
憯	xo	忄日	21
憯	xq	忄朁	21
澴	dh	氵睘	21
澴	dy	氵睘	21
鄴	ey	耳業	21
闋	mg	門癸	21
闋	mt	門天	21
朧	ol	月龍	21
艙	vc	舟倉	21
洶	dx	氵匈	21
譚	yt	言覃	21
蔥	cc	艹悤	21
蔥	cx	艹心	21
銅	jt	金同	21
鑰	jc	釒冊	21
鑰	jy	金龠	21
譽	jy	𦥑言	21
譽	yy	言與	21
穌	yh	魚禾	21
滄	dc	氵倉	21
銷	jx	金肖	21
賢	by	貝又	21
績	sz	糸責	21
飊	fy	風焱	20
躭	ug	身乚	20
躭	uy	身冘	20
裩	yk	衤昆	20
舭	vb	舟比	20
脎	ou	月杀	20
煵	hn	火南	20
杄	mq	木千	20
撴	fd	扌敦	20
抜	fy	扌友	20
噐	gk	工口	20
噐	kk	口口	20
刄	dd	刀丶	20
侫	rw	亻妄	20
丗	aa	一一	20
踧	zu	足叔	20
柈	mb	木半	20
餺	uc	食寸	20
餺	uf	食尃	20
嗛	kj	口兼	20
稂	hl	禾良	20
厖	il	厂龙	20
厖	im	厂尨	20
偁	rr	亻冉	20
鈚	jb	金比	20
宧	bi	宀臣	20
飥	uq	飠七	20
飥	ut	飠乇	20
釓	jg	金乚	20
餂	uu	飠舌	20
蒻	cr	艹弱	20
睖	ol	目夌	20
漷	dg	氵郭	20
瘕	bj	疒叚	20
瘕	by	疒又	20
魋	gv	鬼隹	20
鐏	jz	金尊	20
羃	sm	罒幕	20
朓	ov	月兆	20
遯	zt	辶豚	20
陜	ej	阝夾	20
摰	uv	手執	20
橿	mj	木畺	20
盻	ox	目兮	20
釦	jk	金口	20
淂	dc	氵寸	20
鰣	yu	魚時	20
慍	xm	心皿	20
慍	xw	忄昷	20
窪	bg	宀圭	20
窪	bw	宀洼	20
窪	xg	穴圭	20
窪	xw	穴洼	20
覷	jx	見虚	20
葔	ch	艹侯	20
靨	im	厂面	20
靨	mq	面犬	20
靨	my	面厭	20
轅	iy	車袁	20
渦	dg	氵咼	20
渦	dk	氵口	20
蒐	cg	艹鬼	20
鹹	lx	鹵咸	20
曠	og	日廣	20
啞	ky	口亞	20
灘	dn	氵難	20
訣	yd	言丶	20
訣	yg	言夬	20
債	rz	亻責	20
纖	sg	糹戈	20
纖	sx	糹韱	20
斃	sb	死敝	20
斃	sw	死攵	20
謊	yh	言荒	20
漲	dv	氵張	20
麥	lx	來夕	20
麥	xl	夕來	20
鄭	ed	耳奠	20
膪	ok	月口	19
祙	uw	示未	19
瀞	dj	氵静	19
暎	oy	日英	19
徴	xw	彳攵	19
咉	ky	口央	19
効	lj	力交	19
侼	rb	亻孛	19
侼	rz	亻子	19
鎇	jm	金眉	19
薆	ca	艹愛	19
舑	ur	舌冉	19
娭	ny	女矣	19
殽	uy	殳肴	19
粞	mx	米西	19
僇	rl	亻翏	19
僇	rp	亻彡	19
靪	gd	革丁	19
縢	os	月糸	19
沘	db	氵比	19
廞	gq	广欽	19
雚	cv	艹隹	19
隢	ey	阝堯	19
稌	hy	禾余	19
樉	mu	木爽	19
掫	fq	扌取	19
屭	ub	尸贔	19
剬	de	刂而	19
膦	ol	月粦	19
胐	oi	月出	19
晸	ov	日政	19
潝	dx	氵翕	19
潝	dy	氵羽	19
奡	aa	丆丨	19
奡	dd	大リ	19
皏	bb	白并	19
滃	dw	氵翁	19
棬	mj	木卷	19
耵	ed	耳丁	19
楛	mk	木苦	19
矓	ol	目龍	19
扺	fu	扌氏	19
渟	dt	氵亭	19
嬿	ny	女燕	19
玆	xx	玄玄	19
噠	kd	口達	19
巒	us	山糸	19
巒	yu	言山	19
癱	bn	疒難	19
糞	mg	米共	19
糞	my	米異	19
駭	mh	馬亥	19
嗶	kb	口畢	19
艱	cg	廿艮	19
艱	gh	艮𦰩	19
禿	he	禾儿	19
懇	xg	心艮	19
驟	mj	馬聚	19
綱	sg	糹岡	19
韻	yy	音員	19
壽	uc	士寸	19
豈	ud	山豆	19
螢	hi	火虫	19
螢	ib	虫冖	19
鮗	yd	魚冬	18
騒	mz	馬蚤	18
逷	zy	辶易	18
贌	bd	貝丶	18
贌	bf	貝夫	18
贌	bp	貝菐	18
栆	ad	一丶	18
栆	db	冫八	18
暤	og	日皋	18
暤	ou	日十	18
摗	fq	扌欠	18
摗	fu	扌欶	18
巜	aa	乛乛	18
巜	ky	{巜}	18
巜	vv	乛乛	18
酺	yf	酉甫	18
虇	cv	艹隹	18
筦	vw	竹完	18
軿	ib	車并	18
侁	rx	亻先	18
篴	vv	𥫗逐	18
醑	yx	酉胥	18
迶	zy	辶有	18
躘	zl	足龍	18
黦	hw	黑宛	18
袑	yv	衤召	18
疰	bv	疒主	18
遫	zi	辶敕	18
遫	zw	辶攵	18
碻	ug	石高	18
癃	bl	疒隆	18
瑑	wt	王彖	18
瑑	wu	王豕	18
坉	tt	土屯	18
囮	kh	囗化	18
蠙	ib	虫賓	18
洢	dy	氵伊	18
宭	bj	宀君	18
珌	wb	王必	18
銦	jy	金因	18
邅	zd	辶亶	18
祅	uy	示夭	18
蔀	cb	艹部	18
慒	xc	心曹	18
緶	sb	糸便	18
昫	oj	日句	18
頀	yh	音蒦	18
頀	yy	音又	18
虀	cj	艹韭	18
疪	bb	疒比	18
呴	kj	口句	18
柷	mx	木兄	18
擭	fh	扌蒦	18
擭	fy	扌又	18
砵	ub	石本	18
柸	mp	木丕	18
咾	kl	口老	18
鮀	yt	魚它	18
醃	yd	酉电	18
醃	yy	酉奄	18
獰	qn	犭寧	18
嬤	nm	女麽	18
魘	gq	鬼犬	18
魘	gy	鬼厭	18
魘	ig	厂鬼	18
嗆	kc	口倉	18
嚨	kl	口龍	18
篤	vm	𥫗馬	18
憊	xb	心備	18
襯	yq	衤親	18
漁	dy	氵魚	18
寵	bl	宀龍	18
鈕	ji	金丑	18
攔	fj	扌柬	18
攔	fl	扌闌	18
燦	hc	火粲	18
燦	hm	火米	18
擴	fg	扌廣	18
縣	xx	县系	18
吳	kd	口大	18
鬴	gf	鬲甫	17
韮	ca	艹一	17
韮	cj	艹韭	17
靑	fa	一	17
鏰	jb	金崩	17
鈡	jv	金中	17
葊	cc	艹廾	17
葊	cy	艹弇	17
竜	ld	立电	17
竜	lg	立乚	17
皀	bb	白匕	17
瓫	wf	瓦分	17
璹	wu	王壽	17
漤	dl	氵婪	17
涶	di	氵垂	17
昩	om	日末	17
恗	xk	忄夸	17
寃	bt	宀兔	17
変	wy	夊亦	17
変	yw	亦夊	17
嘨	ks	口粛	17
喯	kb	口奔	17
啓	kw	口攵	17
兛	kq	克千	17
藟	cl	艹畾	17
筸	vh	𥫗旱	17
敊	px	攴小	17
敊	uy	上又	17
臞	oq	月瞿	17
臞	ov	月隹	17
檓	mh	木毁	17
鞎	gg	革艮	17
踘	zj	足匊	17
磝	ua	石敖	17
磝	uw	石攵	17
毣	my	毛羽	17
暕	oj	日柬	17
憵	xb	心辟	17
憵	xx	心辛	17
倕	ri	亻垂	17
鬺	gw	鬲勿	17
耰	ly	耒憂	17
倷	rn	亻奈	17
繐	sh	糸惠	17
咷	kv	口兆	17
扜	fy	扌于	17
鬒	iv	髟真	17
儵	rh	亻黑	17
鈮	jn	金尼	17
褵	yl	衤离	17
抯	fq	扌且	17
杬	my	木元	17
唌	ky	口延	17
蜋	il	虫良	17
礄	uq	石喬	17
棌	mc	木采	17
嚧	kl	口盧	17
鑯	jg	釒戈	17
鑯	jx	釒韱	17
搢	fj	扌晋	17
鰡	yl	魚留	17
瓃	wl	王畾	17
豝	ub	豕巴	17
湳	dn	氵南	17
槤	ml	木連	17
鹵	ad	丨丶	17
鹵	bd	卜丶	17
嫵	nw	女無	17
狽	qb	犭貝	17
剷	di	刂產	17
鎔	jr	金容	17
僱	rg	亻雇	17
辮	sx	糸辛	17
辮	xx	辛辛	17
鏢	jp	金票	17
屜	uu	尸世	17
絨	sr	糸戎	17
嘩	kh	口華	17
瓏	wl	王龍	17
瑤	wf	王缶	17
釀	yx	酉襄	17
剝	dl	刂录	17
蠟	il	虫巤	17
餅	ub	食并	17
遜	zs	辶孫	17
屆	uk	尸凵	17
趙	zx	走肖	17
鰏	yf	魚畐	16
鰏	yt	魚田	16
髃	gy	骨禺	16
験	mr	馬人	16
鉄	ju	金失	16
衆	pd	丿丶	16
衆	xd	血丶	16
衆	xy	血乑	16
藠	cb	艹白	16
蔴	cm	艹麻	16
莾	cb	艹奔	16
茓	cx	艹穴	16
簮	vt	𥫗替	16
矈	of	目方	16
眫	ob	目半	16
狢	qg	犭各	16
滛	df	氵缶	16
涭	du	氵受	16
欵	qu	欠矢	16
栢	mb	木百	16
曽	bo	丷日	16
曽	ot	日田	16
旿	ow	日午	16
挰	fi	扌呈	16
慽	xq	心戚	16
宊	bq	宀犬	16
呉	kb	口八	16
乢	gu	乚山	16
乢	ug	山乚	16
鑹	jc	金竄	16
鑹	ju	金鼠	16
鰉	yh	魚皇	16
觱	jx	角咸	16
鴸	nv	鳥朱	16
睮	oy	目俞	16
揳	fq	扌契	16
岕	uj	山介	16
襛	yn	衤農	16
箙	vf	竹服	16
晛	oj	日見	16
鬵	gw	鬲旡	16
鬵	wg	旡鬲	16
筩	vy	𥫗甬	16
妧	ny	女元	16
蕷	cy	艹預	16
睄	ox	目肖	16
殢	dd	歹帶	16
簠	vf	𥫗盙	16
簠	vm	𥫗皿	16
焄	dj	灬君	16
焄	hj	灬君	16
豤	ug	豕艮	16
揌	fs	扌思	16
籥	vc	𥫗冊	16
籥	vy	竹龠	16
鱠	yh	魚會	16
麑	le	鹿兒	16
鴳	na	鳥安	16
礑	ud	石當	16
愖	xu	心甚	16
劄	dd	答刂	16
畷	tu	田双	16
畷	tv	田叕	16
玼	wc	王此	16
脤	oi	月辰	16
觝	jd	角氐	16
羶	yd	羊亶	16
錞	jx	金享	16
擩	fx	扌需	16
汸	df	氵方	16
渧	dd	氵帝	16
霙	yy	雨英	16
栴	md	木丹	16
嵎	uy	山禺	16
犖	hn	火牛	16
犖	nb	牛冖	16
儈	rh	亻會	16
碥	ub	石扁	16
搆	fg	扌冓	16
搆	fr	扌冉	16
鰲	ya	魚敖	16
鰲	yw	魚攵	16
坵	tq	土丘	16
簑	vu	𥫗衰	16
頷	yh	頁含	16
緞	sd	糸段	16
籟	vl	竹賴	16
臍	oq	月齊	16
燼	hj	火盡	16
莖	cg	艹工	16
莖	cj	艹巠	16
葦	cw	艹韋	16
勻	ge	勹二	16
蹺	zy	足堯	16
蘿	cl	艹羅	16
蘿	cw	艹維	16
駁	my	馬爻	16
賠	bk	貝口	16
賠	bp	貝咅	16
謠	yf	言缶	16
麯	mq	麥曲	15
鞰	gw	革昷	15
鞆	gb	革丙	15
蝽	ii	虫春	15
苽	cg	艹瓜	15
肈	yg	聿戈	15
耥	lu	耒尚	15
笹	vu	竹世	15
癕	bv	疒隹	15
癕	by	疒雍	15
濙	dh	氵火	15
濙	dy	氵熒	15
氺	dd	丶丶	15
氺	dm	丶	15
氺	uv	{氺}	15
榢	mj	木家	15
憇	xt	心甜	15
巵	ba	巴一	15
巵	pb	丿巴	15
嵖	ui	山查	15
嗮	ku	口晒	15
嗗	kg	口骨	15
凃	dy	冫余	15
儯	rm	亻馬	15
鐨	jf	金費	15
鈌	jd	金丶	15
鈌	jg	金夬	15
喓	ky	口要	15
吪	kh	口化	15
誙	yg	言工	15
誙	yj	言巠	15
菝	cb	艹拔	15
棐	mf	木非	15
捁	fg	扌告	15
扐	fl	扌力	15
鄚	em	耳莫	15
豗	wu	兀豕	15
蝂	ib	虫版	15
蜺	ie	虫兒	15
纋	sy	糸憂	15
仂	rl	亻力	15
嶮	uq	山僉	15
骻	gk	骨夸	15
袗	yp	衤彡	15
悢	xl	心良	15
皁	bu	白十	15
踖	zx	足昔	15
澥	dj	氵解	15
賨	bz	貝宗	15
莙	cj	艹君	15
怊	xv	忄召	15
鸁	nk	鳥口	15
鸁	wf	亡凡	15
舲	vl	舟令	15
咑	kd	口打	15
礜	uy	石與	15
廎	gq	广頃	15
磞	ub	石崩	15
屝	uf	尸非	15
泹	dd	氵旦	15
錸	jl	金來	15
渼	dm	氵美	15
枴	md	木刀	15
惙	xu	忄双	15
惙	xv	忄叕	15
譟	yz	言喿	15
豊	dq	豆曲	15
豊	qd	曲豆	15
猙	qv	犭争	15
獃	qd	犬豆	15
獃	qq	豈犬	15
旳	ou	日勺	15
黴	rw	彳攵	15
黴	xw	彳攵	15
愜	xj	心夾	15
錘	ji	金垂	15
熾	hg	火戈	15
熾	hv	火戠	15
稟	dh	丶禾	15
稟	hh	禾回	15
稟	wh	亠禾	15
縷	sl	糸婁	15
弔	aa	乛丨	15
弔	ga	弓丨	15
弔	vu	乛丨	15
饋	ug	食貴	15
斂	wq	攵僉	15
鉤	jj	金句	15
釘	jd	金丁	15
濁	di	氵虫	15
濁	du	氵蜀	15
籠	vl	𥫗龍	15
瑋	ww	王韋	15
敘	wy	攵余	15
鄰	el	阝粦	15
嶺	ul	山領	15
碩	uy	石頁	15
譯	yx	言幸	15
鰧	ox	月鮝	14
鰧	oy	月魚	14
頔	yy	頁由	14
踨	zv	足龰	14
袵	yr	衤任	14
蠧	iu	虫石	14
蠧	ui	士虫	14
蟁	im	虫民	14
脲	on	月尿	14
癀	bh	疒黄	14
産	iu	产生	14
産	lu	立生	14
焅	hg	火告	14
栣	mr	木任	14
晈	oj	日交	14
徧	xb	彳扁	14
嬻	nm	女賣	14
匤	ky	匚玉	14
侓	ry	亻聿	14
鮊	yb	魚白	14
盝	ml	皿录	14
崿	ue	山咢	14
堌	tg	土固	14
鵹	nd	鳥ㄉ	14
牣	nr	牛刃	14
楢	mq	木酋	14
鮐	yt	魚台	14
窋	bi	疒出	14
窋	xi	穴出	14
洊	dc	氵存	14
繰	sz	糸喿	14
蚿	ix	虫玄	14
挕	fe	扌耳	14
瓛	wq	王犬	14
瓛	wx	王獻	14
牁	pk	爿可	14
搫	ub	手般	14
慆	xy	心舀	14
劖	di	氵毚	14
劖	dt	刂兔	14
拑	fg	扌甘	14
鰗	yh	魚胡	14
酏	yy	酉也	14
詑	yt	言它	14
硿	uk	石空	14
澒	dx	氵項	14
箠	vi	𥫗垂	14
瑳	wi	王差	14
喣	dj	灬句	14
喣	hj	灬句	14
喣	kd	口灬	14
喣	kh	口灬	14
霅	yy	雨言	14
渻	du	氵省	14
鞷	gg	革鬲	14
郱	eb	耳并	14
尃	cf	寸甫	14
尃	fc	甫寸	14
灕	dl	氵離	14
暋	om	日敃	14
暋	ow	日攵	14
掤	fp	扌朋	14
寑	bq	宀侵	14
紈	sw	糸丸	14
唅	kh	口含	14
輟	iu	車双	14
輟	iv	車叕	14
拺	fc	扌朿	14
苳	cd	艹冬	14
鑾	js	金糸	14
攢	fz	扌贊	14
憚	xd	忄單	14
儸	rl	亻羅	14
儸	rw	亻維	14
訕	yu	言山	14
蠶	io	虫日	14
蠶	iq	虫朁	14
頒	yf	頁分	14
頌	yg	頁公	14
鴉	ny	鳥牙	14
鴉	yn	牙鳥	14
姦	nn	女女	14
磚	uv	石專	14
淪	dl	氵侖	14
癮	bx	疒心	14
癮	by	疒隱	14
淵	da	氵丨	14
貧	bf	貝分	14
飆	fb	風猋	14
飆	fq	風犬	14
贈	bc	貝曾	14
嵐	uf	山風	14
犧	nx	牛羲	14
線	sq	糸泉	14
鱓	yd	魚單	13
陿	ej	阝夾	13
鈎	jg	金勾	13
邭	ej	耳句	13
袿	yg	衤圭	13
穉	hn	禾牛	13
穉	hx	禾犀	13
稧	hq	禾契	13
秗	hy	禾夭	13
睸	om	目眉	13
煶	hu	火是	13
煕	hs	灬巳	13
煕	ds	灬巳	13
済	dq	氵斉	13
涏	dt	氵廷	13
戸	au	一尸	13
憗	xw	心攵	13
妬	nu	女石	13
冂	kd	{冂}	13
兪	rd	人刂	13
亖	ee	二二	13
鰵	ym	魚敏	13
鸑	nq	鳥犬	13
鸑	ny	鳥獄	13
簉	vz	竹造	13
齆	bb	鼻巴	13
齆	by	鼻邕	13
鼢	uf	鼠分	13
楩	mb	木便	13
啅	kv	口卓	13
凘	ds	冫斯	13
脧	oj	月夋	13
矰	uc	矢曾	13
牋	pj	片戔	13
枙	me	木厄	13
巂	uk	山口	13
嶬	uy	山義	13
娀	nr	女戎	13
陏	ey	阝有	13
逌	zk	辶口	13
逌	zy	辶卣	13
輗	ie	車兒	13
臒	oh	月蒦	13
臒	oy	月又	13
柮	mi	木出	13
墦	tf	土番	13
鎲	jd	金党	13
蹠	zu	足庶	13
皦	bj	白敫	13
皦	bw	白攵	13
戤	gy	戈盈	13
恘	xx	忄休	13
嚗	kb	口暴	13
蜼	iv	虫隹	13
粧	mv	米庄	13
禋	ut	示土	13
禋	uy	示垔	13
睍	oj	目見	13
嚚	ik	臣口	13
嚚	kk	口口	13
褯	yx	衤席	13
媟	nm	女木	13
鯷	yu	魚是	13
醄	yt	酉匋	13
痀	bj	疒句	13
勍	lj	力京	13
肐	oq	月乞	13
翯	yg	羽高	13
熛	hp	火票	13
棪	my	木炎	13
摥	fw	扌勿	13
摥	fy	扌昜	13
惛	xh	心昏	13
懽	xg	忄雚	13
懽	xv	忄隹	13
婗	ne	女兒	13
偪	rf	亻畐	13
偪	rt	亻田	13
慥	xz	忄造	13
吥	kb	口不	13
嬬	nx	女需	13
宬	bi	宀成	13
壂	td	土殿	13
壂	tu	土殳	13
讙	yv	言隹	13
榦	mu	木龺	13
榦	um	十木	13
赨	ii	赤虫	13
廕	gy	广陰	13
痾	ba	疒阿	13
氈	md	毛亶	13
慇	xy	心殷	13
蠋	ii	虫虫	13
蠋	iu	虫蜀	13
綵	sc	糸采	13
傜	rf	亻缶	13
譎	yk	言口	13
譎	yy	言矞	13
綴	su	糹双	13
綴	sv	糸叕	13
羈	sm	罒馬	13
樁	mi	木舂	13
樁	mj	木臼	13
穢	hs	禾歲	13
澆	dy	氵堯	13
竅	bj	宀敫	13
竅	bw	宀攵	13
竅	xj	穴敫	13
竅	xw	穴攵	13
槓	mg	木貢	13
釁	fy	分酉	13
釁	jf	𦥑分	13
脹	oi	月長	13
樸	md	木丶	13
樸	mf	木夫	13
樸	mp	木菐	13
漿	uj	水將	13
墊	tv	土執	13
濫	dj	氵監	13
禪	ud	示單	13
礎	ui	石楚	13
釣	ju	金勺	13
盃	bm	不皿	13
盃	mb	皿不	13
彥	pi	彡产	13
彥	wp	文彡	13
韓	uw	十韋	13
韓	wu	韋龺	13
麄	lf	鹿分	12
髥	ia	髟一	12
髥	ir	髟冄	12
鐄	jh	金黄	12
録	jl	金录	12
酙	yd	酉斗	12
軃	ud	身單	12
誱	yj	言疌	12
覩	jv	見者	12
袐	yb	衤必	12
綉	sx	糸秀	12
絙	sg	糸亘	12
粋	mu	米十	12
粋	mz	米卆	12
穂	hh	禾恵	12
穂	hx	禾心	12
祘	uu	示示	12
発	dg	癶乚	12
玽	wj	王句	12
獏	qm	犭莫	12
犂	nd	牛ㄉ	12
煹	hg	火冓	12
煹	hr	火冉	12
滳	du	氵商	12
嫃	nv	女真	12
増	tc	土曾	12
冦	bp	冖攴	12
冦	by	冖又	12
兓	aw	{旡}	12
兓	ww	旡旡	12
侽	rn	亻男	12
壪	tw	土彎	12
瞫	ot	目覃	12
骹	gj	骨交	12
茇	cb	艹犮	12
茇	cy	艹又	12
碞	up	石品	12
炟	hd	火旦	12
磈	ug	石鬼	12
憀	xl	心翏	12
憀	xp	心彡	12
飋	fs	風瑟	12
脰	od	月豆	12
曮	og	日敢	12
曮	oy	日嚴	12
幋	jb	巾般	12
醨	yl	酉离	12
轓	if	車番	12
磉	us	石桑	12
巇	ug	山戈	12
巇	ux	山戲	12
迒	zk	辶亢	12
臲	nw	臬危	12
臲	zw	自危	12
罥	so	罒月	12
碔	uw	石武	12
疢	bh	疒火	12
毦	em	耳毛	12
毦	me	毛耳	12
虩	hx	虎小	12
欬	qh	欠亥	12
挌	fg	扌各	12
恇	xk	心匡	12
碏	ux	石昔	12
硰	uu	沙石	12
勷	lx	力襄	12
魖	gx	鬼虚	12
鐻	jj	金豦	12
鐻	ju	金豕	12
嗏	ki	口茶	12
醁	yl	酉录	12
繄	su	糸殳	12
繄	sy	糸殹	12
橕	mi	木牚	12
橕	my	木牙	12
膆	os	月素	12
煆	hj	火叚	12
稊	hd	禾弟	12
滶	da	氵敖	12
滶	dw	氵攵	12
屇	ut	尸田	12
眝	on	目宁	12
沍	dh	氵互	12
唚	ky	口又	12
漧	dq	氵乾	12
酇	ez	耳贊	12
礞	um	石蒙	12
磳	uc	石曾	12
姵	nf	女巿	12
姵	nj	女巾	12
璫	wd	王當	12
荖	cl	艹老	12
燐	hl	火粦	12
雰	yf	雨分	12
贗	bn	貝鳥	12
贗	by	貝鴈	12
贗	ib	厂貝	12
闍	mv	門者	12
慬	xj	忄堇	12
緲	sm	糸眇	12
綢	sv	糸周	12
囑	ku	口屬	12
梟	mn	{木}鳥	12
梟	nm	{鳥}木	12
驀	mm	莫馬	12
鍛	jd	金段	12
悵	xi	忄長	12
詐	yv	言乍	12
腫	ov	月重	12
壺	ua	士一	12
壺	uy	士亞	12
膠	ol	月翏	12
膠	op	月彡	12
蝦	ij	虫叚	12
趨	zc	走屮	12
趨	zi	走芻	12
銘	jm	金名	12
魀	gj	鬼介	11
飸	uh	食号	11
鞧	gq	革酋	11
閦	mv	門众	11
訳	yi	言尺	11
覼	je	見爾	11
覙	je	見尔	11
袠	dy	丶{衣下}	11
袠	wy	亠{衣下}	11
袠	yu	衣失	11
蒒	cu	艹師	11
緤	sm	糸木	11
糥	me	米而	11
睲	ox	目星	11
癴	bl	疒攣	11
癴	bu	疒手	11
猨	qy	犭爰	11
熣	hc	火崔	11
焇	hx	火肖	11
歯	vk	止凵	11
様	mu	木水	11
椀	mw	木宛	11
擵	fm	扌摩	11
憙	xx	心喜	11
愽	xc	心寸	11
愽	xf	心尃	11
姫	ni	女臣	11
喴	kw	口威	11
厠	iz	厂則	11
兎	pd	丿丶	11
濚	dm	氵木	11
濚	dr	氵榮	11
薿	cy	艹疑	11
唶	kx	口昔	11
耔	lz	耒子	11
焟	hx	火昔	11
淊	dj	氵臼	11
淊	dx	氵臽	11
壖	tx	土需	11
駹	ml	馬龙	11
駹	mm	馬尨	11
訑	yy	言也	11
褾	yp	衤票	11
菿	cd	艹到	11
睆	ow	目完	11
狑	ql	犭令	11
哱	kb	口孛	11
哱	kz	口子	11
鋋	jy	金延	11
蔾	cl	艹棃	11
蔾	cm	艹木	11
漻	dl	氵翏	11
漻	dp	氵彡	11
衕	xi	彳亍	11
衕	xt	行同	11
烓	hg	火圭	11
滈	dg	氵高	11
淛	dv	氵制	11
姱	nk	女夸	11
駰	my	馬因	11
鷬	nh	鳥黄	11
鵚	nt	鳥秃	11
趫	zq	走喬	11
膙	oq	月强	11
擿	fu	扌適	11
嫞	ny	女庸	11
鐠	jp	金普	11
鉏	jq	金且	11
郈	eh	耳后	11
閈	mg	門干	11
菥	cx	艹析	11
篨	vi	竹除	11
毷	mm	毛冒	11
徶	xb	彳敝	11
嵁	uu	山甚	11
哃	kt	口同	11
佽	rc	亻次	11
珫	wi	王充	11
澽	dj	氵豦	11
澽	du	氵豕	11
嶓	uf	山番	11
堷	ty	土音	11
蘘	cx	艹襄	11
呠	kb	口本	11
儭	rj	亻見	11
儭	rq	亻親	11
牮	nd	牛代	11
帩	jx	巾肖	11
騃	my	馬矣	11
帢	jh	巾合	11
筴	vj	竹夾	11
蹍	zv	足展	11
蟳	ix	虫尋	11
詨	yj	言交	11
葅	cq	艹且	11
葅	cz	艹俎	11
誸	yx	言弦	11
秅	hq	禾七	11
秅	ht	禾乇	11
欶	qu	欠束	11
欶	uq	束欠	11
廾	aa	一丨	11
廾	ck	{廾}	11
秏	hm	禾毛	11
哖	kn	口年	11
齬	iw	齒吾	11
噉	kg	口敢	11
瑮	wl	王栗	11
琱	wv	王周	11
颼	fs	風叟	11
攙	fi	扌毚	11
攙	ft	扌兔	11
欉	mc	木叢	11
欉	my	木又	11
蹧	zc	足曹	11
繚	sl	糸尞	11
繚	sx	糸小	11
鯛	yv	魚周	11
齪	iz	齒足	11
齷	iw	齒屋	11
縈	hs	火糸	11
縈	sb	糸冖	11
繆	sl	糸翏	11
繆	sp	糸彡	11
緬	sm	糸面	11
絞	sj	糸交	11
轍	iw	車攵	11
瑣	wb	王貝	11
緝	se	糹耳	11
緝	sq	糹咠	11
錐	jv	金隹	11
絆	sb	糸半	11
嘔	kq	口區	11
贖	bm	貝賣	11
攪	fj	扌覺	11
釵	ji	金叉	11
盞	mj	皿戔	11
鵬	np	鳥朋	11
僕	rd	亻丶	11
僕	rf	亻夫	11
僕	rp	亻菐	11
醬	yj	酉將	11
諧	yj	言皆	11
曆	io	厂日	11
曆	oh	日禾	11
崗	ug	山岡	11
刪	dc	刂册	11
蕭	cs	艹肅	11
鯾	yb	魚便	10
髴	if	髟弗	10
裇	yx	衤血	10
衠	xi	彳亍	10
衠	xv	行真	10
蝲	id	虫刂	10
蝲	il	虫剌	10
臓	oc	月蔵	10
脒	om	月米	10
筞	vs	𥫗宋	10
碝	ud	石大	10
矋	ol	目厲	10
矋	ow	目萬	10
瓌	wh	王褱	10
瓌	wy	王{衣下}	10
牐	pi	片臿	10
煼	hc	火屮	10
煼	hi	火芻	10
烕	gh	戈火	10
烕	gm	戈灭	10
烕	hg	火戈	10
烕	wh	戊火	10
烕	wm	戊灭	10
涰	du	氵双	10
涰	dv	氵叕	10
気	qi	气乂	10
気	qw	气乂	10
杦	mj	木久	10
攅	fz	扌賛	10
拝	ff	扌丰	10
抅	fg	扌勾	10
帲	jb	巾并	10
巗	ug	山敢	10
巗	uy	山嚴	10
峵	uh	山宏	10
尫	ww	兀王	10
嬢	ny	女{衣下}	10
婙	nv	女争	10
夋	sw	厶夂	10
夋	wb	夂八	10
勈	ly	力甬	10
処	wj	夂几	10
兯	be	丷卩	10
俢	rp	亻彡	10
乗	pd	丿丶	10
䴉	nh	鳥睘	10
䴉	ny	鳥睘	10
銊	ja	金一	10
銊	jx	金戌	10
酕	ym	酉毛	10
澨	du	氵筮	10
澨	dw	氵巫	10
浟	dw	氵攵	10
浟	dy	氵攸	10
吰	kh	口厷	10
吰	ks	口厶	10
靰	gw	革兀	10
簰	vp	𥫗牌	10
潏	dk	氵口	10
潏	dy	氵矞	10
歠	qy	欠酉	10
僄	rp	亻票	10
蓏	cg	艹瓜	10
爧	hl	火靈	10
爧	hw	火巫	10
枲	mt	木台	10
枲	sd	厶呆	10
圞	kl	囗欒	10
圞	km	囗木	10
飂	fl	風翏	10
飂	fp	風彡	10
鄗	eg	耳高	10
軦	ix	車兄	10
踶	zu	足是	10
禂	uv	示周	10
瘝	bd	疒丶	10
牚	dy	丶牙	10
牚	xy	牙	10
牚	yk	牙口	10
湝	dj	氵皆	10
貙	vq	豸區	10
褅	yd	衤帝	10
苙	cl	艹立	10
揵	fj	扌建	10
嫀	nq	女秦	10
冓	aa	一一	10
冓	jr	井冉	10
鞡	gl	革拉	10
綯	st	糸匋	10
矔	ov	目隹	10
潟	dd	氵灬	10
潟	dh	氵灬	10
涷	dd	氵東	10
勀	lk	力克	10
釬	jg	金干	10
鄫	ec	耳曾	10
踚	zl	足侖	10
諕	yh	言虎	10
羒	yf	羊分	10
秖	hu	禾氏	10
楏	mk	木奎	10
寖	bj	宀浸	10
剚	du	刂事	10
跓	zv	足主	10
螲	iv	虫窒	10
臑	ox	月需	10
諔	yu	言叔	10
洴	db	氵并	10
泩	du	氵生	10
檡	mx	木幸	10
鑱	ji	金毚	10
鑱	jt	金兔	10
斁	sw	罒攵	10
斁	wx	攵幸	10
矊	om	目綿	10
貒	ve	豸而	10
讞	yq	言犬	10
讞	yx	言獻	10
桲	mb	木孛	10
桲	mz	木子	10
僊	rs	亻巳	10
譪	yg	言葛	10
蟢	ix	虫喜	10
鉆	jv	金占	10
姶	nh	女合	10
琩	wi	王昌	10
泝	di	氵斥	10
錧	jg	金官	10
篋	vj	竹夾	10
篋	vq	𥫗匧	10
氳	qm	气皿	10
氳	qw	气昷	10
蕓	cy	艹雲	10
鷿	nb	鳥辟	10
鷿	nx	鳥辛	10
鍠	jh	金皇	10
粄	mf	米反	10
卲	ev	卩召	10
糬	mu	米署	10
鐺	jd	金當	10
迵	zt	辶同	10
嘮	kl	口勞	10
璉	wl	王連	10
颯	fl	風立	10
颯	lf	立風	10
痠	bj	疒夋	10
鯊	yu	魚沙	10
窯	bg	宀羔	10
窯	xg	穴羔	10
籬	vl	竹離	10
髏	gl	骨婁	10
塹	tv	土斬	10
曇	oy	日雲	10
廬	gl	广盧	10
繽	sb	糸賓	10
鈍	jt	金屯	10
妝	np	女爿	10
妝	pn	爿女	10
摯	uv	手執	10
廚	gc	广寸	10
廚	gu	广尌	10
峽	uj	山夾	10
娛	nw	女吴	10
鴨	nj	鳥甲	10
欽	jq	金欠	10
欽	qj	欠金	10
誼	yy	言宜	10
鼑	bd	卜鼎	9
鼑	db	鼎卜	9
髢	iy	髟也	9
騨	md	馬单	9
鞓	gi	革呈	9
鐧	jj	金間	9
醌	yk	酉昆	9
遈	zu	辶是	9
辢	ux	束辛	9
辢	xu	辛束	9
覊	xm	覀馬	9
覀	aa	一一	9
覀	xi	{覀}	9
襈	yg	衤共	9
裭	yh	衤虎	9
袮	yx	衤小	9
袮	ye	衤尓	9
蓚	cx	艹修	9
筻	vg	𥫗更	9
瞹	oa	目愛	9
眤	on	目尼	9
盫	hm	合皿	9
盫	my	皿酉	9
痃	bx	疒玄	9
疒	by	{疒}	9
疒	da	丶一	9
瓓	wj	王柬	9
瓓	wl	王闌	9
璄	we	王儿	9
璄	wj	王竟	9
瑺	wi	王常	9
琙	wh	王或	9
珹	wi	王成	9
熖	hy	火舀	9
熕	hg	火貢	9
橸	mj	木晶	9
曎	ox	日幸	9
曎	oy	月睪	9
暏	ov	日者	9
昬	om	日民	9
敠	pu	攴双	9
敠	pv	攴叕	9
敠	yy	又又	9
捒	fu	扌束	9
挵	fn	扌弄	9
恡	xh	心厷	9
恡	xs	心厶	9
弍	ye	弋二	9
幒	jc	巾悤	9
幒	jx	巾心	9
巊	uy	山嬰	9
宍	bl	宀六	9
妰	nv	女乍	9
埈	tj	土夋	9
囖	kl	口籮	9
囖	kw	口维	9
噑	kg	口皐	9
噑	ku	口十	9
嗱	kn	口拿	9
喹	kk	口奎	9
哊	ky	口有	9
呪	kx	口兄	9
厪	ij	厂堇	9
冖	bk	{冖}	9
冖	da	丶乛	9
冖	dv	丶乛	9
兠	be	北儿	9
兠	eb	儿白	9
儾	rn	亻囊	9
倂	rb	亻并	9
鑥	jl	金魯	9
榲	mm	木皿	9
榲	mw	木昷	9
鵩	nf	鳥服	9
駉	mj	木冋	9
駉	mk	馬口	9
趷	zq	足乞	9
蝜	if	虫負	9
恞	xy	心夷	9
孋	nl	女麗	9
迻	zd	辶多	9
蟦	ib	虫賁	9
翣	yq	羽妾	9
榾	mg	木骨	9
娵	nq	女取	9
繖	ss	糸散	9
稃	hf	禾孚	9
癚	bv	疒詹	9
癚	by	疒言	9
鯫	yq	魚取	9
餖	ud	飠豆	9
鷃	ny	鸟晏	9
鷃	na	鸟安	9
郪	eq	耳妻	9
豖	ad	丆丶	9
琭	wl	王录	9
熥	ht	火通	9
吙	kh	口火	9
刲	dg	刂圭	9
髽	iz	髟坐	9
蠈	iz	虫賊	9
穟	hs	禾遂	9
斶	ji	斤虫	9
斶	ju	斤蜀	9
鉥	ju	金术	9
礧	ul	石畾	9
鳷	nv	鳥支	9
騑	mf	馬非	9
駮	mj	馬交	9
銹	jx	金秀	9
蘪	cm	艹麋	9
蒑	cy	艹殷	9
菂	cd	艹的	9
櫜	ad	一呆	9
櫜	di	呆処	9
櫜	mk	木口	9
楉	mr	木若	9
撝	fw	扌爲	9
喭	ky	口彦	9
俁	rw	亻吴	9
裛	dy	丶{衣下}	9
裛	wy	亠{衣下}	9
裛	yb	衣巴	9
裛	yy	衣邑	9
秬	hj	禾巨	9
啈	kx	口幸	9
頲	yt	頁廷	9
鸂	nx	鳥奚	9
闉	mt	門土	9
闉	my	門垔	9
襩	ym	衤賣	9
龒	lu	龍示	9
荅	ch	艹合	9
攲	vq	支奇	9
啑	kj	口疌	9
薀	cw	艹温	9
鼽	bj	鼻九	9
鷟	nz	鳥族	9
玃	qj	犭矍	9
玃	qy	犭又	9
嵂	ul	山律	9
俍	rl	亻良	9
鬅	ip	髟朋	9
骴	gc	骨此	9
邲	eb	耳必	9
剕	df	刂非	9
詌	yg	言甘	9
躩	zj	足矍	9
躩	zy	足又	9
嬾	nl	女賴	9
噭	kj	口敫	9
噭	kw	口攵	9
褭	dy	丶{衣下}	9
褭	wy	亠{衣下}	9
褭	ym	衣馬	9
睌	om	目免	9
榑	mc	木寸	9
榑	mf	木尃	9
啗	kj	口臼	9
啗	kx	口臽	9
呺	kh	口号	9
頞	ya	頁安	9
餔	uf	食甫	9
訧	yy	言尤	9
隄	eu	阝是	9
枓	md	木斗	9
軫	ip	車彡	9
彫	pv	彡周	9
鏗	jj	金堅	9
喫	kq	口契	9
綣	sj	糸卷	9
鞦	gq	革秋	9
姍	nc	女册	9
缽	fb	缶本	9
躪	zl	足藺	9
躪	zv	足隹	9
矚	ou	目屬	9
傌	rm	亻馬	9
僥	ry	亻堯	9
鏟	ji	金產	9
曖	oa	日愛	9
綺	sq	糸奇	9
齣	ij	齒句	9
駝	mt	馬它	9
覓	vj	爫見	9
穎	hy	禾頁	9
穎	yh	頁禾	9
劑	dq	刂齊	9
鶴	nv	鳥隹	9
遷	zs	辶巳	9
貢	bg	貝工	9
貢	gb	工貝	9
淺	dj	氵戔	9
鴻	dn	氵鳥	9
鴻	nj	鳥江	9
薦	cd	艹灬	9
薦	ch	艹灬	9
薦	cv	艹廌	9
輯	ie	車耳	9
輯	iq	車咠	9
黱	oh	月黑	8
鷄	nx	鳥奚	8
鰃	yw	魚畏	8
鮎	yv	魚占	8
頬	yj	頁夹	8
錅	jd	金ㄉ	8
讃	yz	言賛	8
訫	yx	言心	8
褀	yq	衤其	8
袊	yl	衤令	8
蚮	id	虫代	8
薬	cl	艹楽	8
薬	cm	艹木	8
薬	cy	艹楽	8
蒄	cg	艹冠	8
莂	cb	艹别	8
艶	sd	色豆	8
艶	sl	色豊	8
聻	ej	耳漸	8
耱	lm	耒磨	8
翝	yh	羽宏	8
罇	fz	缶尊	8
続	se	糸儿	8
続	sk	糸売	8
粫	me	米而	8
粃	mb	米比	8
籄	vk	竹匱	8
簕	vl	𥫗勒	8
稲	hj	禾臼	8
硏	ug	石干	8
硏	uk	石开	8
県	ox	目小	8
眆	of	目方	8
癶	ad	乛丶	8
癶	dg	{癶}	8
癶	vd	乛丶	8
狓	qp	犭皮	8
爄	hl	火厲	8
爄	hw	火萬	8
焃	hi	火赤	8
澻	ds	氵遂	8
渉	db	氵歩	8
渉	du	氵少	8
歀	qn	欠柰	8
歀	qu	欠示	8
敍	py	攴余	8
敍	yy	余又	8
撃	uu	手殳	8
摚	ft	扌堂	8
捜	fs	扌叟	8
抝	fh	扌幻	8
怰	xx	心玄	8
弎	ys	弋三	8
広	gs	广厶	8
巚	uq	山犬	8
巚	ux	山獻	8
嵵	uu	山時	8
屛	ub	尸并	8
孉	nv	女隹	8
奍	df	リ夫	8
奍	jd	龹リ	8
坬	tg	土瓜	8
嚞	jj	吉吉	8
嚔	kv	口龰	8
嘷	kg	口臯	8
嘷	ku	口十	8
営	dl	丶吕	8
営	lb	吕冖	8
唘	ky	口又	8
呟	kx	口玄	8
勊	lk	力克	8
冿	dy	冫聿	8
冨	bf	冖畐	8
冨	bt	冖田	8
冡	bu	冖豕	8
兞	km	克毛	8
兏	pe	𠂆儿	8
傐	rg	亻高	8
偱	rd	亻盾	8
値	ra	亻𠃊	8
値	rv	亻直	8
俆	ry	亻余	8
仏	rs	亻厶	8
鰁	yq	魚泉	8
訩	yx	言凶	8
鋿	ju	金尚	8
鄀	er	耳若	8
虡	hb	虍八	8
篜	vd	𥫗灬	8
篜	vh	𥫗灬	8
篜	vv	𥫗烝	8
嵕	uw	山夂	8
諠	yx	言宣	8
緌	sw	糸委	8
珝	wy	王羽	8
珖	wg	王光	8
浭	dg	氵更	8
敁	pv	攴占	8
敁	vp	占攴	8
敁	vy	占又	8
搒	fp	扌旁	8
剟	du	刂双	8
剟	dv	刂叕	8
飣	ud	食丁	8
韄	gh	革蒦	8
韄	gy	革又	8
鐩	js	金遂	8
蠸	ig	虫雚	8
蠸	iv	虫隹	8
蝪	iy	虫昜	8
碢	ug	石咼	8
碢	uk	石口	8
曒	oj	日敫	8
曒	ow	日攵	8
撦	fu	扌奢	8
愄	xw	忄畏	8
塨	tg	土恭	8
籪	vd	𥫗斷	8
黐	hl	禾离	8
黐	lu	离氺	8
雔	vv	隹隹	8
藨	cb	艹麃	8
藨	cd	艹灬	8
藨	ch	艹灬	8
斠	dg	斗冓	8
斠	dr	斗冉	8
巃	ul	山龍	8
墻	th	土回	8
墻	ts	土嗇	8
嗃	kg	口高	8
僣	rt	亻替	8
鰒	yf	魚复	8
猋	qq	犬犬	8
淴	dh	氵忽	8
橧	mc	木曾	8
昡	ox	日玄	8
摐	fc	扌從	8
摐	fv	扌龰	8
幙	jm	巾莫	8
嫿	nh	女畫	8
魼	yq	魚去	8
阬	ek	阝亢	8
蓇	cg	艹骨	8
縰	sv	糸龰	8
縰	sx	糸徙	8
穄	hj	禾祭	8
禚	ug	示羔	8
眐	ov	目正	8
槱	md	木灬	8
槱	mh	木灬	8
椯	me	木而	8
枌	mf	木分	8
敻	dw	攵	8
幰	jx	巾憲	8
餕	uj	飠夋	8
旵	ou	日山	8
抆	fw	扌文	8
忳	xt	心屯	8
媼	nm	女皿	8
媼	nw	女昷	8
媢	nm	女冒	8
駃	md	馬丶	8
駃	mg	馬夬	8
蓺	cv	艹執	8
絰	sv	糸至	8
楻	mh	木皇	8
桯	mi	木呈	8
龑	lt	龍天	8
鼕	gd	鼓冬	8
鄡	em	阝木	8
鄡	ex	阝梟	8
騠	mu	馬是	8
脁	ov	月兆	8
癉	bd	疒單	8
狉	qp	犭丕	8
曀	oy	日壹	8
巹	ji	己丞	8
髣	if	髟方	8
醽	yk	酉口	8
醽	yl	酉霝	8
譓	yh	言惠	8
蚆	ib	虫巴	8
彽	xd	彳氐	8
傞	ri	亻差	8
縺	sl	糸連	8
幵	gg	干干	8
瘃	bd	疒丶	8
瘃	bi	疒豖	8
絯	sh	糸亥	8
煠	hm	火木	8
椪	mb	木並	8
騂	mx	馬辛	8
韡	wh	韋華	8
掁	fi	扌長	8
玨	ww	王王	8
擼	fl	扌魯	8
刓	dy	刂元	8
潚	ds	氵肅	8
嘓	kg	口國	8
茖	cg	艹各	8
迾	zl	辶列	8
搰	fg	扌骨	8
眥	oc	目此	8
壎	tx	土熏	8
捵	fd	扌典	8
灩	dh	氵盍	8
灩	dm	氵皿	8
卹	ex	卩血	8
璊	wr	王入	8
脢	om	月每	8
麤	ll	鹿鹿	8
幀	jv	巾貞	8
倣	rf	亻放	8
軻	ik	車可	8
壼	uy	士亞	8
岍	uk	山开	8
颳	fu	風舌	8
菫	ca	艹一	8
膫	ol	月尞	8
膫	ox	月小	8
餚	uy	食肴	8
摃	fg	扌貢	8
箇	vg	𥫗固	8
譁	yh	言華	8
畝	jm	久亩	8
畝	mj	亩久	8
芻	gc	勹屮	8
椏	my	木亞	8
顱	yl	頁盧	8
揀	fj	扌柬	8
漣	dl	氵連	8
瘡	bc	疒倉	8
絢	sx	糸旬	8
煚	hj	火巨	8
贅	ba	貝敖	8
贅	bw	貝攵	8
鏽	js	金肅	8
毆	uq	殳區	8
馴	mi	馬川	8
憫	xm	忄閔	8
闌	mj	門柬	8
蘆	cl	艹盧	8
繡	ss	糸肅	8
輾	iv	車展	8
檳	mb	木賓	8
逕	zg	辶工	8
逕	zj	辶巠	8
綽	sv	糸卓	8
燭	hi	火虫	8
燭	hu	火蜀	8
蘊	cw	艹昷	8
晉	ao	一日	8
晉	oa	日一	8
靂	yl	雨歷	8
靂	yv	雨止	8
繪	sh	糸會	8
鴂	nd	鳥丶	7
鴂	ng	鳥夬	7
鮝	jy	龹魚	7
鮝	yf	魚夫	7
頟	yg	頁各	7
関	mg	門关	7
鏁	ji	金巢	7
醿	ym	酉縻	7
醿	ys	酉糸	7
邩	eh	耳火	7
邩	he	火阝	7
遡	zo	辶月	7
遡	zu	辶朔	7
辧	dx	刀辛	7
辧	xx	辛辛	7
詥	yh	言合	7
觹	jg	角𠃌	7
觹	jj	角雋	7
覧	jv	見{竹半}	7
覥	jd	見典	7
覠	jj	君見	7
覇	xo	覀月	7
衺	dy	丶{衣下}	7
衺	wy	亠{衣下}	7
衺	yy	衣牙	7
蛼	ii	虫車	7
薫	cx	艹熏	7
膸	oo	月月	7
膸	os	月遀	7
腂	og	月果	7
耭	lj	耒幾	7
緑	sl	糸录	7
綫	sj	糸戔	7
箒	vj	𥫗巾	7
箒	vv	𥫗帚	7
矴	ud	石丁	7
瞐	oo	目目	7
眔	sd	罒丶	7
皥	bg	白臯	7
皥	bu	白十	7
甁	wb	瓦并	7
璬	wj	王敫	7
璬	ww	王攵	7
瑬	yl	玉流	7
獕	qc	犭崔	7
猂	qh	犭旱	7
牀	pm	爿木	7
爠	hq	火瞿	7
爠	hv	火隹	7
烱	hj	火冏	7
烱	hk	火口	7
灋	dq	氵去	7
瀂	dl	氵魯	7
淸	dq	氵青	7
浄	dv	氵争	7
殹	uy	殳医	7
歳	vx	止小	7
槺	mk	木康	7
槡	ms	木桑	7
槖	mu	木石	7
槖	um	士木	7
栿	mf	木伏	7
栃	ml	木厉	7
挙	ux	手兴	7
慤	xq	心殼	7
慤	xu	心殳	7
恾	xm	心芒	7
忬	xy	心予	7
弾	gd	弓单	7
廸	zy	廴由	7
巐	uu	山昇	7
対	cw	寸文	7
対	wc	文寸	7
寽	vc	爫寸	7
孼	zx	子辛	7
奤	dm	大面	7
夐	dw	攵	7
夐	wo	夂目	7
壡	bu	卜圣	7
壡	ru	睿圣	7
壡	uo	圣目	7
墵	ty	土雲	7
垐	tc	土次	7
咲	kg	口关	7
吅	kk	口口	7
叚	ad	乛丶	7
叚	jw	{叚}	7
冺	dm	冫民	7
冃	ke	冂二	7
兡	kb	克百	7
僷	rm	亻葉	7
僷	rm	亻木	7
伮	rn	亻奴	7
乄	gd	㇢丶	7
鷘	ni	鳥敕	7
鷘	nw	鳥攵	7
鄩	ex	耳尋	7
觺	jy	角疑	7
巑	uz	山贊	7
崌	uj	山居	7
怤	xf	心付	7
弨	gv	弓召	7
鞚	gk	革空	7
雊	vj	隹句	7
椸	mu	木施	7
椓	md	木丶	7
椓	mi	木豖	7
椓	mu	木豕	7
抶	fu	扌失	7
愊	xf	心畐	7
愊	xt	心田	7
鬖	ic	髟參	7
跅	zi	足斥	7
獝	qk	犭口	7
獝	qy	犭矞	7
漦	ui	水厂	7
漦	uw	水攵	7
漦	wu	未水	7
抳	fn	扌尼	7
墥	tt	土童	7
鴙	nu	鳥矢	7
鴙	un	矢鳥	7
蔍	cl	艹鹿	7
祲	uy	示又	7
眱	oy	目夷	7
洿	dk	氵夸	7
毼	mh	毛曷	7
唃	kj	口角	7
胘	ox	月玄	7
磥	ul	石累	7
晻	od	日电	7
晻	oy	日奄	7
僝	ri	亻孱	7
僝	rz	亻子	7
鮹	yx	魚肖	7
蹎	zv	足真	7
踀	zz	足足	7
藘	cl	艹慮	7
絁	sy	糸也	7
礐	ju	{舉上}石	7
礐	ub	石冖	7
矎	ow	目攵	7
矎	ox	目夐	7
佖	rb	亻必	7
鴈	in	厂鳥	7
膲	oj	月焦	7
腃	oj	月卷	7
珇	wq	王且	7
狶	qx	犭希	7
懭	xg	忄廣	7
賵	bm	貝冒	7
髆	gc	骨寸	7
髆	gf	骨尃	7
綹	sj	糸咎	7
綹	sk	糸口	7
祫	uh	示合	7
炵	hd	火冬	7
朼	mb	木匕	7
抈	fo	扌月	7
銣	jr	金如	7
鉶	jx	金刑	7
矉	ob	目賓	7
畇	ty	田匀	7
枻	mu	木世	7
卼	ww	兀危	7
阢	ew	阝兀	7
睩	ol	目录	7
犽	qy	犭牙	7
牸	nz	牛字	7
熯	hh	火𦰩	7
歭	vs	止寺	7
踦	zq	足奇	7
蝭	iu	虫是	7
玁	qg	犭敢	7
玁	qy	犭嚴	7
矙	og	目敢	7
矙	ok	目闞	7
搊	fc	扌屮	7
搊	fi	扌芻	7
翂	yf	羽分	7
麃	ld	鹿灬	7
麃	lh	鹿灬	7
霬	yg	雨共	7
霬	yy	雨異	7
繙	sf	糸番	7
晬	oz	日卒	7
昒	ow	日勿	7
侲	ri	亻辰	7
遝	zd	辶丶	7
愒	xh	忄曷	7
玊	wd	王丶	7
揅	uy	手研	7
埇	ty	土甬	7
畾	tt	田田	7
佪	rh	亻回	7
耹	ej	耳今	7
悁	xo	忄月	7
塭	tw	土昷	7
搕	fh	扌盍	7
搕	fm	扌皿	7
俇	rk	亻狂	7
澪	dl	氵零	7
菾	ct	艹忝	7
菾	cx	艹	7
穠	hn	禾農	7
矘	od	目黨	7
瞱	oh	目華	7
櫬	mq	木親	7
厎	id	厂氐	7
餽	ug	食鬼	7
噥	kn	口農	7
囁	kn	口聶	7
豋	dy	登又	7
謢	yv	言隻	7
謢	yy	言又	7
褉	yq	衤契	7
癈	bf	疒發	7
馱	md	馬大	7
絹	so	糸月	7
癟	bl	疒侖	7
躄	zb	足辟	7
躄	zx	足辛	7
顰	bp	卑頻	7
輦	if	車夫	7
鬨	dg	鬥共	7
餿	us	食叟	7
鑲	jx	金襄	7
賬	bi	貝長	7
瀝	dl	氵歷	7
瀝	dv	氵止	7
隕	ey	耳員	7
靄	yh	雨曷	7
靄	yy	雨謁	7
噯	ka	口愛	7
諂	yj	言臼	7
諂	yx	言臽	7
澱	dd	氵殿	7
澱	du	氵殳	7
虜	hn	虍男	7
嚀	kn	口寧	7
晝	yd	聿旦	7
瀾	dj	氵柬	7
瀾	dl	氵闌	7
殲	dx	歹韱	7
瀉	dd	氵灬	7
瀉	dh	氵灬	7
瀉	dx	氵寫	7
擲	fe	扌阝	7
擲	fv	扌鄭	7
隸	lu	隶示	7
鱉	yb	魚敝	7
鱉	yw	魚攵	7
繭	ci	艹虫	7
鏘	jj	金將	7
譴	yq	言遣	7
鹽	ml	皿鹵	7
瓊	ww	王攵	7
瓊	wx	王夐	7
紐	si	糸丑	7
攜	fj	扌冏	7
攜	fk	扌口	7
鄧	ed	耳登	7
綜	sz	糸宗	7
錦	jb	金帛	7
錦	jj	金巾	7
廠	gi	广敞	7
廠	gw	广攵	7
壘	tl	土畾	7
鷔	na	鳥敖	6
鷔	nw	.	6
鴏	nd	鳥代	6
鱲	yl	.	6
鱑	yh	魚黄	6
鮰	yh	魚回	6
骲	gb	骨包	6
馩	xb	香賁	6
餋	ju	.	6
餋	uf	.	6
頽	yt	頁秃	6
鐭	ja	金奥	6
鏠	jf	金逢	6
醩	yc	酉曹	6
邤	ej	耳斤	6
邤	je	斤阝	6
躙	zl	.	6
躙	zv	足隹	6
貋	vh	豸旱	6
謿	yi	言朝	6
読	ye	.	6
読	yk	.	6
襨	yd	衤對	6
襥	yp	衤僕	6
螋	is	虫叟	6
螋	iy	.	6
莻	cb	艹匕	6
莻	ci	.	6
膔	ol	月鹿	6
腪	oj	月軍	6
脦	ot	月忒	6
総	sx	糸心	6
篶	vy	竹焉	6
竒	dk	.	6
竒	lk	.	6
竒	wk	亠可	6
窰	bf	.	6
窰	xf	穴缶	6
稭	hj	禾皆	6
禑	uy	示禺	6
禆	ub	示卑	6
禃	uv	示直	6
磗	uc	石寸	6
磗	uf	.	6
磂	ul	石留	6
碐	ul	.	6
硑	ub	石并	6
矖	ol	目麗	6
眗	oj	目句	6
眏	oy	目央	6
盇	mt	皿太	6
皐	bu	.	6
璂	wj	王基	6
犠	ny	牛義	6
灬	ho	.	6
灐	dj	.	6
灐	dy	氵鎣	6
渞	du	氵首	6
涙	dd	.	6
涙	dt	.	6
泈	dd	氵冬	6
檿	im	.	6
檿	mq	.	6
檿	my	木厭	6
榺	om	.	6
榺	ym	.	6
楽	bm	.	6
楽	md	木丶	6
楧	my	木英	6
楡	md	.	6
楡	my	木俞	6
査	mq	木且	6
枼	mu	木世	6
晫	ov	日卓	6
昚	do	大日	6
昚	ob	日丷	6
敭	wy	.	6
挒	fl	扌列	6
抦	fb	扌丙	6
扝	fk	扌亏	6
扅	hd	户多	6
愳	xm	.	6
愳	xo	心目	6
巣	dg	丶果	6
巌	ug	山敢	6
巌	uy	.	6
嵰	uj	山兼	6
崅	uj	山角	6
岞	uv	山乍	6
屟	um	尸木	6
娚	nn	女男	6
奺	nj	女久	6
壃	tj	.	6
塩	tm	土皿	6
埗	tb	土步	6
喞	ke	.	6
喞	kj	口即	6
啛	kq	口妻	6
唽	kx	口析	6
唩	kw	口委	6
咗	kz	口左	6
収	jy	丩又	6
収	yj	又丩	6
凂	dm	冫免	6
冮	dg	冫工	6
冎	kk	冂冂	6
兝	kf	克分	6
兙	ku	克十	6
働	rd	亻動	6
傓	ru	亻扇	6
鰤	yu	魚師	6
蝍	ij	虫即	6
瑏	wi	王穿	6
呧	kd	口氐	6
韍	wb	.	6
鴥	nx	鳥穴	6
驌	ms	馬肅	6
饘	ud	食亶	6
郙	ef	耳甫	6
褞	yw	.	6
芛	cy	艹尹	6
糒	my	米用	6
鬋	iq	髟前	6
鄃	ey	耳俞	6
讟	ym	.	6
讟	yy	.	6
瑍	wd	.	6
瑍	wh	王奂	6
熝	hl	火鹿	6
嵉	ut	山亭	6
塥	tg	土鬲	6
儽	rl	.	6
儽	rs	亻糸	6
賧	by	貝炎	6
弳	gg	弓工	6
弳	gj	.	6
鷩	nb	鳥敝	6
鷩	nw	.	6
鷡	nw	鳥無	6
酅	ej	耳冏	6
酅	ek	.	6
邔	ej	耳己	6
邔	je	己阝	6
襆	yd	.	6
襆	yf	衤夫	6
襆	yp	.	6
袚	yb	.	6
蟷	id	虫當	6
菨	cq	艹妾	6
莋	cz	艹作	6
紵	sn	糸宁	6
珋	wm	王卯	6
摴	fk	.	6
摴	fy	扌雩	6
捘	fj	.	6
闒	my	門羽	6
覮	hj	火見	6
覮	jb	見冖	6
胔	rc	肉此	6
胔	sd	.	6
硍	ug	石艮	6
琌	wc	王岑	6
琌	wj	.	6
狌	qu	犭生	6
柫	mf	木弗	6
僁	rx	亻悉	6
譸	yu	言壽	6
鬑	ij	髟兼	6
骫	gw	骨丸	6
跴	zx	足西	6
蜅	if	虫甫	6
肸	ou	月十	6
掟	fd	扌定	6
圂	ku	.	6
呫	kv	口占	6
輇	iq	車全	6
樿	md	木單	6
鰜	yj	魚兼	6
鉓	jj	金巾	6
跙	zq	足且	6
茞	ci	艹臣	6
籧	vj	竹遽	6
籧	vu	.	6
痡	bf	疒甫	6
澿	dj	氵禁	6
櫂	md	木翟	6
櫂	mv	.	6
瞶	og	目貴	6
駥	mr	馬戎	6
葧	cb	艹勃	6
浡	db	氵孛	6
浡	dz	.	6
嚬	kp	口頻	6
饁	uh	飠盍	6
饁	um	.	6
鞳	gd	.	6
鞳	gh	革合	6
隩	ea	阝奥	6
閛	mp	門平	6
諏	yq	言取	6
簁	vv	.	6
簁	vx	竹徙	6
篘	vc	.	6
篘	vi	𥫗芻	6
禬	uh	示會	6
礵	uu	石霜	6
玈	xp	.	6
屮	aa	.	6
屮	ck	.	6
覜	jv	見兆	6
睠	oj	目卷	6
盄	md	皿弔	6
疐	pt	疋田	6
疐	up	十疋	6
柤	mq	木且	6
惷	xi	心春	6
岠	uj	山巨	6
尐	xd	丶	6
塿	tl	土婁	6
蜑	iy	虫延	6
苖	cy	艹由	6
禨	uj	示幾	6
煋	hx	火星	6
嶈	uj	山將	6
鏷	jd	金丶	6
鏷	jf	金夫	6
鏷	jp	金菐	6
揜	fc	扌廾	6
揜	fy	扌弇	6
襴	yj	衤柬	6
襴	yl	衤闌	6
衵	yo	衤日	6
葴	cx	艹咸	6
獦	qg	犭葛	6
澼	db	氵辟	6
澼	dx	氵辛	6
湅	dj	氵柬	6
晙	oj	日夋	6
撾	fg	扌過	6
剺	di	刀厂	6
剺	dw	刀攵	6
剺	wd	未刀	6
阺	ed	耳氐	6
啽	kc	口廾	6
啽	ky	口弇	6
騕	my	馬要	6
晲	oe	日兒	6
昄	of	日反	6
婌	nu	女叔	6
刜	df	刂弗	6
穜	ht	禾童	6
璥	wj	王敬	6
儅	rd	亻當	6
闐	mv	門真	6
萣	cd	艹定	6
昜	ow	日勿	6
孅	ng	女戈	6
孅	nx	女韱	6
逤	zu	辶沙	6
綀	su	糸束	6
驎	ml	馬粦	6
駸	my	馬又	6
鋘	jw	金吴	6
濔	de	氵爾	6
懆	xz	忄喿	6
礬	mu	木石	6
礬	ud	石大	6
籣	vj	𥫗柬	6
籣	vl	𥫗闌	6
絛	rs	亻糸	6
舋	jq	𦥑且	6
舋	qb	且宀	6
痳	bl	疒林	6
怹	xt	心他	6
苺	cm	艹母	6
躝	zj	足柬	6
躝	zl	足闌	6
虯	ij	虫丩	6
棓	mk	木口	6
棓	mp	木咅	6
剮	dg	刂咼	6
剮	dk	刂口	6
驃	mp	馬票	6
庛	gc	广此	6
瘉	by	疒俞	6
浹	dj	氵夾	6
憭	xl	忄尞	6
憭	xx	忄小	6
鍚	jy	釒昜	6
搾	fv	扌窄	6
陝	ej	阝夾	6
矕	os	目糸	6
矕	yo	言目	6
躡	zn	足聶	6
伝	ry	亻云	6
犛	ni	牛厂	6
犛	wn	未牛	6
堐	ty	土厓	6
躑	ze	足阝	6
躑	zv	足鄭	6
駟	ms	馬四	6
惻	xz	心則	6
鷲	nj	鳥就	6
軼	iu	車失	6
糰	mt	米團	6
鈿	jt	金田	6
亙	aa	一一	6
睞	ol	目來	6
詔	yv	言召	6
鑿	ju	金殳	6
褻	dy	丶{衣下}	6
褻	wy	亠{衣下}	6
褻	yv	衣執	6
瀕	dp	氵頻	6
蠣	il	虫厲	6
蠣	iw	虫萬	6
頤	yi	頁臣	6
摳	fq	扌區	6
韌	wr	韋刃	6
鵑	no	鳥月	6
鉅	jj	金巨	6
裊	ny	{鳥}衣	6
裊	yn	衣{鳥}	6
欖	mj	木見	6
欖	ml	木覽	6
譏	yj	言幾	6
紳	su	糸申	6
懺	xg	忄戈	6
懺	xx	忄韱	6
襪	ym	衤蔑	6
頃	by	匕頁	6
頃	yb	頁匕	6
嶼	uy	山與	6
鋁	jl	金吕	6
嚮	xe	向阝	6
嚮	xx	鄉向	6
遼	zl	辶尞	6
遼	zx	辶小	6
撈	fl	扌勞	6
濱	db	氵賓	6
駿	mj	馬夋	6
踐	zj	足戔	6
覽	jl	見臨	6
覽	js	見罒	6
謀	ym	言某	6
籌	vu	𥫗壽	6
鵄	nv	鳥至	5
鳯	jn	几鳥	5
鳮	ny	鳥又	5
鳮	yn	又鳥	5
鮣	yy	魚印	5
鬛	iu	.	5
髩	ig	.	5
髩	im	髟丏	5
飡	du	冫食	5
鞕	gg	革更	5
雑	vz	隹杂	5
隣	el	.	5
閧	mg	門共	5
鋳	ju	金寿	5
郉	ek	.	5
郂	eh	耳亥	5
遱	zl	辶婁	5
逹	zx	辶幸	5
逥	zh	辶回	5
蹷	iz	.	5
蹷	zj	足厥	5
蹷	zq	.	5
蹆	zt	足退	5
跔	zj	足句	5
賖	by	貝余	5
誩	yy	言言	5
誎	yu	言束	5
觧	jy	角羊	5
観	jv	.	5
袇	yd	衤丹	5
蠎	im	.	5
蘐	cx	艹諼	5
蘐	cy	.	5
萡	cb	.	5
苼	cu	艹生	5
舎	rk	人口	5
脋	od	月刀	5
脋	ol	.	5
脄	oh	月灰	5
聛	eb	耳卑	5
翺	yg	.	5
翺	yu	.	5
罒	aa	.	5
罒	si	.	5
糦	mx	米喜	5
粦	mf	.	5
粦	mi	米舛	5
簔	vu	.	5
筽	vw	𥫗吴	5
竴	lz	立尊	5
祻	ug	示固	5
祬	uv	示至	5
磜	uj	石祭	5
畊	tj	田井	5
瑴	uu	.	5
瑴	uw	.	5
瑴	wu	.	5
珢	wg	王艮	5
玞	wf	王夫	5
獈	qy	犭益	5
猯	qe	.	5
犾	qq	犭犬	5
犲	qc	犭才	5
澙	dd	.	5
澙	dh	.	5
澙	dx	氵舄	5
漋	dl	氵隆	5
汈	dd	氵刁	5
毑	my	母也	5
朖	ol	月良	5
搇	fy	.	5
揢	fk	扌客	5
抲	fk	扌可	5
抧	fv	扌只	5
憕	xd	忄登	5
恴	dx	.	5
恴	wx	亠心	5
恴	xo	心日	5
従	xv	.	5
廹	zb	廴白	5
庝	gd	广冬	5
帰	dj	.	5
帰	dv	.	5
巛	aa	.	5
巛	vv	.	5
峫	ux	山邪	5
屽	ug	山干	5
孹	zx	.	5
娫	ny	女延	5
壌	ty	.	5
埫	tu	土尚	5
埑	tv	土折	5
嚱	kg	.	5
嚱	kx	口戲	5
哬	kh	口何	5
卩	er	.	5
卩	ga	.	5
匁	gd	.	5
劏	dd	當刂	5
凟	dm	冫賣	5
凚	dj	冫禁	5
兂	ag	.	5
僼	rd	亻豆	5
僼	rl	亻豊	5
僞	rw	亻爲	5
偘	rp	亻品	5
仭	rr	亻刃	5
亽	rd	人丶	5
亠	da	丶一	5
亠	wf	{亠}	5
亁	qg	乞干	5
亁	uq	十乞	5
鵐	nw	鳥巫	5
鱂	yj	魚將	5
骾	gg	骨更	5
醝	yi	酉差	5
豷	uy	豕壹	5
莈	cm	艹没	5
籫	vz	𥫗贊	5
磠	ul	.	5
甝	hg	虎甘	5
狖	qx	犭穴	5
慱	xv	心專	5
咮	kv	口朱	5
鵫	nv	鳥卓	5
騞	mu	.	5
薁	ca	艹奥	5
莯	cm	艹沐	5
罶	sl	罒留	5
灈	dq	氵瞿	5
灈	dv	.	5
鈅	jo	金月	5
踠	zw	足宛	5
湹	dl	氵厘	5
氕	qp	.	5
庲	gl	广來	5
姌	nr	女冉	5
墈	tk	土勘	5
鷇	nu	鳥殳	5
鷇	un	.	5
鵙	bn	貝鳥	5
鵙	nb	鳥貝	5
骭	gg	骨干	5
跰	zb	足并	5
虰	id	虫丁	5
蒎	cp	艹派	5
瞷	oj	目間	5
玾	wj	王甲	5
煟	hw	火胃	5
堮	te	.	5
垵	ta	土安	5
嗹	kl	口連	5
哻	kh	口旱	5
鋡	jh	金含	5
蟞	ib	虫敝	5
蟞	iw	.	5
蝯	iy	虫爰	5
蘹	ch	艹懷	5
繈	sq	糸强	5
瑽	wc	王從	5
瑽	wv	.	5
洟	dy	氵夷	5
柂	my	木也	5
捄	fq	扌求	5
戄	xj	心矍	5
戄	xy	.	5
悗	xm	心免	5
廲	gl	广麗	5
巆	uy	山營	5
媬	nb	女保	5
姡	nu	女舌	5
墆	td	土帶	5
呾	kd	口旦	5
匜	ky	匚也	5
銪	jy	金有	5
飀	fl	風留	5
跕	zv	足占	5
詖	yp	言皮	5
覗	js	見司	5
裖	yi	衤辰	5
蠤	iq	.	5
蠤	qi	酋虫	5
蒍	cw	艹爲	5
胈	ob	.	5
縗	su	糸衰	5
秈	hu	禾山	5
硊	uw	石危	5
狟	qg	犭亘	5
漅	di	氵巢	5
檍	my	木意	5
棸	mq	木取	5
梡	mw	木完	5
帟	jy	巾亦	5
帟	yj	亦巾	5
嵑	uh	山曷	5
岰	uy	山幼	5
唒	ky	口酉	5
麰	mm	麥牟	5
麰	mn	.	5
迖	zq	辶犬	5
臛	oh	月霍	5
臅	oi	.	5
臅	ou	月蜀	5
膧	ot	月童	5
纙	sl	糸羅	5
纙	sw	.	5
磣	uc	石參	5
矱	uh	.	5
矱	uy	矢又	5
睟	oz	目卒	5
獽	qx	犭襄	5
潠	dg	.	5
氄	mk	.	5
氄	my	毛矞	5
槦	my	木庸	5
柲	mb	木必	5
挍	fj	扌交	5
媿	ng	女鬼	5
媻	nb	女般	5
勩	lb	.	5
鼩	uj	鼠句	5
驖	mg	.	5
霤	yl	雨留	5
膴	ow	月無	5
睎	ox	目希	5
瘣	bg	疒鬼	5
焞	hx	火享	5
檇	mg	.	5
檇	mj	木雋	5
棡	mg	木岡	5
暡	ow	日翁	5
庮	gy	广酉	5
壈	tb	土稟	5
壈	th	.	5
塈	tj	土既	5
埰	tc	土采	5
嚲	dx	.	5
嚲	xd	享單	5
佁	rt	亻台	5
仴	ro	亻月	5
鸀	ni	.	5
鸀	nu	鳥蜀	5
蕀	cc	.	5
箾	vx	竹削	5
礩	uv	石質	5
欃	mi	.	5
欃	mt	木兔	5
楺	mr	木柔	5
噰	kv	.	5
噰	ky	口雍	5
嘐	kl	.	5
嘐	kp	.	5
僽	ri	亻愁	5
饐	uy	食壹	5
頩	yb	頁并	5
膢	ol	月婁	5
祽	uz	示卒	5
琫	wf	王奉	5
瀵	dg	氵共	5
瀵	dy	氵異	5
愐	xm	忄面	5
偋	rp	亻屏	5
齶	ie	齒咢	5
齎	db	丶貝	5
齎	dd	丶丶	5
齎	qb	齊貝	5
齎	wb	亠貝	5
耎	de	大而	5
紬	sy	糸由	5
罛	sg	罒瓜	5
柆	ml	木立	5
謞	yg	言高	5
碪	uu	石甚	5
硠	ul	石良	5
眹	og	目关	5
埢	tj	土卷	5
啀	ky	口厓	5
鳽	nk	鳥开	5
虒	ph	丿虎	5
灺	hy	火也	5
汒	dw	氵亡	5
罳	ss	罒思	5
泒	dg	氵瓜	5
鶒	nl	鳥力	5
鶒	un	束鳥	5
鑵	jv	金隹	5
牷	nq	牛全	5
儦	rb	亻麃	5
儦	rd	亻灬	5
儦	rh	亻灬	5
奜	df	大非	5
鵜	nd	鳥弟	5
衭	yf	衤夫	5
蚖	iy	虫元	5
砡	uy	石玉	5
嚘	ky	口憂	5
伓	rb	亻不	5
伈	rx	亻心	5
誆	yk	言匡	5
娳	nl	女利	5
睕	ow	目宛	5
涗	dd	氵兑	5
楜	mh	木胡	5
癆	bl	疒勞	5
撗	fh	扌黄	5
淍	dv	氵周	5
懰	xl	心劉	5
僯	rl	亻粦	5
懃	xq	心勤	5
鶡	nh	鳥曷	5
縊	sy	糸益	5
綷	sz	糸卒	5
絻	sm	糸免	5
訄	jy	九言	5
薾	ce	艹爾	5
喎	kg	口咼	5
喎	kk	口口	5
鴟	nd	鳥氐	5
苠	cm	艹民	5
柎	mf	木付	5
喢	ki	口臿	5
榚	mg	木羔	5
慼	xq	心戚	5
萹	cb	艹扁	5
斕	wj	文柬	5
斕	wl	文闌	5
暘	oy	日昜	5
攣	us	手糸	5
攣	yu	言手	5
婬	nr	女壬	5
覬	jd	見豆	5
覬	jq	見豈	5
痙	bg	疒工	5
痙	bj	疒巠	5
蠔	ih	虫豪	5
蹣	zr	足入	5
蝨	iu	虫十	5
蝨	ix	虫卂	5
懾	xn	忄聶	5
謅	yc	言屮	5
謅	yi	言芻	5
葯	cy	艹約	5
滌	dt	氵條	5
烸	hm	火每	5
澗	dj	氵間	5
邇	ze	辶爾	5
瀆	dm	氵賣	5
漬	dz	氵責	5
鬢	ib	髟賓	5
貍	vl	豸里	5
撓	fy	扌堯	5
棧	mj	木戔	5
蛻	id	虫兑	5
藹	ch	艹曷	5
藹	cy	艹謁	5
諱	yw	言韋	5
颺	fy	風昜	5
饗	ux	食鄉	5
鋸	jj	金居	5
銜	jx	金行	5
銜	xi	彳亍	5
銜	xj	行金	5
閥	mf	門伐	5
腎	oy	月又	5
詰	yj	言吉	5
慚	xv	忄斬	5
轄	ih	車害	5
鴿	nh	鳥合	5
柵	mc	木册	5
錫	jy	金易	5
颱	ft	風台	5
箏	vv	竹争	5
鈞	jy	金匀	5
貿	bd	貝刀	5
貿	bl	貝{留头}	5
販	bf	貝反	5
艦	vj	舟監	5
誠	yi	言成	5
齄	bi	鼻查	4
黗	ht	黑屯	4
麅	lb	鹿包	4
鵾	nk	鳥昆	4
鵞	nw	鳥我	4
鴡	nq	鳥且	4
鱬	yx	魚需	4
鱇	yk	魚康	4
鯭	ym	魚孟	4
魜	yr	魚人	4
髪	iy	髟友	4
騐	mn	馬念	4
飱	du	歹食	4
飱	ud	食歹	4
飬	ju	.	4
飬	uf	.	4
頣	yi	頁臣	4
頚	yu	頁圣	4
鞺	gt	革堂	4
陁	ey	耳也	4
闝	mb	門敗	4
闘	mc	門寸	4
鐡	jg	.	4
鍀	jc	金寸	4
錿	jh	金虎	4
鋥	ji	金呈	4
醕	yo	酉日	4
醕	yx	.	4
逎	zy	辶酉	4
迌	zo	辶月	4
迊	zb	.	4
躱	ud	身朵	4
赥	iq	赤欠	4
謩	ym	言莫	4
誜	yj	.	4
訉	yf	言凡	4
覌	yj	又見	4
裓	yj	衤戒	4
衏	xi	彳亍	4
衏	xy	.	4
蝱	iw	.	4
蝱	wi	亡虫	4
蚠	if	虫分	4
虵	iy	虫也	4
虅	cm	.	4
虅	ct	艹騰	4
藳	cg	.	4
藳	ch	艹禾	4
薭	cb	艹稗	4
蕚	ce	.	4
蕚	ck	艹亏	4
蔿	cw	艹爲	4
葏	cj	艹津	4
茚	cy	艹印	4
舩	vg	舟公	4
臽	dj	.	4
膯	od	月登	4
膭	og	月貴	4
脃	os	月色	4
耮	ll	耒勞	4
羣	yj	羊君	4
缻	fw	缶瓦	4
纎	sg	.	4
纎	sx	.	4
縁	su	.	4
絝	sk	糸夸	4
糹	si	.	4
糹	yd	幺丶	4
糀	mh	米花	4
籑	vl	𥫗良	4
箁	vk	𥫗口	4
箁	vp	.	4
竂	bl	.	4
竂	bx	.	4
竂	xl	.	4
竂	xx	穴小	4
窼	bi	.	4
窼	xi	穴巢	4
秨	hv	禾乍	4
礚	ug	石蓋	4
礚	um	.	4
礕	ub	.	4
礕	ux	.	4
睳	ok	目奎	4
盕	mf	皿凡	4
皠	bc	白崔	4
癝	bb	疒禀	4
癝	bu	.	4
癊	by	疒陰	4
疎	pu	.	4
疎	up	.	4
疎	uv	.	4
畺	aa	一一	4
瑡	wu	王師	4
琸	wv	王卓	4
煯	hj	火皆	4
焴	hy	火育	4
焝	hh	火昏	4
瀽	dj	氵蹇	4
瀽	dz	.	4
濗	dm	氵幕	4
澘	do	氵日	4
滺	dy	氵悠	4
渇	db	.	4
渇	dh	氵曷	4
浖	dc	氵寸	4
浖	dl	.	4
洅	dz	氵再	4
汵	dj	氵今	4
汚	dg	.	4
汚	dk	.	4
殾	uv	殳者	4
殝	dq	歹秦	4
歵	vz	止責	4
歝	qx	欠幸	4
櫉	mc	木寸	4
櫉	mi	.	4
檵	my	木幺	4
檊	mg	木幹	4
棃	md	.	4
梘	mj	木見	4
桟	mj	木戋	4
栐	my	木永	4
暦	io	厂日	4
暦	ol	日林	4
旹	co	屮日	4
旹	oa	日一	4
旹	zh	.	4
斵	jy	.	4
斎	dd	.	4
斎	qx	.	4
斎	wu	.	4
斎	wx	.	4
搲	fg	.	4
抋	fx	扌心	4
戝	bg	貝戈	4
懐	xy	忄衣	4
慩	xl	忄連	4
愞	xd	忄大	4
恜	xu	心式	4
忚	xy	忄也	4
忋	xj	忄己	4
徏	xb	彳步	4
彍	gg	弓廣	4
弙	gy	弓于	4
廼	zx	廴西	4
幇	jf	巾封	4
嶶	uw	山微	4
嶳	ut	山土	4
嶦	uv	山詹	4
嶦	uy	.	4
崕	uy	.	4
宖	bh	宀弘	4
宖	bs	.	4
嫲	nm	女麻	4
姟	nh	女亥	4
妔	nk	女亢	4
夑	wh	夂火	4
夑	yw	.	4
壊	ty	土衣	4
墶	td	土達	4
塁	tt	田土	4
垰	tx	土下	4
垇	ta	土凹	4
坧	tu	土石	4
坆	tw	土攵	4
団	kc	.	4
嚰	km	口磨	4
嗰	kg	口個	4
唂	kg	口谷	4
叧	kd	口刀	4
叕	uu	双双	4
厡	iq	厂泉	4
卭	eg	卩工	4
卭	ge	工卩	4
勠	ll	.	4
勠	lp	.	4
刦	dq	刂去	4
冫	da	.	4
冫	dm	.	4
冋	kk	冂口	4
兤	gg	光廣	4
倈	rl	亻來	4
伇	ru	亻殳	4
仛	rq	亻七	4
仛	rt	.	4
亅	aa	.	4
亅	au	.	4
亅	uu	.	4
鱯	yh	.	4
鱯	yy	魚又	4
鰟	yp	魚旁	4
悞	xw	心吴	4
鷮	nq	鳥喬	4
霩	yg	雨郭	4
芀	cd	艹刀	4
篔	vy	𥫗員	4
矨	uy	矢夭	4
廮	gy	广嬰	4
岨	uq	山且	4
屩	uq	尸喬	4
鶵	nc	.	4
鶵	ni	鳥芻	4
鋎	jw	金完	4
逴	zv	辶卓	4
軱	ig	車瓜	4
羭	yy	羊俞	4
罫	sg	罒卦	4
砯	ub	.	4
砯	uu	.	4
浧	di	氵呈	4
汌	di	氵川	4
榙	md	.	4
榙	mh	木合	4
斄	li	.	4
斄	lw	.	4
斄	ml	.	4
幎	jl	.	4
幎	jm	巾冥	4
噈	kj	口就	4
噅	kw	口爲	4
傃	rs	亻素	4
偟	rh	亻皇	4
鸋	nn	鳥寧	4
鵵	nt	鳥兔	4
鏻	jl	.	4
銶	jq	金求	4
踛	zt	足土	4
諝	yx	言胥	4
蒧	cv	.	4
艎	vh	舟皇	4
翍	yp	羽皮	4
紽	st	糸它	4
窞	bj	.	4
窞	bx	.	4
窞	xj	穴臼	4
窞	xx	.	4
稕	hx	禾享	4
痑	bd	疒多	4
氃	mt	毛童	4
毰	mk	毛口	4
毰	mp	.	4
悊	xv	心折	4
帡	jb	巾并	4
娗	nt	女廷	4
鷑	nl	鳥笠	4
鵁	nj	鳥交	4
騧	mg	馬咼	4
騧	mk	.	4
駔	mq	馬且	4
馞	xb	香孛	4
馞	xz	.	4
鍖	ju	金甚	4
錋	jp	金朋	4
醙	ys	酉叟	4
褩	yb	衣般	4
蓨	co	.	4
蓨	cx	艹脩	4
蓨	cy	.	4
莚	cy	艹延	4
舕	uy	舌炎	4
胾	gr	戈肉	4
胾	hd	.	4
胾	rg	.	4
胾	ug	.	4
絏	sy	糸曳	4
烢	hv	火宅	4
涾	dt	.	4
楟	mt	木亭	4
懫	xv	心質	4
懤	xu	心壽	4
帎	jg	.	4
帎	jy	.	4
喥	kd	口度	4
薘	cd	艹達	4
鸓	nl	.	4
鶀	nq	鳥其	4
鮛	yu	.	4
鮛	yx	魚小	4
餲	uh	食曷	4
颩	fp	.	4
雗	uv	十隹	4
雗	vu	.	4
輶	iq	車酋	4
讄	yl	.	4
蒮	cv	.	4
菮	cg	艹庚	4
腒	oj	月居	4
聇	ev	耳正	4
羱	yy	羊原	4
緅	sq	糸取	4
簼	vg	.	4
簼	vr	𥫗冉	4
磼	uj	石集	4
犡	nl	牛厲	4
犡	nw	.	4
煃	hk	火奎	4
炴	hy	火央	4
淈	dq	氵屈	4
氉	mz	.	4
榎	mx	木夏	4
杴	mq	木欠	4
揘	fh	扌皇	4
扲	fj	扌今	4
慔	xm	心莫	4
悆	xy	心余	4
怗	xv	忄占	4
幓	jc	巾參	4
嘽	kd	口單	4
吷	kd	.	4
吷	kg	口夬	4
鼒	cd	才鼎	4
鼒	dc	鼎才	4
鼒	hz	.	4
鶅	nt	.	4
鶅	nz	鳥甾	4
鵌	ny	鳥余	4
餟	uu	.	4
餟	uv	食叕	4
陑	ee	阝而	4
醧	yq	酉區	4
跁	zb	足巴	4
誂	yv	言兆	4
蠠	im	.	4
綖	sy	糸延	4
粌	my	米引	4
筶	vg	𥫗告	4
禐	uy	示爰	4
盺	oj	目斤	4
烇	hq	火全	4
灴	hg	火工	4
灀	du	氵霜	4
漟	dt	氵堂	4
涳	dk	氵空	4
惄	xu	心叔	4
忔	xq	心乞	4
岒	uj	山今	4
儗	ry	亻疑	4
籛	vq	竹錢	4
鶋	nj	鳥居	4
鵸	nq	鳥奇	4
鵷	nw	鳥宛	4
鵅	ng	鳥各	4
鋉	ju	金束	4
鄈	eg	耳癸	4
鄈	et	.	4
褘	yw	衤韋	4
袺	yj	衤吉	4
薖	cg	艹過	4
耬	ll	耒婁	4
耤	lx	耒昔	4
簝	vl	.	4
簝	vx	竹小	4
砠	uq	石且	4
矼	ug	石工	4
痏	by	疒有	4
猧	qg	犭咼	4
猧	qk	.	4
犑	nj	.	4
犑	nq	牛犬	4
濴	du	.	4
濴	dy	.	4
枃	my	木匀	4
斨	jp	斤爿	4
斨	pj	爿斤	4
敼	px	攴喜	4
敼	uy	.	4
敼	xy	.	4
哷	kc	口寸	4
哷	kl	.	4
僩	rx	亻閒	4
紝	sr	糸壬	4
髳	im	髟矛	4
饟	ux	飠襄	4
韏	jw	.	4
韏	wf	.	4
邟	ek	耳亢	4
轏	ii	.	4
轏	iz	.	4
繘	sk	.	4
繘	sy	糸矞	4
筰	vz	𥫗作	4
窵	bn	.	4
窵	xn	穴鳥	4
睙	ol	目戾	4
睙	oq	.	4
洝	da	氵安	4
歂	qe	.	4
樻	mg	木貴	4
慅	xz	忄蚤	4
庪	gj	广技	4
嵣	ut	山唐	4
嫺	nx	女閒	4
埶	tw	土丸	4
埶	wt	.	4
咘	kb	口布	4
劘	df	.	4
劘	dm	刂靡	4
凔	dc	冫倉	4
鼵	ut	鼠突	4
鶛	nj	鳥皆	4
鶌	nq	鳥屈	4
醹	yx	酉需	4
赯	it	赤唐	4
瞏	sy	罒袁	4
癹	du	癶殳	4
炡	hv	火正	4
澩	ju	.	4
澩	ub	水冖	4
攦	fl	扌麗	4
扊	hy	户炎	4
庱	gl	.	4
帗	jb	.	4
咺	kg	口亘	4
匋	gf	勹缶	4
觡	jg	角各	4
褦	yn	衤能	4
羾	yg	羽工	4
穨	gt	貴禿	4
穨	hg	禾貴	4
穨	tg	秃貴	4
皪	bl	白樂	4
皪	by	白樂	4
癿	bg	白乚	4
瓽	dw	{党上}瓦	4
瓽	wk	瓦口	4
瓽	xw	瓦	4
潯	dx	氵尋	4
捸	fl	扌隶	4
怚	xq	忄且	4
堧	td	土大	4
鳪	nb	鳥卜	4
鯈	ry	亻魚	4
趹	zd	足丶	4
趹	zg	足夬	4
笯	vn	𥫗奴	4
穵	by	宀乙	4
穵	xy	穴乙	4
嚾	kv	口隹	4
顟	yl	頁翏	4
顟	yp	頁彡	4
鋂	jm	金每	4
襶	yd	衤戴	4
襢	yd	衤亶	4
虷	ig	虫干	4
禴	uc	示冊	4
禴	uy	示龠	4
歈	qy	欠俞	4
晱	oy	日炎	4
掑	fq	扌其	4
呰	kc	口此	4
踤	zz	足卒	4
蘗	cb	艹檗	4
蘗	cm	艹木	4
穔	hh	禾黄	4
擉	fi	扌虫	4
擉	fu	扌蜀	4
幍	jy	巾舀	4
墠	td	土單	4
扤	fw	扌兀	4
鴢	ny	鳥幼	4
鏄	jv	金專	4
搉	fv	扌隹	4
啋	kc	口采	4
銍	jv	金至	4
譑	yq	言喬	4
灒	dz	氵贊	4
敨	wk	攵口	4
敨	wp	攵咅	4
黲	hc	黑參	4
鱄	yv	魚專	4
恌	xv	心兆	4
眴	ox	目旬	4
橾	mz	木喿	4
榥	mh	木晃	4
鮕	yg	魚古	4
酖	yg	酉乚	4
酖	yy	酉冘	4
砅	uu	石水	4
牓	pp	片旁	4
頦	yh	頁亥	4
紆	sy	糸于	4
瞉	ou	目殳	4
瞉	uo	殳目	4
蕫	ct	艹童	4
漰	db	氵崩	4
醡	yv	酉窄	4
搳	fh	扌害	4
偮	re	亻耳	4
偮	rq	亻咠	4
禢	uy	示羽	4
抭	fj	扌几	4
籇	vh	𥫗豪	4
篸	vc	𥫗參	4
廩	gb	广稟	4
廩	gh	广禾	4
齜	ic	齒此	4
捰	fg	扌果	4
挀	fp	扌{派右}	4
嶔	uq	山欽	4
誥	yg	言告	4
呅	kw	口文	4
茦	cc	艹朿	4
柀	mp	木皮	4
鴽	nr	鳥如	4
氶	au	乛水	4
氶	ld	了丶	4
氶	vu	乛水	4
玓	wu	王勺	4
鴗	nl	鳥立	4
琲	wf	王非	4
鵟	nk	鳥狂	4
廄	gu	广殳	4
遶	zy	辶堯	4
諶	yu	言甚	4
藷	cv	艹諸	4
蹌	zc	足倉	4
螻	il	虫婁	4
犘	mn	麻牛	4
犘	nm	牛麻	4
橞	mh	木惠	4
殞	dy	歹員	4
黽	kg	冂乚	4
黽	aa	丨一	4
輓	im	車免	4
鮆	yc	魚此	4
瞼	oq	目僉	4
謄	ot	月誊	4
謄	oy	月言	4
詄	yu	言失	4
虌	cb	艹蔽	4
虌	cm	艹黽	4
躂	zd	足達	4
絳	sj	糸夅	4
礫	ul	石樂	4
礫	uy	石樂	4
藪	cu	艹數	4
鏤	jl	金婁	4
燬	hh	火毁	4
緘	sx	糸咸	4
誑	yk	言狂	4
駑	mn	馬奴	4
繾	sq	糸遣	4
劊	dh	刂會	4
嗩	kb	口貝	4
閘	mj	門甲	4
殤	dw	歹勿	4
殤	dy	歹昜	4
橢	mo	木日	4
橢	ms	木隋	4
慫	xc	心從	4
慫	xv	心止	4
摻	fc	扌參	4
閨	mg	門圭	4
諳	yy	言音	4
箋	vj	𥫗戔	4
鉗	jg	金甘	4
訟	yg	言公	4
勛	ly	力員	4
慟	xd	心動	4
觴	jw	角勿	4
觴	jy	角昜	4
竇	bm	宀賣	4
竇	xm	穴賣	4
驛	mx	馬幸	4
駒	mj	馬句	4
滷	dl	氵鹵	4
蒞	cl	艹涖	4
蒞	cw	艹位	4
魎	gr	鬼入	4
魎	gl	鬼兩	4
輿	ba	八一	4
輿	ib	車八	4
輿	jb	𦥑八	4
鐸	jx	金幸	4
鴛	ne	鳥卩	4
鴛	ny	鳥夘	4
暉	oj	日軍	4
貶	bf	貝乏	4
驢	ml	馬盧	4
輻	if	車畐	4
輻	it	車田	4
儂	rn	亻農	4
繳	sj	糸敫	4
繳	sw	糹攵	4
闡	md	門單	4
俥	ri	亻車	3
鼔	pa	.	3
鼔	pd	.	3
鼔	uy	.	3
鼈	dh	.	3
鼈	mb	黽敝	3
鼈	mw	.	3
鼃	mg	黽圭	3
鼃	zh	.	3
麖	lj	鹿京	3
鶏	nf	鳥夫	3
鵮	nj	鳥臼	3
鵮	nx	.	3
鮌	yx	魚玄	3
鬉	iw	髟夂	3
髞	gz	高喿	3
髝	gl	高勞	3
駞	my	馬也	3
馿	mh	馬户	3
餻	ug	食羔	3
餸	us	飠送	3
餠	ub	食并	3
飃	fp	風票	3
顡	yu	頁豕	3
顡	yy	.	3
韷	yi	音出	3
韲	dh	.	3
韲	wa	.	3
韲	wj	亠韭	3
鞉	gv	革兆	3
靯	gt	革土	3
陗	ex	阝肖	3
鑚	jz	.	3
鏓	jc	.	3
鏓	jx	金心	3
鎁	jy	金耶	3
鍮	jy	金俞	3
錽	jw	金夂	3
鋬	jb	金扳	3
鉁	jp	.	3
醸	yy	.	3
醤	yc	.	3
醤	yl	.	3
酔	yu	酉十	3
酔	yz	.	3
鄷	ed	耳豆	3
鄷	el	.	3
郷	eg	.	3
郷	xe	乡阝	3
邷	ew	耳瓦	3
辤	xu	辛受	3
転	iy	車云	3
蹏	zh	.	3
趽	zf	足方	3
趗	zz	走足	3
豘	ut	豕屯	3
豀	gx	谷奚	3
谺	gy	谷牙	3
誳	yq	言屈	3
詾	yx	言匈	3
訔	uy	山言	3
覻	jd	見豆	3
覔	bj	不見	3
覔	jb	見不	3
裿	yq	衤奇	3
袦	yi	衤出	3
衞	xb	.	3
衞	xi	.	3
衘	ri	.	3
衘	xi	.	3
衘	xx	.	3
蟕	ij	.	3
蟕	iz	虫觜	3
蘷	cn	.	3
蘷	cw	艹夂	3
蕯	cl	艹隆	3
蓃	cs	艹叟	3
苢	cg	.	3
腁	ob	月并	3
翧	yx	羽宣	3
翖	yh	羽合	3
羓	yb	羊巴	3
罎	ft	缶曇	3
罎	fy	.	3
纞	sl	糸戀	3
纞	sx	.	3
繦	sq	糸强	3
縧	st	糸條	3
綳	sp	糸朋	3
継	sm	糸米	3
粬	mq	米曲	3
簶	vl	𥫗禄	3
簚	vg	.	3
篺	vb	𥫗捭	3
箥	vb	𥫗波	3
箣	vc	𥫗刺	3
箆	vb	𥫗比	3
筬	vi	竹成	3
筓	vg	竹干	3
窻	bc	.	3
窻	bx	.	3
窻	xc	.	3
窻	xx	穴心	3
穏	hj	.	3
穏	hx	禾心	3
秼	hv	禾朱	3
秥	hv	禾占	3
秔	hk	禾亢	3
禼	bd	.	3
禼	br	.	3
禼	sd	.	3
禣	uc	示寸	3
禣	uf	.	3
祾	ul	.	3
礮	ub	.	3
礮	uj	石交	3
磒	uy	石員	3
磇	ub	石比	3
砶	ub	石白	3
砄	ud	.	3
砄	ug	石夬	3
瞯	ox	目閒	3
眰	ov	目至	3
眜	om	目末	3
盨	mx	皿須	3
盌	me	.	3
盌	my	.	3
癑	bn	疒農	3
癅	bl	.	3
瓐	wl	王盧	3
瑦	ww	王烏	3
瑝	wh	王皇	3
瑓	wj	王柬	3
琞	ym	玉明	3
琗	wz	王卒	3
玍	pw	.	3
玍	rt	𠂉土	3
獣	qk	犬口	3
獣	qu	.	3
獆	qg	犭皋	3
獆	qu	.	3
牗	py	片庸	3
爼	qy	.	3
燫	hl	火廉	3
煱	hg	火咼	3
煱	hk	.	3
焻	hi	火昌	3
烣	hh	火灰	3
瀓	dv	氵徵	3
瀓	dw	.	3
澟	db	氵稟	3
澟	dh	.	3
漴	di	氵崇	3
漛	du	氵氺	3
溕	dm	.	3
溕	du	.	3
溋	dy	氵盈	3
溄	df	.	3
湪	dt	氵彖	3
湪	du	.	3
渕	dd	氵刂	3
渓	df	氵夫	3
涖	dw	氵位	3
沑	di	氵丑	3
槀	mg	木高	3
棙	ml	木戾	3
棙	mq	.	3
桚	mx	木夕	3
朶	mn	木乃	3
朜	ox	月享	3
朌	of	月分	3
曕	ov	日詹	3
曕	oy	日言	3
暳	oh	日彗	3
晄	og	日光	3
旙	ff	方番	3
旑	fq	方奇	3
擪	uq	.	3
擪	uy	手厭	3
撹	fj	扌見	3
撶	fh	扌華	3
撛	fl	.	3
摪	fj	扌將	3
摖	fj	扌祭	3
掕	fl	.	3
抣	fy	扌匀	3
扨	fr	扌刃	3
扖	fr	扌入	3
懴	xg	.	3
懴	xx	.	3
懝	xy	忄疑	3
慯	xw	心勿	3
慯	xy	.	3
愵	xr	忄弱	3
惪	xv	心直	3
忼	xk	心亢	3
忹	xw	心王	3
忟	xw	心文	3
彐	aa	.	3
彐	vh	.	3
彐	xt	.	3
廐	gj	广既	3
廐	gw	.	3
帞	jb	巾百	3
巺	sb	巳八	3
巓	uy	.	3
嶛	ul	.	3
嶛	ux	山小	3
嵗	uu	.	3
嵍	um	.	3
嵍	uw	山攵	3
尗	ux	上小	3
寕	bd	宀丁	3
寏	bh	宀奂	3
寉	bv	宀隹	3
宷	bb	.	3
宷	bm	宀米	3
嬎	nu	.	3
媖	ny	女英	3
娍	ni	女成	3
妌	nj	女井	3
奵	nd	女丁	3
夻	dk	大口	3
夣	dx	.	3
夣	wx	.	3
夣	xb	夕冖	3
夊	pd	.	3
夊	wf	.	3
塀	tp	土屏	3
埨	tl	土侖	3
圤	tb	土卜	3
圀	kf	.	3
嚢	ay	.	3
嚢	by	.	3
嚢	hd	.	3
噺	kx	口新	3
噋	kd	口敦	3
啌	kk	口空	3
唥	kl	口冷	3
唍	kw	口完	3
哵	kb	口别	3
咃	kt	口他	3
呍	ky	口云	3
呌	kd	口斗	3
厷	us	.	3
労	dl	丶力	3
労	lb	力冖	3
剰	dd	.	3
剰	du	.	3
剣	dr	.	3
刼	rq	.	3
凾	ky	.	3
凾	lk	.	3
凓	dl	冫栗	3
兿	qy	䒑云	3
兦	ra	.	3
兦	rv	.	3
兣	kl	克厘	3
児	ej	儿旧	3
儬	rj	亻靚	3
儬	rl	.	3
傫	rl	亻累	3
偸	rd	.	3
偸	ry	亻俞	3
偒	ry	.	3
倴	rb	亻奔	3
倃	rj	亻咎	3
佋	rv	亻召	3
仸	ry	亻夭	3
乁	aa	.	3
乁	vv	.	3
乁	yi	.	3
丄	aa	一丨	3
鰠	yz	魚蚤	3
鯴	yi	.	3
鯴	yu	魚虱	3
鯝	yg	魚固	3
鷣	nt	鳥覃	3
踳	zi	足春	3
賮	bd	.	3
賮	bh	貝灬	3
賮	yb	肀貝	3
謧	yl	言离	3
謓	yv	言真	3
觭	jq	角奇	3
蚎	io	虫日	3
膍	ob	月比	3
瓀	wx	王需	3
獳	qx	犭需	3
犎	nf	牛封	3
檚	mi	木楚	3
桭	mi	木辰	3
枆	mm	木毛	3
崵	uy	.	3
峐	uh	山亥	3
侐	rx	亻血	3
鼣	uq	鼠犬	3
蛖	il	.	3
蛖	im	虫尨	3
缾	fb	缶并	3
箑	vj	.	3
笀	vw	竹亡	3
皯	pg	皮干	3
獂	qy	犭原	3
猺	qf	犭缶	3
熤	hl	.	3
熤	hy	火翌	3
滭	db	氵畢	3
檖	ms	木遂	3
暩	oj	日祭	3
倎	rd	亻典	3
齗	ij	齒斤	3
鬐	iq	髟耆	3
鬐	io	髟日	3
騹	mj	馬堇	3
駓	mp	馬丕	3
餈	uc	食次	3
钁	jj	金矍	3
钁	jy	.	3
邥	ea	.	3
邥	eg	.	3
邥	ev	.	3
邥	ey	.	3
軨	il	車令	3
躨	zk	足夔	3
躨	zw	.	3
貣	by	貝弋	3
貆	vg	豸亘	3
褁	gy	.	3
褁	yg	衣果	3
螾	iy	虫寅	3
薋	cz	艹資	3
膞	ov	月專	3
脝	oh	月亨	3
耏	pe	.	3
纑	sl	糸盧	3
粻	mi	米長	3
甿	tw	田亡	3
瑐	wq	王前	3
猵	qb	犭扁	3
爟	hg	.	3
爟	hv	火隹	3
爂	hb	火冖	3
爂	jh	.	3
泏	di	氵出	3
氀	ml	毛婁	3
揓	fu	扌施	3
抩	fr	扌冉	3
弰	gx	弓肖	3
嵒	up	山品	3
刵	de	刂耳	3
僾	ra	亻愛	3
僤	rd	亻單	3
鼱	uq	鼠青	3
鶄	nq	鳥青	3
鞈	gh	革合	3
阹	eq	阝去	3
郚	ew	耳吾	3
輹	if	車复	3
豲	uy	豕原	3
谾	gk	谷空	3
觿	jj	角冏	3
觿	jk	.	3
覅	wy	.	3
裌	yj	衤夾	3
艭	vu	舟雙	3
耇	lj	耂句	3
綄	sw	糸完	3
礔	ub	.	3
礔	ux	.	3
犵	qq	犭乞	3
梴	my	木延	3
敔	ww	攵吾	3
抏	fy	扌元	3
媥	nb	女扁	3
媕	nc	.	3
媕	ny	女弇	3
埧	tj	土具	3
傛	rr	亻容	3
轀	im	車皿	3
轀	iw	.	3
鷵	nt	鳥屠	3
鯢	ye	魚兒	3
鬎	id	髟刂	3
鬎	il	髟剌	3
鉾	jm	金牟	3
鉾	jn	.	3
鄨	bk	.	3
鄨	yb	邑敝	3
鄨	yw	.	3
趍	zd	走多	3
襾	aa	.	3
衱	yj	衤及	3
蟌	ic	.	3
蟌	ix	虫心	3
薢	cj	艹解	3
膗	oc	月崔	3
胣	oy	月也	3
稯	hw	禾夂	3
祋	uu	示殳	3
皫	bb	.	3
皫	bd	.	3
皫	bh	白灬	3
璒	wd	王登	3
煻	ht	火唐	3
灂	dj	氵爵	3
沕	dw	氵勿	3
汦	du	氵氏	3
梣	mc	木岑	3
梣	mj	.	3
敃	wm	攵民	3
慛	xc	忄崔	3
垝	tw	土危	3
嚵	ki	.	3
嚵	kt	口兔	3
匼	kh	匚合	3
匉	gp	勹平	3
倰	rl	.	3
漊	dl	氵婁	3
齏	da	.	3
齏	qj	齊韭	3
齏	wh	.	3
齏	wj	.	3
鵋	nj	鳥忌	3
颬	fy	風牙	3
雟	ck	.	3
鏣	ju	金庶	3
鄮	em	耳貿	3
邘	ey	耳于	3
跱	zs	足寺	3
蠜	id	.	3
蠜	if	虫樊	3
虖	hh	虍乎	3
蕠	cr	.	3
蕠	cs	.	3
蕠	sr	.	3
芚	ct	艹屯	3
纆	sm	糸墨	3
縏	sb	糸般	3
緛	sd	糸大	3
綅	sy	糸又	3
粖	mm	米末	3
禲	ul	示厲	3
禲	uw	.	3
砆	uf	石夫	3
獩	qs	犭歲	3
瀺	di	.	3
瀺	dt	氵兔	3
溓	dj	氵兼	3
洰	dj	氵巨	3
氿	dj	氵九	3
毉	wu	.	3
毉	wy	.	3
毉	yw	医巫	3
毃	ug	殳高	3
枟	my	木云	3
旽	ot	日屯	3
斮	jx	斤昔	3
嵺	ul	.	3
嵺	up	.	3
崱	uz	山則	3
屧	um	尸木	3
婘	nj	女卷	3
咡	ke	口耳	3
僶	ph	.	3
僶	rm	亻黽	3
鵃	vn	舟鳥	3
龤	jc	.	3
龤	yj	龠皆	3
鼫	uu	鼠石	3
駴	mj	馬戒	3
阤	ey	耳也	3
鐕	jo	金日	3
鐕	jq	.	3
鋮	ji	金成	3
鋗	jo	金月	3
鋗	jy	金肙	3
躠	cz	.	3
躠	zx	足薛	3
趬	zy	走堯	3
赩	is	赤色	3
謷	ya	言敖	3
謷	yw	.	3
覣	jw	見委	3
蜨	ij	.	3
藂	cj	艹聚	3
苲	cv	艹乍	3
膵	oc	月萃	3
耾	eh	.	3
耾	es	耳厶	3
翫	yb	.	3
翫	yx	.	3
翫	yy	.	3
笻	ve	竹卩	3
笻	vq	.	3
硩	uv	石折	3
皭	bj	白爵	3
癠	bq	疒齊	3
漒	dq	氵强	3
淽	dv	氵芷	3
杸	mu	木殳	3
朾	md	木丁	3
忴	xj	忄今	3
徯	xx	彳奚	3
刐	dd	丹刂	3
傔	rj	亻兼	3
鮦	yt	魚同	3
槼	mg	木規	3
鼸	uj	鼠兼	3
鸔	nb	鳥暴	3
魊	gh	鬼或	3
駬	me	馬耳	3
鏔	jy	金寅	3
醲	yn	酉農	3
蹜	zs	足宿	3
膇	ov	月追	3
絅	sj	.	3
絅	sk	糸口	3
籦	vv	𥫗鍾	3
稑	ht	禾土	3
璚	wk	.	3
璚	wy	王矞	3
柛	mu	木申	3
昤	ol	日令	3
慲	xr	心入	3
弸	gp	弓朋	3
尟	uu	是少	3
錏	jy	金亞	3
驁	ma	馬敖	3
驁	mw	馬攵	3
韖	wr	韋柔	3
鉼	jb	金并	3
輀	ie	車而	3
蟫	it	虫覃	3
緺	sg	糸咼	3
緺	sk	.	3
糱	cb	.	3
糱	mx	米辛	3
焣	dq	.	3
焣	hq	灬取	3
漙	dv	氵專	3
毾	my	毛羽	3
柣	mu	木失	3
斀	pi	.	3
斀	pu	攴蜀	3
斀	sy	.	3
斀	uy	.	3
掽	fb	扌並	3
嗺	kc	口崔	3
咢	kk	口亏	3
侒	ra	亻安	3
濜	dj	氵盡	3
馡	xf	香非	3
錎	jj	金臼	3
錎	jx	金臽	3
鉰	js	金司	3
鉔	jz	金匝	3
蕥	cy	艹雅	3
胉	ob	月白	3
玤	wf	王丰	3
煄	hv	火重	3
搨	fy	扌羽	3
挭	fg	扌更	3
岥	up	山皮	3
吤	kj	口介	3
麉	lg	鹿干	3
髷	iq	髟曲	3
陃	eb	阝丙	3
郼	ew	耳韋	3
蹳	zf	足發	3
誃	yd	言多	3
莁	cw	艹巫	3
禡	um	示馬	3
禜	hu	火示	3
禜	hz	火宗	3
禜	ub	示冖	3
癵	bl	疒臠	3
癵	br	疒肉	3
溎	dg	氵桂	3
桮	mf	木否	3
柅	mn	木尼	3
暵	oh	日𦰩	3
崀	ul	山良	3
齌	hq	火齊	3
齌	qh	齊火	3
齌	wh	亠火	3
霦	yb	雨彬	3
迠	zv	辶占	3
觟	jg	角圭	3
蒱	cb	艹捕	3
蒱	cf	艹甫	3
芐	cx	艹下	3
猘	qv	犭制	3
澫	dw	氵萬	3
溞	dz	氵蚤	3
棝	mg	木固	3
枮	mv	木占	3
懹	xx	心襄	3
娙	nj	女巠	3
厞	if	厂非	3
偺	ro	亻日	3
偺	rz	亻昝	3
鼛	gj	鼓咎	3
駪	mx	馬先	3
笒	vj	竹今	3
疕	bb	疒匕	3
漘	di	氵脣	3
漘	do	氵月	3
鸐	nd	鳥翟	3
鸐	nv	鳥隹	3
馝	xb	香必	3
鐍	jk	金口	3
鐍	jy	金矞	3
荓	cb	艹并	3
芺	cy	艹夭	3
纕	sx	糸襄	3
燸	hx	火需	3
攖	fy	扌嬰	3
撣	fd	扌單	3
搤	fy	扌益	3
惢	xx	心心	3
婭	ny	女亞	3
噂	kz	口尊	3
黤	hd	黑电	3
黤	hy	黑奄	3
魛	yd	魚刀	3
醷	yy	酉意	3
謋	yj	言桀	3
謋	ym	言木	3
覈	xj	覀敫	3
覈	xw	西攵	3
栔	md	木刀	3
媮	ny	女俞	3
隤	eg	耳貴	3
皜	bg	白高	3
棈	mq	木青	3
慴	xb	忄白	3
慴	xx	忄習	3
悕	xx	忄希	3
鉲	jk	金卡	3
箘	vh	𥫗禾	3
箘	vq	竹囷	3
礨	ul	石畾	3
璲	ws	王遂	3
旴	oy	日于	3
鶔	nr	鳥柔	3
胊	oj	月句	3
癰	bv	疒隹	3
癰	by	疒雝	3
甹	yk	由丂	3
朿	ad	一丶	3
朿	mk	木冂	3
鸉	ny	鳥楊	3
輅	ig	車各	3
苭	cy	艹幼	3
灤	dl	氵欒	3
灤	dm	氵木	3
洭	dk	氵匡	3
褽	yw	衣尉	3
蠂	im	虫木	3
蠂	iy	虫葉	3
臚	ol	月盧	3
桍	mk	木夸	3
鯕	yq	魚其	3
迼	zj	辶吉	3
椲	mw	木韋	3
鱖	yj	魚厥	3
鱖	yq	魚欠	3
韾	yq	音殸	3
韾	yu	音殳	3
迆	zy	辶也	3
羆	sx	罒熊	3
縐	sc	糸屮	3
縐	si	糸芻	3
荂	ck	艹夸	3
癘	bw	疒萬	3
闓	md	門豆	3
闓	mq	門豈	3
誒	yy	言矣	3
煬	hy	火昜	3
椄	mq	木妾	3
薊	cd	艹刂	3
薊	cj	艹魝	3
裐	yo	衤月	3
裐	yy	衤肙	3
諴	yx	言咸	3
歟	qy	欠與	3
堊	ty	土亞	3
鍬	jq	金秋	3
琣	wk	王口	3
琣	wp	王咅	3
鼇	ma	黽敖	3
鼇	mw	黽攵	3
摶	fv	扌專	3
頜	yh	頁合	3
鯁	yg	魚更	3
柪	my	木幼	3
慳	xj	心堅	3
莢	cj	艹夾	3
讖	yg	言戈	3
讖	yx	言韱	3
戇	xg	心贛	3
閂	ma	門一	3
皚	bd	白豆	3
皚	bq	白豈	3
懟	xd	心對	3
鮪	yy	魚有	3
癬	bx	疒鮮	3
蕎	cq	艹喬	3
婓	fn	非女	3
婓	nf	女非	3
脛	og	月工	3
脛	oj	月巠	3
貲	bc	貝此	3
贛	vg	章貢	3
嚶	ky	口嬰	3
夆	wf	夂丰	3
擰	fn	扌寧	3
犢	nm	牛賣	3
婁	na	女一	3
婁	nk	女口	3
軔	ir	車刃	3
餉	ux	食向	3
錡	jq	金奇	3
渙	dh	氵奂	3
儻	rd	亻黨	3
濘	dn	氵寧	3
樕	mq	木欠	3
樕	mu	木欶	3
槙	mv	木真	3
襠	yd	衤當	3
縹	sp	糸票	3
嗇	ha	回一	3
嗇	th	土回	3
鋤	jv	金助	3
謐	ym	言皿	3
儺	rn	亻難	3
錨	jm	金苗	3
膿	on	月農	3
諄	yx	言享	3
賂	bg	貝各	3
贔	bb	貝貝	3
鑣	jb	金麃	3
鑣	jd	金灬	3
鑣	jh	金灬	3
訥	yn	言内	3
繹	sx	糸幸	3
勦	li	力巢	3
瘓	bh	疒奂	3
癥	bv	疒徵	3
癥	bw	疒攵	3
嶄	uv	山斬	3
訐	yg	言干	3
鳩	nj	鳥九	3
鸚	ny	鳥嬰	3
篩	vu	竹師	3
聾	el	耳龍	3
誨	ym	言每	3
鯉	yl	魚里	3
攬	fj	扌見	3
攬	fl	扌覽	3
薔	ch	艹回	3
薔	cs	艹嗇	3
聶	ee	耳耳	3
繕	su	糸善	3
廈	gx	广夏	3
噸	kd	口頓	3
餌	ue	飠耳	3
檯	mt	木臺	3
檯	mv	木至	3
諦	yd	言帝	3
鶯	hn	火鳥	3
鶯	nb	鳥冖	3
樺	mh	木華	3
蟬	id	虫單	3
煥	hd	火大	3
煥	hh	火奂	3
鉛	jk	金口	3
賈	bx	貝覀	3
賈	xb	覀貝	3
緯	sw	糸韋	3
賄	by	貝有	3
詗	yt	言{同}	3
軸	iy	車由	3
僑	rq	亻喬	3
憲	bx	宀心	3
憲	xs	心罒	3
鬹	gg	鬲規	2
龎	il	厂龍	2
齢	il	.	2
鼟	gd	鼓登	2
鼂	md	黽旦	2
鼂	om	.	2
鼂	rm	.	2
鼂	sh	.	2
黁	mx	麻香	2
麫	mg	麥丐	2
麨	mu	麥少	2
麐	lk	鹿口	2
麐	ll	鹿吝	2
鷧	ny	鳥壹	2
鷀	nz	鳥兹	2
鶽	ns	鳥隼	2
鶽	nu	.	2
鵺	ny	鳥夜	2
鴍	nw	鳥文	2
鴍	wn	文鳥	2
鰂	yz	魚則	2
鮟	ya	魚安	2
魿	yl	魚令	2
魣	yy	魚予	2
魓	gb	鬼畢	2
鬂	ib	髟兵	2
髤	im	髟木	2
髤	mb	木髟	2
髄	gy	骨有	2
駄	mt	馬太	2
饍	uu	飠善	2
餎	ug	食各	2
餄	uh	飠合	2
飦	ug	食干	2
飈	fy	風焱	2
顇	yz	頁卒	2
頾	cx	.	2
頳	yi	頁赤	2
鞵	gx	革奚	2
鞟	gh	.	2
鞌	bg	.	2
鞌	ga	革安	2
靱	gr	革刃	2
靭	gr	革刃	2
霚	ym	.	2
霚	yw	雨攵	2
阫	eb	阝不	2
鑬	jl	金覽	2
鑔	ji	金察	2
鏉	jq	金欠	2
鏉	ju	.	2
鎫	jw	.	2
錬	jd	金東	2
鋵	jt	金秃	2
鋭	jd	金兑	2
銾	jg	金汞	2
銸	jg	金乚	2
銸	jy	.	2
鉙	jv	金只	2
鈩	jh	金户	2
鈛	jg	金戈	2
釡	bj	八金	2
釟	jb	金八	2
醘	yh	酉盍	2
醘	ym	.	2
醔	yq	酉秋	2
醎	yx	酉咸	2
酧	yu	酉守	2
酑	yy	酉于	2
鄼	ez	阝賛	2
鄊	ee	阝耳	2
鄊	xy	乡耶	2
郶	lb	立巴	2
郶	ly	立邑	2
郶	py	.	2
遅	zy	辶羊	2
逓	zg	.	2
逓	zh	.	2
逓	zj	.	2
逈	zx	辶向	2
辺	zd	辶刀	2
辵	pv	.	2
輭	id	車大	2
輢	iq	車奇	2
軪	iy	車幼	2
躃	zb	.	2
躃	zx	.	2
蹹	zx	足翕	2
蹹	zy	.	2
蹫	zk	.	2
蹫	zy	足矞	2
趤	zd	走宕	2
趤	zu	.	2
趝	zn	走念	2
趘	zw	走尾	2
贜	bc	貝藏	2
賷	bb	貝冖	2
賷	ub	十貝	2
賍	bv	貝庄	2
讐	yv	言隹	2
讁	yu	言適	2
譵	yd	言對	2
譳	yx	言需	2
譮	yh	言會	2
謴	yg	言貫	2
謉	yg	言鬼	2
覸	jj	見間	2
覰	jc	.	2
覰	jq	見且	2
覍	xj	小見	2
襅	yb	衤畢	2
褃	yk	衤肯	2
袏	yz	衤左	2
蠺	io	.	2
蠺	ti	天虫	2
蠏	ij	虫解	2
蟎	ir	虫入	2
螆	iz	虫兹	2
蘯	cd	.	2
蘯	cm	艹皿	2
藛	cd	.	2
藛	ch	.	2
藛	cx	艹寫	2
薥	ci	.	2
薥	cu	艹蜀	2
蕋	cs	.	2
蕋	cv	艹止	2
蒭	cc	.	2
蒭	ci	艹芻	2
蒣	cx	艹徐	2
蒁	cu	艹述	2
葓	ch	艹洪	2
萮	cy	艹俞	2
菒	cg	艹杲	2
菒	cm	.	2
莬	cm	艹免	2
茘	cd	艹刀	2
茘	cl	.	2
茐	cc	艹匆	2
苿	cw	艹未	2
苆	cq	艹切	2
芲	cl	艹仑	2
艍	vj	舟居	2
艃	vl	舟里	2
臶	vc	至存	2
膎	ox	月奚	2
腨	oe	.	2
腙	oz	月宗	2
腉	oe	月兒	2
脻	oj	.	2
脌	on	月年	2
肨	of	月丰	2
肁	hy	户聿	2
聦	ec	耳怱	2
耊	lv	耂至	2
罙	bm	冖木	2
繏	sg	.	2
繎	sr	糸然	2
縂	sz	糸总	2
粚	my	米也	2
粓	mg	米甘	2
籨	vl	.	2
籨	vq	竹欠	2
籘	vt	𥫗縢	2
籕	vl	𥫗榴	2
簱	vq	𥫗其	2
簘	vs	.	2
簗	vl	竹梁	2
簒	vs	.	2
篬	vc	𥫗倉	2
篏	vq	竹欠	2
篅	ve	.	2
筁	vq	𥫗曲	2
竪	ly	立又	2
竝	ll	立立	2
竚	ln	立宁	2
竏	lq	立千	2
竉	bl	.	2
竉	xl	穴龍	2
窽	ba	.	2
窽	bq	.	2
窽	xa	.	2
窽	xq	穴欠	2
窚	bi	.	2
窚	xi	穴成	2
窂	bn	.	2
窂	xn	穴牛	2
穲	hl	禾麗	2
穅	hk	禾康	2
稾	hg	禾高	2
稴	hj	禾兼	2
稝	hp	禾朋	2
秢	hl	禾令	2
秇	hw	禾丸	2
禯	un	示農	2
禌	uz	示兹	2
祶	ud	示弟	2
祍	ur	示壬	2
礘	us	.	2
礖	uy	石與	2
礏	uy	石業	2
碶	uq	石契	2
碮	uu	石是	2
硋	uh	石亥	2
硄	ug	石光	2
砊	uk	石亢	2
砇	uw	石文	2
瞮	ow	目攵	2
瞔	oz	目責	2
眿	oy	目永	2
眂	ou	目氏	2
盽	of	目丰	2
盋	mb	皿犮	2
盁	mn	皿乃	2
盁	nm	乃皿	2
皗	bv	白周	2
皃	be	白儿	2
疁	tl	.	2
疁	tp	.	2
畵	yh	.	2
畵	yk	.	2
瓪	wf	瓦反	2
瓆	wv	王質	2
璙	wl	.	2
璙	wx	王小	2
璖	wq	王渠	2
瑥	ww	.	2
琟	wv	王隹	2
珷	ww	王武	2
猍	ql	犭來	2
牜	pa	.	2
牕	pc	.	2
牕	px	片心	2
爕	hh	火火	2
爀	hh	火赫	2
燓	hm	火木	2
燓	yh	.	2
熷	hc	火曾	2
煫	hu	火豕	2
煏	hf	.	2
煏	ht	火田	2
焭	hj	火几	2
焭	hr	.	2
焭	jb	.	2
焤	hf	火府	2
烮	hl	火列	2
烖	gh	戈火	2
烖	hg	.	2
烖	ug	.	2
灔	ds	氵色	2
灔	dy	.	2
瀒	dh	氵回	2
濸	dc	氵蒼	2
濅	dy	氵又	2
澊	dz	氵尊	2
漄	dy	氵崖	2
溵	dy	氵殷	2
湬	uq	水秋	2
湗	df	氵封	2
渘	dr	氵柔	2
渂	dw	.	2
涱	di	氵長	2
洣	dm	氵米	2
汷	dw	氵夂	2
汮	dy	氵匀	2
氼	ur	水人	2
毱	mj	.	2
歴	iv	厂止	2
歴	vl	止林	2
欍	mj	木舊	2
櫽	mx	.	2
櫽	my	木隱	2
櫴	ml	木賴	2
檝	mg	.	2
檝	mj	木戢	2
槪	mj	木既	2
槞	md	木电	2
槞	mg	.	2
槞	ml	.	2
楤	mc	木怱	2
楕	mo	木月	2
椃	mh	木虎	2
棊	mq	木其	2
棊	qm	其木	2
桜	mn	木女	2
桇	mr	木如	2
栞	mq	.	2
栄	dm	丶木	2
栄	mb	木冖	2
栁	me	木卩	2
枏	ma	木一	2
枏	mr	.	2
朲	mr	木人	2
朩	ax	.	2
朥	ol	月勞	2
朎	ol	月令	2
暛	oi	日差	2
晎	og	日共	2
昸	od	日冬	2
斚	db	斗冖	2
斚	sd	厶斗	2
斉	dh	.	2
斉	we	.	2
敎	wx	.	2
敎	wz	攵子	2
敇	wx	.	2
攰	vl	支力	2
攋	fl	扌賴	2
撧	fj	扌絕	2
撁	fq	扌牽	2
撀	uq	.	2
撀	uu	声手	2
搝	fi	扌臭	2
搙	fr	扌辱	2
搃	fz	扌总	2
揷	fi	扌臿	2
揷	fj	扌臼	2
掿	fr	扌若	2
挱	fu	扌沙	2
挘	fl	扌劣	2
挆	fd	扌朵	2
抐	fn	扌内	2
抂	fw	扌王	2
扗	ft	扌土	2
懢	xj	忄監	2
憻	xd	忄亶	2
憹	xn	心農	2
慻	xj	忄眷	2
慙	xv	心斬	2
慃	xw	忄翁	2
愭	xo	.	2
愭	xq	忄耆	2
愭	xr	.	2
惽	xh	.	2
惽	xo	忄日	2
悳	xa	.	2
悳	xv	心直	2
悧	xl	忄利	2
悂	xb	忄坒	2
悂	xt	.	2
恑	xw	忄危	2
恏	xh	心好	2
恈	xm	忄牟	2
恈	xn	.	2
怘	gx	古心	2
怘	xg	心古	2
怇	xj	忄巨	2
忈	ex	二心	2
忈	xe	心二	2
徸	xt	彳童	2
徤	xj	彳建	2
徔	xv	彳芝	2
彺	xw	彳王	2
彡	pp	.	2
彡	px	.	2
彛	ac	.	2
彛	cf	.	2
彛	vc	.	2
彚	ag	.	2
彚	gb	.	2
彚	vg	.	2
彚	zd	.	2
弉	cv	廾壯	2
弆	cq	.	2
弆	qc	.	2
廽	zh	廴回	2
廵	zi	.	2
幱	jj	.	2
幱	jl	巾闌	2
帓	jm	巾末	2
帋	uj	氏巾	2
帉	jf	巾分	2
帀	aj	一巾	2
巎	un	.	2
巎	uw	山夂	2
崪	uz	山卒	2
岇	ue	.	2
岇	uy	.	2
屗	cw	.	2
屗	uc	.	2
屓	ub	尸貝	2
寳	bb	宀貝	2
寗	br	.	2
宼	bn	.	2
孆	ny	女嬰	2
嫾	nl	.	2
婲	nh	女花	2
娿	na	女阿	2
娨	nh	女旱	2
娋	nx	女肖	2
姸	ng	女干	2
姸	nk	.	2
妋	nf	女夫	2
妉	ng	.	2
妉	ny	.	2
奬	dj	大將	2
夲	du	大十	2
夘	xe	夕卩	2
夅	wf	.	2
壻	tx	.	2
売	ue	.	2
壗	tj	土盡	2
墌	tu	土庶	2
塜	tm	.	2
塜	tu	.	2
埀	pb	.	2
坣	dt	丶土	2
坣	tb	土冖	2
坣	xt	.	2
圗	kh	.	2
図	kd	.	2
図	ky	囗义	2
囩	ky	囗云	2
囨	kb	.	2
囒	kj	.	2
囒	kl	口蘭	2
嘫	kr	口然	2
嗘	kx	口奚	2
喼	kj	口急	2
喰	ku	口食	2
啺	ky	口昜	2
啳	kj	口卷	2
啩	kg	口卦	2
唫	kj	口金	2
唖	ky	口亜	2
哰	kl	口牢	2
哣	kd	口豆	2
咜	kt	口它	2
叺	kr	口入	2
叞	yu	又示	2
厱	iq	厂僉	2
厀	eq	卩桼	2
厀	eu	卩氺	2
卽	eb	卩匕	2
単	dd	.	2
卄	aa	丨一	2
卄	ck	.	2
匵	km	匚賣	2
勲	dd	.	2
勲	hd	.	2
勥	lq	力强	2
勌	lj	力卷	2
剳	dd	.	2
剳	dh	刂合	2
刴	dd	朵刂	2
凁	du	冫束	2
冚	bu	冖山	2
冐	my	.	2
冐	oo	.	2
冐	oy	.	2
冐	ry	日月	2
兾	bg	.	2
兾	by	丷異	2
儞	re	亻爾	2
僲	rf	.	2
僫	re	亻惡	2
傪	rc	亻參	2
倄	ry	亻肴	2
俈	rg	亻告	2
佂	rv	亻正	2
佀	rg	.	2
伵	rs	亻四	2
伃	ry	亻予	2
仮	rf	亻反	2
亷	ij	.	2
亷	lj	立{兼下}	2
乭	uy	石乙	2
乭	yu	乙石	2
𣈶	oh	日恆	2
鰺	yc	魚參	2
頴	yu	頁示	2
軤	ih	車乎	2
蒕	cm	艹皿	2
蒕	cw	.	2
葤	cc	.	2
葤	cv	艹紂	2
鵧	nb	鳥并	2
鷷	nz	鳥尊	2
鵗	nx	鳥希	2
鯥	yt	魚土	2
鞹	gg	革郭	2
霝	yk	雨口	2
轇	il	.	2
轇	ip	.	2
謵	yb	.	2
謵	yx	言習	2
謱	yl	言婁	2
覢	jy	見炎	2
蔕	cd	艹帶	2
菎	ck	艹昆	2
腛	ow	月屋	2
腇	ow	月委	2
翜	yj	羽夾	2
綟	sl	糸戾	2
綟	sq	.	2
粯	mj	米見	2
簙	vb	竹博	2
簆	vk	竹寇	2
祰	ug	示告	2
熸	ho	火日	2
熸	hq	.	2
潡	dd	氵敦	2
溡	du	氵時	2
淜	dp	氵朋	2
殏	dq	歹求	2
歑	qh	欠乎	2
枑	mh	木互	2
嶰	uj	山解	2
峮	uj	山君	2
垔	tx	土覀	2
垔	xt	覀土	2
噊	kk	.	2
噊	ky	口矞	2
伻	rp	亻平	2
鸆	nw	.	2
鸅	nx	鳥幸	2
鰎	yj	魚建	2
鰅	yy	魚禺	2
髼	if	髟丰	2
騺	mv	馬執	2
餼	uq	食氣	2
鞙	go	革月	2
鞙	gy	革肙	2
霿	ym	.	2
霿	yo	雨目	2
閼	my	門於	2
郰	ed	耳邓	2
軥	ij	車句	2
跜	zn	足尼	2
贐	bj	貝盡	2
贐	bm	.	2
譂	yd	言單	2
詷	yt	言同	2
螐	iw	虫烏	2
蜄	ii	虫辰	2
蛣	ij	虫吉	2
蘤	cw	艹爲	2
蓴	cv	艹專	2
葂	cm	艹勉	2
膼	og	月過	2
羬	yx	羊咸	2
粍	mm	米毛	2
穋	hl	.	2
穋	hp	.	2
璕	wx	王尋	2
漇	dv	.	2
漇	dx	氵徙	2
汥	dv	氵支	2
橔	md	木敦	2
樆	ml	木离	2
撌	fg	扌貴	2
憱	xj	心就	2
崸	uy	山頁	2
屴	ul	山力	2
姴	nl	女列	2
妵	nv	女主	2
奿	nw	女丸	2
奿	wn	丸女	2
埱	tu	土叔	2
鼲	uj	鼠軍	2
鼚	gi	鼓長	2
鸙	nc	.	2
鸙	ny	鳥龠	2
鶆	nl	鳥來	2
鵿	nu	鳥昇	2
鵱	nt	鳥土	2
鴀	nb	鳥不	2
镺	iy	镸夭	2
鑢	jl	金慮	2
鏙	jc	金崔	2
錉	jh	金昏	2
鋄	jy	金又	2
趡	zv	走隹	2
譒	yf	言番	2
誽	ye	言兒	2
觕	nj	牛角	2
襳	yg	.	2
襳	yx	.	2
袘	yy	衤也	2
螝	ig	虫鬼	2
蝁	iy	虫亞	2
蕧	cf	艹復	2
蔪	cv	艹斬	2
萯	cf	艹負	2
紁	si	糸叉	2
籿	mc	米寸	2
碆	ub	石波	2
砳	uu	石石	2
皻	pc	.	2
皻	pq	皮且	2
瓂	wg	王蓋	2
瓂	wm	.	2
焆	ho	火月	2
焆	hy	火肙	2
烍	hx	火先	2
濈	dg	.	2
濈	dj	氵戢	2
溙	dt	氵泰	2
湴	db	氵並	2
涒	dj	氵君	2
欿	qj	欠臼	2
欿	qx	.	2
棔	mh	木昏	2
憼	xj	心敬	2
惵	xm	忄木	2
弣	gf	弓付	2
屼	uw	山兀	2
媔	nm	女面	2
婰	nd	女典	2
婜	ny	女又	2
娞	nt	女妥	2
妀	jn	己女	2
勯	ld	力亶	2
侹	rt	亻廷	2
佹	rw	亻危	2
鼶	uh	.	2
鸕	nl	鳥盧	2
鸃	ny	鳥義	2
鷢	in	.	2
鷢	nj	鳥厥	2
鷢	nq	.	2
鶾	nu	.	2
鶾	un	十鳥	2
鳿	nw	鳥王	2
鳿	wn	王鳥	2
鳻	nf	鳥分	2
鱨	yi	魚嘗	2
鮂	yq	魚囚	2
頨	yy	頁羽	2
闤	mh	.	2
闤	my	.	2
鑤	jb	金暴	2
鏕	jl	金鹿	2
鎛	jc	金寸	2
鎛	jf	.	2
酟	yv	酉占	2
軵	if	車付	2
蹢	zd	.	2
譀	yg	言敢	2
誖	yb	言孛	2
誖	yz	.	2
蠿	iy	.	2
蜪	it	.	2
蚔	iu	虫氏	2
虙	hb	虍必	2
葹	cu	艹施	2
臷	gv	戈至	2
臷	ug	.	2
臷	vg	.	2
腯	od	月盾	2
箛	vg	𥫗孤	2
稢	hh	禾或	2
碙	ug	石岡	2
眅	of	目反	2
皵	px	皮昔	2
甗	wg	瓦鬲	2
甗	wy	.	2
璯	wh	王會	2
珛	wy	王有	2
玸	wb	王包	2
犕	ny	牛用	2
燲	hb	火貝	2
煡	hj	火建	2
灊	dg	氵鬲	2
灊	dx	.	2
灊	dz	.	2
杍	mz	木子	2
揫	uq	手秋	2
掝	fh	扌或	2
幨	jv	巾詹	2
幨	jy	.	2
巠	ag	一工	2
巠	gi	.	2
峬	uf	山甫	2
媓	nh	女皇	2
娕	nu	女束	2
堔	tm	土木	2
堔	tu	.	2
垺	tf	土孚	2
嚃	kd	.	2
嚁	kd	口翟	2
嚁	kv	.	2
噿	kc	口翠	2
嗼	km	口莫	2
儴	rx	亻襄	2
伒	rj	亻斤	2
龘	ll	龍龍	2
黮	hu	黑甚	2
鸄	nj	鳥敫	2
鸄	nw	.	2
鷜	nl	鳥婁	2
鷎	ng	鳥皋	2
鷎	nu	.	2
鶭	nf	鳥紡	2
鶟	nt	鳥突	2
鵛	ng	鳥工	2
鵛	nj	.	2
鴮	nk	鳥夸	2
鳹	nj	鳥今	2
鳭	dn	刀鳥	2
鳭	nd	鳥刀	2
鬳	hg	虍鬲	2
鞜	gt	.	2
雘	dh	.	2
雘	dy	丹又	2
阠	eu	阝十	2
阠	ex	阝卂	2
鑕	jv	金質	2
鉌	jh	金禾	2
鈒	jj	金及	2
釂	yj	酉爵	2
轕	ig	車葛	2
跈	zp	.	2
諰	ys	言思	2
苪	cb	艹丙	2
糑	mr	米弱	2
筄	vv	𥫗兆	2
矺	uq	石七	2
矺	ut	.	2
痽	bv	疒隹	2
痵	bj	疒季	2
瓬	ww	.	2
琋	wx	王希	2
狘	qy	.	2
燖	hx	火尋	2
煔	yv	炎占	2
瀁	dy	氵養	2
滆	dg	氵鬲	2
沇	dy	氵允	2
汃	db	氵八	2
毧	mr	毛戎	2
櫱	mx	木辛	2
橖	mt	木棠	2
橉	ml	.	2
榯	mu	木時	2
椊	mz	木卒	2
摿	fy	扌音	2
恅	xl	心老	2
廦	gb	.	2
廦	gx	.	2
嵷	uc	山從	2
嵷	uv	.	2
崳	uy	山俞	2
娏	nl	.	2
娏	nm	女尨	2
姩	nn	女年	2
墐	tj	土堇	2
埬	td	土東	2
埣	tz	土卒	2
坒	bt	比土	2
坒	tb	土比	2
圛	kx	囗幸	2
嗂	kf	口缶	2
唋	ky	口余	2
偫	rd	亻待	2
磑	ud	.	2
磑	uq	石豈	2
鼭	us	鼠寺	2
鼉	km	口黽	2
鼉	ma	黽一	2
鼉	sh	.	2
鷏	nv	鳥真	2
鶞	nd	鳥盾	2
鱎	yq	魚喬	2
鰼	yb	.	2
鰼	yx	魚習	2
鯆	yf	魚甫	2
魌	gq	鬼其	2
髶	eb	耳髟	2
髶	ie	髟耳	2
騝	mj	馬建	2
隀	ev	阝重	2
閮	mt	門廷	2
鑀	ja	金愛	2
醊	yu	.	2
醊	yv	酉叕	2
鄛	ei	耳巢	2
郣	eb	耳孛	2
郣	ez	阝子	2
輮	ir	車柔	2
躈	zj	足敫	2
躈	zw	.	2
誋	yj	言忌	2
詺	ym	言名	2
詍	yu	言世	2
螶	ij	.	2
螶	ji	巨虫	2
薳	cy	艹遠	2
蕝	cj	.	2
蔠	cv	艹終	2
荄	ch	艹亥	2
臹	vi	至成	2
臕	ob	.	2
臕	od	.	2
臕	oh	月灬	2
膹	ob	月賁	2
膬	om	.	2
膬	oq	.	2
罼	sb	罒畢	2
緄	sk	糸昆	2
綍	sb	糸孛	2
綍	sz	.	2
糐	mc	米寸	2
糐	mf	.	2
箎	vh	𥫗虎	2
筈	vu	𥫗舌	2
竘	lj	立句	2
碀	uv	石争	2
猦	qf	犭風	2
犉	nx	牛享	2
灪	dp	.	2
灪	dy	氵鬱	2
澰	dq	氵僉	2
潐	dj	氵焦	2
湑	dx	氵胥	2
渹	dh	氵訇	2
渹	dy	.	2
涐	dw	氵我	2
浾	di	氵赤	2
浻	dj	氵冏	2
浻	dk	.	2
泃	dj	氵句	2
樥	mf	木丰	2
楬	mh	木曷	2
杝	my	木也	2
昹	oy	日永	2
擽	fl	扌樂	2
擽	fy	.	2
掍	fk	扌昆	2
弮	gf	.	2
弮	jg	.	2
幦	jb	.	2
幦	jx	.	2
幏	jj	巾家	2
岧	uv	山召	2
尌	ca	.	2
尌	cv	.	2
孮	zz	子宗	2
嬐	nq	女僉	2
媦	nw	女胃	2
堿	tx	土咸	2
堥	tm	.	2
堥	tw	土攵	2
垏	ty	土聿	2
噣	ki	.	2
噣	ku	口蜀	2
唭	kq	口其	2
匟	kk	匚亢	2
劗	dz	刂贊	2
刌	dc	刂寸	2
傰	rb	亻崩	2
黵	hv	黑詹	2
黵	hy	.	2
鸍	ne	鳥爾	2
鷞	nu	鳥爽	2
鶶	nt	鳥唐	2
鳺	nf	鳥夫	2
鰶	yj	魚祭	2
鮸	ym	魚免	2
鬙	ic	髟曾	2
靽	gb	革半	2
邿	es	耳寺	2
踒	zw	足委	2
跍	zg	足古	2
贕	lm	卵賣	2
諯	ye	.	2
諑	yd	言丶	2
諑	yi	.	2
誻	yt	.	2
觤	jw	角危	2
襂	yc	衤參	2
蟨	ii	.	2
蟨	ij	虫厥	2
蟨	iq	.	2
葖	ct	艹突	2
茿	cg	艹巩	2
腜	om	月某	2
紩	su	糸失	2
簹	vd	竹當	2
簂	vg	竹國	2
禸	ad	.	2
禸	ks	冂厶	2
祊	uf	示方	2
睼	ou	目是	2
癐	bh	疒會	2
甖	bw	貝瓦	2
甖	wb	瓦貝	2
甋	wd	.	2
爓	hy	火閻	2
濏	ds	氵瑟	2
溰	dd	.	2
溰	dq	氵豈	2
溤	dm	氵馬	2
涍	dx	氵孝	2
槮	mc	木參	2
榗	mj	木晋	2
椈	mj	.	2
桻	mf	木丰	2
曞	ol	日厲	2
暰	oc	日從	2
暰	ov	.	2
晇	ok	日夸	2
擳	fj	扌節	2
掗	fy	扌亞	2
抸	ff	扌乏	2
惏	xl	忄林	2
怋	xm	忄民	2
廧	gh	.	2
廧	gs	广嗇	2
墫	tz	土尊	2
埲	tf	土奉	2
喕	km	口面	2
喍	ki	口柴	2
咰	kx	口旬	2
剻	db	刂崩	2
剸	dv	刂專	2
鼰	ub	鼠貝	2
鶝	nf	.	2
鶝	nt	鳥田	2
鴐	nj	鳥加	2
鳦	ny	鳥乙	2
鞄	gb	革包	2
霫	yb	.	2
霫	yx	雨習	2
銕	jy	金夷	2
鄅	ey	耳禹	2
轣	il	車歷	2
轣	iv	.	2
躣	zq	足瞿	2
躣	zv	.	2
躉	zw	足萬	2
諀	yb	言卑	2
褢	dy	.	2
褢	wy	.	2
褢	yg	衣鬼	2
蘛	cy	艹育	2
藗	cq	艹欠	2
藗	cs	.	2
藋	cd	艹翟	2
藋	cv	.	2
蕑	cx	艹閒	2
蒬	cy	艹冤	2
葨	cw	艹畏	2
肕	or	月刃	2
窌	bm	.	2
窌	xm	穴卯	2
稛	hh	.	2
稛	hq	禾囷	2
瞃	od	目盾	2
眓	oy	.	2
癗	bl	疒雷	2
瓙	wd	王燾	2
瓙	wh	.	2
瓙	wt	.	2
獉	qq	犭秦	2
渨	dw	氵畏	2
涽	dh	氵昏	2
槢	mb	木白	2
槢	mx	木習	2
朡	ow	月夂	2
昅	oj	日及	2
旝	fh	方會	2
挏	ft	扌同	2
恟	xx	忄匈	2
廯	gx	广鮮	2
幮	jc	.	2
幮	ji	巾廚	2
幝	jd	巾單	2
嫙	nx	女旋	2
姠	nx	女向	2
嘄	km	.	2
嘄	kx	口梟	2
哫	kz	口足	2
剢	dd	刂丶	2
剢	di	.	2
驫	mm	馬馬	2
鼮	ut	鼠廷	2
鼨	ud	鼠冬	2
鼘	ga	鼓丨	2
鷒	nv	鳥專	2
鷅	nl	鳥栗	2
鵽	nu	.	2
鵽	nv	鳥叕	2
鮯	yh	魚合	2
鮈	yj	魚句	2
鬊	ii	髟春	2
髺	iu	髟舌	2
駌	me	.	2
駌	my	.	2
飶	ub	食必	2
鑋	jq	金輕	2
鍉	ju	金是	2
鋞	jg	金工	2
鋞	jj	.	2
豰	uu	豕殳	2
觼	jw	.	2
觼	jx	角夐	2
蝃	iu	.	2
蝃	iv	虫叕	2
臝	dd	.	2
臝	wf	.	2
絫	sl	.	2
絫	ss	糸厶	2
簳	vg	竹幹	2
箵	vu	竹省	2
窲	bl	.	2
窲	xl	穴料	2
硜	ug	石工	2
硜	uj	.	2
矐	oh	目霍	2
瞡	og	目規	2
眣	ou	目失	2
泬	dx	氵穴	2
歜	qi	.	2
歜	qu	欠蜀	2
歍	qw	欠烏	2
楥	my	木爰	2
摍	fs	扌宿	2
媌	nm	女苗	2
塴	tb	土崩	2
坢	tb	土半	2
匽	kn	匚女	2
匽	ky	匚妟	2
鳲	nu	鳥尸	2
鈳	jk	金可	2
齵	iy	齒禺	2
鹺	li	鹵差	2
鸒	jn	{舉上}鳥	2
鸒	ny	鳥與	2
鵴	nj	鳥匊	2
鵖	ng	鳥艮	2
鴶	nj	鳥吉	2
餪	ud	食大	2
輚	ij	車戔	2
踂	zg	足乚	2
踂	zy	足乙	2
襚	ys	衤遂	2
襘	yh	衤會	2
蟓	ix	虫象	2
艫	vl	舟盧	2
胻	ox	月行	2
胦	oy	月央	2
縋	sv	糸追	2
盚	mq	皿求	2
泜	dd	氵氐	2
戩	gj	戈晋	2
愩	xg	忄貢	2
惎	qx	其心	2
惎	xq	心其	2
岮	ut	山它	2
埻	tx	土享	2
伭	rx	亻玄	2
鷊	ng	鳥鬲	2
鶨	nt	鳥彖	2
鶨	nu	鳥豕	2
鶦	nh	鳥胡	2
鶗	nu	鳥是	2
鶗	un	是鳥	2
馹	mo	馬日	2
遰	zd	辶帶	2
迉	zu	辶尸	2
譻	by	貝言	2
譻	yb	言貝	2
蛓	gi	戈虫	2
蛓	ig	虫戈	2
蛓	ug	十戈	2
蚹	if	虫付	2
藅	cf	艹罰	2
薺	cq	艹齊	2
薣	cg	艹鼓	2
艗	vy	舟益	2
舠	vd	舟刀	2
胕	of	月付	2
翭	yh	羽侯	2
緉	sl	糸兩	2
窶	bl	宀婁	2
窶	xl	穴婁	2
眑	oy	目幼	2
瓟	gb	瓜包	2
猼	qc	犭寸	2
猼	qf	犭尃	2
汋	du	氵勺	2
暔	on	日南	2
塉	tj	土脊	2
厤	ih	厂禾	2
儃	rd	亻亶	2
鶠	nn	鳥女	2
鶠	ny	鳥匽	2
鵀	nr	鳥任	2
鴔	nf	鳥乏	2
馽	mv	馬中	2
輳	iz	車奏	2
踑	zq	足其	2
訃	yb	言卜	2
褷	yv	衤{卜人}	2
褷	yx	衤徙	2
蠨	ix	虫蕭	2
痗	bm	疒每	2
牳	nm	牛母	2
湋	dw	氵韋	2
檮	mu	木壽	2
檨	mc	木㳄	2
檨	mx	木羡	2
橎	mf	木番	2
梛	mn	木那	2
岝	uv	山乍	2
冾	dh	冫合	2
麔	lj	鹿咎	2
鶬	nc	鳥倉	2
鰬	yq	魚虔	2
鰬	yw	魚文	2
錆	jq	金青	2
鄏	er	阝辱	2
谹	gh	谷厷	2
谹	gs	谷厶	2
褱	dy	丶{衣下}	2
褱	wy	亠{衣下}	2
褱	yu	衣氺	2
袃	yq	衣切	2
蝡	id	虫大	2
蜲	iw	虫委	2
薵	cu	艹壽	2
羇	sq	罒奇	2
縶	sv	糸執	2
穈	hm	禾麻	2
穈	mh	麻禾	2
湩	dv	氵重	2
梮	mj	木局	2
憪	xx	心閒	2
弶	gj	弓京	2
嶍	ub	山白	2
嶍	ux	山習	2
嬁	nd	女登	2
妅	ng	女工	2
堽	tg	土罡	2
堽	tv	土正	2
呇	uk	水口	2
丼	jd	井丶	2
鼤	uw	鼠文	2
鷋	nt	鳥荼	2
鷋	ny	鳥余	2
鴱	na	鳥艾	2
骳	gp	骨皮	2
諟	yu	言是	2
袽	yr	衤如	2
翪	yw	羽夂	2
縕	sm	糸皿	2
縕	sw	糸昷	2
炚	oh	日火	2
瀫	dh	氵縠	2
瀫	du	氵殳	2
溈	dw	氵爲	2
槂	ms	木孫	2
庬	gl	广龙	2
庬	gm	广尨	2
儜	rn	亻寧	2
鐒	jl	金勞	2
鷽	jn	{舉上}鳥	2
鷽	nb	鳥冖	2
顑	yx	頁咸	2
雽	yh	雨乎	2
蕣	cu	艹舜	2
膋	ho	火月	2
膋	ob	月冖	2
繸	ss	糸遂	2
盭	mw	皿攵	2
瘚	bj	疒欮	2
瘚	bq	疒欠	2
欱	qh	欠合	2
檥	my	木義	2
檣	mh	木回	2
檣	ms	木嗇	2
杕	md	木大	2
憺	xv	忄詹	2
憺	xy	忄言	2
庤	gs	广寺	2
妠	nn	女内	2
銢	ju	金水	2
鉊	jv	金召	2
羢	yr	羊戎	2
紿	st	糸台	2
痌	bt	疒同	2
濿	dl	氵厲	2
濿	dw	氵萬	2
楄	mb	木扁	2
愓	xy	忄昜	2
恲	xb	忄并	2
垹	tb	土邦	2
囋	kz	口贊	2
纚	sl	糸麗	2
騋	ml	馬來	2
靋	yl	雨瀝	2
靋	yv	雨止	2
瀖	dh	氵霍	2
捼	fw	扌委	2
鑷	jn	金聶	2
銻	jd	金弟	2
鉚	jm	金卯	2
誶	yz	言卒	2
螘	id	虫豆	2
螘	iq	虫豈	2
搹	fg	扌鬲	2
峟	uy	山有	2
囌	kh	口禾	2
囌	ks	口蘇	2
鴾	nm	鳥牟	2
鴾	nn	鳥牛	2
鯗	yd	魚丶	2
鯗	yy	羊魚	2
遉	zv	辶貞	2
蜁	ip	虫疋	2
薌	cx	艹鄉	2
莤	cy	艹酉	2
奱	ds	大糸	2
奱	yd	言大	2
禕	uw	示韋	2
癇	bx	疒閒	2
栟	mb	木并	2
憖	xq	心犬	2
墯	td	土惰	2
喌	kv	口州	2
鴃	nd	鳥丶	2
鴃	ng	鳥夬	2
飫	uy	食夭	2
蓽	cb	艹畢	2
翽	ys	羽歲	2
椑	mb	木卑	2
崟	uj	山金	2
齻	iv	齒真	2
鴩	nu	鳥失	2
蘢	cl	艹龍	2
鶺	nj	鳥脊	2
鐶	jh	金睘	2
鐶	jy	金睘	2
靆	yd	雲逮	2
銩	jd	金丢	2
鶹	nl	鳥留	2
靉	ya	雲愛	2
轂	iu	車殳	2
轂	ui	殳車	2
茷	cf	艹伐	2
汱	dq	氵犬	2
徥	xu	彳是	2
羥	yg	羊工	2
羥	yj	羊巠	2
怞	xy	忄由	2
罌	fb	缶貝	2
摡	fj	扌既	2
嬪	nb	女賓	2
驒	md	馬單	2
紺	sg	糸甘	2
熞	hj	火堅	2
傚	rx	亻效	2
俓	rg	亻工	2
俓	rj	亻巠	2
龕	lh	龍合	2
魠	yq	魚七	2
魠	yt	魚乇	2
硞	ug	石告	2
櫺	mk	木口	2
櫺	ml	木霝	2
櫫	mv	木豬	2
韙	uw	是韋	2
痟	bx	疒肖	2
鷂	nf	鳥缶	2
讌	yy	言燕	2
嬈	ny	女堯	2
蒔	cu	艹時	2
祤	uy	示羽	2
隬	ee	阝爾	2
闃	mj	木狊	2
闃	mq	門犬	2
轡	ik	車口	2
轡	ks	口糸	2
閞	mb	門弁	2
閞	mc	門廾	2
荺	cj	艹均	2
篳	vb	竹畢	2
瀋	df	氵番	2
瀋	du	氵審	2
囀	kv	口轉	2
憸	xq	心僉	2
鶻	ng	鳥骨	2
鉞	jy	金戉	2
綃	sx	糸肖	2
鍇	jj	金皆	2
縝	sv	糸真	2
挴	fm	扌每	2
摠	fc	扌悤	2
摠	fx	扌心	2
萵	cg	艹咼	2
萵	ck	艹口	2
儌	rj	亻敫	2
儌	rw	亻攵	2
瀲	dl	氵斂	2
瀲	dw	氵攵	2
冪	bm	冖幕	2
齟	iq	齒且	2
悀	xy	忄甬	2
錩	ji	金昌	2
璗	yt	玉湯	2
鴆	na	鳥乛	2
鴆	ng	鳥乚	2
鴆	nv	鳥乛	2
鴆	ny	鳥冘	2
攆	fn	扌輦	2
嫭	nh	女乎	2
撽	fj	扌敫	2
撽	fw	扌攵	2
鱧	yd	魚豆	2
鱧	yl	魚豊	2
揕	fu	扌甚	2
顢	yr	頁入	2
蕘	cy	艹堯	2
衊	xm	血蔑	2
纇	my	米頁	2
纇	sy	糸頁	2
纇	ys	頁糸	2
掄	fl	扌侖	2
囥	kk	囗亢	2
賁	bh	貝卉	2
摑	fg	扌國	2
銼	jz	金坐	2
頇	gy	干頁	2
頇	yg	頁干	2
覦	jy	見俞	2
贀	bu	貝殳	2
贀	by	貝殹	2
鄔	ew	耳烏	2
囪	kd	囗丶	2
囪	kp	囗{丿丨}	2
鳶	ny	鳥弋	2
鵠	ng	鳥告	2
鑞	jl	釒巤	2
鈃	jk	金开	2
鈉	jn	金内	2
殯	db	歹賓	2
纓	sy	糸嬰	2
詆	yd	言氐	2
閡	mh	門亥	2
囈	ky	口藝	2
鰍	yq	魚秋	2
鯤	yk	魚昆	2
諫	yj	言柬	2
鸞	ns	鳥糸	2
鸞	yn	言鳥	2
鮭	yg	魚圭	2
馭	my	馬又	2
鈦	jt	金太	2
徠	xl	彳來	2
魷	yy	魚尤	2
餡	uj	飠臼	2
餡	ux	飠臽	2
貽	bt	貝台	2
詫	yv	言宅	2
嶇	uq	山區	2
鬩	de	鬥兒	2
匱	kg	匚貴	2
葾	cy	艹怨	2
滸	dx	氵許	2
誣	yw	言巫	2
嫻	nx	女閑	2
愷	xd	忄豆	2
愷	xq	忄豈	2
檻	mj	木監	2
儉	rq	亻僉	2
櫥	mc	木寸	2
櫥	mi	木廚	2
鯨	yj	魚京	2
擷	fj	扌頡	2
煒	hw	火韋	2
銬	jk	金考	2
鯽	yj	魚即	2
饑	uj	食幾	2
磯	uj	石幾	2
鞏	gg	巩革	2
韜	wy	韋舀	2
幟	jg	巾戈	2
幟	jv	巾戠	2
騁	mk	馬丂	2
騁	mp	馬甹	2
粵	mk	米丂	2
粵	pk	丿丂	2
贓	bw	貝戊	2
贓	bz	貝臧	2
鑒	jj	金𰯲	2
鑒	jk	金口	2
鑒	jl	金臨	2
鑒	js	金罒	2
矯	uq	矢喬	2
謗	yp	言旁	2
餃	uj	飠交	2
饅	um	飠曼	2
輒	ig	車乚	2
輒	iy	車乙	2
壟	tl	土龍	2
闕	mj	門欮	2
闕	mq	門欠	2
瀏	dl	氵劉	2
諜	ym	言木	2
諜	yy	言枼	2
檸	mn	木寧	2
貸	bd	貝代	2
胏	oz	月𠂔	2
屢	ul	尸婁	2
馮	dm	冫馬	2
貳	by	貝弋	2
貳	yb	弋貝	2
鑼	jl	金羅	2
鑼	jw	金維	2
籲	vy	竹頁	2
禱	uu	示壽	2
濾	dl	氵慮	2
攏	fl	扌龍	2
謬	yl	言翏	2
謬	yp	言彡	2
閩	mi	門虫	2
踴	zy	足勇	2
樞	mq	木區	2
龥	yc	.	1
龥	yy	龠頁	1
龞	gb	.	1
龞	gw	.	1
龏	lc	龍廾	1
齼	ii	齒楚	1
黬	hx	黑咸	1
黣	hm	黑每	1
黋	gh	光黄	1
黋	hg	黄光	1
麳	ml	麥來	1
麞	lv	鹿章	1
麏	lj	鹿君	1
鸜	nq	鳥瞿	1
鸜	nv	.	1
鷪	mn	.	1
鷪	nb	鳥冖	1
鷪	on	目鳥	1
鵣	nu	鳥束	1
鵕	nj	.	1
鵆	ni	.	1
鵆	ri	.	1
鵆	xi	.	1
鵆	xn	行鳥	1
鴺	ny	鳥夷	1
鴜	nc	鳥此	1
鳰	nr	鳥入	1
鱻	yy	魚魚	1
鱤	yg	魚感	1
鰞	yw	魚烏	1
鯻	yd	.	1
鯻	yl	魚剌	1
鯳	yd	魚底	1
鯮	yz	魚宗	1
鯟	yd	魚東	1
鯘	yw	魚委	1
鮋	yy	魚由	1
魫	yg	.	1
魫	yy	.	1
鬰	mp	.	1
鬰	yp	.	1
鬝	ij	髟間	1
鬔	if	髟逢	1
髸	ig	髟共	1
髗	gl	骨盧	1
骪	gf	骨凡	1
骩	gj	骨九	1
驑	ml	.	1
騼	ml	馬鹿	1
駊	mp	馬皮	1
駆	mq	馬区	1
饏	ug	食敢	1
餶	ug	飠骨	1
飵	uv	飠乍	1
飮	uq	食欠	1
飤	ur	飠人	1
飇	fb	.	1
飇	fq	風犬	1
颴	fp	風疋	1
顨	yq	頁丌	1
顦	yj	頁焦	1
顚	yv	頁真	1
顕	yx	頁显	1
顋	ys	頁思	1
頼	yu	頁束	1
頪	my	米頁	1
頪	ym	頁米	1
頋	ye	頁厄	1
韒	wx	韋肖	1
韈	gm	革蔑	1
鞽	gq	革喬	1
鞱	gy	革舀	1
鞖	gt	革妥	1
靤	mb	面包	1
靏	yh	雨鶴	1
靏	yn	.	1
靎	yn	雨鳥	1
靎	yq	.	1
霳	yl	雨隆	1
霔	yv	雨注	1
雫	yx	雨下	1
隟	ei	耳巢	1
隌	ey	耳音	1
陙	ei	阝辰	1
陒	ew	阝危	1
阾	el	阝令	1
阸	ea	.	1
阸	ey	阝乙	1
阧	ed	阝斗	1
闁	mm	門門	1
閴	mb	門貝	1
閕	my	門牙	1
镸	ad	.	1
钄	jj	.	1
钄	jl	金蘭	1
鑙	jv	金旨	1
鐦	jk	金開	1
鐥	ju	金善	1
鐣	jv	金掌	1
鎿	jn	金拿	1
鎼	ju	.	1
鎻	jb	金貝	1
鎭	jv	金真	1
鎅	jj	金界	1
鍈	jy	金英	1
鍂	jj	金金	1
錑	jl	金戾	1
錑	jq	.	1
銯	js	金糸	1
銭	jd	.	1
銭	jj	金戋	1
銞	jx	金旬	1
銒	jg	金干	1
銒	jk	.	1
銉	jy	金聿	1
鉨	je	金尔	1
鉝	jl	金立	1
鉂	ju	金史	1
鈢	jm	金木	1
釼	jr	金刃	1
酼	yi	.	1
鄽	ei	耳廛	1
鄽	et	.	1
郆	ej	耳吉	1
郀	ek	耳夸	1
邌	zl	辶黎	1
遖	zn	辶南	1
迯	zw	辶外	1
迀	zg	辶干	1
辡	xx	辛辛	1
輨	ig	車官	1
軽	iu	車圣	1
軲	ig	車古	1
軰	ib	車北	1
軭	ik	車匡	1
軚	it	車太	1
軎	ik	車口	1
軎	ki	.	1
躻	uk	身空	1
躀	zg	足貫	1
蹨	zr	足然	1
踲	zd	足盾	1
踋	zq	足却	1
踈	zu	足束	1
踁	zg	足工	1
踁	zj	.	1
跥	zd	足朵	1
跒	zk	足可	1
跊	zw	足未	1
趩	zg	.	1
趩	zy	走異	1
趦	zz	走咨	1
趞	zx	走昔	1
趈	zv	走占	1
趂	ze	走尔	1
赾	zj	走斤	1
贚	bl	貝龍	1
贑	dd	.	1
贑	vg	章貢	1
賶	bc	貝倉	1
賛	bf	貝夫	1
賐	bj	.	1
賎	bd	.	1
賎	bj	貝戋	1
貭	bu	.	1
貭	pb	.	1
豴	ud	.	1
豙	du	.	1
豙	lu	.	1
豙	wu	亠豕	1
譶	yy	言言	1
譲	yy	.	1
譤	yj	言敫	1
譤	yw	.	1
譄	yc	言曾	1
謌	yg	言哥	1
諌	yd	言東	1
誝	yh	言含	1
誀	ye	言耳	1
詋	yx	言兄	1
詉	yn	言奴	1
訽	yj	言句	1
訷	yu	言申	1
訆	yj	言丩	1
觘	ju	角少	1
觗	ju	角氏	1
覑	pj	片見	1
襇	yj	衤間	1
褹	yv	.	1
褄	yq	衤妻	1
裦	dy	.	1
裦	wy	.	1
裦	ym	衣矛	1
袔	yk	衤可	1
衸	yj	衤介	1
衜	xi	彳亍	1
衜	xu	.	1
衇	xp	.	1
衂	xr	血刃	1
蠭	if	.	1
蟩	ij	虫厥	1
蟩	iq	.	1
蟐	ii	虫常	1
蟇	im	.	1
螥	ic	虫倉	1
螌	ib	虫般	1
蜹	in	.	1
蜹	ir	虫芮	1
蜫	ik	虫昆	1
蜏	ix	虫秀	1
蛯	il	虫老	1
蛧	iw	虫网	1
蛠	il	虫力	1
蛠	ix	.	1
蚲	ip	虫平	1
蚭	in	虫尼	1
蚏	io	虫月	1
虁	ck	.	1
虁	cw	艹夂	1
蕳	cj	艹間	1
蔳	cq	艹清	1
蔛	cd	.	1
蔛	ch	艹斛	1
蔃	cq	艹强	1
蔁	cv	艹章	1
蓸	cc	艹曹	1
蓡	cj	艹浸	1
蓡	cy	.	1
蒦	cv	.	1
蒦	cy	艹又	1
葘	ct	.	1
葘	cz	艹甾	1
葈	cm	.	1
葈	mt	.	1
萗	cz	艹宗	1
萖	ce	艹兒	1
萕	cq	.	1
萅	co	艹日	1
萅	ot	日屯	1
菍	cn	艹念	1
莵	cd	.	1
荗	cu	艹戍	1
芿	cr	艹仍	1
艌	vn	舟念	1
舤	vf	舟凡	1
舏	uj	舌丩	1
臎	oc	月翠	1
臋	rd	肉殿	1
臋	ru	.	1
膥	ri	肉成	1
膁	oj	月兼	1
腝	od	月大	1
腗	ob	.	1
腗	oq	月丌	1
脷	ol	月利	1
脮	ot	月妥	1
脪	ox	月希	1
脗	ok	月口	1
胿	og	月圭	1
胢	ok	月可	1
胟	om	月母	1
胒	on	月尼	1
肬	oy	月尤	1
肔	oy	月也	1
肎	bo	冖月	1
聨	ec	耳廾	1
聣	ee	耳兒	1
聄	ep	.	1
耉	lk	.	1
耈	lj	老句	1
翶	yg	.	1
翶	yu	.	1
翤	yc	羽艹	1
翆	yu	羽十	1
翆	yz	.	1
羙	yh	.	1
罸	st	罒討	1
罆	fg	缶貫	1
纒	si	.	1
繮	sj	.	1
緭	sw	糸胃	1
緖	so	.	1
緖	sr	.	1
緖	sv	糸者	1
緐	mx	每系	1
緈	sx	糸幸	1
緃	sv	.	1
綗	sj	糸冏	1
綗	sk	.	1
綋	sh	糸宏	1
絸	sj	糸見	1
絤	sx	糸西	1
絍	sr	糸任	1
紷	sl	糸令	1
糓	mu	米殳	1
糓	um	.	1
粸	mq	米其	1
粩	ml	米老	1
粛	aa	乛丨	1
粛	ma	.	1
粛	vu	.	1
粛	ya	肀丨	1
粛	zs	.	1
粙	my	米由	1
粏	mt	米太	1
籞	vu	竹示	1
籞	vy	.	1
籝	vy	竹嬴	1
籒	vl	.	1
籂	vu	𥫗飾	1
簴	vb	𥫗八	1
簴	vj	.	1
簛	vs	𥫗斯	1
簈	vb	.	1
簈	vp	𥫗屏	1
篖	vt	𥫗唐	1
篐	vz	𥫗匝	1
箺	vi	竹春	1
箚	vd	𥫗刂	1
筺	vk	.	1
筪	vx	竹匣	1
笿	vg	𥫗各	1
笶	vu	𥫗矢	1
笩	vd	竹代	1
竼	vf	𥫗凡	1
竸	le	.	1
竱	lv	立專	1
竬	ly	立禹	1
竌	lj	立几	1
竆	bg	.	1
竆	bl	.	1
竆	xg	.	1
竆	xl	穴吕	1
窛	bn	.	1
窛	xn	穴女	1
穽	bj	.	1
穽	xj	穴井	1
稸	hi	禾畜	1
稸	hx	.	1
稶	hp	.	1
稶	hy	禾彧	1
稬	hd	禾大	1
稡	hz	禾卒	1
秱	ht	禾同	1
秄	hz	禾子	1
礳	um	石磨	1
礠	uc	石慈	1
礈	us	石遂	1
礇	ua	石奥	1
磵	uj	石間	1
磓	uv	石追	1
磆	ug	石骨	1
碽	ug	石貢	1
硽	ud	.	1
硽	uy	石奄	1
硺	ud	石丶	1
硺	ui	.	1
硲	ug	石谷	1
砞	um	石末	1
砕	uu	石十	1
砕	uz	.	1
砈	ue	石厄	1
矒	om	目瞢	1
矑	ol	目盧	1
瞖	ou	目殳	1
瞖	oy	.	1
睵	oz	目哉	1
睘	sy	.	1
睗	oy	目易	1
眪	ob	目丙	1
盿	ow	目文	1
盠	mt	皿彖	1
盠	mu	.	1
盙	fm	甫皿	1
盙	mf	皿甫	1
皼	py	皮壹	1
皹	pj	皮軍	1
皬	bh	白霍	1
皩	hh	皇晃	1
皢	by	白堯	1
皡	bg	.	1
皡	bu	.	1
皟	bz	白責	1
皍	be	白卩	1
皅	bb	白巴	1
癁	bf	疒復	1
瘄	bx	疒昔	1
畳	tq	田且	1
畧	tg	田各	1
畖	tg	田瓜	1
畓	ut	水田	1
畒	mr	亩人	1
畒	rm	.	1
畐	at	一田	1
甴	aa	丨丨	1
甞	dg	.	1
甞	gk	.	1
甞	xg	.	1
甛	gu	甘舌	1
瓲	wt	瓦屯	1
瓰	wf	瓦分	1
瓧	wu	瓦十	1
瓉	wz	.	1
璓	wx	.	1
璑	ww	王無	1
瑫	wy	王舀	1
瑃	wi	王春	1
琻	wj	王金	1
琹	mw	木王	1
琹	wm	王木	1
琒	wf	王丰	1
琑	wx	王肖	1
珻	wm	王每	1
珳	wp	.	1
珳	ww	.	1
珱	wn	王女	1
玐	wb	王八	1
猤	qg	犭癸	1
猤	qt	.	1
猟	qu	.	1
猟	qy	.	1
猐	qg	.	1
猐	qq	犭羌	1
猄	qj	犭京	1
狧	qu	犭舌	1
狥	qx	犭旬	1
犃	nk	牛口	1
犃	np	.	1
牑	pb	片扁	1
牎	pc	.	1
牅	py	爿庸	1
爯	vr	爫冉	1
爮	vb	爪包	1
爤	hj	.	1
爤	hl	火蘭	1
爎	hl	火寮	1
熈	ds	.	1
熈	hs	灬巳	1
煷	hl	火亮	1
煛	hm	.	1
煛	ho	火目	1
焿	hg	火庚	1
焼	hy	.	1
焫	hn	.	1
焫	hr	火芮	1
焒	hl	火吕	1
焏	dy	.	1
焏	hy	.	1
焏	ld	.	1
焏	lh	了灬	1
炲	ht	火台	1
炞	hb	火卞	1
炐	hf	火丰	1
灻	ht	火土	1
灻	th	土火	1
灹	hq	火七	1
灹	ht	.	1
濶	du	氵舌	1
濳	do	氵日	1
濓	dl	氵廉	1
澁	ds	.	1
澁	dv	氵止	1
潱	dy	氵壹	1
漝	db	.	1
漝	dx	氵習	1
漌	dj	氵堇	1
滝	dd	氵电	1
滝	dg	.	1
滝	dl	.	1
溨	dz	氵栽	1
溌	df	.	1
湻	do	氵日	1
湻	dx	.	1
湶	dq	氵泉	1
湵	dj	.	1
湵	dy	氵羑	1
湙	dd	.	1
湙	dy	氵奕	1
渒	db	氵卑	1
淾	ju	金水	1
淾	uj	水金	1
淧	db	.	1
淧	dm	氵宓	1
涹	dw	氵委	1
浳	do	氵月	1
浲	df	氵丰	1
浫	dh	氵罕	1
浛	dh	氵含	1
洦	db	氵百	1
洔	ds	氵寺	1
洓	dc	.	1
洂	dy	氵亦	1
泿	dg	氵艮	1
沗	dt	.	1
沗	tu	天氺	1
沗	ut	水天	1
汘	dq	氵千	1
汑	dq	氵七	1
汑	dt	.	1
氹	uy	水乙	1
氹	yu	乙水	1
氜	qo	气日	1
氎	lm	.	1
氎	ma	.	1
氎	mj	毛彑	1
氊	md	毛亶	1
毜	mx	毛小	1
殱	dg	.	1
殬	dx	歹幸	1
殜	dm	歹木	1
歽	dj	歹斤	1
歒	qd	.	1
欪	qi	欠出	1
欝	mc	木寸	1
欛	mb	木霸	1
欔	mj	木矍	1
欔	my	.	1
欅	mj	.	1
欅	mu	木手	1
櫿	my	木營	1
櫄	mx	木熏	1
檘	mb	.	1
檘	mx	.	1
橬	mo	木日	1
橬	mq	.	1
樳	mx	木尋	1
樤	mt	木條	1
樐	ml	.	1
樃	ml	木朗	1
槰	mf	木逢	1
槯	mc	木崔	1
槜	mj	木隽	1
槜	mn	.	1
槕	mv	木桌	1
槒	mi	木畜	1
槒	mx	.	1
槑	dd	呆呆	1
榟	mz	木宰	1
楃	mw	木屋	1
椙	mi	木昌	1
棅	mb	木秉	1
梈	mh	木亨	1
桗	md	木朵	1
栕	mi	木臣	1
柹	mz	.	1
柗	mk	木口	1
柕	mm	木矛	1
枿	mh	木卉	1
枠	mu	木十	1
枠	mz	.	1
枛	mv	木爪	1
杤	mw	木万	1
杛	mg	木弓	1
杁	mr	木入	1
朞	oq	月其	1
朞	qo	其月	1
曺	ao	.	1
曺	oa	.	1
曱	aa	丨丨	1
曱	oa	日丨	1
曅	oh	日華	1
暿	ox	日喜	1
暶	ox	日旋	1
暭	og	日皐	1
暭	ou	日十	1
暣	oq	日氣	1
暒	ox	日星	1
暁	oy	日尭	1
晵	ow	日攵	1
晍	ot	日同	1
晀	ov	日兆	1
昷	mo	皿日	1
昷	om	日皿	1
昛	oj	日巨	1
昁	of	.	1
昁	oj	.	1
旣	bg	.	1
旣	bj	.	1
旣	jb	.	1
旜	fd	方亶	1
旕	fb	方匕	1
旕	yi	.	1
旊	fw	方瓦	1
旇	fp	方皮	1
斣	di	.	1
斣	du	斗蜀	1
斊	we	文耳	1
敽	pq	攴喬	1
敽	yy	.	1
敀	wb	攵白	1
攺	ws	攵巳	1
攱	lv	立支	1
攨	fg	扌瓜	1
攟	fh	.	1
攟	fj	.	1
擧	ju	.	1
擧	uy	手與	1
擕	fg	.	1
擕	fj	扌雋	1
擑	fg	.	1
擑	fj	扌戢	1
撯	fv	扌着	1
撆	ub	手敝	1
撆	uw	.	1
摾	fq	扌强	1
摕	fd	扌帶	1
搼	fq	扌拳	1
揼	fb	扌泵	1
揻	fw	扌威	1
揁	fv	扌貞	1
掦	fy	扌易	1
捹	fb	扌奔	1
捬	ff	扌府	1
挮	fd	扌弟	1
挅	fd	扌朵	1
拕	ft	扌它	1
抍	fu	扌升	1
払	fs	扌厶	1
扏	fj	扌九	1
戻	hd	户大	1
戹	hy	户乙	1
戞	ag	.	1
戞	gb	.	1
戓	gk	戈口	1
懯	xf	心敷	1
懯	xw	.	1
懬	xg	心廣	1
懜	xm	忄夢	1
懜	xx	.	1
懚	xj	.	1
懚	xx	忄心	1
懓	xa	心愛	1
懎	xh	.	1
懎	xs	心嗇	1
憣	xf	心番	1
憏	xj	忄祭	1
愥	xy	心英	1
愗	xm	.	1
愗	xw	心攵	1
愇	xw	心韋	1
惥	xy	心臾	1
惗	xn	心念	1
惖	oh	日忽	1
惖	xy	.	1
悪	xy	.	1
悏	xj	心夾	1
悋	xl	忄吝	1
恵	xa	.	1
恱	xd	.	1
恱	xe	忄儿	1
恱	xy	.	1
恊	xl	心力	1
恊	xx	.	1
怣	xu	心失	1
忩	xg	心公	1
忦	xj	心介	1
徢	xj	.	1
徎	xi	彳呈	1
徍	xg	彳圭	1
彵	xy	彳也	1
彮	pr	.	1
彜	jc	彑廾	1
弿	bg	宀弓	1
弿	gb	弓八	1
廃	gf	.	1
廀	gs	.	1
廀	gy	广又	1
庿	gm	广苗	1
庒	gd	广丶	1
庒	gt	.	1
庁	gd	广丁	1
幤	ji	巾敞	1
幤	jw	.	1
幚	bb	邦帛	1
幚	jb	.	1
幑	rw	.	1
幑	xw	彳攵	1
幐	oj	月巾	1
幐	yj	.	1
幈	jp	巾屏	1
巄	ul	山龍	1
巁	ul	山厲	1
嶣	uj	山焦	1
嶐	ul	山隆	1
嶎	uw	山尉	1
嵤	hu	火山	1
嵤	ub	山冖	1
嵓	up	山品	1
峼	ug	山告	1
峺	ug	山更	1
峑	uq	山全	1
峅	ub	山弁	1
峅	uc	.	1
屶	ud	山刀	1
尶	wj	兀監	1
尯	yw	尤危	1
尩	ph	.	1
尩	we	.	1
尩	ww	.	1
尦	bu	八勺	1
尣	be	八儿	1
専	ac	.	1
専	ca	.	1
尀	ck	.	1
尀	cp	寸叵	1
寜	bd	.	1
宻	bu	宀山	1
宯	bx	宀孝	1
孨	zz	.	1
孊	nf	.	1
孊	nm	女靡	1
嬺	nt	女慝	1
嬺	nx	.	1
嬹	nx	女興	1
嬟	ny	女義	1
嬜	nq	.	1
嬜	nx	女歆	1
嬀	nw	女爲	1
嫐	nn	女女	1
媂	nd	女帝	1
娬	nw	女武	1
娪	nw	女吾	1
娧	nd	女兑	1
娔	nk	女克	1
妿	nj	女加	1
夿	db	大巴	1
夰	da	大丨	1
夰	dd	.	1
夞	wi	.	1
夞	xb	.	1
夈	wm	夂米	1
夀	ac	丨寸	1
壱	ub	士匕	1
壥	tm	.	1
墪	td	土敦	1
塟	ct	艹土	1
塐	ts	土素	1
塅	td	土段	1
塂	tx	土巷	1
埾	tq	土取	1
埦	tw	土宛	1
埞	td	土定	1
埊	ut	山土	1
垪	tb	土并	1
垉	tb	土包	1
坔	ut	水土	1
坄	tu	土殳	1
圸	tu	土山	1
圷	tx	土下	1
圲	tq	土千	1
囸	kv	.	1
囬	ka	.	1
囬	kg	.	1
囦	ku	.	1
囘	ks	冂巳	1
囕	kj	.	1
囕	kl	口覽	1
嚺	ks	.	1
嚹	kh	.	1
嚸	kd	口點	1
嚸	kv	.	1
嚩	kf	口縛	1
嚤	km	口摩	1
嚡	kx	口鞋	1
嚟	kl	口黎	1
嚊	kb	口鼻	1
噧	kw	口萬	1
噡	kv	口詹	1
噡	ky	.	1
噟	gk	广口	1
噟	kv	口隹	1
噒	kl	.	1
噄	kj	口絜	1
噄	ks	.	1
嘙	kp	口婆	1
嘑	kh	口乎	1
嘇	kc	口參	1
嗴	kq	.	1
嗴	ks	口厶	1
喺	kx	口系	1
喸	fb	.	1
喸	fi	.	1
喸	kf	.	1
喩	kd	.	1
喩	ky	口俞	1
喠	kv	口重	1
喗	kj	口軍	1
喐	ky	口郁	1
啘	kw	口宛	1
啇	dg	.	1
啇	lg	.	1
啇	wg	亠古	1
啂	kr	口乳	1
唜	mb	.	1
唜	mi	末叱	1
唙	kd	口狄	1
唓	ki	口車	1
呹	ku	口失	1
呮	kv	口只	1
呩	ku	口示	1
呝	ky	口乙	1
呄	ng	乃古	1
吺	ku	口殳	1
叿	kg	口工	1
叏	jy	.	1
叏	yj	.	1
叄	ss	厶三	1
厳	dg	丶敢	1
厰	ii	厂敞	1
厰	iw	.	1
厫	ia	厂敖	1
厫	iw	.	1
厑	ib	.	1
厑	ii	.	1
卪	ed	卩丶	1
卥	bd	卜丶	1
卥	bp	.	1
卥	sh	.	1
卙	uu	甚十	1
卂	yu	.	1
匬	ky	匚俞	1
匫	kh	.	1
匫	ko	匚日	1
勹	gb	.	1
勹	pg	.	1
勄	lm	力每	1
劽	ll	力列	1
劯	lu	力石	1
劯	ul	石力	1
劥	lk	力亢	1
劚	di	.	1
劚	du	刂屬	1
剱	dr	.	1
剱	rr	人刃	1
剨	du	.	1
剗	dj	刂戔	1
刢	dl	刂令	1
刋	dq	刂千	1
刋	qd	千刂	1
凴	jf	几馮	1
凪	jv	几止	1
兺	fb	分匕	1
儣	rg	亻廣	1
僒	rj	亻窘	1
傡	rl	亻立	1
傟	rw	亻翁	1
傗	ri	亻畜	1
傗	rx	.	1
偹	rb	.	1
偄	rd	亻大	1
倸	rc	亻采	1
俧	rv	亻志	1
俤	rd	亻弟	1
俌	rf	亻甫	1
侾	rx	亻孝	1
侰	rj	亻君	1
価	rx	亻覀	1
侊	rg	亻光	1
佊	rp	亻皮	1
伨	ry	亻匀	1
伌	re	亻厄	1
仯	ru	亻少	1
仒	rd	人丶	1
仐	ru	人十	1
仌	rr	人人	1
亼	ra	人一	1
亴	dj	.	1
亴	wj	亠九	1
亱	dd	.	1
亱	wd	亠但	1
亜	aa	一一	1
亐	ag	.	1
亀	dd	.	1
亀	pg	.	1
乻	yy	乙於	1
乹	gu	.	1
乸	ym	也母	1
乵	xg	辛乚	1
乣	gy	乚幺	1
乣	yg	幺乚	1
乚	gb	.	1
乕	pa	.	1
乕	pj	.	1
乑	pd	.	1
乆	ap	.	1
乆	vp	.	1
丵	ya	.	1
丵	yy	.	1
丆	ap	.	1
丂	ag	.	1
鴴	nx	鳥行	1
鮍	yp	魚皮	1
魢	yj	魚己	1
緓	sy	糸英	1
彲	pl	.	1
儎	rz	亻載	1
鷍	nn	鳥臬	1
鱦	ph	.	1
鱦	ym	魚黽	1
鮞	ye	魚而	1
賟	bd	貝典	1
訿	yc	言此	1
襐	yx	衤象	1
蠥	ix	虫辛	1
蟂	im	.	1
蟂	ix	虫梟	1
萉	cf	艹肥	1
缿	fh	缶后	1
繀	sc	糸崔	1
粔	mj	米巨	1
簜	vt	竹湯	1
磄	ut	石唐	1
瘏	bv	疒者	1
瘈	bq	疒契	1
甒	ww	瓦無	1
煰	hp	火品	1
煝	hm	火眉	1
炄	hi	火丑	1
潶	dh	氵黑	1
滀	di	氵畜	1
滀	dx	.	1
湨	dj	.	1
湨	dq	氵犬	1
湢	df	.	1
湢	dt	氵田	1
渿	dn	氵柰	1
渿	du	.	1
氁	mm	毛莫	1
楌	my	木彦	1
曤	oh	日霍	1
敤	gy	.	1
敤	pg	攴果	1
摋	fu	扌殺	1
掜	fe	扌兒	1
拸	fd	扌多	1
慁	xh	.	1
慁	xu	心豕	1
惤	xx	忄弦	1
岶	ub	山白	1
岉	uw	山勿	1
壒	tg	土蓋	1
壒	tm	.	1
墿	tx	土幸	1
嘒	kh	口彗	1
僸	rj	亻禁	1
僠	rf	亻番	1
侅	rh	亻亥	1
佒	ry	亻央	1
伂	rf	.	1
伂	rj	.	1
鶂	ne	鳥兒	1
馻	my	馬允	1
韔	wi	韋長	1
霟	yh	雨洪	1
隮	eq	耳齊	1
鐋	jt	金湯	1
鏺	jf	金發	1
豂	gl	.	1
豂	gp	.	1
謻	yy	言移	1
誁	yb	言并	1
觓	jj	角丩	1
裧	yy	衤炎	1
袹	yb	衤百	1
蔩	cy	艹寅	1
蓱	cb	.	1
蓱	cp	艹洴	1
葠	cq	艹侵	1
莕	cx	艹杏	1
荾	cj	.	1
聧	eg	耳癸	1
聧	et	.	1
翢	yv	羽周	1
罏	fl	缶盧	1
禒	ut	示彖	1
禒	uu	.	1
磎	ux	石奚	1
癓	bw	疒微	1
灢	dn	氵囊	1
湸	dl	氵亮	1
浵	dt	氵彤	1
毚	dt	.	1
毚	tb	.	1
楘	mw	木攵	1
椵	mj	木叚	1
撏	fx	扌尋	1
揗	fd	扌盾	1
戣	gg	戈癸	1
戣	gt	.	1
忷	xx	心凶	1
忕	xd	忄大	1
徖	xz	彳宗	1
廱	gv	广隹	1
廱	gy	.	1
廘	gl	广鹿	1
嶕	uj	山焦	1
崺	uu	山施	1
峷	ux	山辛	1
屔	qn	丘尼	1
壣	tl	土聯	1
哤	kl	.	1
哤	km	口尨	1
鮶	yj	魚君	1
齸	iy	齒益	1
齫	ik	齒困	1
麷	md	.	1
麷	ml	.	1
鷖	nu	鳥殳	1
鷖	ny	.	1
飁	fb	.	1
飁	fx	風習	1
頍	yv	頁支	1
韰	cj	.	1
靾	gu	革世	1
闟	mx	門翕	1
闟	my	.	1
钃	ju	金屬	1
鑗	jl	金黎	1
鍗	jd	金帝	1
銛	ju	金舌	1
鈖	jf	金分	1
郔	ey	耳延	1
轚	iu	車殳	1
輈	iv	車舟	1
趥	zq	走酋	1
趉	zi	走出	1
賚	bl	貝來	1
謥	yc	.	1
謥	yx	言心	1
詏	yy	言幼	1
覶	jy	見又	1
蠵	ij	虫冏	1
蠵	ik	.	1
螜	iu	虫殳	1
蝢	iy	虫頁	1
蝑	ix	虫胥	1
藒	ch	艹曷	1
蕍	cy	艹渝	1
蒠	cx	艹息	1
葍	cf	.	1
葍	ct	艹田	1
萐	cj	.	1
艑	vb	舟扁	1
臿	jq	臼千	1
臿	ph	.	1
臿	pj	.	1
臿	qj	千臼	1
翬	yj	羽軍	1
縩	sj	糸祭	1
緪	sh	糸恆	1
綆	sg	糸更	1
絓	sg	糸圭	1
紱	sb	.	1
籺	mq	米乞	1
疿	bf	疒弗	1
琀	wh	王含	1
犿	qb	犭卞	1
燂	ht	火覃	1
灡	dj	.	1
灡	dl	氵蘭	1
濢	dc	氵翠	1
溹	ds	氵索	1
涀	dj	氵見	1
洷	dv	氵至	1
泀	ds	氵司	1
毢	mx	毛西	1
殣	dj	歹堇	1
殀	dy	歹夭	1
樏	ml	木累	1
椼	mi	.	1
椼	my	木衍	1
棷	mq	木取	1
曘	ox	日需	1
撊	fx	扌閒	1
恦	xx	忄向	1
彯	pp	.	1
崏	uh	山昏	1
孲	zy	子亞	1
嬚	nl	女廉	1
嬔	nu	女生	1
嫮	nk	.	1
嫮	ny	女雩	1
媝	nq	女秋	1
坲	tf	土弗	1
圠	tg	土乚	1
圌	ke	.	1
嚍	kj	口盡	1
噳	kw	.	1
噳	ky	口虞	1
傎	rv	亻真	1
鶊	ng	鳥庚	1
黳	hu	黑殳	1
黳	hy	.	1
黫	ht	黑土	1
黫	hy	.	1
鶪	nj	.	1
鶪	nq	鳥犬	1
鱮	yy	魚與	1
驈	mk	.	1
驈	my	馬矞	1
騜	mh	馬皇	1
駷	mu	馬束	1
饇	uq	食區	1
餳	uy	.	1
鞿	gj	革幾	1
鞁	gp	革皮	1
靮	gu	革勺	1
阰	eb	耳比	1
鎒	jr	金辱	1
鉣	jq	金去	1
鈊	jx	金心	1
釪	jy	金于	1
鄟	ev	耳專	1
轛	id	車對	1
轗	ig	車感	1
轐	id	.	1
轐	if	車夫	1
轐	ip	.	1
踾	zf	.	1
踾	zt	足田	1
贂	bc	貝參	1
貹	bu	貝生	1
訰	yt	言屯	1
觙	jj	角及	1
襙	yz	.	1
襏	yf	衤發	1
蠁	ix	虫鄉	1
螉	iw	虫翁	1
藦	cm	艹摩	1
藞	cl	艹磊	1
薠	cf	艹煩	1
蒘	cu	艹手	1
蒘	ur	.	1
葋	cj	.	1
脭	oi	月呈	1
胇	of	月弗	1
羳	yf	羊番	1
繗	sl	.	1
繓	sz	糸最	1
緟	sv	糸重	1
綌	sg	糸谷	1
禫	ut	示覃	1
磩	ug	.	1
磩	uq	石戚	1
磟	ul	.	1
磟	up	.	1
畟	tw	田夂	1
珶	wd	王弟	1
珆	wt	王台	1
獧	qh	.	1
獧	qy	.	1
獘	qb	犬敝	1
獘	qw	.	1
熿	hh	火黄	1
炂	hg	火公	1
瀤	dh	.	1
瀤	dy	.	1
瀙	dq	氵親	1
澞	dw	.	1
澞	dy	氵虞	1
潬	dd	氵單	1
湥	dt	氵突	1
渳	de	.	1
渳	dm	氵弭	1
浶	dl	氵牢	1
橚	ms	木肅	1
槷	mv	.	1
柦	md	木旦	1
斪	jj	句斤	1
揇	fn	扌南	1
懅	xj	.	1
懅	xu	心豕	1
忣	xj	心及	1
峹	uy	山余	1
嬏	nf	女番	1
嬇	ng	女貴	1
嫆	nr	女容	1
婸	ny	.	1
婂	nb	女帛	1
婂	nj	.	1
墝	ty	土堯	1
垼	ty	土役	1
咍	kt	口台	1
匢	kw	匚勿	1
儳	ri	.	1
儳	rt	亻兔	1
僪	rk	.	1
僪	ry	亻矞	1
偢	rq	亻秋	1
偛	ri	.	1
溮	du	氵師	1
黰	hv	黑真	1
鷭	nf	鳥番	1
鷙	nv	鳥執	1
魵	yf	魚分	1
髾	ix	髟肖	1
馺	mj	馬及	1
陼	ev	阝者	1
陊	ed	阝多	1
闠	mg	門貴	1
錛	jb	金奔	1
鋱	jt	金忒	1
銈	jg	金圭	1
醏	yv	酉者	1
轖	ih	.	1
轖	is	車嗇	1
軯	ip	車平	1
軝	iu	車氏	1
躆	zj	.	1
躆	zu	足豕	1
踄	zb	足步	1
跿	zz	足走	1
跠	zy	足夷	1
譺	yy	言疑	1
譖	yo	言日	1
譖	yq	.	1
謺	yv	言執	1
覟	jv	見志	1
襭	yj	衤頡	1
褌	yj	衤軍	1
蠝	il	.	1
蠝	it	虫田	1
蜙	is	虫松	1
蛝	ig	虫艮	1
蚾	ip	虫皮	1
蘠	ch	.	1
蘠	cq	艹牆	1
薝	cv	艹詹	1
薝	cy	.	1
蔰	cb	.	1
蔰	ch	艹扈	1
菄	cd	艹東	1
芶	cg	艹勾	1
舥	vb	舟巴	1
舝	wf	.	1
舝	zs	.	1
肣	oj	月今	1
聬	ew	耳翁	1
耟	lj	耒巨	1
翷	yl	.	1
羜	yn	羊宁	1
籹	mn	米女	1
籗	vh	竹霍	1
窉	bb	.	1
窉	xb	穴丙	1
禠	uh	.	1
祡	uc	示此	1
硾	ui	石垂	1
瞂	db	.	1
盳	ow	目亡	1
甀	wi	瓦垂	1
玅	xu	玄少	1
淲	dh	氵虎	1
涊	dr	氵忍	1
洬	dd	.	1
洬	ds	氵夙	1
洠	dm	氵牟	1
洠	dn	.	1
殠	di	歹臭	1
歅	qt	欠土	1
歅	qy	.	1
櫋	mf	木方	1
梐	mt	.	1
曨	ol	日龍	1
曣	oy	日燕	1
曏	ox	日鄉	1
昦	oa	日丨	1
昦	od	.	1
敪	wu	.	1
敪	wv	攵叕	1
摲	fv	扌斬	1
摓	ff	扌逢	1
揨	ft	扌亭	1
扚	fu	扌勺	1
憉	xp	忄彭	1
愘	xk	心客	1
惸	xz	忄子	1
惲	xj	心軍	1
彴	xu	彳勺	1
彃	gb	弓畢	1
巏	uv	山隹	1
嶯	ug	.	1
嶯	uj	山戢	1
嵥	uj	山桀	1
嵥	um	.	1
媃	nr	女柔	1
婤	nv	女周	1
壾	jv	.	1
壾	uj	士巨	1
噮	kh	.	1
噮	ky	.	1
嘕	ky	口焉	1
冘	be	.	1
冘	dg	.	1
冘	ng	.	1
儹	rz	亻贊	1
倛	rq	亻其	1
鋙	jw	金吾	1
黶	hq	.	1
黶	hy	黑厭	1
黶	ih	.	1
黚	hg	黑甘	1
麛	le	.	1
麛	lm	鹿弭	1
驔	mt	馬覃	1
饛	um	食蒙	1
饎	ux	食喜	1
韹	yh	音皇	1
韗	wj	韋軍	1
鞀	gv	革召	1
靷	gy	革引	1
鏿	jt	金棠	1
鍑	jf	金复	1
錪	jd	金典	1
錣	ju	.	1
錣	jv	金叕	1
銡	jj	金吉	1
鉖	jd	金冬	1
鉒	jv	金主	1
釳	jq	金乞	1
釨	jz	金子	1
醼	yy	酉燕	1
遻	zn	.	1
跧	zq	足全	1
賥	bz	貝卒	1
訒	yr	言刃	1
襫	yb	.	1
褑	yy	衤爰	1
蜛	ij	虫居	1
藾	cl	艹賴	1
薡	cd	艹鼎	1
蓲	cq	艹區	1
蓧	ct	艹條	1
蒶	cf	艹紛	1
菛	cm	艹門	1
莣	cw	艹忘	1
芓	cz	艹子	1
艅	vy	舟余	1
臦	ia	臣丨	1
臦	ii	.	1
臙	oy	月燕	1
腢	oy	月禺	1
脡	ot	月廷	1
繑	sq	糸喬	1
縤	ss	糸素	1
縌	sn	糸逆	1
簀	vz	𥫗責	1
篲	vh	竹彗	1
穬	hg	禾廣	1
砱	ul	石令	1
瑿	yu	玉殳	1
瑿	yy	医玉	1
犗	nh	牛害	1
牰	ny	牛由	1
燇	hz	火尊	1
熚	hb	火畢	1
熂	hq	火氣	1
瀌	db	.	1
瀌	dd	.	1
瀌	dh	氵灬	1
濭	dg	氵蓋	1
濭	dm	.	1
濎	dd	氵鼎	1
濌	it	.	1
濌	vt	.	1
溳	dy	氵員	1
毨	mx	毛先	1
欞	ml	木靈	1
欞	mw	.	1
橏	mu	木善	1
樠	mr	木入	1
棶	ml	木來	1
梬	mk	.	1
暽	ol	日粦	1
旼	ow	日文	1
攡	fl	扌離	1
搎	fs	扌孫	1
慀	xx	忄奚	1
愯	xv	.	1
愯	xy	心又	1
悎	xg	心告	1
帠	jj	巾臼	1
巋	ug	山歸	1
巋	uj	.	1
岆	uy	山夭	1
屖	ux	尸辛	1
寊	bv	宀貞	1
孈	nj	女冏	1
孈	nk	.	1
嫟	nn	女匿	1
婻	nn	女南	1
姺	nx	女先	1
姅	nb	女半	1
妱	nv	女召	1
僉	rc	人从	1
偭	rm	亻面	1
乿	gs	乚糸	1
黓	hy	黑弋	1
鷾	ny	鳥意	1
鮽	yy	魚余	1
魤	yh	魚化	1
髱	ib	髟包	1
餧	uw	飠委	1
镼	iq	镸屈	1
鐌	jx	金象	1
鍧	jh	金訇	1
鍧	jy	.	1
鈄	jd	金斗	1
釃	yl	酉麗	1
酨	gy	戈酉	1
酨	ug	.	1
酨	yg	.	1
郟	ej	耳夾	1
趧	zu	走是	1
赮	ij	赤叚	1
赬	iv	赤貞	1
豶	ub	豕賁	1
詅	yl	言令	1
訹	yu	言术	1
襗	yx	衤幸	1
襉	yx	衤閒	1
裲	yl	衤兩	1
袸	yc	衤存	1
蝹	iw	.	1
蝏	it	虫亭	1
蜧	il	虫戾	1
蜧	iq	.	1
虣	hw	.	1
蕸	cj	.	1
蕸	cx	艹遐	1
蓗	ct	艹徒	1
萫	cx	艹香	1
艓	vm	舟木	1
腍	on	月念	1
脺	oz	月卒	1
聑	ee	耳耳	1
耛	lt	耒台	1
罭	sh	罒或	1
罋	fv	.	1
罋	fy	缶雍	1
繷	sn	糸農	1
繂	sl	糸率	1
繂	su	.	1
綔	xk	.	1
籯	vy	𥫗贏	1
籚	vl	竹盧	1
篰	vb	竹部	1
秪	hd	禾氐	1
碅	uh	.	1
碅	uq	石囷	1
砐	uj	石及	1
眒	ou	目申	1
盬	mk	.	1
狿	qy	犭延	1
熁	ho	.	1
熁	hx	火脅	1
熁	hy	.	1
瀡	ds	氵隨	1
瀀	dy	氵憂	1
漚	dq	氵區	1
滫	do	.	1
滫	dx	氵脩	1
滫	dy	.	1
渀	db	氵奔	1
淕	dt	氵土	1
浺	di	氵忡	1
殑	dk	歹克	1
櫍	mv	木質	1
檶	mq	.	1
橑	ml	.	1
橑	mx	木小	1
樇	mo	.	1
樇	my	.	1
槸	mv	.	1
梀	mu	木束	1
朳	mb	木八	1
昲	of	日弗	1
旚	fp	方票	1
旓	fx	方肖	1
攐	fq	扌褰	1
攐	fy	.	1
摵	fq	扌戚	1
揟	fx	扌胥	1
捖	fw	扌完	1
懻	xj	心冀	1
惾	xw	忄夂	1
恉	xv	心旨	1
彸	xg	彳公	1
嶗	ul	山勞	1
嵲	un	山臬	1
唈	kb	.	1
唈	ky	口邑	1
傇	rr	亻茸	1
偤	rq	亻酋	1
俋	rb	.	1
俋	ry	亻邑	1
伳	ru	亻世	1
伅	rt	亻屯	1
鼖	gh	鼓卉	1
駏	mj	馬巨	1
韽	yy	音酉	1
韇	gm	革賣	1
闑	mn	門臬	1
鐖	jj	金幾	1
鏧	jq	.	1
鏧	ju	金殳	1
鎞	jb	金比	1
鎃	jp	金派	1
錹	jk	金肯	1
鋀	jd	金豆	1
釹	jn	金女	1
謶	yu	言庶	1
覭	jl	.	1
覭	jm	見冥	1
裶	yf	衤非	1
袙	yb	衤白	1
蟤	ig	.	1
蝚	ir	虫柔	1
腡	og	月咼	1
腡	ok	.	1
罊	fu	缶殳	1
纀	sp	糸僕	1
縖	sh	糸害	1
絊	sb	糸本	1
紼	sf	糸弗	1
篹	ve	.	1
笁	vg	竹工	1
碭	uy	.	1
砓	uu	石殳	1
瞕	ov	目章	1
瑔	wq	王泉	1
熅	hm	火皿	1
熅	hw	.	1
瀦	dv	氵豬	1
澦	dy	氵預	1
澕	dh	氵華	1
氋	mm	毛蒙	1
梫	my	木又	1
曶	ow	.	1
曶	wo	勿日	1
暙	oi	日春	1
晑	ox	日向	1
斢	dh	斗黄	1
斢	hd	黄斗	1
敺	qy	.	1
敺	uq	.	1
擫	fq	.	1
擫	fy	扌厭	1
撳	fq	扌欽	1
搘	fo	.	1
搘	fq	扌耆	1
揰	fv	扌重	1
拲	ug	手共	1
戉	ga	.	1
戉	gv	.	1
戉	hd	.	1
懠	xq	心齊	1
憰	xk	.	1
憰	xy	心矞	1
愅	xg	心革	1
惿	xu	心是	1
悷	xl	心戾	1
悷	xq	.	1
廡	gw	广無	1
幩	jb	巾賁	1
帤	jr	巾如	1
媱	nf	女缶	1
婍	nq	女奇	1
姈	nl	女令	1
奩	dq	大區	1
壏	tj	土監	1
墑	td	.	1
塺	mt	麻土	1
塺	tm	土麻	1
嚽	kb	.	1
嚽	kv	口贅	1
喡	kw	口韋	1
啒	kq	口屈	1
冞	bm	冖米	1
齃	bh	鼻曷	1
鶱	bn	宀鳥	1
鶱	nb	鳥八	1
鱣	yd	魚亶	1
騣	mw	馬夂	1
闣	md	門當	1
鏼	jc	金策	1
鎡	jz	金兹	1
錍	jb	金卑	1
錀	jl	金侖	1
鈰	ju	金市	1
釚	jj	金九	1
醓	ym	酉皿	1
蹥	zl	足連	1
趌	zj	走吉	1
豃	gg	谷敢	1
覂	xf	覀乏	1
裬	yl	.	1
袌	dy	.	1
袌	wy	.	1
袌	yb	衣包	1
衼	yv	衤支	1
蟺	id	虫亶	1
蛷	iq	虫求	1
蚐	iy	虫匀	1
藢	cv	艹徵	1
藢	cw	.	1
藀	ch	.	1
藀	cy	艹熒	1
蒪	cc	艹寸	1
蒪	cf	.	1
菋	cw	艹味	1
艼	cd	艹丁	1
耴	eg	耳乚	1
翲	yp	羽票	1
絑	sv	糸朱	1
紾	sp	.	1
糮	mj	米監	1
磧	uz	石責	1
疻	bv	疒只	1
璅	wi	王巢	1
珘	wv	王舟	1
獀	qs	犭叟	1
焎	dv	.	1
焎	hv	灬折	1
淟	dd	氵典	1
浂	dg	氵关	1
榡	ms	木素	1
梲	md	木兑	1
梩	ml	木里	1
栥	mc	木次	1
杹	mh	木化	1
曫	os	日糸	1
曫	so	糸日	1
曫	yo	言日	1
暷	ov	日專	1
旐	fv	方兆	1
揥	fd	扌帝	1
弚	bd	.	1
幜	jj	巾景	1
帊	jb	巾巴	1
峛	ul	山列	1
嘺	kq	口喬	1
儊	ri	亻楚	1
伿	rv	亻只	1
鸇	nd	鳥亶	1
魒	gp	鬼票	1
颸	fs	風思	1
霘	yd	雨洞	1
阞	el	耳力	1
鏑	jd	金啇	1
鍞	jv	金貞	1
銧	jg	金光	1
鈆	jg	金公	1
蹞	zq	足頃	1
蟉	il	虫翏	1
蟉	ip	虫彡	1
藰	cl	艹劉	1
藭	cg	艹弓	1
藭	cq	艹窮	1
艖	vi	舟差	1
膉	oy	月益	1
繟	sd	糸單	1
縟	sr	糸辱	1
籊	vd	竹翟	1
籊	vv	𥫗隹	1
筣	vl	竹利	1
窴	bv	宀真	1
窴	xv	穴真	1
窐	bg	宀圭	1
窐	xg	穴圭	1
眕	op	目彡	1
疄	tl	田粦	1
畽	tv	田重	1
甽	ti	田川	1
猭	qt	犭彖	1
猭	qu	犭豕	1
犦	nb	牛暴	1
熽	hs	火肅	1
澲	dd	氵丶	1
澲	dy	氵業	1
潕	dw	氵無	1
滼	df	氵梵	1
浀	dq	氵曲	1
殰	dm	歹賣	1
欑	mz	木贊	1
檟	mj	木賈	1
杗	wm	亡木	1
斸	ji	斤虫	1
斸	ju	斤屬	1
摦	fg	扌瓜	1
摦	fh	扌瓠	1
抇	fo	扌日	1
戁	xn	心難	1
憿	xj	忄敫	1
憿	xw	忄攵	1
徦	xj	彳叚	1
嶱	ug	山葛	1
屪	ul	尸寮	1
宨	bv	宀兆	1
堄	te	土兒	1
坱	ty	土央	1
呏	ku	口升	1
俉	rw	亻吾	1
侻	rd	亻兑	1
佌	rc	亻此	1
鵻	nv	鳥隹	1
鏨	jv	金斬	1
鏏	jh	金彗	1
鍭	jh	金侯	1
軑	id	車大	1
躥	zc	足竄	1
躥	zu	足鼠	1
谽	gh	谷含	1
謈	oy	日言	1
謈	yg	言共	1
覝	jh	見火	1
蘙	cy	艹翳	1
萺	cm	艹冒	1
菆	cq	艹取	1
臇	og	一𠃌	1
臇	oj	月雋	1
翏	yp	羽彡	1
羋	ag	一干	1
羋	af	一𰀁	1
羋	aa	一丨	1
繣	sh	糸畫	1
紌	sy	糸尤	1
箤	vz	竹卒	1
笅	vy	𥫗爻	1
秷	hv	禾至	1
睧	oh	目昏	1
瑹	wt	王荼	1
瑹	wy	王余	1
獑	qv	犭斬	1
狊	oq	目犬	1
狊	qo	犬目	1
爢	dm	灬靡	1
爢	hm	灬靡	1
爢	md	麻灬	1
爢	mh	麻灬	1
燾	du	灬壽	1
燾	hu	灬壽	1
櫑	ml	木畾	1
樔	mi	木巢	1
梌	my	木余	1
斿	fz	方子	1
敯	my	民又	1
敯	ph	攴昬	1
敯	po	攴日	1
攓	fj	扌蹇	1
攓	fz	扌足	1
慏	xl	忄六	1
慏	xm	忄冥	1
弅	cf	廾分	1
弅	fc	分廾	1
峞	uw	山危	1
岊	ub	山巴	1
奀	bd	不大	1
墣	td	土丶	1
墣	tf	土夫	1
墣	tp	土菐	1
堩	th	土恆	1
埆	tj	土角	1
嗊	kg	口貢	1
儩	rc	亻賜	1
傮	rc	亻曹	1
鷨	nh	鳥華	1
鯓	yu	魚身	1
魺	yk	魚可	1
韱	cg	从戈	1
韱	ga	戈一	1
韱	gj	戈韭	1
霢	ym	雨脈	1
霢	yp	雨{派右}	1
雺	ym	雨矛	1
賳	bz	貝哉	1
豯	ux	豕奚	1
螁	it	虫退	1
藎	cj	艹盡	1
蕼	cs	艹肆	1
蔯	ci	艹陳	1
膰	of	月番	1
繉	sv	糸兆	1
矂	oz	目喿	1
灗	dd	氵亶	1
湦	dx	氵星	1
歁	qu	欠甚	1
槥	mh	木彗	1
揋	fw	扌畏	1
挩	fd	扌兑	1
拰	fr	扌任	1
抪	fb	扌布	1
懧	xn	忄寧	1
崋	ua	山丨	1
峱	qu	犭山	1
峱	un	山狃	1
劮	lu	力失	1
儥	rm	亻賣	1
僿	rs	亻塞	1
鵔	nj	鳥夋	1
騽	mb	馬白	1
騽	mx	馬習	1
駾	md	馬兑	1
韝	wg	韋冓	1
韝	wr	韋冉	1
鏇	jx	金旋	1
銫	js	金色	1
謚	yy	言益	1
蝐	im	虫冒	1
萿	ch	艹活	1
緮	sf	糸复	1
硤	uj	石夾	1
矹	uw	石兀	1
瑵	wi	王虫	1
瑵	wz	王蚤	1
泑	dy	氵幼	1
槴	mb	木巴	1
槴	mh	木扈	1
捈	fy	扌余	1
彄	gq	弓區	1
帾	jv	巾者	1
岏	uy	山元	1
婖	nt	女忝	1
婖	nx	女	1
傸	ru	亻爽	1
偍	ru	亻是	1
佡	ru	亻山	1
伀	rg	亻公	1
颿	mf	馬風	1
颻	ff	風缶	1
鋩	jm	金芒	1
蚢	ik	虫亢	1
蘜	cj	艹鞠	1
竮	lp	立屏	1
瀠	ds	氵糸	1
瀠	dy	氵縈	1
浨	ds	氵宋	1
楪	mm	木木	1
椗	md	木定	1
悜	xi	忄呈	1
虆	cl	艹纍	1
虆	cs	艹糸	1
鏌	jm	金莫	1
酈	el	耳麗	1
襒	yb	衤敝	1
襒	yw	衤攵	1
蠐	iq	虫齊	1
螿	ij	虫將	1
蘁	ce	艹噩	1
蔎	cu	艹設	1
葽	cy	艹要	1
痷	bd	疒电	1
痷	by	疒奄	1
熰	hq	火區	1
摝	fl	扌鹿	1
彾	xl	彳令	1
蘀	cz	艹擇	1
鉋	jb	金包	1
讜	yd	言黨	1
蟧	il	虫勞	1
篟	vq	竹倩	1
磪	uc	石崔	1
疺	bf	疒乏	1
烻	hy	火延	1
灃	dd	氵豆	1
灃	df	氵豐	1
渃	dr	氵若	1
桱	mg	木工	1
桱	mj	木巠	1
朸	ml	木力	1
垿	tx	土序	1
侚	rx	亻旬	1
隃	ey	耳俞	1
錴	jt	金土	1
貜	vj	豸矍	1
貜	vy	豸又	1
袨	yx	衤玄	1
荈	cf	艹㐄	1
荈	ci	艹舛	1
痁	bv	疒占	1
琖	wj	王戔	1
洃	dh	氵灰	1
樖	hk	合柯	1
枺	mm	木末	1
摜	fg	扌貫	1
蚻	iv	虫札	1
皉	bc	白此	1
牏	py	片俞	1
潻	du	氵黍	1
泇	dj	氵加	1
妏	nw	女文	1
麩	mf	麥夫	1
鷴	nx	鳥閑	1
髐	gy	骨堯	1
酘	yu	酉殳	1
賙	bv	貝周	1
脟	oc	月寸	1
脟	ol	月寽	1
穖	hj	禾幾	1
瓵	wt	瓦台	1
瑲	wc	王倉	1
洈	dw	氵危	1
欯	qj	欠吉	1
恔	xj	心交	1
鶣	nb	鳥扁	1
鄐	ei	阝畜	1
鄐	ex	阝畜	1
躟	zx	足襄	1
洏	de	氵而	1
檉	mu	木聖	1
檉	mw	木王	1
劦	ll	力力	1
擖	fg	扌葛	1
掱	uu	手手	1
躓	zv	足質	1
繲	sj	糸解	1
牶	jn	龹牛	1
牶	nf	牛夫	1
梠	ml	木吕	1
墎	tg	土郭	1
塤	ty	土員	1
鳧	nj	鳥几	1
鋐	jh	金宏	1
譭	yh	言毁	1
蓷	ct	艹推	1
萲	cy	艹爰	1
漡	dw	氵勿	1
漡	dy	氵昜	1
嬡	na	女愛	1
撟	fq	扌喬	1
緇	sz	糸甾	1
絿	sq	糸求	1
礱	ul	石龍	1
滖	du	氵衰	1
拫	fg	扌艮	1
趖	zz	走坐	1
猻	qs	犭孫	1
扱	fj	扌及	1
峏	ue	山而	1
黿	my	黽元	1
黿	ym	元黽	1
熗	hc	火倉	1
髖	gk	骨寬	1
鱆	yv	魚章	1
骿	gb	骨并	1
醱	yf	酉發	1
蛺	ij	虫夾	1
禰	ue	示爾	1
挳	fg	扌工	1
挳	fj	扌巠	1
騅	mv	馬隹	1
譠	yd	言亶	1
繒	sc	糸曾	1
襖	ya	衤奥	1
琺	wf	王法	1
櫝	mm	木賣	1
婐	ng	女果	1
黷	hm	黑賣	1
闈	mw	門韋	1
謖	yw	言夂	1
蚼	ij	虫句	1
蘶	cw	艹魏	1
蘚	cx	艹鮮	1
嚙	ki	口齒	1
諢	yj	言軍	1
茩	ch	艹后	1
臠	rs	肉糸	1
臠	yr	言肉	1
壙	tg	土廣	1
圇	kl	囗侖	1
嘳	kg	口貴	1
紉	sr	糸刃	1
縵	sm	糸曼	1
鶚	ne	鳥咢	1
筧	vj	竹見	1
綰	sg	糸官	1
琁	wp	王疋	1
謮	yz	言責	1
灠	dj	氵見	1
灠	dl	氵覽	1
櫛	mj	木節	1
塋	ht	火土	1
塋	tb	土冖	1
瘧	bn	疒虐	1
饜	iu	厂食	1
饜	uq	食犬	1
饜	uy	食厭	1
鍺	jv	金者	1
鈸	jb	金犮	1
揃	fq	扌前	1
贍	bv	貝詹	1
贍	by	貝言	1
峗	uw	山危	1
雃	vk	隹开	1
卌	aa	丨一	1
豜	uk	豕开	1
鰥	yd	魚丶	1
扡	fy	扌也	1
壆	jt	𦥑土	1
壆	tb	土冖	1
絀	si	糸出	1
颶	fj	風具	1
鍘	jz	金則	1
覲	jj	堇見	1
茪	cg	艹光	1
綬	su	糸受	1
騾	ml	馬累	1
鎬	jg	金高	1
闥	md	門達	1
奲	dd	大單	1
奲	du	大十	1
奲	ud	奢單	1
懍	xb	忄稟	1
懍	xh	忄禾	1
鱔	yu	魚善	1
駢	mb	馬并	1
臏	ob	月賓	1
鴇	nu	鳥十	1
偆	ri	亻春	1
驪	ml	馬麗	1
齰	ix	齒昔	1
鎊	jp	金旁	1
錠	jd	金定	1
愾	xq	忄氣	1
軂	ul	身勞	1
綩	sw	糸宛	1
鴣	ng	鳥古	1
賑	bi	貝辰	1
獷	qg	犭廣	1
顥	yj	頁景	1
鎢	jw	金烏	1
歿	du	歹殳	1
歿	dy	歹又	1
紲	su	糸世	1
顎	ye	頁咢	1
沝	uu	水水	1
謁	yh	言曷	1
儔	ru	亻壽	1
諛	yy	言臾	1
焢	hk	火空	1
諉	yw	言委	1
鑠	jl	釒樂	1
鑠	jy	釒樂	1
餛	uk	食昆	1
飴	ut	食台	1
蛢	ib	虫并	1
潁	uy	水頁	1
潁	yu	頁水	1
銲	jh	金旱	1
鉻	jg	金各	1
幗	jg	巾國	1
詡	yy	言羽	1
諍	yv	言争	1
錮	jg	金固	1
薈	ch	艹會	1
閭	ml	門吕	1
儐	rb	亻賓	1
鈾	jy	金由	1
詒	yt	言台	1
鉀	jj	金甲	1
醞	ym	酉皿	1
醞	yw	酉昷	1
燁	hh	火華	1
脕	om	月免	1
礪	ul	石厲	1
礪	uw	石萬	1
齦	ig	齒艮	1
檜	mh	木會	1
黌	hb	黄冖	1
黌	jh	𦥑黃	1
驤	mx	馬襄	1
鎂	jm	金美	1
詼	yh	言灰	1
峘	ug	山亘	1
譙	yj	言焦	1
銃	ji	金充	1
驍	my	馬堯	1
睭	ov	目周	1
誹	yf	言非	1
曄	oh	日華	1
韃	gd	革達	1
擄	fl	扌虜	1
擄	fn	扌男	1
鸝	nl	鳥麗	1
鵲	nx	鳥昔	1
槳	mj	木將	1
藺	cv	艹隹	1
餾	ul	食留	1
閹	md	門电	1
閹	my	門奄	1
諭	yy	言俞	1
綾	sl	糸夌	1
嗈	kb	口巴	1
嗈	ky	口邕	1
葷	cj	艹軍	1
躊	zu	足壽	1
詣	yv	言旨	1
鹼	lq	鹵僉	1
侖	rc	人艹	1
騏	mq	馬其	1
疇	tu	田壽	1
壩	tb	土霸	1
簫	vs	𥫗肅	1
錚	jv	金争	1
鍍	jd	金度	1
氫	qg	气工	1
氫	qj	气巠	1
龔	lg	龍共	1
嘰	kj	口幾	1
閏	mw	門王	1
閔	mw	門文	1
鄒	ec	阝屮	1
鄒	ei	阝芻	1
蝸	ig	虫咼	1
蝸	ik	虫口	1
綸	sl	糸侖	1
頡	yj	頁吉	1
佮	rh	亻合	1
鷗	nq	鳥區	1
診	yp	言彡	1
儘	rj	亻盡	1
这	zw	辶文	0
来	am	一米	0
来	wb	未八	0
个	pa	丿丨	0
个	ra	人丨	0
说	yd	讠兑	0
们	rm	亻门	0
时	oc	日寸	0
没	du	氵殳	0
为	dd	丶丶	0
过	zc	辶寸	0
会	ry	人云	0
还	zb	辶不	0
对	cy	寸又	0
对	yc	又寸	0
头	dd	大丶	0
样	my	木羊	0
开	ac	一廾	0
无	ag	一乚	0
无	ay	一尢	0
无	ee	二儿	0
现	wj	王见	0
点	dv	灬占	0
点	hv	灬占	0
发	ay	𠃋又	0
发	fd	{发去点}丶	0
发	vy	乛又	0
发	yd	又丶	0
经	sg	纟工	0
话	yu	讠舌	0
声	um	士𠃜	0
见	ag	乛乚	0
见	ek	儿冂	0
见	ke	冂儿	0
当	xx	彐	0
两	ad	一丶	0
从	rr	人人	0
长	pd	丿丶	0
动	ly	力云	0
动	yl	云力	0
间	mo	门日	0
间	om	日门	0
国	ky	口玉	0
让	yu	讠上	0
给	sh	纟合	0
问	km	口门	0
问	mk	门口	0
进	zj	辶井	0
将	dc	冫寸	0
将	jc	丬寸	0
将	pc	丬寸	0
实	bt	宀头	0
学	dz	丶子	0
学	zb	子冖	0
边	zl	辶力	0
却	eq	卩去	0
觉	dj	丶见	0
觉	jb	见冖	0
军	bi	冖车	0
门	dg	丶𠃌	0
风	ji	几乂	0
吗	km	口马	0
别	dl	刂另	0
张	gi	弓长	0
战	gv	戈占	0
脸	oa	月一	0
脸	oq	月佥	0
东	ad	一丶	0
东	qx	七小	0
应	ga	广一	0
马	aa	一一	0
马	vh	乛一	0
难	yv	又隹	0
轻	ig	车工	0
关	bt	八天	0
关	qd	䒑大	0
处	wb	夂卜	0
飞	yd	乙丶	0
师	ab	丨币	0
师	aj	丨巾	0
师	db	刂币	0
师	dj	刂巾	0
刚	dg	刂冈	0
爱	vy	爫友	0
内	ad	丨丶	0
内	kr	冂人	0
龙	ad	一丶	0
带	jb	巾冖	0
连	zi	辶车	0
场	ty	土𠃓	0
变	wy	亠又	0
变	yy	亦又	0
亲	lm	立木	0
强	gs	弓虽	0
该	yh	讠亥	0
车	aa	丨一	0
远	zy	辶元	0
电	ag	丨乚	0
电	og	日乚	0
许	yw	讠午	0
红	sg	纟工	0
转	iv	车专	0
总	bx	丷心	0
总	xk	心口	0
队	er	耳人	0
满	dl	氵两	0
虽	ki	口虫	0
认	yr	言人	0
剑	da	刂一	0
剑	dq	刂佥	0
结	sj	纟吉	0
紧	sy	糸又	0
杀	im	乂木	0
杀	mi	木乂	0
记	yj	讠己	0
书	ad	乛丶	0
书	vd	乛丶	0
谁	yv	言隹	0
传	rv	亻专	0
钱	jj	钅戋	0
随	ey	阝有	0
随	ez	阝辶	0
双	yy	又又	0
击	aa	一丨	0
击	eu	二山	0
击	fk	{丰}凵	0
数	wl	攵娄	0
灵	hx	火𫜹	0
灵	xh	𫜹火	0
题	uy	是页	0
题	yu	页是	0
静	qv	青争	0
伤	rl	亻力	0
妈	nm	女马	0
办	lb	力八	0
绝	ss	纟色	0
业	aa	丨一	0
尔	dx	刀小	0
尔	xd	小刀	0
终	sd	纟冬	0
条	wm	夂木	0
欢	yq	又欠	0
帮	jb	巾邦	0
员	kb	口贝	0
冲	dv	冫中	0
阵	ei	阝车	0
决	dd	冫丶	0
决	dg	冫夬	0
请	yq	言青	0
报	fy	扌又	0
兴	ba	八一	0
兴	db	丶八	0
阳	eo	耳日	0
语	yw	言吾	0
错	jx	金昔	0
刘	dw	刂文	0
刘	wd	文刂	0
识	yv	言只	0
备	wt	夂田	0
领	yl	页令	0
尽	id	尺丶	0
华	uh	十化	0
众	rc	人从	0
视	ju	见示	0
视	uj	示见	0
罗	sx	罒夕	0
乐	pd	丿丶	0
乐	px	丿小	0
够	jd	句多	0
够	xj	夕句	0
显	oy	日业	0
断	ja	斤𠃊	0
断	jm	斤米	0
断	jv	斤𠃊	0
势	lv	力执	0
计	yu	讠十	0
论	yl	讠仑	0
达	zd	辶大	0
则	bd	贝刂	0
则	db	刂贝	0
单	ba	丷一	0
单	bd	丷{单下}	0
脚	oq	月却	0
脑	ox	月凶	0
响	kx	口向	0
陈	ed	阝东	0
团	kc	囗才	0
装	yv	衣壮	0
乱	ug	舌乚	0
黄	ad	一八	0
黄	cb	{廿}八	0
义	di	丶乂	0
义	dw	丶乂	0
义	id	乂丶	0
义	wd	乂丶	0
诉	yi	言斥	0
丝	aa	𠃋一	0
围	kw	囗韦	0
况	dx	冫兄	0
楼	ml	木娄	0
丽	ad	一丶	0
梦	mx	木夕	0
梦	xl	夕林	0
摇	ff	扌缶	0
爷	fe	父卩	0
杨	my	木𠃓	0
运	zy	辶云	0
叶	ku	口十	0
热	dv	灬执	0
热	hv	灬执	0
谢	yu	讠射	0
细	st	纟田	0
产	dp	丶丿	0
产	li	立厂	0
产	wp	亠丿	0
写	by	冖与	0
级	sj	纟及	0
饭	uf	饣反	0
续	sm	纟卖	0
观	jy	见又	0
观	yj	又见	0
务	wl	夂力	0
术	md	木丶	0
争	dy	刀肀	0
兰	bs	丷三	0
兰	qe	䒑二	0
宝	by	宀玉	0
顿	yt	页屯	0
护	fh	扌户	0
闪	mr	门人	0
闪	rm	人门	0
调	yv	讠周	0
类	md	米大	0
线	sj	纟戋	0
谈	yy	讠炎	0
敌	uw	舌攵	0
敌	wu	攵舌	0
约	su	纟勺	0
顾	ye	页厄	0
铁	ju	钅失	0
资	bc	贝次	0
联	eg	耳关	0
号	kk	口丂	0
节	ce	艹卩	0
讲	yj	讠井	0
赵	zi	走乂	0
卫	ea	卩一	0
卫	ga	𠃌一	0
继	sa	纟𠃊	0
继	sv	纟𠃊	0
渐	dv	氵斩	0
统	si	纟充	0
亚	ay	一业	0
简	vj	竹间	0
练	sd	纟丶	0
练	sj	纟𫠣	0
选	zx	辶先	0
举	df	丶{丰}	0
举	xf	兴{丰}	0
历	il	厂力	0
试	yu	讠式	0
习	ga	𠃌一	0
导	cs	寸巳	0
导	sc	巳寸	0
区	ki	匚乂	0
汉	dy	氵又	0
严	ap	一丿	0
严	yp	亚丿	0
态	xt	心太	0
买	at	乛头	0
买	vt	乛头	0
议	yy	言义	0
树	md	木对	0
块	td	土丶	0
块	tg	土夬	0
挥	fj	扌军	0
仅	ry	亻又	0
隐	ej	阝急	0
苏	cb	艹办	0
图	kd	囗冬	0
岁	ux	山夕	0
礼	ug	示乚	0
独	qi	犭虫	0
顺	yi	页川	0
证	yv	言正	0
恶	xy	心亚	0
缓	sy	纟爰	0
费	bf	贝弗	0
费	fb	弗贝	0
医	ku	匚矢	0
温	dm	氵皿	0
温	dw	氵昷	0
担	fd	扌旦	0
称	he	禾尔	0
钟	jv	钅中	0
泪	do	氵目	0
烟	hy	火因	0
毕	bu	比十	0
毕	ub	十比	0
蓝	cj	艹监	0
宫	bl	宀吕	0
陆	ej	耳击	0
压	id	厂丶	0
压	it	厂土	0
枪	mc	木仓	0
组	sq	纟且	0
权	my	木又	0
叹	ky	口又	0
孙	zx	子小	0
较	ij	车交	0
骑	mq	马奇	0
银	jg	钅艮	0
贵	ba	贝一	0
贵	vb	中贝	0
质	bu	贝十	0
质	pb	丿贝	0
须	py	彡页	0
须	yp	页彡	0
换	fh	扌奂	0
属	uy	尸禹	0
闻	em	耳门	0
闻	me	门耳	0
阴	eo	阝月	0
负	db	贝	0
层	uy	尸云	0
晓	oy	日尧	0
参	sp	厶彡	0
险	ea	阝一	0
险	eq	阝佥	0
坚	ty	土又	0
扬	fy	扌𠃓	0
齐	wa	文丨	0
齐	wp	.	0
脱	od	月兑	0
广	dp	丶丿	0
顶	dy	丁页	0
顶	yd	页丁	0
责	bf	贝	0
责	fb	贝	0
营	cl	艹吕	0
维	sv	纟隹	0
设	yu	言殳	0
败	bw	贝攵	0
败	wb	攵贝	0
药	cy	艹约	0
专	ad	一丶	0
专	fs	{丰}龴	0
画	ak	一凵	0
吴	kt	口天	0
弹	gd	弓单	0
标	mu	木示	0
厉	iw	厂万	0
际	eu	耳示	0
状	jq	丬犬	0
状	pq	丬犬	0
状	qp	犬丬	0
烦	hy	火页	0
摆	fb	扌罢	0
戏	yg	又戈	0
规	fj	夫见	0
规	jf	见夫	0
萧	cs	艹肃	0
虚	hy	虍业	0
纪	sj	纟己	0
临	ao	丨{日}	0
临	do	刂{日}	0
寻	cx	寸𫜹	0
寻	xc	𫜹寸	0
劲	lg	力工	0
职	ev	耳只	0
飘	fp	风票	0
养	ya	{羊}丨	0
养	yp	.	0
吓	kx	口下	0
兽	bk	丷口	0
兽	ka	口一	0
读	ym	讠卖	0
纷	sf	纟分	0
卖	um	十买	0
骂	km	口马	0
骂	mk	马口	0
赛	bb	宀贝	0
墙	th	土回	0
环	wb	王不	0
厅	id	厂丁	0
拥	fy	扌用	0
释	bf	釆{丰}	0
释	pf	丿{丰}	0
闹	mu	门市	0
灯	hd	火丁	0
验	ma	马一	0
验	mq	马佥	0
凤	jy	几又	0
鱼	da	一	0
讨	yc	讠寸	0
辈	if	车非	0
灭	ah	一火	0
盘	mv	皿舟	0
盘	vm	舟皿	0
杂	jm	九木	0
杂	mj	木九	0
诗	ys	言寺	0
旧	ao	丨日	0
笔	vm	𥫗毛	0
鲜	yy	鱼羊	0
纸	su	纟氏	0
韩	uw	十韦	0
韩	wu	韦龺	0
创	dc	刂仓	0
归	ax	丨𫜹	0
归	dx	刂彐	0
奋	dt	大田	0
园	ky	囗元	0
训	yi	讠川	0
镇	jv	钅真	0
虑	hx	虍心	0
虑	xh	心虍	0
济	dq	氵齐	0
妇	nx	女𫜹	0
择	ff	扌{丰}	0
欧	qq	欠区	0
课	yg	讠果	0
弃	cw	.	0
弃	dc	丶廾	0
弃	wc	亠廾	0
犹	qy	犭尤	0
获	cq	艹犬	0
绿	sl	纟录	0
疯	bf	疒风	0
恋	xy	心亦	0
恋	yx	亦心	0
误	yw	讠吴	0
伟	rw	亻韦	0
纳	sn	纟内	0
罢	sq	罒去	0
闭	mc	门才	0
圆	ky	囗员	0
镜	jj	金竟	0
软	iq	车欠	0
颜	yy	彦页	0
劳	cl	艹力	0
劳	lb	力冖	0
馆	ug	食官	0
烧	hy	火尧	0
谓	yw	言胃	0
财	bc	贝才	0
舰	vj	舟见	0
迹	zy	辶亦	0
残	dj	歹戋	0
鲁	yo	鱼日	0
锋	jf	钅丰	0
俩	rl	亻两	0
项	gy	工页	0
项	yg	页工	0
忆	xy	心乙	0
盖	my	皿羊	0
盖	ym	羊皿	0
乡	ap	𠃋丿	0
乡	vp	𠃋丿	0
户	dp	丶丿	0
户	du	丶尸	0
荡	ct	艹汤	0
艺	cy	艹乙	0
横	mh	木黄	0
惨	xc	忄参	0
凭	jr	几任	0
剧	dj	刂居	0
缘	st	纟彖	0
缘	su	纟豕	0
凉	dj	冫京	0
腾	om	月马	0
织	sv	纟只	0
抢	fc	扌仓	0
预	yy	予页	0
惯	xg	心贯	0
诚	yi	讠成	0
诸	yv	讠者	0
补	yb	衤卜	0
纯	st	纟屯	0
贝	ad	丨丶	0
贝	kr	冂人	0
挡	fd	扌当	0
农	by	冖𧘇	0
农	ny	.	0
帅	aj	丨巾	0
帅	dj	刂巾	0
帅	jd	巾刂	0
谋	ym	言某	0
胆	od	月旦	0
尘	tx	土小	0
尘	xt	小土	0
滚	dg	氵衮	0
闷	mx	门心	0
闷	xm	心门	0
迟	zi	辶尺	0
稳	hj	禾急	0
诺	yr	言若	0
闲	mm	门木	0
伦	rl	亻仑	0
娇	nq	女乔	0
侧	rz	亻则	0
轮	il	车仑	0
词	ys	讠司	0
愤	xb	忄贲	0
颤	yd	页亶	0
阶	ej	阝介	0
苍	cc	艹仓	0
郑	eg	耳关	0
扫	fx	扌𫜹	0
县	qs	且厶	0
县	sq	厶且	0
忧	xy	心尤	0
执	fw	扌丸	0
丢	pq	丿去	0
丢	ps	丿厶	0
荣	cm	艹木	0
荣	mb	木冖	0
庆	gd	广大	0
袭	ly	龙衣	0
袭	yl	衣龙	0
积	hv	禾只	0
测	dz	氵则	0
遥	zf	辶缶	0
睁	ov	目争	0
岛	nu	{鸟去一}山	0
岛	un	山{鸟去一}	0
遗	zg	辶贵	0
皱	ip	刍皮	0
皱	pi	皮刍	0
皱	px	皮彐	0
净	dv	冫争	0
泽	df	氵{丰}	0
炼	hd	火丶	0
炼	hj	火𫠣	0
监	mv	皿{竹半}	0
鸡	ny	鸟又	0
鸡	yn	又鸟	0
绍	sv	纟召	0
奥	dm	大米	0
奥	pd	丿大	0
输	iy	车俞	0
颗	yg	页果	0
鸟	na	{鸟去一}一	0
鸟	pa	丿一	0
骗	mb	马扁	0
绪	sv	纟者	0
枫	mf	木风	0
赞	bx	贝先	0
凯	jj	几己	0
凯	jq	几岂	0
浑	dj	氵军	0
夺	cd	寸大	0
夺	dc	大寸	0
宽	bj	宀见	0
宽	jb	.	0
赏	bk	贝口	0
赏	dk	.	0
赏	xy	{学头}员	0
评	yp	言平	0
纵	sc	纟从	0
莲	cl	艹连	0
雾	yw	雨务	0
乌	pa	丿一	0
跃	zy	足夭	0
壮	ju	丬士	0
壮	pu	丬士	0
壮	up	士丬	0
贴	bv	贝占	0
彻	xq	彳切	0
轰	iu	车双	0
编	sb	纟扁	0
惧	xj	忄具	0
辉	gj	光军	0
额	yk	页客	0
录	au	乛氺	0
录	ua	氺一	0
录	vu	乛氺	0
鹰	gn	广鸟	0
鹰	nv	鸟隹	0
递	zd	辶弟	0
暂	ov	日斩	0
货	bh	贝化	0
踪	zz	足宗	0
码	um	石马	0
晕	oj	日军	0
损	fy	扌员	0
轩	ig	车干	0
贼	br	贝戎	0
讶	yy	言牙	0
辆	il	车两	0
猪	qv	犭者	0
挣	fv	扌争	0
莱	cl	艹来	0
萨	ci	艹产	0
潜	dt	氵替	0
浓	dn	氵农	0
毁	jy	臼又	0
毁	ug	殳工	0
销	jx	金肖	0
绕	sy	纟尧	0
帐	ji	巾长	0
废	gf	广发	0
烂	hl	火兰	0
厌	iq	厂犬	0
厌	qi	犬厂	0
艳	fs	丰色	0
抚	fw	扌无	0
缩	ss	纟宿	0
协	ub	十办	0
缠	sl	纟里	0
启	hk	户口	0
启	kh	口户	0
劝	ly	力又	0
劝	yl	又力	0
鸣	kn	口鸟	0
倾	rq	亻顷	0
检	ma	木一	0
检	mq	木佥	0
针	ju	钅十	0
蒋	cj	艹将	0
穷	bl	宀力	0
穷	xl	穴力	0
聪	ez	耳总	0
唤	kh	口奂	0
仪	ry	亻义	0
猫	qm	犭苗	0
盗	mc	皿次	0
挤	fq	扌齐	0
脉	oy	月永	0
狱	qq	犭犬	0
访	yf	讠方	0
桥	mq	木乔	0
锁	jb	金贝	0
牵	dn	大牛	0
牵	nb	牛冖	0
钻	jv	金占	0
玛	wm	王马	0
减	dx	冫咸	0
弯	gy	弓亦	0
弯	yg	亦弓	0
夹	ar	一人	0
夹	fb	夫八	0
辞	ux	舌辛	0
辞	xu	辛舌	0
岂	uj	山己	0
恼	xx	心凶	0
丧	ty	土𧘇	0
丧	uy	十𧘇	0
丧	yy	.	0
尝	dy	丶云	0
尝	xy	{学头}云	0
载	gi	戈车	0
载	ig	车戈	0
颇	yp	页皮	0
肃	ad	乛丶	0
肃	vd	乛丶	0
肃	yd	肀丶	0
亏	ak	一丂	0
亏	eg	二㇉	0
乔	pp	.	0
乔	pu	.	0
乔	yp	.	0
铺	jf	钅甫	0
脏	ov	月庄	0
吕	kk	口口	0
奖	dx	大夕	0
汤	dy	氵𠃓	0
庞	gl	广龙	0
悦	xd	忄兑	0
赢	bk	贝口	0
赢	wf	亠凡	0
麦	fw	夂	0
侠	rj	亻夹	0
赌	bv	贝者	0
饰	uj	饣巾	0
饮	uq	饣欠	0
懒	xl	忄赖	0
肤	of	月夫	0
赖	uf	束负	0
宾	bb	宀兵	0
贾	bx	贝覀	0
贾	xb	覀贝	0
库	gi	广车	0
裤	yk	衤库	0
啸	ks	口肃	0
龄	il	齿令	0
阁	mg	门各	0
冯	dm	冫马	0
钢	jg	钅冈	0
锐	jd	金兑	0
喷	kb	口贲	0
拦	fl	扌兰	0
络	sg	纟各	0
抛	fl	扌力	0
键	jj	钅建	0
湿	dx	氵显	0
审	bu	宀申	0
献	qn	犬南	0
贤	by	贝又	0
刹	du	刂杀	0
湾	dw	氵弯	0
猎	qx	犭昔	0
驾	mj	马加	0
浅	dj	氵戋	0
径	xg	彳工	0
饿	uw	饣我	0
莹	cy	艹玉	0
莹	yb	𫇦宝	0
润	dr	氵闰	0
铃	jl	钅令	0
蛮	iy	虫亦	0
蛮	yi	亦虫	0
拨	ff	扌发	0
涛	du	氵寿	0
撑	fv	扌掌	0
币	pj	丿巾	0
斩	ij	车斤	0
斩	ji	斤车	0
签	va	𥫗一	0
签	vq	𥫗佥	0
汇	dk	氵匚	0
粮	ml	米良	0
竞	lx	立兄	0
祸	ug	示呙	0
祸	un	示內	0
绩	sz	纟责	0
诱	yx	讠秀	0
呜	kw	口乌	0
麽	mm	麻么	0
窝	bg	宀呙	0
窝	bn	宀内	0
窝	xg	穴呙	0
窝	xn	穴内	0
弥	ge	弓尔	0
凑	dz	冫奏	0
卧	bi	卜臣	0
卧	ib	臣卜	0
详	yy	讠羊	0
卢	bu	卜尸	0
购	bg	贝勾	0
疗	bl	疒了	0
罚	sd	罒刂	0
缝	sf	纟逢	0
躯	uq	身区	0
笼	vl	𥫗龙	0
篮	vj	竹监	0
悬	xx	县心	0
齿	vk	止凵	0
扩	fg	扌广	0
厨	ic	厂寸	0
胁	ob	月办	0
赚	bj	贝兼	0
锦	jb	金帛	0
锦	jj	钅巾	0
尴	yj	尤监	0
贺	bj	贝加	0
绵	sb	纟帛	0
绵	sj	纟巾	0
宠	bl	宀龙	0
贪	bj	贝今	0
贪	rb	人贝	0
饶	uy	饣尧	0
搂	fl	扌娄	0
纹	sw	纟文	0
驻	mv	马主	0
丛	ac	一从	0
丛	ra	人一	0
亿	ry	亻乙	0
迈	zw	辶万	0
违	zw	辶韦	0
辩	xx	辛辛	0
辩	yx	讠辛	0
灾	bh	宀火	0
灾	hb	火宀	0
讯	yu	讠十	0
讯	yx	讠卂	0
艰	yg	又艮	0
饱	ub	饣包	0
询	yx	讠旬	0
瑶	wf	王缶	0
赐	by	贝易	0
闯	mm	门马	0
谅	yj	言京	0
沟	dg	氵勾	0
驶	mu	马史	0
摄	fn	扌聂	0
贫	bf	贝分	0
辕	iy	车袁	0
鹏	np	鸟朋	0
碍	uc	石寸	0
鸿	dn	氵鸟	0
鸿	nj	鸟江	0
邓	ey	耳又	0
邓	ye	又阝	0
阔	mh	门活	0
韦	aa	一丨	0
贯	bm	贝毌	0
贯	mb	毌贝	0
婴	bn	贝女	0
婴	nb	女贝	0
励	ll	厉力	0
锅	jg	钅呙	0
锅	jn	钅内	0
矿	ug	石广	0
坛	ty	土云	0
础	ui	石出	0
耸	ec	耳从	0
寿	cf	寸丰	0
寿	fc	丰寸	0
驱	mq	马区	0
铜	jt	金同	0
诡	yw	讠危	0
纤	sq	纟千	0
渊	da	氵丨	0
渊	dm	氵米	0
骚	mi	马虫	0
骚	mz	马蚤	0
灿	hu	火山	0
辑	ie	车耳	0
辑	iq	车咠	0
绳	sd	纟电	0
绳	sm	纟黾	0
频	yb	页步	0
寝	by	宀又	0
瞒	ol	目两	0
纠	sj	纟丩	0
驰	my	马也	0
岚	uf	山风	0
耻	ev	耳止	0
页	ab	丆贝	0
誉	yx	言兴	0
仓	re	人	0
樱	my	木婴	0
哗	kh	口华	0
铭	jm	金名	0
摊	fn	扌难	0
晋	oy	日亚	0
晋	yo	亚日	0
伪	rw	亻为	0
链	jl	钅连	0
畅	uy	申𠃓	0
阅	md	门兑	0
窜	bi	宀串	0
窜	xi	穴串	0
哑	ky	口亚	0
韵	yy	音匀	0
谦	yj	言兼	0
档	md	木当	0
订	yd	言丁	0
肠	oy	月𠃓	0
迁	zq	辶千	0
镖	jp	金票	0
庙	gy	广由	0
颖	hy	禾页	0
颖	yh	页禾	0
纱	su	纟少	0
谨	yj	讠堇	0
涩	dv	氵止	0
诧	yv	言宅	0
坠	td	土队	0
赔	bk	贝口	0
赔	bp	贝咅	0
涨	dv	氵张	0
税	hd	禾兑	0
译	yf	讠{丰}	0
骄	mq	马乔	0
谎	yh	言荒	0
哟	ky	口约	0
偿	ri	亻尝	0
鉴	jv	金{竹半}	0
绑	sb	纟邦	0
潇	dx	氵萧	0
颠	yv	页真	0
狮	qu	犭师	0
邻	el	耳令	0
骇	mh	马亥	0
烁	hl	火乐	0
烁	hy	火乐	0
诀	yd	讠丶	0
诀	yg	讠夬	0
溃	dg	氵贵	0
妆	jn	丬女	0
妆	np	女丬	0
妆	pn	丬女	0
侦	rv	亻贞	0
冻	dd	冫东	0
娅	ny	女亚	0
筹	vu	𥫗寿	0
牺	nx	牛西	0
竖	ly	立又	0
龟	dd	电	0
册	ka	冂一	0
册	pa	丿一	0
栏	ml	木兰	0
岗	ug	山冈	0
颊	yj	页夹	0
炉	hh	火户	0
逊	zs	辶孙	0
贱	bj	贝戋	0
叙	yy	又余	0
叠	qr	.	0
叠	qu	.	0
叠	yy	.	0
拟	fy	扌以	0
衬	yc	衤寸	0
捡	fa	扌一	0
捡	fq	扌佥	0
泼	df	氵发	0
滩	dn	氵难	0
琼	wj	王京	0
颈	yg	页工	0
贞	bb	卜贝	0
嘱	ku	口属	0
厢	ix	厂相	0
赋	bw	贝武	0
贡	bg	贝工	0
贡	gb	工贝	0
拢	fl	扌龙	0
谭	yt	讠覃	0
贸	bd	贝刀	0
贸	lb	{留头}贝	0
辅	if	车甫	0
讽	yf	言风	0
呐	kn	口内	0
辽	zl	辶了	0
窃	bq	宀切	0
窃	xq	穴切	0
栋	md	木东	0
轿	iq	车乔	0
禅	ud	示单	0
惩	xv	心征	0
账	bi	贝长	0
驳	my	马爻	0
顽	yy	页元	0
厕	iz	厂则	0
荆	dk	刂开	0
壶	uy	士业	0
鹤	nv	鸟隹	0
钥	jo	金月	0
骤	mj	马聚	0
烛	hi	火虫	0
绽	sd	纟定	0
彦	dp	丶彡	0
彦	ip	产彡	0
彦	wp	亠彡	0
诞	yy	言延	0
凛	db	冫禀	0
凛	du	冫示	0
嚣	kk	口口	0
嚣	yk	页口	0
溅	dj	氵贱	0
舱	vc	舟仓	0
鸭	jn	甲鸟	0
鸭	nj	鸟甲	0
债	rz	亻责	0
钉	jd	钅丁	0
缕	sl	纟娄	0
隶	ad	乛丶	0
隶	vd	乛丶	0
隶	vu	乛氺	0
隶	yd	肀丶	0
践	zj	足戋	0
搅	fj	扌觉	0
纽	si	纟丑	0
腻	oe	月贰	0
剥	dl	刂录	0
逻	zl	辶罗	0
壳	uj	士几	0
储	rv	亻诸	0
烫	ht	火汤	0
轨	ij	车九	0
汹	dx	氵凶	0
携	fj	扌隽	0
携	fn	扌乃	0
仑	rb	人匕	0
胧	ol	月龙	0
趋	zi	走刍	0
趋	zx	走彐	0
挠	fy	扌尧	0
饼	ub	饣并	0
狭	qj	犭夹	0
惫	xb	心备	0
砖	uv	石专	0
骆	mg	马各	0
阎	mj	门臼	0
阎	mx	门臽	0
鸦	ny	鸟牙	0
鸦	yn	牙鸟	0
谱	yp	讠普	0
绘	sh	纟会	0
肿	ov	月中	0
髅	gl	骨娄	0
绣	sx	纟秀	0
硕	uy	石页	0
兹	by	丷幺	0
兹	qy	䒑幺	0
邮	ey	耳由	0
届	uy	尸由	0
娱	nw	女吴	0
沧	dc	氵仓	0
盐	mb	皿卜	0
搁	fg	扌阁	0
坟	tw	土文	0
旷	og	日广	0
翘	gy	.	0
翘	hh	.	0
翘	yy	羽尧	0
蓦	cm	艹马	0
蓦	mm	马莫	0
诈	yv	言乍	0
钦	jq	钅欠	0
宪	bx	宀先	0
锻	jd	钅段	0
饥	uj	饣几	0
谊	yy	言宜	0
恳	gx	艮心	0
恳	xg	心艮	0
厮	is	厂斯	0
锤	ji	金垂	0
聂	eu	耳双	0
贩	bf	贝反	0
渗	dc	氵参	0
览	jv	见{竹半}	0
厦	ix	厂夏	0
蕴	cm	艹皿	0
蕴	cw	艹昷	0
秃	hj	禾几	0
禀	du	丶示	0
禀	uh	示回	0
禀	wu	亠示	0
珑	wl	王龙	0
婶	nu	女审	0
栈	mj	木戋	0
滞	dd	氵带	0
狈	qb	犭贝	0
峡	uj	山夹	0
侣	rl	亻吕	0
芦	ch	艹户	0
禄	ul	示录	0
胀	oi	月长	0
伞	ru	人十	0
钩	jg	钅勾	0
萝	cl	艹罗	0
祷	uu	示寿	0
毙	bs	比死	0
毙	sb	死比	0
嘘	kx	口虚	0
澜	dl	氵阑	0
姗	nc	女册	0
钧	jy	金匀	0
捣	fd	扌岛	0
焕	hh	火奂	0
缚	sc	纟寸	0
缚	sf	纟尃	0
蚁	iy	虫义	0
咙	kl	口龙	0
敛	wa	攵一	0
敛	wq	攵佥	0
剂	dq	刂齐	0
渔	dy	氵鱼	0
虏	hl	虍力	0
勋	ly	力员	0
综	sz	纟宗	0
瘾	by	疒隐	0
驴	mh	马户	0
窥	bg	宀规	0
窥	xg	穴规	0
堕	td	土陏	0
堕	ty	土有	0
垫	tv	土执	0
屡	ul	尸娄	0
鹅	nw	鸟我	0
狞	qn	犭宁	0
诊	yp	讠彡	0
揽	fl	扌览	0
捞	fl	扌劳	0
铮	jv	钅争	0
盏	mj	皿戋	0
贷	bd	贝代	0
喽	kl	口娄	0
绷	sp	纟朋	0
桩	mv	木庄	0
锡	jy	钅易	0
浆	ux	水夕	0
瘫	bn	疒难	0
啧	kz	口责	0
冈	ki	冂乂	0
赠	bc	贝曾	0
胶	oj	月交	0
绰	sv	纟卓	0
呕	kq	口区	0
谐	yj	讠皆	0
歼	dq	歹千	0
拧	fn	扌宁	0
驼	mt	马它	0
衔	ri	彳亍	0
衔	xi	彳亍	0
衔	xj	行钅	0
掷	fv	扌郑	0
炽	hv	火只	0
惭	xv	心斩	0
蝉	id	虫单	0
谜	ym	讠迷	0
蚂	im	虫马	0
滨	db	氵宾	0
窍	bq	宀巧	0
窍	xq	穴巧	0
垒	st	厶土	0
垒	tl	土厽	0
铠	jj	钅己	0
铠	jq	钅岂	0
挟	fj	扌夹	0
纲	sg	纟冈	0
莺	cn	艹鸟	0
莺	nb	鸟冖	0
闺	mg	门圭	0
斋	we	文而	0
沦	dl	氵仑	0
钓	ju	金勺	0
鳞	yl	鱼粦	0
噜	kl	口鲁	0
绞	sj	纟交	0
颓	yt	页秃	0
诅	yq	讠且	0
拣	fd	扌丶	0
拣	fj	扌𫠣	0
谣	yf	言缶	0
叽	kj	口几	0
葱	cc	艹怱	0
葱	cx	艹心	0
铸	ju	钅寿	0
绮	sq	纟奇	0
绸	sv	纟周	0
诏	yv	言召	0
滥	dj	氵监	0
绯	sf	纟非	0
诛	yv	言朱	0
鲍	yb	鱼包	0
骏	mj	马夋	0
骏	mw	马夂	0
蝇	id	虫电	0
蝇	im	虫黾	0
涡	dg	氵呙	0
涡	dn	氵内	0
酿	yl	酉良	0
琐	wb	王贝	0
虾	ix	虫下	0
钞	ju	钅少	0
觑	jx	见虚	0
讪	yu	讠山	0
暧	oa	日爱	0
浇	dy	氵尧	0
诵	yy	讠甬	0
箫	vs	竹肃	0
颅	yl	页卢	0
绅	su	纟申	0
讥	yj	言几	0
觅	jv	见爫	0
觅	vj	爫见	0
娴	nx	女闲	0
泻	dx	氵写	0
龚	lg	龙共	0
绒	sr	纟戎	0
讳	yw	言韦	0
颂	yg	页公	0
搀	fd	扌丶	0
镶	jx	钅襄	0
镶	jy	钅𧘇	0
缴	sj	纟敫	0
缴	sw	纟攵	0
呛	kc	口仓	0
慑	xn	忄聂	0
跄	zc	足仓	0
蚀	ui	饣虫	0
铲	ji	钅产	0
筝	vv	竹争	0
顷	by	匕页	0
顷	yb	页匕	0
狰	qv	犭争	0
悯	xm	心闵	0
悯	xw	心文	0
唠	kl	口劳	0
匀	gd	勹冫	0
晖	oj	日军	0
怅	xi	心长	0
聋	el	耳龙	0
聋	le	龙耳	0
韧	wr	韦刃	0
邹	ei	耳刍	0
邹	ex	阝彐	0
辖	ih	车害	0
酱	yx	酉夕	0
陕	ej	耳夹	0
浊	di	氵虫	0
鸽	nh	鸟合	0
谍	ym	言木	0
蛊	im	虫皿	0
蛊	mi	皿虫	0
荫	cy	艹阴	0
轴	iy	车由	0
雳	yl	雨历	0
钗	ji	钅叉	0
袜	ym	衤末	0
妩	nw	女无	0
窦	bm	宀卖	0
窦	xm	穴卖	0
缉	se	纟耳	0
缉	sq	纟咠	0
呗	kb	口贝	0
衅	xb	血半	0
昼	id	尺旦	0
舆	ba	八一	0
舆	ib	车八	0
舆	jb	𦥑八	0
靓	jq	见青	0
靓	qj	青见	0
窑	bf	宀缶	0
窑	xf	穴缶	0
涟	dl	氵连	0
侥	ry	亻尧	0
挚	uv	手执	0
镯	ji	钅虫	0
镯	ju	钅蜀	0
兑	bx	丷兄	0
兑	ek	儿口	0
尧	gw	戈兀	0
尧	wg	兀戈	0
闵	mw	门文	0
辫	sx	纟辛	0
辫	xx	辛辛	0
庐	gh	广户	0
绊	sb	纟半	0
贬	bf	贝乏	0
惮	xd	忄单	0
婵	nd	女单	0
屉	uu	尸世	0
缭	sl	纟尞	0
缭	sx	纟小	0
绢	so	纟月	0
绢	sy	纟月	0
袅	yn	衣{鸟去一}	0
苇	cw	艹韦	0
咏	ky	口永	0
凿	yk	业凵	0
粪	mg	米共	0
攒	fz	扌赞	0
谬	yl	讠翏	0
谬	yp	讠彡	0
钝	jt	金屯	0
赎	bm	贝卖	0
颁	yf	页分	0
缀	su	纟双	0
缀	sv	纟叕	0
谕	yy	讠俞	0
缪	sl	纟翏	0
缪	sp	纟彡	0
蔷	ch	艹回	0
诫	yj	讠戒	0
馒	um	食曼	0
矫	uq	矢乔	0
贿	by	贝有	0
铅	jk	钅口	0
巩	gf	工凡	0
鹃	no	鸟月	0
鹃	ny	鸟肙	0
帜	jv	巾只	0
蔼	ch	艹曷	0
蔼	cy	艹谒	0
亩	dt	丶田	0
亩	wt	亠田	0
绎	sf	纟{丰}	0
绚	sx	纟旬	0
阀	mf	门伐	0
驯	mi	马川	0
缅	sm	纟面	0
祯	uv	示贞	0
缎	sd	纟段	0
砚	uj	石见	0
锥	jv	金隹	0
辙	iw	车攵	0
铛	jd	金当	0
枣	cd	朿冫	0
桦	mh	木华	0
橱	mi	木厨	0
萤	ci	艹虫	0
萤	ib	虫冖	0
枢	mq	木区	0
锣	jl	金罗	0
蹑	zn	足聂	0
秽	hs	禾岁	0
殴	uq	殳区	0
颐	yi	页臣	0
玺	we	王尔	0
玺	ye	玉尔	0
蹿	zc	足窜	0
枭	mn	木{鸟去一}	0
枭	nm	{鸟去一}木	0
崭	uv	山斩	0
掺	fc	扌参	0
驿	mf	马{丰}	0
惬	xj	忄夹	0
惬	xq	忄匧	0
镰	jl	钅廉	0
抡	fl	扌仑	0
删	dc	刂册	0
鸳	ne	鸟	0
鸳	ny	鸟夗	0
飙	fb	风猋	0
飙	fq	风犬	0
俨	ry	亻严	0
跷	zy	足尧	0
栅	mc	木册	0
缰	sj	纟畺	0
衮	dy	丶𧘇	0
衮	ly	六𧘇	0
衮	wy	亠𧘇	0
衮	yg	衣公	0
谴	yq	言遣	0
飒	fl	风立	0
飒	lf	立风	0
阐	md	门单	0
荧	ch	艹火	0
荧	hb	火冖	0
芜	cw	艹无	0
俭	ra	亻一	0
俭	rq	亻佥	0
屿	uy	山与	0
饺	uj	饣交	0
垄	lt	龙土	0
垄	tl	土龙	0
畴	tu	田寿	0
鬓	ib	髟宾	0
讼	yg	讠公	0
钮	ji	钅丑	0
钰	jy	金玉	0
驭	my	马又	0
萦	cs	艹糸	0
萦	sb	糸冖	0
韬	wj	韦臼	0
韬	wy	韦舀	0
羁	sm	罒马	0
癫	bd	疒颠	0
瘪	bl	疒仑	0
踌	zu	足寿	0
烬	hj	火尽	0
啰	kl	口罗	0
哒	kd	口达	0
鸾	ny	鸟亦	0
鸾	wn	亠鸟	0
鸾	yn	亦鸟	0
烨	hh	火华	0
辗	iv	车展	0
驹	mj	马句	0
亵	dy	丶𧘇	0
亵	wy	亠𧘇	0
亵	yv	衣执	0
陨	ey	耳员	0
笃	vm	𥫗马	0
锈	jx	金秀	0
娄	mn	米女	0
娄	nm	女米	0
玑	wj	王几	0
鹫	nj	鸟就	0
娲	ng	女呙	0
娲	nn	女内	0
绫	sl	纟夌	0
绫	sw	纟夂	0
阑	mj	门柬	0
沪	dh	氵户	0
讷	yn	言内	0
炜	hw	火韦	0
玮	ww	王韦	0
鲸	yj	鱼京	0
坝	tb	土贝	0
铐	jk	钅考	0
肾	oy	月又	0
鸯	ny	鸟央	0
涧	dj	氵间	0
哝	kn	口农	0
诬	yw	讠巫	0
疮	bc	疒仓	0
巅	ud	山颠	0
坞	tw	土乌	0
鳄	ye	鱼咢	0
鳄	yk	鱼亏	0
馅	uj	饣臼	0
馅	ux	饣臽	0
嬷	nm	女麽	0
稣	yh	鱼禾	0
谏	yj	讠柬	0
沥	dl	氵历	0
雏	iv	刍隹	0
雏	vi	隹刍	0
雏	vx	隹彐	0
饷	ux	食向	0
籁	vl	𥫗赖	0
飓	fj	风具	0
闸	mj	门甲	0
鲨	yu	鱼沙	0
侨	rq	亻乔	0
锄	jv	钅助	0
颔	yh	页含	0
鸥	nq	鸟区	0
赃	bv	贝庄	0
袄	yy	衤夭	0
赘	ba	贝敖	0
赘	bw	贝攵	0
钳	jg	金甘	0
茎	cg	艹工	0
骋	mk	马丂	0
骋	mp	马甹	0
槛	mj	木监	0
掳	fl	扌虏	0
锯	jj	金居	0
飕	fs	风叟	0
飕	fy	风又	0
渍	dz	氵责	0
霁	yq	雨齐	0
诩	yy	讠羽	0
纺	sf	纟方	0
绛	sf	纟{丰}	0
绛	sj	纟夅	0
缨	sy	纟婴	0
焘	hu	灬寿	0
锵	jj	金将	0
嫔	nb	女宾	0
缥	sp	纟票	0
魇	gy	鬼厌	0
魇	ig	厂鬼	0
馋	ud	饣丶	0
渎	dm	氵卖	0
抠	fq	扌区	0
诶	yu	讠矢	0
诶	yy	言矣	0
诲	ym	讠每	0
缈	sm	纟眇	0
缔	sd	纟帝	0
酝	yy	酉云	0
浏	dl	氵刘	0
柠	mn	木宁	0
饵	ue	饣耳	0
轲	ik	车可	0
瞩	ou	目属	0
鹊	nx	鸟昔	0
矶	uj	石几	0
筛	vu	竹师	0
鲤	yl	鱼里	0
馈	ug	饣贵	0
伫	ra	亻一	0
铎	jf	钅{丰}	0
啬	th	土回	0
谧	ym	讠皿	0
恺	xj	忄己	0
恺	xq	忄岂	0
纬	sw	纟韦	0
嘤	ky	口婴	0
诣	yv	讠旨	0
谛	yd	讠帝	0
饲	us	饣司	0
虬	ig	虫乚	0
涤	dt	氵条	0
骡	ml	马累	0
钵	jb	钅本	0
笋	vy	竹尹	0
龌	iw	齿屋	0
恻	xz	忄则	0
腼	om	月面	0
驮	md	马大	0
缤	sb	纟宾	0
锭	jd	钅定	0
阙	mj	门欮	0
阙	mq	门欠	0
粤	mk	米丂	0
粤	pk	丿丂	0
琏	wl	王连	0
龊	iz	齿足	0
毡	mv	毛占	0
鸨	nu	鸟十	0
闽	im	虫门	0
闽	mi	门虫	0
躏	zl	足蔺	0
躏	zv	足隹	0
娆	ny	女尧	0
谑	yn	讠虐	0
鳖	yb	鱼敝	0
鳖	yw	鱼攵	0
怆	xc	心仓	0
镔	jb	金宾	0
撵	fi	扌车	0
撵	fn	扌辇	0
裆	yd	衤当	0
骁	my	马尧	0
锢	jg	钅固	0
濒	dp	氵频	0
辘	il	车鹿	0
亘	aa	一一	0
亘	ad	一旦	0
钊	jd	钅刂	0
篓	vl	𥫗娄	0
缇	su	纟是	0
鞑	gd	革达	0
绥	st	纟妥	0
笺	vj	𥫗戋	0
荤	cj	艹军	0
桨	mx	木夕	0
榄	ml	木览	0
痪	bh	疒奂	0
阉	md	门电	0
阉	my	门奄	0
涣	dh	氵奂	0
皑	bj	白己	0
皑	bq	白岂	0
擞	fu	扌数	0
赂	bg	贝各	0
铿	jj	钅坚	0
峦	uy	山亦	0
峦	yu	亦山	0
蹒	zl	足两	0
鳌	ya	鱼敖	0
鳌	yw	鱼攵	0
睐	ol	目来	0
谙	yy	言音	0
轶	iu	车失	0
陇	el	耳龙	0
纨	sw	纟丸	0
霭	yh	雨曷	0
霭	yy	雨谒	0
呓	ky	口艺	0
纶	sl	纟仑	0
嗫	kn	口聂	0
缄	sx	纟咸	0
卤	ba	卜一	0
卤	bi	卜乂	0
卤	sh	龱卜	0
靥	im	厂面	0
靥	my	面厌	0
斓	wl	文阑	0
挛	uy	手亦	0
挛	yu	亦手	0
叁	ss	厶三	0
阖	mh	门盍	0
阖	mm	门皿	0
戬	gj	戈晋	0
怂	xc	心从	0
咛	kn	口宁	0
癞	bl	疒赖	0
辄	ig	车乚	0
辄	iy	车耴	0
砾	ul	石乐	0
砾	uy	石乐	0
痉	bg	疒工	0
蜕	id	虫兑	0
纣	sc	纟寸	0
馁	ut	食妥	0
镐	jg	钅高	0
桢	mv	木贞	0
辐	if	车畐	0
辐	it	车田	0
骜	ma	马敖	0
骜	mw	马攵	0
阚	mg	门敢	0
晔	oh	日华	0
昙	oy	日云	0
滤	dl	氵虑	0
驸	mf	马付	0
馀	uy	饣余	0
垦	gt	艮土	0
垦	tg	土艮	0
滢	dy	氵莹	0
邬	ew	阝乌	0
赣	dd	丶丶	0
赣	vb	章贝	0
鹦	ny	鸟婴	0
脐	oq	月齐	0
鹭	nl	鸟路	0
炀	hy	火𠃓	0
恸	xd	忄动	0
隽	nv	乃隹	0
隽	vn	隹乃	0
飚	fy	风焱	0
剐	dg	刂呙	0
剐	dn	刂内	0
鸠	nj	鸟九	0
谄	yj	讠臼	0
谄	yx	讠臽	0
猬	qw	犭胃	0
觊	jj	见己	0
觊	jq	见岂	0
颌	yh	页合	0
殇	dy	歹𠃓	0
轧	ig	车乚	0
鸢	ny	鸟弋	0
鸢	yn	弋鸟	0
龇	ic	齿此	0
掸	fd	扌单	0
邺	ey	耳业	0
镀	jd	钅度	0
祎	uw	示韦	0
鹉	nw	鸟武	0
岖	uq	山区	0
蝈	ig	虫国	0
镑	jp	金旁	0
蜗	ig	虫呙	0
蜗	in	虫内	0
侬	rn	亻农	0
郸	ed	耳单	0
缆	sl	纟览	0
诠	yq	讠全	0
犊	nm	牛卖	0
瓒	wz	王赞	0
荦	cn	艹牛	0
荦	nb	牛冖	0
骥	mg	马共	0
骥	mj	马冀	0
贲	bh	贝一	0
弑	iu	乂式	0
弑	uu	杀式	0
谤	yp	言旁	0
浒	dx	氵许	0
阂	mh	门亥	0
愠	xm	忄皿	0
愠	xw	忄昷	0
谒	yh	讠曷	0
绾	sg	纟官	0
槟	mb	木宾	0
诃	yk	言可	0
脓	on	月农	0
蛰	iv	虫执	0
咤	kv	口宅	0
峥	uv	山争	0
讹	yh	言化	0
颀	jy	斤页	0
颀	yj	页斤	0
咝	ks	口丝	0
椭	md	木陏	0
椭	my	木有	0
颦	bp	卑频	0
颦	vb	止卑	0
辎	it	车田	0
辎	iz	车甾	0
犷	qg	犭广	0
鳅	yq	鱼秋	0
闫	ms	门三	0
馍	um	食莫	0
锏	jj	钅间	0
匮	kg	匚贵	0
锹	jq	金秋	0
迩	ze	辶尔	0
蓟	cd	艹刂	0
蓟	cj	艹魝	0
褛	yl	衤娄	0
贻	bt	贝台	0
氲	qm	气皿	0
氲	qw	气昷	0
殡	db	歹宾	0
诽	yf	讠非	0
褴	yj	衤监	0
铝	jl	金吕	0
锚	jm	钅苗	0
濑	dl	氵赖	0
祢	ue	礻尔	0
鱿	yy	鱼尤	0
傥	rd	亻党	0
阏	my	门於	0
贮	ba	贝一	0
镣	jl	釒尞	0
镣	jx	釒小	0
诘	yj	讠吉	0
罂	bf	贝缶	0
罂	fb	缶贝	0
轼	iu	车式	0
璎	wy	王婴	0
桧	mh	木会	0
闳	ms	门厶	0
辍	iu	车双	0
辍	iv	车叕	0
觎	jy	见俞	0
闰	mw	门王	0
堑	tv	土斩	0
谗	yd	讠丶	0
嵘	ur	山荣	0
箩	vl	竹罗	0
碱	ux	石咸	0
谆	yx	讠享	0
泸	dl	氵卢	0
蔺	cv	艹隹	0
刽	dh	刂会	0
锷	je	釒咢	0
锷	jk	釒亏	0
诋	yd	言氐	0
缜	sv	纟真	0
贰	by	贝弋	0
贰	yb	弋贝	0
睑	oa	目一	0
睑	oq	目佥	0
妪	nq	女区	0
镂	jl	金娄	0
沣	df	氵丰	0
绉	si	纟刍	0
绉	sx	纟彐	0
颉	yj	页吉	0
姹	nv	女宅	0
纭	sy	纟云	0
恹	xy	忄厌	0
銮	jy	金亦	0
銮	wj	亠金	0
銮	yj	亦金	0
嗳	ka	口爱	0
饪	ur	饣壬	0
孪	yz	亦子	0
孪	zy	子亦	0
砺	ul	石厉	0
钙	jg	钅丐	0
鲲	yk	鱼昆	0
谚	yy	言彦	0
闾	ml	门吕	0
谟	ym	言莫	0
馊	us	饣叟	0
馊	uy	饣又	0
锴	jj	金皆	0
赈	bi	贝辰	0
骠	mp	马票	0
谀	yy	讠臾	0
镳	jb	釒麃	0
镳	jd	釒丶	0
镳	jh	钅灬	0
偻	rl	亻娄	0
绺	sj	纟咎	0
绺	sk	纟口	0
囱	ph	丿一	0
囱	px	丿夕	0
铳	jy	钅允	0
兖	de	丶儿	0
兖	ly	六允	0
兖	we	亠儿	0
栾	my	木亦	0
栾	wm	亠木	0
栾	ym	亦木	0
诌	yi	言刍	0
诌	yx	讠彐	0
赓	bg	贝庚	0
赓	gb	庚贝	0
谲	yk	讠口	0
谲	yy	讠矞	0
泾	dg	氵工	0
绔	sk	纟夸	0
馄	uk	食昆	0
饨	ut	食屯	0
顼	wy	王页	0
殒	dy	歹员	0
鹞	nf	鸟缶	0
浃	dj	氵夹	0
颚	ye	页咢	0
颚	yk	页亏	0
眦	oc	目此	0
郦	el	耳丽	0
钺	jy	釒戉	0
赁	br	贝任	0
骛	mm	矛马	0
骛	mw	马攵	0
厩	ij	厂既	0
挞	fd	扌达	0
阗	mv	门真	0
觐	jj	堇见	0
钏	ji	钅川	0
迳	zg	辶工	0
缮	su	纟善	0
懑	xm	心满	0
龛	lh	龙合	0
鹄	ng	鸟告	0
饯	uj	饣戋	0
鹘	gn	骨鸟	0
诙	yh	言灰	0
锃	ji	金呈	0
颧	yv	页隹	0
纰	sb	纟比	0
绡	sx	纟肖	0
氢	qg	气工	0
颢	yj	页景	0
妫	nw	女为	0
栀	me	木	0
栀	mv	木卮	0
谥	yy	讠益	0
骧	mx	马襄	0
骧	my	马𧘇	0
辇	if	车夫	0
谩	ym	讠曼	0
骅	mh	马华	0
鹜	nm	鸟敄	0
鹜	nw	鸟攵	0
颍	uy	水页	0
颍	yu	页水	0
闩	ma	门一	0
鳗	ym	鱼曼	0
骊	ml	马丽	0
撸	fl	扌鲁	0
帼	jg	巾国	0
篑	vg	竹贵	0
潋	dl	氵敛	0
锺	jv	金重	0
棂	ml	木灵	0
俪	rl	亻丽	0
铉	jx	金玄	0
扪	fm	扌门	0
饬	ul	饣力	0
鹂	nl	鸟丽	0
馕	un	饣囊	0
鲇	yv	鱼占	0
酽	yy	酉严	0
垅	tl	土龙	0
骘	mb	马步	0
骘	mv	马陟	0
垩	ty	土亚	0
锆	jg	金告	0
幂	bj	冖巾	0
幂	jd	巾大	0
垭	ty	土亚	0
鹳	nv	鸟隹	0
伧	rc	亻仓	0
苁	cc	艹从	0
鼋	my	黾元	0
鼋	yd	元电	0
鼋	ym	元黾	0
钤	jj	金今	0
侪	rq	亻齐	0
穑	hh	禾回	0
脶	og	月呙	0
脶	on	月內	0
砀	uy	石𠃓	0
脔	ry	肉亦	0
脔	wr	亠肉	0
脔	yr	亦肉	0
缁	st	纟田	0
缁	sz	纟甾	0
颙	yy	禺页	0
樯	mh	木回	0
跸	zb	足毕	0
龃	iq	齿且	0
趸	zw	足万	0
蹰	zc	足寸	0
蹰	zi	足厨	0
郧	ey	耳员	0
裢	yl	衤连	0
枞	mc	木从	0
莴	cg	艹呙	0
莴	cn	艹內	0
缌	ss	纟思	0
鹬	nk	鸟口	0
鹬	ny	鸟矞	0
镏	jl	金留	0
狯	qh	犭会	0
屃	ub	尸贝	0
鲑	yg	鱼圭	0
腭	oe	月咢	0
腭	ok	月亏	0
鲠	yg	鱼更	0
榉	mj	木举	0
鹈	nd	鸟弟	0
龉	iw	齿吾	0
骐	mq	马其	0
谘	yz	讠咨	0
锰	jm	钅孟	0
怿	xf	忄{丰}	0
蛳	iu	虫师	0
跶	zd	足达	0
荜	cb	艹毕	0
鸹	nu	鸟舌	0
崃	ul	山来	0
耧	ll	耒娄	0
钴	jg	金古	0
镕	jr	钅容	0
罴	db	灬罢	0
罴	hb	灬罢	0
罴	sd	罒灬	0
罴	sh	罒灬	0
缃	sx	纟相	0
沤	dq	氵区	0
荨	cx	艹寻	0
珰	wd	王当	0
娈	ny	女亦	0
娈	wn	亠女	0
娈	yn	亦女	0
鸮	nh	鸟号	0
毂	iu	车殳	0
毂	ui	殳车	0
铱	jy	金衣	0
蓠	cl	艹离	0
薮	cu	艹数	0
峤	uq	山乔	0
缗	sh	纟昬	0
缗	so	纟日	0
渑	dd	氵电	0
渑	dm	氵黾	0
庑	gw	广无	0
莼	ci	艹纯	0
阒	mj	门狊	0
阒	mq	门犬	0
鲔	yy	鱼有	0
镍	jm	钅木	0
镍	jn	金臬	0
锛	jb	金奔	0
轳	il	车卢	0
鲵	ye	鱼兒	0
馑	uj	饣堇	0
瘆	bc	疒参	0
轺	iv	车召	0
涞	dl	氵来	0
讬	yq	讠七	0
讬	yt	讠乇	0
岘	uj	山见	0
纮	sh	纟厷	0
纮	ss	纟厶	0
镢	jj	钅厥	0
镢	jq	钅欠	0
诂	yg	言古	0
鲶	yn	鱼念	0
鲮	yl	鱼夌	0
鲮	yw	鱼夂	0
栊	ml	木龙	0
郏	ej	耳夹	0
箧	vj	𥫗夹	0
鳃	ys	鱼思	0
讵	yj	言巨	0
啭	kv	口转	0
箪	vd	竹单	0
鳟	yz	鱼尊	0
纡	sy	纟于	0
戋	ad	一丶	0
戋	ga	戈一	0
鲽	ym	鱼木	0
诔	yl	言耒	0
髋	gk	骨宽	0
铙	jy	金尧	0
袆	yw	衤韦	0
骟	mu	马扇	0
阋	me	门兒	0
龋	iy	齿禹	0
阇	mv	门者	0
谝	yb	言扁	0
悭	xj	忄坚	0
撄	fy	扌婴	0
麸	mf	麦夫	0
錾	jv	金斩	0
轾	iv	车至	0
餍	iu	厌食	0
餍	uy	食厌	0
锱	jt	钅田	0
锱	jz	金甾	0
疴	bk	疒可	0
剀	dj	刂己	0
剀	dq	刂岂	0
糍	mz	米兹	0
鳕	yx	鱼雪	0
缡	sl	纟离	0
偬	rc	亻怱	0
茑	cn	艹鸟	0
鲅	yb	鱼犮	0
鲅	yy	鱼又	0
钡	jb	金贝	0
垆	tl	土卢	0
俣	rw	亻吴	0
刿	ds	刂岁	0
龁	iq	齿乞	0
谰	yl	讠阑	0
钚	jb	钅不	0
叆	ya	云爱	0
铗	jj	金夹	0
绐	st	纟台	0
痈	by	疒用	0
埚	tg	土呙	0
埚	tn	土内	0
阍	mh	门昏	0
梼	mu	木寿	0
赀	bc	贝此	0
渌	dl	氵录	0
潆	dy	氵萦	0
镠	jl	钅翏	0
镠	jp	钅彡	0
檩	mb	木禀	0
檩	mu	木示	0
鸱	nd	鸟氐	0
赉	bl	贝来	0
诹	yq	言取	0
枥	ml	木历	0
阊	mi	门昌	0
厣	ij	厂甲	0
厣	jy	甲厌	0
鸬	nl	鸟卢	0
傧	rb	亻宾	0
叇	yd	云逮	0
椟	mm	木卖	0
镪	jq	金强	0
谖	yy	讠爰	0
裣	ya	衤一	0
裣	yq	衤佥	0
镒	jy	金益	0
缳	sh	纟睘	0
缳	sy	纟睘	0
碛	uz	石责	0
硖	uj	石夹	0
镬	jy	金又	0
糁	mc	米参	0
卺	ei	丞	0
卺	zz	乛乚	0
锞	jg	金果	0
砻	lu	龙石	0
砻	ul	石龙	0
筚	vb	竹毕	0
鳜	yj	鱼厥	0
鳜	yq	鱼欠	0
缍	si	纟垂	0
戆	xb	心贝	0
戆	xg	心赣	0
趱	zz	走赞	0
鲂	yf	鱼方	0
槠	mv	木诸	0
顸	gy	干页	0
顸	yg	页干	0
绀	sg	纟甘	0
谵	yv	讠詹	0
谵	yy	讠言	0
鲟	yx	鱼寻	0
帻	jz	巾责	0
缵	sz	纟赞	0
鹚	nz	鸟兹	0
缒	sv	纟追	0
鹡	nj	鸟脊	0
鼍	kd	口电	0
鼍	km	口黾	0
鼍	ma	黾一	0
锶	js	金思	0
瘿	by	疒婴	0
疖	be	疒卩	0
炝	hc	火仓	0
驺	mi	马刍	0
驺	mx	马彐	0
伛	rq	亻区	0
鞯	gj	革荐	0
绂	sb	纟犮	0
绂	sy	纟又	0
缫	sg	纟果	0
缫	si	纟巢	0
铘	jx	金邪	0
饫	uy	食夭	0
辏	iz	车奏	0
彟	xh	寻蒦	0
彟	xy	寻又	0
鲥	yu	鱼时	0
笕	vj	𥫗见	0
锍	ji	钅川	0
劢	lw	力万	0
饧	uy	饣𠃓	0
轫	ir	车刃	0
鸰	nl	鸟令	0
鲩	yw	鱼完	0
谳	yx	讠献	0
鹕	nh	鸟胡	0
蘖	cm	艹木	0
蘖	mx	木薛	0
喾	dg	丶告	0
喾	gb	告冖	0
狝	qe	犭尔	0
砗	ui	石车	0
瑷	wa	王爱	0
阃	mk	门困	0
桡	my	木尧	0
鲢	yl	鱼连	0
蝾	ir	虫荣	0
缑	sh	纟侯	0
愦	xg	忄贵	0
粜	im	出米	0
粜	mi	米出	0
坜	tl	土历	0
轭	ie	车厄	0
绨	sd	纟弟	0
皲	pj	皮军	0
铍	jp	钅皮	0
锔	jj	金局	0
鲋	yf	鱼付	0
鸫	nd	鸟东	0
鹾	li	卤差	0
鲱	yf	鱼非	0
偾	rb	亻贲	0
锗	jv	金者	0
秾	hn	禾农	0
鳎	yy	鱼羽	0
舻	vl	舟卢	0
疠	bw	疒万	0
锜	jq	金奇	0
粝	ml	米厉	0
鹩	nl	鸟尞	0
鹩	nx	鸟小	0
鹪	nj	鸟焦	0
栌	ml	木卢	0
铊	jt	金它	0
锂	jl	金里	0
颟	yl	页两	0
鲎	dy	丶鱼	0
鲎	yb	鱼冖	0
谮	yo	讠日	0
谮	yq	讠朁	0
镲	ji	钅察	0
锝	jc	金寸	0
蚬	ij	虫见	0
臜	oz	月赞	0
阈	mh	门或	0
赜	iz	臣责	0
螨	il	虫两	0
鳐	yf	鱼缶	0
觯	jd	角单	0
鹣	nj	鸟兼	0
绹	st	纟匋	0
颡	ys	页桑	0
钼	jo	钅目	0
呒	kw	口无	0
锑	jd	金弟	0
诜	yx	讠先	0
芗	cx	艹乡	0
蒌	cl	艹娄	0
浈	dv	氵贞	0
颞	yn	页聂	0
觇	jv	见占	0
缣	sj	纟兼	0
谠	yd	讠党	0
鲷	yv	鱼周	0
鲞	jy	龹鱼	0
鲞	yf	鱼夫	0
蒉	cg	艹贵	0
鲊	yv	鱼乍	0
飑	fb	风包	0
骔	mz	马宗	0
鲆	yp	鱼平	0
骖	mc	马参	0
榇	mq	木亲	0
硗	uy	石尧	0
硷	ua	石一	0
硷	uq	石佥	0
馓	us	饣散	0
怃	xw	忄无	0
辊	ik	车昆	0
觌	jm	见卖	0
垴	tx	土凶	0
诎	yi	言出	0
绱	su	纟尚	0
埘	tu	土时	0
锩	jj	金卷	0
翚	yj	羽军	0
锕	ja	钅阿	0
赑	bb	贝贝	0
絷	sv	糸执	0
呙	kn	口内	0
镡	jt	钅覃	0
籴	rm	入米	0
缧	sl	纟累	0
橼	my	木缘	0
诼	yd	讠丶	0
诼	yi	讠豖	0
鹆	ng	鸟谷	0
蛴	iq	虫齐	0
缬	sj	纟颉	0
缬	sy	纟页	0
谇	yz	讠卒	0
荛	cy	艹尧	0
哕	ks	口岁	0
黾	kd	口电	0
烃	hg	火工	0
铵	ja	金安	0
铓	jm	金芒	0
镉	jg	金鬲	0
诖	yg	言圭	0
绲	sk	纟昆	0
柽	mu	木圣	0
钣	jf	钅反	0
虿	iw	虫万	0
铯	js	金色	0
匦	kg	匚轨	0
钪	jk	钅亢	0
颃	ky	亢页	0
颃	yk	页亢	0
昽	ol	日龙	0
镆	jm	金莫	0
闶	mk	门亢	0
骍	mx	马辛	0
鳔	yp	鱼票	0
圹	tg	土广	0
轵	iv	车只	0
鲀	yt	鱼屯	0
龀	ib	齿匕	0
镚	jb	钅崩	0
猃	qa	犭一	0
猃	qq	犭佥	0
溆	dx	氵叙	0
锘	jr	钅若	0
钭	jd	金斗	0
潴	dv	氵猪	0
啯	kg	口国	0
郐	eh	耳会	0
裥	yj	衤间	0
瘘	bl	疒娄	0
垱	td	土当	0
鲼	yb	鱼贲	0
龆	iv	齿召	0
鲭	yq	鱼青	0
髌	gb	骨宾	0
镙	jl	金累	0
翙	ys	羽岁	0
羟	yg	羊工	0
绁	su	纟世	0
沩	dw	氵为	0
蛏	iu	虫圣	0
悫	xk	心壳	0
锸	ji	钅臿	0
锸	jj	钅臼	0
钒	jf	金凡	0
蛱	ij	虫夹	0
铫	jv	金兆	0
踬	zv	足质	0
笾	vb	𥫗边	0
锳	jy	钅英	0
绋	sf	纟弗	0
籼	mu	米山	0
鹁	nb	鸟孛	0
鹁	nz	鸟子	0
钍	jt	钅土	0
谂	yn	言念	0
馇	ui	食查	0
饩	uq	食气	0
纩	sg	纟广	0
鳊	yb	鱼扁	0
鲳	yi	鱼昌	0
玙	wy	王与	0
屦	ul	尸娄	0
钅	jn	{钅}	0
莸	cy	艹犹	0
瘗	bt	疒土	0
鞲	gg	革冓	0
鞲	gr	革冉	0
梿	ml	木连	0
赙	bc	贝寸	0
赙	bf	贝尃	0
辌	ij	车京	0
浍	dh	氵会	0
骒	mg	马果	0
阌	mu	门受	0
觋	jw	见巫	0
氇	ml	毛鲁	0
鲦	yt	鱼条	0
颥	yx	页需	0
挢	fq	扌乔	0
鞒	gq	革乔	0
窭	bl	宀婁	0
窭	xl	穴娄	0
钋	jb	金卜	0
觍	jd	见典	0
蒇	cb	艹贝	0
唛	km	口麦	0
刭	dg	刂工	0
黪	hc	黑参	0
钕	jn	金女	0
氩	qy	气亚	0
揾	fw	扌昷	0
骀	mt	马台	0
缂	sg	纟革	0
鳇	yh	鱼皇	0
飖	ff	风缶	0
锇	jw	钅我	0
锓	jy	金又	0
蛲	iy	虫尧	0
滠	dn	氵聂	0
峣	uy	山尧	0
壸	uy	士亚	0
辋	iw	车罔	0
轹	il	车乐	0
轹	iy	车乐	0
詟	ly	龙言	0
稆	hl	禾吕	0
黉	dh	丶黄	0
黉	hb	黄冖	0
镘	jm	钅曼	0
襕	yj	衤柬	0
襕	yl	衤阑	0
酾	yl	酉丽	0
贠	bs	贝厶	0
贠	sb	厶贝	0
杩	mm	木马	0
痖	by	疒亚	0
鲡	yl	鱼丽	0
纻	sa	纟一	0
饣	ui	{饣}	0
钬	jh	钅火	0
鹨	nl	鸟翏	0
鹨	np	鸟彡	0
镟	jx	钅旋	0
谞	yx	讠胥	0
觏	jr	见冉	0
毵	mc	毛参	0
桤	mj	木己	0
桤	mq	木岂	0
枧	mj	木见	0
俫	rl	亻来	0
铦	ju	钅舌	0
辒	iw	车昷	0
黡	hy	黑厌	0
黡	ih	厂黑	0
鲣	yj	鱼坚	0
铒	je	金耳	0
铪	jh	钅合	0
钘	jk	金开	0
躜	zz	足赞	0
贶	bx	贝兄	0
锊	jc	金寸	0
锊	jl	钅寽	0
訚	my	门言	0
玱	wc	王仓	0
渖	du	氵审	0
泺	dl	氵乐	0
泺	dy	氵乐	0
鹇	nx	鸟闲	0
疬	bl	疒历	0
涠	dw	氵围	0
锼	js	钅叟	0
锼	jy	钅又	0
苈	cl	艹历	0
骕	ms	马肃	0
饹	ug	食各	0
锾	jy	钅爰	0
钌	jl	钅了	0
鹴	nu	鸟霜	0
陧	en	阝圼	0
陧	et	阝土	0
镈	jc	金寸	0
镈	jf	钅尃	0
嵝	ul	山娄	0
厍	ii	厂车	0
鸸	ne	鸟而	0
铽	jt	钅忒	0
摅	fl	扌虑	0
腘	og	月国	0
缋	sg	纟贵	0
鲚	yq	鱼齐	0
饸	uh	饣合	0
胨	od	月东	0
砜	uf	石风	0
鹓	nw	鸟宛	0
阘	my	门羽	0
钸	jb	金布	0
哜	kq	口齐	0
骎	my	马又	0
箦	vz	𥫗责	0
滗	db	氵笔	0
橥	mv	木猪	0
镧	jl	金阑	0
琎	wj	王进	0
骦	mu	马霜	0
飐	fv	风占	0
莶	ca	艹一	0
莶	cq	艹佥	0
绠	sg	纟更	0
糇	mh	米侯	0
垲	tj	土己	0
垲	tq	土岂	0
钫	jf	钅方	0
鸲	nj	鸟句	0
铋	jb	金必	0
岽	ud	山东	0
锫	jk	钅口	0
锫	jp	钅咅	0
蚃	ix	虫乡	0
蚃	xi	乡虫	0
鹯	nd	鸟亶	0
鹛	nm	鸟眉	0
鹋	nm	鸟苗	0
赆	bj	贝尽	0
棁	md	木兑	0
枨	mi	木长	0
鲃	yb	鱼巴	0
讠	yj	{讠}	0
鲻	yt	鱼田	0
鲻	yz	鱼甾	0
锿	ja	钅哀	0
锬	jy	钅炎	0
轪	id	车大	0
跞	zl	足乐	0
跞	zy	足乐	0
媭	nx	女须	0
锪	jh	金忽	0
钷	jk	钅口	0
钷	jp	钅叵	0
绗	sx	纟行	0
巯	ai	乛川	0
巯	vi	乛川	0
巯	zz	乛乛	0
厐	il	厂龙	0
鹍	nk	鸟昆	0
驵	mq	马且	0
饳	ui	食出	0
缊	sw	纟昷	0
馉	ug	饣骨	0
铞	jd	钅吊	0
钽	jd	金旦	0
眍	oq	目区	0
瘅	bd	疒单	0
鹱	ny	鸟又	0
鲒	yj	鱼吉	0
锖	jq	金青	0
蓥	cj	艹金	0
蓥	jb	金冖	0
帱	ju	巾寿	0
刬	dj	刂戋	0
荬	cm	艹买	0
箨	vz	𥫗择	0
浐	di	氵产	0
鹖	nh	鸟曷	0
钔	jm	钅门	0
谫	yj	言剪	0
垯	td	土达	0
纟	si	{纟}	0
椠	mv	木斩	0
亸	dx	单享	0
亸	xd	享单	0
鹙	nq	鸟秋	0
赪	iv	赤贞	0
赇	bq	贝求	0
聍	en	耳宁	0
泶	du	丶水	0
泶	ub	水冖	0
骙	mg	马癸	0
骙	mt	马天	0
镓	jj	金家	0
锎	jk	金开	0
舣	vy	舟义	0
玚	wy	王𠃓	0
鼌	md	黾旦	0
鼌	om	日黾	0
裈	yj	衤军	0
鳢	yd	鱼豆	0
鳢	yl	鱼豊	0
鳙	yy	鱼庸	0
馃	ug	食果	0
敚	wd	攵兑	0
唡	kl	口两	0
麹	mj	麦匊	0
镮	jh	钅睘	0
镮	jy	钅睘	0
镦	jd	钅敦	0
铑	jl	金老	0
钇	jy	金乙	0
硁	ug	石工	0
鸺	nx	鸟休	0
鸺	rn	亻鸟	0
镎	jn	钅拿	0
钐	jp	钅彡	0
贳	bu	贝世	0
鱽	yd	鱼刀	0
骣	mi	马孱	0
骣	mz	马子	0
镋	jd	钅党	0
辀	iv	车舟	0
鹢	ny	鸟益	0
鹔	ns	鸟肃	0
鹎	nb	鸟卑	0
鳓	yl	鱼勒	0
镴	jl	钅巤	0
镃	jz	金兹	0
蔹	cl	艹敛	0
蔹	cw	艹攵	0
腽	om	月皿	0
腽	ow	月昷	0
鸴	dn	丶鸟	0
鸴	nb	鸟冖	0
馎	uc	饣寸	0
馎	uf	饣尃	0
饦	uq	食七	0
饦	ut	饣乇	0
钆	jg	钅乚	0
镅	jm	金眉	0
緼	sw	糹昷	0
鸧	nc	鸟仓	0
铟	jy	钅因	0
铚	jv	钅至	0
缏	sb	纟便	0
煴	hw	火昷	0
铌	jn	钅尼	0
耢	ll	耒劳	0
硚	uq	石乔	0
挦	fx	扌寻	0
鲙	yh	鱼会	0
镩	jc	钅窜	0
蓣	cy	艹预	0
绖	sv	纟至	0
镄	jf	钅费	0
铼	jl	钅来	0
庼	gq	广顷	0
崄	ua	山一	0
崄	uq	山佥	0
唝	kg	口贡	0
鲐	yt	鱼台	0
鲌	yb	鱼白	0
飗	fl	风留	0
飔	fs	风思	0
铏	jx	钅刑	0
诐	yp	讠皮	0
缲	sz	.	0
缐	sq	纟泉	0
滪	dy	氵预	0
鳘	ym	鱼敏	0
鳀	yu	鱼是	0
铇	jb	金包	0
挜	fy	扌亚	0
锧	jv	钅质	0
酂	ez	耳赞	0
缞	su	纟衰	0
窎	bn	.	0
窎	xn	穴鸟	0
塆	tw	土弯	0
骃	my	马因	0
闬	mg	门干	0
镨	jp	金普	0
绤	sg	纟谷	0
溁	dr	氵荣	0
鹮	nh	.	0
鹮	ny	.	0
鹐	nj	鸟臼	0
鹐	nx	.	0
鲗	yz	鱼则	0
阛	mh	.	0
阛	my	.	0
镵	ji	.	0
镵	jt	钅兔	0
锽	jh	金皇	0
鲰	yq	鱼取	0
饾	ud	食豆	0
颋	yt	页廷	0
镥	jl	金鲁	0
钖	jy	金𠃓	0
醖	yw	.	0
赒	bv	贝周	0
蕰	cw	艹温	0
榅	mw	.	0
梾	ml	木来	0
鳈	yq	鱼泉	0
鳆	yf	鱼复	0
馂	uj	.	0
饤	ud	食丁	0
讻	yx	讠凶	0
藴	cy	.	0
簖	vd	竹断	0
筜	vd	𥫗当	0
嵚	uq	山钦	0
铷	jr	金如	0
赗	bm	贝冒	0
筼	vy	竹员	0
鹥	nu	鸟殳	0
鹥	ny	.	0
馌	uh	饣盍	0
馌	um	.	0
韨	wb	.	0
镤	jd	.	0
镤	jf	钅夫	0
镤	jp	.	0
铈	ju	金市	0
辁	iq	车全	0
赕	by	贝炎	0
诪	yu	讠寿	0
瞆	og	目贵	0
椫	md	木单	0
慭	xq	心犬	0
弪	gg	弓工	0
啴	kd	口单	0
鹀	nw	鸟巫	0
鳣	yd	鱼亶	0
鳉	yj	鱼将	0
驲	mo	马日	0
霡	ym	雨脉	0
铴	jt	金汤	0
铕	jy	金有	0
涢	dy	氵员	0
勚	lb	.	0
鹠	nl	鸟留	0
鳠	yh	.	0
鳠	yy	鱼又	0
鳑	yp	鱼旁	0
鲕	ye	鱼而	0
荙	cd	艹达	0
纴	sr	纟壬	0
篯	vq	竹钱	0
祃	um	示马	0
悮	xw	心吴	0
龂	ij	齿斤	0
鸼	nv	鸟舟	0
鳡	yg	鱼感	0
鳋	yi	.	0
鳋	yz	鱼蚤	0
鲺	yi	.	0
鲺	yu	鱼虱	0
鲴	yg	鱼固	0
鲯	yq	鱼其	0
鲖	yt	鱼同	0
鲉	yy	鱼由	0
铔	jy	钅亚	0
輼	iw	.	0
诇	yj	.	0
诇	yk	讠口	0
讱	yr	言刃	0
螀	ij	虫将	0
溇	dl	氵娄	0
浕	dj	氵尽	0
椝	mg	木规	0
伡	ri	亻车	0
鹝	ng	鸟鬲	0
鸤	nu	鸟尸	0
鲹	yc	鱼参	0
鬶	gg	规鬲	0
骉	mm	马马	0
颣	ys	页糸	0
颕	yu	页示	0
阓	mg	门贵	0
锠	ji	钅昌	0
铹	jl	金劳	0
铥	jd	金丢	0
钶	jk	金可	0
钑	jj	金及	0
轷	ih	车乎	0
蟏	ix	虫萧	0
蒀	cw	.	0
荮	cc	.	0
荮	cv	艹纣	0
縆	sh	糸恒	0
硙	uq	石岂	0
硙	uy	.	0
桪	mx	木寻	0
暅	oh	日恒	0
鹒	ng	鸟庚	0
鸻	nx	鸟行	0
鲪	yj	鱼君	0
鲏	yp	鱼皮	0
鱾	yj	鱼己	0
铻	jw	金吾	0
萚	cz	艹择	0
绬	sy	纟英	0
浉	du	氵师	0
捝	fd	扌兑	0
彨	pl	.	0
傤	rz	亻载	0
侭	rj	亻尽	0
𲎒	my	麦夜	0
𲎑	ml	麦连	0
𲎎	lj	鹿冀	0
𲎌	ll	鹿录	0
𲎉	mn	磨鸟	0
𲎄	qn	清鸟	0
𲍿	ny	.	0
𲍽	in	昌鸟	0
𲍸	xn	肖鸟	0
𲍯	nj	鸟戋	0
𲍭	nt	.	0
𲍭	tn	屯鸟	0
𲍤	mn	冥鳥	0
𲍤	nm	鳥冥	0
𲍝	nb	鳥丙	0
𲍛	nt	鳥屯	0
𲍛	tn	屯鳥	0
𲍙	yg	鱼敢	0
𲍓	yy	鱼严	0
𲌿	yx	魚心	0
𲌵	wy	巫魚	0
𲌵	yw	魚巫	0
𲌳	yy	魚央	0
𲌰	gm	鬼貌	0
𲌪	gg	鬼固	0
𲌙	gu	高水	0
𲌒	gd	骨亶	0
𲌏	gl	骨录	0
𲌊	mu	马善	0
𲌉	mj	马居	0
𲌅	ml	马令	0
𲌃	my	馬義	0
𲋶	my	馬永	0
𲋬	uh	食毫	0
𲋦	ul	食劳	0
𲋥	un	食农	0
𲋤	uv	饣召	0
𲋑	fl	风隶	0
𲊽	by	坌页	0
𲊼	iy	赤页	0
𲊺	vy	正页	0
𲊶	cy	倉頁	0
𲊶	yc	頁倉	0
𲊵	yy	頁晏	0
𲊲	ey	兒頁	0
𲊲	ye	頁兒	0
𲊣	wm	韋冒	0
𲉽	yh	雨狐	0
𲉶	yf	雨伏	0
𲉨	vy	隹尢	0
𲉨	yv	尢隹	0
𲉗	em	阝木	0
𲉍	et	阝台	0
𲉅	mt	门唐	0
𲉄	mq	门豈	0
𲈼	mv	门朱	0
𲈷	mu	门双	0
𲈵	mu	门水	0
𲈜	jc	金曾	0
𲈛	jt	金童	0
𲈚	jj	金景	0
𲈖	jj	钅戛	0
𲈎	jx	钅宣	0
𲈋	jh	钅胡	0
𲈇	jf	金斧	0
𲈁	jt	钅土	0
𲈀	jq	金佥	0
𲇿	jb	金兵	0
𲇽	jv	钅志	0
𲇸	jm	钅民	0
𲇷	jd	钅东	0
𲇴	jx	金心	0
𲇮	jy	钅与	0
𲇭	jc	金才	0
𲇛	jy	金恙	0
𲇙	ji	金臭	0
𲇖	jo	金目	0
𲇖	oj	目金	0
𲇕	jj	金监	0
𲆵	yr	酉辱	0
𲆳	yp	酉品	0
𲆱	yp	酉朋	0
𲆩	yg	酉公	0
𲆔	le	灵阝	0
𲅩	zb	辶拜	0
𲅗	zv	辶贞	0
𲅖	zp	辶皮	0
𲅒	zh	辶化	0
𲅌	zx	辶小	0
𲅂	im	车木	0
𲄨	uj	身建	0
𲄠	ui	身赤	0
𲄚	ui	身长	0
𲄗	iu	.	0
𲄗	ui	.	0
𲃕	xz	小足	0
𲃕	zx	足小	0
𲃇	ie	赤兒	0
𲂯	bz	貝字	0
𲂎	yb	言白	0
𲂊	yh	讠华	0
𲂂	yf	讠凡	0
𲁨	dy	多言	0
𲁨	yd	言多	0
𲁤	yy	言义	0
𲁣	yw	言亡	0
𲁓	jj	见见	0
𲁇	yy	衤又	0
𲀊	ir	虫肉	0
𲀃	ib	虫崩	0
𱿯	iw	虫歪	0
𱿫	iu	虫尚	0
𱿣	ik	虫克	0
𱿗	hy	虎虤	0
𱿎	hl	虎力	0
𱾾	cp	艹穙	0
𱾠	cy	艹逸	0
𱾝	ci	艹椎	0
𱾗	cm	艹敏	0
𱾆	cv	艹隹	0
𱾂	cy	艹袁	0
𱽮	cj	艹径	0
𱽥	cm	艹米	0
𱽝	cd	艹丢	0
𱽘	cc	艹丛	0
𱽖	cu	艹申	0
𱽕	cd	艹叨	0
𱽑	cy	艹玉	0
𱼷	vv	舟止	0
𱼨	zd	自电	0
𱼞	og	月感	0
𱼑	nd	能丶	0
𱼇	oh	月华	0
𱻻	en	耳念	0
𱻋	my	毛羊	0
𱺲	fb	缶並	0
𱺯	sc	纟蔡	0
𱺮	sh	纟豪	0
𱺣	sl	纟劳	0
𱺙	sn	纟尼	0
𱺘	sm	纟民	0
𱺑	sl	纟了	0
𱹘	my	米恙	0
𱹒	mh	米奂	0
𱹍	mm	米某	0
𱸹	mb	米包	0
𱸴	mf	米凡	0
𱸭	vh	竹滬	0
𱸨	vq	竹强	0
𱸧	vl	𥫗鲁	0
𱸥	vv	𥫗兆	0
𱸡	vh	𥫗毫	0
𱸛	vb	竹畚	0
𱸖	vy	𥫗样	0
𱸇	vl	竹劳	0
𱸃	vx	𥫗昔	0
𱷸	vz	𥫗则	0
𱷈	xb	穴卑	0
𱶻	xd	穴多	0
𱶶	xd	穴地	0
𱶵	xf	穴弗	0
𱶞	hl	禾郎	0
𱶅	hs	禾色	0
𱵿	hy	禾右	0
𱵾	hh	禾户	0
𱵬	uy	示業	0
𱵨	uv	示章	0
𱵓	ue	示儿	0
𱵄	uj	石矍	0
𱵁	uu	石審	0
𱴾	ug	石寡	0
𱴽	uh	石豪	0
𱴱	ux	石心	0
𱴪	uy	石晏	0
𱴩	ub	石罢	0
𱴨	ue	石恩	0
𱴟	ul	石娄	0
𱴞	uh	石侯	0
𱴗	ud	石店	0
𱴑	um	石木	0
𱴐	ui	石齿	0
𱴎	uf	石非	0
𱴈	uz	石皂	0
𱴇	ui	石呈	0
𱴄	ul	石来	0
𱴂	uu	石束	0
𱳮	uo	石月	0
𱳭	uj	石井	0
𱳪	ut	石太	0
𱳩	ug	石丐	0
𱳢	um	矢面	0
𱳞	uc	矢次	0
𱳜	mk	矛口	0
𱳋	oi	目楚	0
𱳀	of	目缶	0
𱲮	oe	目二	0
𱲎	mn	皿乃	0
𱲎	tm	土皿	0
𱲋	mq	皿犬	0
𱲋	qm	犬皿	0
𱲆	pf	皮非	0
𱲆	tp	土皮	0
𱲁	py	皮央	0
𱱺	bb	白卜	0
𱱚	by	疒也	0
𱰾	nb	男卑	0
𱰳	uf	山奋	0
𱰮	tl	田令	0
𱰧	tt	田屯	0
𱰥	ty	.	0
𱰥	yy	.	0
𱰛	nn	.	0
𱰛	nu	男甥	0
𱰗	ns	牛死	0
𱰐	bw	皕瓦	0
𱰐	wb	瓦皕	0
𱯨	wg	王敢	0
𱯧	wf	王富	0
𱯥	wx	王羡	0
𱯍	wg	王哥	0
𱯋	ww	王胃	0
𱯄	wb	王宝	0
𱮾	wl	王来	0
𱮺	wv	王贞	0
𱮸	wx	王兄	0
𱮷	wu	王示	0
𱮴	wg	王冈	0
𱮳	wo	王日	0
𱮒	qi	犭茶	0
𱮑	qy	犭羿	0
𱮏	qh	犭活	0
𱭨	yx	牙㬎	0
𱭟	pc	片倉	0
𱭏	pw	爿未	0
𱭀	vw	爪勿	0
𱬑	sh	酥灬	0
𱬏	hl	火联	0
𱫍	hu	火身	0
𱫋	hz	火皂	0
𱪳	hy	火由	0
𱪭	hy	火夭	0
𱪦	hq	火千	0
𱩽	de	氵噩	0
𱩔	dj	氵鉴	0
𱩉	dw	氵雾	0
𱨳	dd	刀刂	0
𱨳	ld	溜刂	0
𱨙	dz	氵笮	0
𱧴	dm	氵皿	0
𱧜	dm	氵闽	0
𱧀	df	氵府	0
𱦷	dx	氵欣	0
𱦕	hu	合水	0
𱦕	uh	水合	0
𱦔	dc	氵汆	0
𱦔	ur	水入	0
𱦋	uh	水回	0
𱦁	du	氵仕	0
𱥷	fu	分水	0
𱥷	uf	水分	0
𱥰	dy	氵丫	0
𱥣	mr	毛若	0
𱥟	md	毛丶	0
𱥜	xm	先母	0
𱥂	vv	正正	0
𱤺	cc	次次	0
𱤺	dc	冫次	0
𱤹	qr	欠弱	0
𱤹	rq	弱欠	0
𱤭	ml	木林	0
𱤝	mc	木粲	0
𱤙	my	木焱	0
𱤗	gc	格次	0
𱤏	ll	林林	0
𱤏	mm	木木	0
𱣺	mv	木中	0
𱣹	mz	木昝	0
𱣶	md	木丶	0
𱣞	my	木员	0
𱣝	my	木邑	0
𱣚	mg	木贡	0
𱣕	mq	木企	0
𱣑	mr	木肉	0
𱣆	mu	木石	0
𱢪	oj	日集	0
𱢄	ob	日兵	0
𱢂	oy	日羊	0
𱢁	os	日岁	0
𱡿	ob	日百	0
𱡾	om	日民	0
𱡼	ow	日为	0
𱡗	kv	夸支	0
𱡗	vk	支夸	0
𱡌	fo	扌日	0
𱡇	fk	扌靠	0
𱠬	fb	扌笨	0
𱠫	fp	扌品	0
𱟪	fx	扌小	0
𱟛	xg	心戈	0
𱞸	xm	忄美	0
𱞩	xl	心录	0
𱞏	xj	心加	0
𱞍	xy	心用	0
𱞌	xg	忄瓜	0
𱞊	xk	心卡	0
𱞈	xw	忄瓦	0
𱞂	wx	王心	0
𱞂	xw	心王	0
𱝴	xh	彳胡	0
𱝰	xl	彳兩	0
𱝭	xk	彳冂	0
𱝆	gm	广皿	0
𱝄	gy	广又	0
𱝃	gx	广西	0
𱜵	jh	巾惠	0
𱜳	jm	巾冕	0
𱜬	jj	巾京	0
𱜒	ju	解山	0
𱜒	uj	山解	0
𱜎	um	山猫	0
𱜍	uu	山畬	0
𱜇	ul	山领	0
𱛾	uw	山弯	0
𱛽	ud	山段	0
𱛹	uy	山耶	0
𱛶	uw	山往	0
𱛴	uy	山鱼	0
𱛰	ul	山灵	0
𱛧	uh	山好	0
𱛤	uy	山因	0
𱛡	uk	山夸	0
𱛞	ug	山巩	0
𱛝	uy	山亚	0
𱛚	uw	山务	0
𱛘	ug	山瓜	0
𱛕	ub	山布	0
𱛒	uk	山孔	0
𱛍	ul	山仑	0
𱛆	ul	山了	0
𱛂	wk	尾康	0
𱚱	uc	尸寸	0
𱚯	wm	兀貌	0
𱚦	xm	小面	0
𱚝	cf	寸分	0
𱚝	fc	分寸	0
𱙷	zb	子贝	0
𱙰	nh	女豪	0
𱙮	nc	女菜	0
𱙭	ny	女雁	0
𱙧	nx	女虚	0
𱙦	nn	女能	0
𱙥	nl	女恋	0
𱙣	nf	女峯	0
𱙠	nc	女寸	0
𱙟	ny	女养	0
𱙛	nx	女享	0
𱙓	ny	女宇	0
𱙒	nz	女子	0
𱙑	nq	女齐	0
𱙏	nn	女囡	0
𱙆	nf	女飞	0
𱙄	ny	女与	0
𱙂	ne	女儿	0
𱘶	tp	天怕	0
𱘲	dn	大男	0
𱘰	dj	大尖	0
𱘮	df	大方	0
𱘚	dt	斷土	0
𱘚	td	土斷	0
𱘉	tl	土廉	0
𱘄	jt	敬土	0
𱘄	tj	土敬	0
𱗶	tt	土替	0
𱗯	tx	土斜	0
𱗣	tw	土翁	0
𱗣	wt	翁土	0
𱗟	tl	土令	0
𱗞	tg	土骨	0
𱗜	ti	土唇	0
𱗚	ty	土勇	0
𱗙	tj	土叚	0
𱗕	qt	秋土	0
𱗕	tq	土秋	0
𱗔	tj	土急	0
𱗌	tl	土剌	0
𱖾	tf	土非	0
𱖽	tv	土忠	0
𱖼	tb	土败	0
𱖺	tg	土国	0
𱖷	tc	土层	0
𱖶	tt	土土	0
𱖶	tu	土水	0
𱖴	tq	土且	0
𱖳	tg	土工	0
𱖱	tx	土希	0
𱖰	tt	土妥	0
𱖮	tk	土困	0
𱖬	tl	土来	0
𱖫	tw	土巫	0
𱖨	ty	土衣	0
𱖧	ti	土冲	0
𱖥	ts	土色	0
𱖢	tl	土劣	0
𱖠	lt	老土	0
𱖠	tl	土老	0
𱖞	tz	土在	0
𱖙	tu	土山	0
𱖘	ti	土处	0
𱖖	tt	土凸	0
𱖕	tv	土只	0
𱖒	tj	土戋	0
𱖒	tq	.	0
𱖑	tj	土巨	0
𱖐	tw	土文	0
𱖐	wt	文土	0
𱖏	tc	土仓	0
𱖎	ty	土夭	0
𱖋	ht	化土	0
𱖋	th	土化	0
𱖇	tg	土干	0
𱖅	by	不圆	0
𱕰	ky	口羊	0
𱕞	ki	口处	0
𱕞	uj	声咎	0
𱔯	kc	口孱	0
𱔤	kc	口窜	0
𱔠	kx	口象	0
𱔚	kj	口菊	0
𱔈	kc	口廾	0
𱓩	kg	口癸	0
𱓒	kg	口庚	0
𱒿	ku	口氏	0
𱒳	kk	口狂	0
𱒞	ku	口杀	0
𱒖	kp	口朴	0
𱒓	kt	口汀	0
𱒐	kw	口戊	0
𱑟	ii	厂查	0
𱑞	id	厂带	0
𱑝	ix	厂西	0
𱑅	by	匕余	0
𱐛	td	妥刂	0
𱐏	kb	凵丷	0
𱐏	rb	人丷	0
𱐈	dc	冫蚕	0
𱐆	dg	冫告	0
𱐄	dy	冫员	0
𱏿	dk	冫口	0
𱏻	ky	冂又	0
𱏱	rm	入门	0
𱏭	dg	旦光	0
𱏭	ey	.	0
𱏤	bg	不光	0
𱏢	rx	亻心	0
𱏠	ri	亻臣	0
𱏋	ra	亻庵	0
𱏋	rd	人电	0
𱏊	ru	亻生	0
𱎽	rq	亻泉	0
𱎼	rg	亻革	0
𱎺	rm	亻孟	0
𱎫	ry	亻亚	0
𱎆	yj	乙角	0
𱎅	yg	乙各	0
𱎄	yd	乙当	0
𱎂	jl	九六	0
𱍫	aa	.	0
𱍛	bh	不合	0
𱍐	ee	二儿	0
𱍐	ei	二川	0
𱍃	dg	大龟	0
𱍃	gd	龟大	0
𱍂	ll	龙龙	0
𱌮	ij	齿句	0
𱌤	if	齒逢	0
𱌑	bb	鼻卜	0
𱊳	nl	.	0
𱊬	nu	.	0
𱊌	nj	.	0
𱊊	nk	.	0
𱉻	nt	.	0
𱈌	yx	鱼羞	0
𱈃	yw	鱼胃	0
𱇻	yj	鱼臼	0
𱇱	ry	.	0
𱇫	yr	.	0
𱇣	yf	鱼发	0
𱇒	yb	鱼比	0
𱇑	yf	.	0
𱇑	yj	.	0
𱇋	yw	魚彎	0
𱇁	yl	魚量	0
𱆺	yg	魚羔	0
𱆴	yl	魚林	0
𱆪	xy	夕魚	0
𱅹	gu	高申	0
𱅵	gj	高几	0
𱅰	gy	骨奄	0
𱅋	me	马耳	0
𱄹	mv	馬卓	0
𱄷	mg	馬恭	0
𱄵	ms	馬肆	0
𱄲	me	馬惡	0
𱄩	ms	馬素	0
𱃺	uu	食舌	0
𱃱	uq	食乞	0
𱃪	uq	食其	0
𱃢	uk	飠亏	0
𱃡	uy	飠于	0
𱃓	fi	風蟲	0
𱂱	ye	.	0
𱂱	yx	.	0
𱂩	yf	.	0
𱂨	ye	.	0
𱂚	gy	鬲頁	0
𱂚	yg	頁鬲	0
𱀷	ed	阝達	0
𱀥	es	阝叟	0
𱀢	ey	阝郁	0
𱀝	ff	阜阜	0
𱀛	eu	阝舍	0
𱀐	es	阝巳	0
𱀆	eg	阝古	0
𰿣	mf	門封	0
𰿖	bi	不长	0
𰾫	jj	钅监	0
𰽽	jy	钅羊	0
𰽼	jb	钅并	0
𰽴	jk	钅夸	0
𰽟	jj	钅井	0
𰽚	jg	钅广	0
𰽗	jy	钅于	0
𰽌	jj	金就	0
𰼹	jt	金图	0
𰻶	ue	山阝	0
𰻯	je	京阝	0
𰻭	je	季阝	0
𰻬	we	完阝	0
𰻫	de	甸阝	0
𰻢	ge	丐阝	0
𰻠	se	巳阝	0
𰻞	zx	辶心	0
𰻝	zx	辶心	0
𰺳	zg	辶弓	0
𰹲	ik	车口	0
𰹐	ij	車加	0
𰹈	iy	車乙	0
𰹁	uw	身歪	0
𰷥	bz	.	0
𰵼	yj	言桀	0
𰵴	yu	讠叔	0
𰵩	yf	言甫	0
𰵧	yv	讠志	0
𰵦	yj	讠交	0
𰵤	yg	言各	0
𰵞	ys	.	0
𰵝	yh	讠禾	0
𰴿	yr	言人	0
𰴽	yj	言卷	0
𰴡	jc	角廾	0
𰴏	jj	見句	0
𰴉	yx	衤心	0
𰳓	iv	虫祝	0
𰲷	ip	虫疋	0
𰱱	cz	艹资	0
𰱗	ci	艹初	0
𰰩	cd	艹斗	0
𰰂	vu	乍舍	0
𰭴	ey	耳尤	0
𰬪	sc	纟参	0
𰬨	sm	纟孟	0
𰫸	sx	糸憲	0
𰫵	su	糸奭	0
𰫳	si	糸超	0
𰫧	ss	糸宋	0
𰫛	sg	糸勾	0
𰫙	sz	糸子	0
𰫏	mu	米生	0
𰫆	mm	米馬	0
𰪿	ml	米劳	0
𰪭	mi	米长	0
𰩬	vd	𥫗大	0
𰩑	xj	穴具	0
𰩀	hx	禾憲	0
𰨾	hu	禾奭	0
𰨖	ut	示题	0
𰨂	ub	示八	0
𰨂	uy	示余	0
𰧚	uq	石圈	0
𰧖	uu	石殺	0
𰧒	uy	石羽	0
𰧐	uj	石亟	0
𰦹	uj	石臼	0
𰦯	uk	石卡	0
𰦩	uh	石户	0
𰦌	ov	目真	0
𰦌	vv	真真	0
𰦀	oj	目眷	0
𰥫	oq	目取	0
𰤻	im	串皿	0
𰤻	mi	皿串	0
𰤱	pg	皮骨	0
𰤥	gp	各皮	0
𰤥	pg	皮各	0
𰤙	bv	白折	0
𰤙	vb	折白	0
𰣼	bj	疒积	0
𰣻	bg	疒哥	0
𰣤	bd	疒丹	0
𰣘	mt	米田	0
𰣘	tm	田米	0
𰣊	ny	男友	0
𰢻	yw	由勿	0
𰢳	yf	用凡	0
𰢯	uj	生柬	0
𰢚	wn	王聶	0
𰢑	wl	王鲁	0
𰢋	wq	王區	0
𰡘	qt	犭贪	0
𰡓	qy	犭亞	0
𰟷	bh	并火	0
𰟷	hm	火馬	0
𰟰	hu	火奭	0
𰟫	hg	火閣	0
𰟘	hy	火阎	0
𰟆	gh	弓灬	0
𰞱	hh	火虎	0
𰞇	hf	.	0
𰞇	hy	.	0
𰝔	dq	氵搶	0
𰜰	dy	氵聿	0
𰜰	uy	水聿	0
𰜬	dd	氵島	0
𰛴	dz	氵皂	0
𰛢	dz	氵在	0
𰛑	dy	.	0
𰛎	df	氵夫	0
𰛂	qm	气免	0
𰚂	dl	歹賴	0
𰙫	vx	止幸	0
𰙥	cf	此反	0
𰙛	vd	正丁	0
𰘯	ml	木絡	0
𰗼	mx	木星	0
𰗛	me	木二	0
𰗁	qv	曲直	0
𰖻	ol	日闌	0
𰖱	os	日遂	0
𰖰	uq	是取	0
𰖜	oz	日栽	0
𰖎	oi	日長	0
𰖆	io	丞日	0
𰖆	oi	日丞	0
𰕶	ou	日殳	0
𰕞	jb	斤卞	0
𰔺	fd	扌篤	0
𰔳	fd	扌奪	0
𰔪	fi	扌楚	0
𰔦	fu	扌舜	0
𰔛	fl	扌料	0
𰔈	fz	扌哉	0
𰒦	gd	戈冬	0
𰒎	xj	忄集	0
𰑾	xl	忄荔	0
𰑳	xn	心南	0
𰑤	xh	心宏	0
𰑘	xy	心羊	0
𰑗	bu	必史	0
𰑇	by	必于	0
𰐟	gm	弓莫	0
𰐝	ff	弗甫	0
𰐒	go	戈日	0
𰐒	yo	弋日	0
𰐑	gx	戈習	0
𰐑	yx	弋習	0
𰐐	gy	戈言	0
𰐐	yy	弋言	0
𰐏	gj	戈角	0
𰐏	yj	弋角	0
𰐎	gh	戈旱	0
𰐎	yh	弋旱	0
𰏦	pp	平平	0
𰏞	jv	巾執	0
𰏞	vj	執巾	0
𰎼	uo	山歐	0
𰎹	ux	山献	0
𰎬	bu	拜山	0
𰎬	ub	山拜	0
𰎊	qu	切山	0
𰎊	uq	山切	0
𰍻	ut	尸土	0
𰌌	jn	吉女	0
𰌌	ny	.	0
𰌂	nv	女贞	0
𰌀	cn	艹女	0
𰋶	nl	女力	0
𰋣	uu	失失	0
𰊱	tj	土就	0
𰊮	tu	土畬	0
𰊜	tz	土責	0
𰊊	tz	土兹	0
𰊄	tu	土省	0
𰉾	ty	土夜	0
𰉺	tm	土米	0
𰉲	tm	土免	0
𰉯	it	成土	0
𰉯	ti	土成	0
𰉭	tx	土旬	0
𰉡	td	土冬	0
𰉞	ty	土引	0
𰉗	ay	.	0
𰉖	tk	土匚	0
𰉄	kz	口赞	0
𰉀	kj	口價	0
𰈼	kl	口領	0
𰈸	kj	口聚	0
𰈣	kx	口脩	0
𰈢	kd	口笪	0
𰈡	kb	口敝	0
𰈝	kb	口貝	0
𰈒	kn	口恧	0
𰈐	kx	口囟	0
𰈂	kv	口致	0
𰇾	st	司同	0
𰇐	kt	口田	0
𰇏	ko	口目	0
𰇇	ke	口二	0
𰆼	ey	卩又	0
𰆲	cy	屮又	0
𰆧	ij	厂句	0
𰆦	id	厂刀	0
𰆟	io	厂月	0
𰆜	iu	厂叔	0
𰆋	ee	卩卩	0
𰆃	by	卜因	0
𰅵	bu	匕十	0
𰅵	ux	十凶	0
𰅬	pp	叵皮	0
𰅤	kh	匚禾	0
𰅕	cl	曹力	0
𰅕	lc	力曹	0
𰄰	td	廷刂	0
𰄚	dd	刁刂	0
𰃷	dc	冫仓	0
𰃵	du	冫十	0
𰃭	kr	冂人	0
𰃫	hk	害冂	0
𰃫	kh	冂害	0
𰃠	gn	公内	0
𰃘	rj	入尖	0
𰃗	ro	入月	0
𰂾	rb	人皕	0
𰂾	ru	亻奭	0
𰂷	rb	人貝	0
𰂷	rz	亻資	0
𰂴	ry	亻爺	0
𰂠	rv	亻紂	0
𰂟	rj	亻亟	0
𰂖	fx	佛下	0
𰂎	ro	亻月	0
𰂎	rx	.	0
𰂌	rq	亻启	0
𰂋	rj	亻间	0
𰂇	rb	亻貝	0
𰂅	hu	合山	0
𰂀	rh	亻后	0
𰁺	rg	人冈	0
𰁸	rd	亻当	0
𰁨	rp	亻片	0
𰁦	rw	亻攵	0
𰁤	ry	人元	0
𰁤	yr	元人	0
𰁝	wp	亡朋	0
𰁙	yr	.	0
𰁃	by	兵乙	0
𰁃	yb	乙兵	0
𰀻	vg	召乚	0
𰀷	ug	山乚	0
𰀩	vv	主主	0
𰀧	jv	丩周	0
𰀧	kk	冂口	0
𰀝	qq	且且	0
𰀝	yq	.	0
𰀗	uu	上上	0
𰀗	yb	.	0
𰀖	yg	.	0
𰀓	yj	.	0
𰀐	ys	.	0
𰀎	uu	上上	0
𰀎	yu	.	0
𰀋	qa	七丨	0
𰀋	ya	.	0
𰀉	uk	十口	0
𰀆	yy	.	0
𰀃	yk	.	0
𮹝	ll	龙龙	0
𮯙	ik	齿可	0
𮭨	ny	.	0
𮭦	nc	.	0
𮬡	yg	鱼骨	0
𮬝	ys	鱼岁	0
𮬒	yz	魚紫	0
𮫫	gu	鬼屬	0
𮫨	gh	鬼會	0
𮪥	md	马敦	0
𮪒	my	馬英	0
𮩲	mb	馬匕	0
𮩮	xd	香逮	0
𮩞	uy	饣壹	0
𮩝	uh	食曷	0
𮨻	ut	飠它	0
𮨲	fg	風鼓	0
𮧽	yy	音又	0
𮧵	wh	韦华	0
𮧴	wi	韦长	0
𮧢	gd	革怠	0
𮥰	eq	阝親	0
𮥭	eb	阝鼻	0
𮥣	eu	阝善	0
𮥟	el	阝梨	0
𮥝	em	阝曼	0
𮥒	ej	阝軍	0
𮥍	ek	阝昆	0
𮤹	eq	阝七	0
𮤲	mb	门必	0
𮤫	md	门丁	0
𮤋	my	門央	0
𮣴	jy	钅延	0
𮣳	jh	.	0
𮣲	jg	钅工	0
𮣪	jj	金冀	0
𮢦	jx	金胥	0
𮢛	jy	金勇	0
𮢏	jg	金刮	0
𮢁	jj	金忌	0
𮡶	jy	金伊	0
𮡬	jb	金卞	0
𮠊	ke	冂阝	0
𮟽	de	東阝	0
𮟮	le	六阝	0
𮟪	ye	弋阝	0
𮟙	zj	辶截	0
𮟘	zy	辶聿	0
𮞷	zk	辶口	0
𮞶	zl	辶栗	0
𮞞	zu	辶手	0
𮞙	zr	.	0
𮞘	zy	.	0
𮞑	zg	辶各	0
𮞎	zn	辶奴	0
𮞊	zl	辶令	0
𮞄	zk	辶口	0
𮝹	ih	.	0
𮝵	ie	车而	0
𮝴	ig	车瓜	0
𮜳	uk	身匡	0
𮜨	zu	足示	0
𮜞	zb	足賓	0
𮜙	zy	足業	0
𮜑	zy	足庸	0
𮜆	zj	足疾	0
𮛻	zp	足匍	0
𮛲	zx	足星	0
𮛢	zn	足奈	0
𮚸	zg	走共	0
𮚴	zf	走夫	0
𮙋	dy	读言	0
𮙊	yy	讠隐	0
𮗾	yb	言卞	0
𮗎	gj	古見	0
𮗎	jg	見古	0
𮖸	yc	衤寸	0
𮖱	yj	衤颉	0
𮖱	yy	.	0
𮖖	fy	扌衣	0
𮖖	yu	衣守	0
𮖇	ly	利衣	0
𮖇	yl	衣利	0
𮔼	ij	虫極	0
𮔼	ji	極虫	0
𮔻	iy	虫雲	0
𮔊	il	虫两	0
𮔅	if	虫负	0
𮔂	ij	虫节	0
𮓼	id	虫丶	0
𮓤	hn	虎牛	0
𮓠	aa	一一	0
𮒵	cy	艹衣	0
𮒯	cr	艹儒	0
𮒌	cu	艹滲	0
𮑣	cp	艹皮	0
𮑀	cb	艹博	0
𮐨	cy	艹婴	0
𮍑	iv	臣知	0
𮍃	ov	月甄	0
𮌹	ol	月梁	0
𮌲	oj	月堅	0
𮌠	oy	月於	0
𮋦	lo	耒目	0
𮊖	wh	网火	0
𮉯	sj	纟祭	0
𮉬	sz	纟卒	0
𮉫	sw	纟委	0
𮉪	sq	纟取	0
𮉨	sw	.	0
𮉧	sl	纟两	0
𮉡	sl	纟卢	0
𮉝	sb	糸邊	0
𮉄	sj	糸絜	0
𮈼	si	糸常	0
𮈜	sm	糸米	0
𮈇	sz	糸左	0
𮇱	md	米帝	0
𮇕	mj	米吉	0
𮆝	vu	竹十	0
𮆏	vl	𥫗阑	0
𮅙	ve	竹兒	0
𮅁	vb	𥫗不	0
𮄿	ll	.	0
𮄽	ln	立寧	0
𮄽	nl	寧立	0
𮄄	xq	穴青	0
𮃾	xy	穴延	0
𮃸	xq	穴七	0
𮃭	hv	禾喆	0
𮃪	ht	禾田	0
𮃣	hy	禾魚	0
𮃔	hv	禾者	0
𮃌	hm	禾米	0
𮃇	hq	禾青	0
𮃅	hi	禾虫	0
𮂱	hy	禾尤	0
𮁾	uy	示甬	0
𮁽	uy	示矣	0
𮁻	ux	示希	0
𮁷	uh	示亥	0
𮁍	uv	石準	0
𮁀	uh	石毫	0
𮀼	us	石速	0
𮀠	ub	石兵	0
𮀔	uu	石示	0
𮀏	up	石叵	0
𭿭	oh	目豪	0
𭾢	ow	目攵	0
𭼴	bl	疒漏	0
𭼳	bw	疒舞	0
𭼫	bj	疒集	0
𭼨	bc	疒殘	0
𭼓	bq	疒青	0
𭻘	td	田弟	0
𭻏	st	死田	0
𭻏	ts	田死	0
𭺾	ta	.	0
𭺷	uq	生僉	0
𭺱	uu	生山	0
𭺕	wj	王見	0
𭹰	wi	王處	0
𭹤	wg	王革	0
𭹂	wt	王它	0
𭸷	wv	王支	0
𭸒	qm	犭皿	0
𭸑	qr	犭忍	0
𭷸	qd	犭丁	0
𭷬	mj	牟吉	0
𭷚	nq	牛且	0
𭶫	vj	爪甲	0
𭶥	hh	火火	0
𭶥	wh	亠火	0
𭶙	hd	火當	0
𭴞	hr	火任	0
𭴛	hv	火旨	0
𭴎	hm	火毛	0
𭴆	hw	火亡	0
𭴆	wh	亡火	0
𭲿	dm	氵夢	0
𭲎	dj	氵將	0
𭱜	dt	氵土	0
𭱑	do	氵月	0
𭱊	dx	氵项	0
𭰰	dl	氵令	0
𭯅	uh	声會	0
𭮽	tu	土殳	0
𭮽	xu	夕殳	0
𭮃	dd	歹斗	0
𭬎	my	木雍	0
𭫁	mv	木昭	0
𭫁	vm	昭木	0
𭩽	mm	木米	0
𭩸	km	口木	0
𭩸	mk	木口	0
𭩫	mt	木仝	0
𭩒	ov	月震	0
𭩈	ox	月象	0
𭨷	ok	月口	0
𭨪	ov	月止	0
𭨓	ox	日獻	0
𭨑	oy	日龠	0
𭧿	oj	日監	0
𭧱	op	日普	0
𭧇	ov	日致	0
𭦣	oj	日卷	0
𭥻	om	日米	0
𭤶	fe	方耳	0
𭤨	fr	方𠂉	0
𭤡	gj	工斤	0
𭤡	jj	斤几	0
𭣇	fd	扌颠	0
𭢟	fd	扌多	0
𭢞	fp	扌普	0
𭢔	fk	扌可	0
𭢍	fl	扌梨	0
𭡥	ff	扌方	0
𭡒	fv	扌咒	0
𭡌	fy	.	0
𭠹	fj	扌巾	0
𭠬	fm	扌名	0
𭞼	xj	心賈	0
𭞡	xu	忄商	0
𭞓	tx	推心	0
𭞓	xt	心推	0
𭝙	bx	波心	0
𭝙	xb	心波	0
𭜸	xx	心孝	0
𭜰	bx	宀心	0
𭜰	xw	心夂	0
𭜑	cx	艹心	0
𭜑	xy	.	0
𭛽	xy	彳益	0
𭚶	gy	.	0
𭚧	gu	弓殳	0
𭚦	gg	弓广	0
𭙴	gd	广單	0
𭘆	yz	.	0
𭗵	un	山聶	0
𭗬	uy	山燕	0
𭖜	ur	山人	0
𭖜	uu	水山	0
𭖙	ug	山光	0
𭖑	ub	山必	0
𭖏	ut	山土	0
𭖊	bu	冖山	0
𭖊	ue	山儿	0
𭖄	ux	山下	0
𭖂	uy	山于	0
𭕗	ny	尼也	0
𭔤	ny	寧孕	0
𭔞	ny	寧也	0
𭓶	bv	宀卓	0
𭒹	zl	子力	0
𭒉	nq	女泉	0
𭑼	nd	女呆	0
𭑰	no	女目	0
𭑪	nd	女刀	0
𭐋	ht	害土	0
𭐋	tg	土谷	0
𭏦	tg	土盖	0
𭏥	tj	土祭	0
𭏤	tz	土造	0
𭏋	tr	土柔	0
𭎊	bt	白土	0
𭎊	tb	土白	0
𭎂	tc	土从	0
𭍑	kt	口體	0
𭍇	kb	口驃	0
𭌾	kl	口藺	0
𭌩	ky	口音	0
𭌢	kb	口卑	0
𭌇	ki	口舛	0
𭌆	kl	口履	0
𭌂	ki	口諂	0
𭋳	kl	口輪	0
𭋓	kw	口夂	0
𭋉	dd	單丹	0
𭊾	kd	口絰	0
𭊛	kl	口鹿	0
𭊕	kt	口脱	0
𭉷	kz	口祖	0
𭉮	ku	口扇	0
𭉞	kh	口郝	0
𭉊	kz	口咨	0
𭈻	kx	口星	0
𭈢	kq	口祁	0
𭈠	kf	口泛	0
𭈛	kj	口季	0
𭈑	kk	口可	0
𭈌	kw	口卧	0
𭈂	kd	口但	0
𭈀	ks	口私	0
𭇻	ky	口芋	0
𭇶	kl	口李	0
𭇎	kk	口可	0
𭅫	ak	一口	0
𭅇	gv	勹占	0
𭃺	kd	客刂	0
𭃄	du	刀十	0
𭃄	ud	十刀	0
𭃂	de	刀二	0
𭂹	ju	几山	0
𭂵	ju	几山	0
𭂘	dx	冫胥	0
𭁣	aa	.	0
𭀰	mm	免免	0
𭀔	ru	亻屬	0
𭀆	rt	亻頭	0
𭀅	rl	亻樂	0
𭀅	ru	人十	0
𬿹	re	亻兒	0
𬿞	ru	亻商	0
𬿊	ry	亻也	0
𬿆	rb	亻般	0
𬾧	rv	亻叕	0
𬾥	ry	亻也	0
𬾢	rb	亻波	0
𬾡	ry	人也	0
𬾌	rb	亻比	0
𬾉	rb	人卜	0
𬾉	rz	亻走	0
𬾁	ri	亻充	0
𬽹	ry	亻又	0
𬽲	ry	亻也	0
𬽯	rp	亻叵	0
𬽬	rh	亻户	0
𬽪	ro	亻日	0
𬽦	rw	亻丸	0
𬽞	tj	亭近	0
𬼹	lh	了灬	0
𬼷	dl	丶了	0
𬼷	ld	了丶	0
𬼰	dy	底也	0
𬼮	by	畀也	0
𬼩	by	并也	0
𬼨	my	名也	0
𬻱	ky	.	0
𬻱	yj	.	0
𬻅	dl	丁六	0
𬻁	tx	土下	0
𬻁	xt	下土	0
𬺼	dy	丁也	0
𬺟	yj	龠见	0
𬺜	lm	龙木	0
𬺔	ij	齿禁	0
𬺓	ii	齿楚	0
𬺑	ix	齿屑	0
𬺏	ic	齿寸	0
𬺎	ii	差齿	0
𬺍	ix	齿咸	0
𬺋	iz	齿卒	0
𬺉	iz	齿责	0
𬺈	iq	齿奇	0
𬺇	zi	佐齿	0
𬺅	ii	齿产	0
𬺄	iu	齿舌	0
𬺃	iq	齿岂	0
𬺁	iv	齿至	0
𬺀	ni	奴齿	0
𬹿	is	齿司	0
𬹼	ij	齿介	0
𬹼	qj	.	0
𬹻	in	齿内	0
𬹱	wa	亠丨	0
𬹣	vm	朱黾	0
𬹘	hm	黑马	0
𬹗	hl	黑来	0
𬹔	au	丨黍	0
𬹔	uy	黍又	0
𬹐	hf	黄凡	0
𬹎	mu	麦善	0
𬹍	mm	麦莫	0
𬹌	mn	麦念	0
𬹋	mk	麦昆	0
𬹈	mx	麦肖	0
𬹇	mb	麦孛	0
𬹆	mg	麦共	0
𬹅	mc	麦才	0
𬹄	mj	麥菊	0
𬹂	mg	麥共	0
𬹁	ly	鹿庸	0
𬸻	lj	鹿斤	0
𬸸	lb	卤扁	0
𬸷	lz	卤奏	0
𬸶	li	卤昌	0
𬸵	lv	卤占	0
𬸲	bb	卜比	0
𬸮	kn	葵鸟	0
𬸪	fn	番鸟	0
𬸪	nf	.	0
𬸨	qn	欺鸟	0
𬸦	nz	.	0
𬸦	zn	族鸟	0
𬸣	bn	宀鸟	0
𬸣	nb	.	0
𬸢	gn	皋鸟	0
𬸡	jn	监鸟	0
𬸞	ln	娄鸟	0
𬸝	yn	音鸟	0
𬸚	ny	.	0
𬸚	yn	狱鸟	0
𬸙	mn	眇鸟	0
𬸘	kn	匚鸟	0
𬸘	ny	.	0
𬸔	sn	松鸟	0
𬸏	ln	良鸟	0
𬸍	un	寿鸟	0
𬸌	un	杀鸟	0
𬸅	ni	.	0
𬷻	ng	鸟乚	0
𬷹	jn	蕉鳥	0
𬷹	nj	鳥蕉	0
𬷮	nw	鳥丸	0
𬷮	tn	土鳥	0
𬷭	en	娥鳥	0
𬷭	ne	鳥娥	0
𬷣	nf	鳥風	0
𬷟	nj	鳥戔	0
𬷞	ln	林鳥	0
𬷞	nl	鳥林	0
𬷜	nw	鳥武	0
𬷛	ny	鳥业	0
𬷛	wn	亠鳥	0
𬷚	hn	宏鳥	0
𬷚	nh	鳥宏	0
𬷖	mn	免鳥	0
𬷖	nm	鳥免	0
𬷕	fn	甫鸟	0
𬷕	nf	.	0
𬷏	nq	鳥企	0
𬷏	qn	企鳥	0
𬷈	dn	代鳥	0
𬷈	nd	鳥代	0
𬷅	ny	鳥央	0
𬷃	np	鳥片	0
𬷃	pn	片鳥	0
𬷂	in	乂鳥	0
𬷂	nu	鳥十	0
𬶼	ln	了鳥	0
𬶼	nl	鳥了	0
𬶷	gq	鳏欠	0
𬶮	yx	鱼喜	0
𬶭	yj	鱼祭	0
𬶩	yy	鱼晏	0
𬶨	jy	既鱼	0
𬶨	yj	.	0
𬶦	yz	鱼子	0
𬶢	yx	鱼星	0
𬶠	yj	鱼柬	0
𬶟	yl	鱼剌	0
𬶞	yh	鱼胡	0
𬶖	yy	鱼奄	0
𬶔	yg	鱼告	0
𬶓	yt	鱼廷	0
𬶒	yc	鱼岑	0
𬶐	yv	鱼兆	0
𬶏	yw	鱼危	0
𬶍	yt	鱼它	0
𬶌	yd	鱼代	0
𬶋	yj	鱼句	0
𬶉	yw	鱼午	0
𬶃	yd	鱼大	0
𬶀	yd	鱼刂	0
𬵸	yk	魚亏	0
𬵮	yd	魚達	0
𬵨	ym	魚密	0
𬵥	yk	魚昆	0
𬵛	yg	魚庚	0
𬵙	gy	鬼魚	0
𬵙	yg	魚鬼	0
𬵓	yi	魚串	0
𬵃	yd	魚大	0
𬵀	gi	鬼車	0
𬴮	im	髟眉	0
𬴪	is	髟宋	0
𬴩	in	髟农	0
𬴨	iy	髟尧	0
𬴛	yi	.	0
𬴙	gu	高昇	0
𬴙	ug	昇高	0
𬴒	gg	骨谷	0
𬴊	mi	马舛	0
𬴊	ml	.	0
𬴃	mh	马砉	0
𬴃	mu	.	0
𬴂	mf	马非	0
𬳿	my	马余	0
𬳽	mx	马先	0
𬳸	dm	丶马	0
𬳶	mj	.	0
𬳶	mk	马口	0
𬳵	mp	马丕	0
𬳲	mi	馬羼	0
𬳱	mg	馬貴	0
𬳯	mc	馬参	0
𬳧	xx	香鄉	0
𬳥	xn	香鳥	0
𬳣	xp	香旁	0
𬳢	ux	射香	0
𬳢	xu	香射	0
𬳡	xd	香电	0
𬳟	xb	香贲	0
𬳞	xw	香宛	0
𬳔	um	饣麽	0
𬳒	ud	食登	0
𬳑	uj	食景	0
𬳐	ui	食崇	0
𬳌	ui	食臭	0
𬳋	ux	食息	0
𬳉	uy	食羽	0
𬳇	ux	饣宣	0
𬳅	uo	饣月	0
𬳄	un	饣南	0
𬳃	ut	饣田	0
𬲿	uy	饣岩	0
𬲽	uq	食其	0
𬲼	uy	食奄	0
𬲸	ug	饣过	0
𬲷	ug	食艮	0
𬲶	uq	饣齐	0
𬲴	uk	饣口	0
𬲳	ue	食二	0
𬲲	un	饣宁	0
𬲱	ut	食它	0
𬲰	uy	饣𠃓	0
𬲯	uj	食句	0
𬲮	ud	食氐	0
𬲭	uq	食且	0
𬲬	uv	饣只	0
𬲫	uv	食占	0
𬲪	uc	饣从	0
𬲩	ue	食厄	0
𬲨	uy	饣于	0
𬲧	uk	饣亏	0
𬲜	ui	食牚	0
𬲛	us	食斯	0
𬲚	uj	飠戛	0
𬲘	uy	飠要	0
𬲗	uu	食耍	0
𬲕	uv	食斩	0
𬲕	vu	斩食	0
𬲍	uf	飠分	0
𬲅	fx	风小	0
𬲀	fh	风忽	0
𬱿	fh	风或	0
𬱽	fp	风疋	0
𬱷	fg	风夬	0
𬱲	zy	自页	0
𬱱	uy	善页	0
𬱯	uy	首页	0
𬱬	cy	参页	0
𬱧	ym	页木	0
𬱥	yy	甬页	0
𬱤	uy	氏页	0
𬱣	cy	岑页	0
𬱡	dy	朵页	0
𬱠	uy	舌页	0
𬱟	wy	危页	0
𬱟	yw	.	0
𬱞	ky	口页	0
𬱝	oy	日页	0
𬱜	ly	耒页	0
𬱛	yy	页页	0
𬱚	by	必页	0
𬱘	iy	斥页	0
𬱖	yy	由页	0
𬱔	yy	尤页	0
𬱇	by	坌頁	0
𬱇	yb	頁坌	0
𬱄	qy	頃永	0
𬱂	by	必頁	0
𬱂	yb	頁必	0
𬱁	yy	頁永	0
𬱀	yy	頁于	0
𬰼	yo	音日	0
𬰺	yy	音业	0
𬰶	wh	韦惠	0
𬰮	wm	韋皿	0
𬰩	gj	革菊	0
𬰣	jm	渐面	0
𬰣	mj	面渐	0
𬰞	fw	非務	0
𬰜	fw	非吾	0
𬰜	wf	吾非	0
𬰛	fv	非召	0
𬰛	vf	召非	0
𬰙	fy	.	0
𬰕	ym	雨馬	0
𬰔	yx	雨心	0
𬰏	yy	雨裔	0
𬰎	yv	雲重	0
𬰍	yx	雨相	0
𬰋	yl	雨琳	0
𬰃	ym	雨沫	0
𬰂	yf	雨法	0
𬰁	ye	雨二	0
𬰀	yp	雨泡	0
𬯿	ym	雨明	0
𬯾	yv	雨枝	0
𬯼	yl	雨利	0
𬯻	yu	雨市	0
𬯺	yy	雨予	0
𬯵	bv	貝隹	0
𬯵	vb	隹貝	0
𬯱	hg	隺告	0
𬯮	vb	隹巴	0
𬯬	gv	光隹	0
𬯬	vg	隹光	0
𬯣	ac	阿曾	0
𬯡	ec	阝蔡	0
𬯠	ei	阝察	0
𬯘	ec	阝參	0
𬯒	ef	阝缶	0
𬯑	eb	阝倍	0
𬯏	eq	阝泉	0
𬯎	eg	阝贵	0
𬯍	ex	阝小	0
𬯊	ec	阝参	0
𬯆	ey	阝易	0
𬯀	eq	阝齐	0
𬮿	eq	阝岂	0
𬮾	eq	阝丘	0
𬮽	ed	阝丶	0
𬮻	ew	阝乌	0
𬮺	em	阝马	0
𬮵	mx	门限	0
𬮴	my	门音	0
𬮲	my	门要	0
𬮱	mt	门土	0
𬮰	ma	门阿	0
𬮨	mi	门赤	0
𬮤	mh	门合	0
𬮣	mk	门匡	0
𬮡	mw	门外	0
𬮝	mq	门犬	0
𬮘	mr	门人	0
𬮕	my	門煙	0
𬮒	mm	門密	0
𬮐	ml	門旅	0
𬮊	mj	門夾	0
𬮉	mi	門出	0
𬮇	mq	門犬	0
𬮄	iq	厂乔	0
𬮃	jz	钅纂	0
𬭿	jv	钅旨	0
𬭼	js	钅遂	0
𬭸	ji	金舛	0
𬭸	jl	.	0
𬭶	jh	金黑	0
𬭳	jx	金喜	0
𬭰	jy	钅寅	0
𬭯	jb	钅敝	0
𬭬	jh	金彗	0
𬭩	jw	金翁	0
𬭨	jv	钅追	0
𬭤	jh	金侯	0
𬭣	ju	.	0
𬭡	ju	钅苕	0
𬭞	jd	钅耷	0
𬭝	jc	钅参	0
𬭜	jl	金戾	0
𬭛	jb	金波	0
𬭚	jx	钅享	0
𬭗	jw	金委	0
𬭓	jd	金典	0
𬭑	ju	钅事	0
𬭎	jh	钅宏	0
𬭍	jh	金旱	0
𬭋	jj	钅戒	0
𬭊	jd	金杜	0
𬭉	jq	钅齐	0
𬭄	jx	金西	0
𬭁	jm	金母	0
𬬿	jv	钅召	0
𬬾	jn	金宁	0
𬬽	jv	金乍	0
𬬼	jy	金业	0
𬬻	jl	钅卢	0
𬬺	jq	钅且	0
𬬹	ju	金申	0
𬬸	ju	钅术	0
𬬶	jw	金为	0
𬬵	jb	钅冖	0
𬬱	jj	钅斤	0
𬬰	jc	钅仓	0
𬬮	ji	钅长	0
𬬭	jl	金仑	0
𬬫	jb	钅比	0
𬬩	jy	钅弋	0
𬬦	jl	金戀	0
𬬥	jn	金囊	0
𬬡	jx	金薰	0
𬬠	jm	金彌	0
𬬞	jt	金泰	0
𬬝	ji	金乂	0
𬬜	ju	金殳	0
𬬜	vj	止金	0
𬬛	jp	金盤	0
𬬙	jj	金蔣	0
𬬘	ji	金乂	0
𬬘	si	厶乂	0
𬬖	jk	金魁	0
𬬔	jy	金疑	0
𬬓	jb	金碧	0
𬬒	jj	金聚	0
𬬑	jy	金雍	0
𬬎	jy	金園	0
𬬋	js	金嗇	0
𬬆	ij	車金	0
𬬆	ju	金圣	0
𬬅	jy	金壹	0
𬬄	jj	金寄	0
𬬁	jl	金犁	0
𬬀	jg	金崗	0
𬫿	jj	金戛	0
𬫼	jj	金几	0
𬫼	sj	厶几	0
𬫺	jh	金候	0
𬫵	js	金素	0
𬫴	jx	金小	0
𬫳	jt	金泰	0
𬫲	jz	金子	0
𬫯	jm	金茂	0
𬫮	jo	金月	0
𬫪	jj	金巾	0
𬫩	jd	金底	0
𬫨	jy	金炎	0
𬫨	yj	炎金	0
𬫡	jj	金亟	0
𬫟	jl	金灵	0
𬫝	jd	金丶	0
𬫛	jz	金作	0
𬫘	jq	金欠	0
𬫕	ju	金杉	0
𬫔	jw	金勿	0
𬫔	tj	土金	0
𬫓	jh	金好	0
𬫏	jv	金旨	0
𬫎	jr	金刃	0
𬫎	tj	土金	0
𬫍	jr	金戎	0
𬫌	jd	金氐	0
𬫋	jf	金反	0
𬫊	jq	金仟	0
𬫉	jy	金用	0
𬫇	je	金二	0
𬫆	jy	金又	0
𬫁	ul	赦厘	0
𬪸	yv	酉照	0
𬪲	ym	酉皿	0
𬪯	yl	酉览	0
𬪭	yt	酉土	0
𬪫	yj	酉间	0
𬪩	yn	酉农	0
𬪡	we	無阝	0
𬪝	ce	蔡阝	0
𬪜	qe	齊阝	0
𬪗	se	罒阝	0
𬪑	xe	芯阝	0
𬪍	em	.	0
𬩽	ex	.	0
𬩽	xe	寻阝	0
𬩷	ve	占阝	0
𬩶	ne	牛阝	0
𬩳	le	力阝	0
𬩮	zb	辶壁	0
𬩪	zl	辶寮	0
𬩦	zv	辶蔗	0
𬩤	zl	辶厲	0
𬩡	zf	辶缶	0
𬩞	zu	辶殳	0
𬩎	zh	辶祸	0
𬩃	zb	辶彪	0
𬨹	dn	迨牛	0
𬨶	zv	辶正	0
𬨴	zt	辶苔	0
𬨩	zt	辶秃	0
𬨝	zf	辶夫	0
𬨛	xl	辛賴	0
𬨒	ih	车黄	0
𬨐	ig	车鬼	0
𬨎	iq	车酋	0
𬨋	vi	壯车	0
𬨆	gi	巩车	0
𬨂	iu	车氏	0
𬧽	iu	車商	0
𬧸	ih	車奂	0
𬧷	im	車孟	0
𬧰	uj	身菊	0
𬧪	um	身木	0
𬧨	uk	身昆	0
𬧤	ul	身劳	0
𬧢	ul	身龙	0
𬧠	ug	身乚	0
𬧞	zb	足霸	0
𬧚	zd	足颠	0
𬧙	zl	足魯	0
𬧔	zl	足鲁	0
𬧌	zb	足彪	0
𬧋	zv	足斬	0
𬧉	zs	足桑	0
𬧃	zm	足马	0
𬧂	zx	足宣	0
𬧁	pz	派足	0
𬧁	zp	足派	0
𬧀	zj	足将	0
𬦹	zt	足条	0
𬦵	zv	足张	0
𬦴	zj	足几	0
𬦲	zi	足車	0
𬦰	zb	足百	0
𬦬	zg	足圪	0
𬦩	zi	足刍	0
𬦤	zy	足牙	0
𬦣	zl	足历	0
𬦝	zx	走辛	0
𬦓	zz	走宗	0
𬦑	zy	走矣	0
𬦌	zi	走成	0
𬦈	zo	走月	0
𬦇	bz	不走	0
𬦇	zb	走不	0
𬦅	zy	走𠃓	0
𬦂	ig	赤艮	0
𬥿	bt	贝土	0
𬥾	bj	贝监	0
𬥽	bh	贝侯	0
𬥼	bd	贝耑	0
𬥻	bd	贝大	0
𬥺	bn	贝女	0
𬥸	bi	贝串	0
𬥴	bg	贝甘	0
𬥳	bc	贝仓	0
𬥲	bn	貝囊	0
𬥛	bq	貝奇	0
𬥗	bz	貝坐	0
𬥏	bf	貝分	0
𬥌	vx	豸象	0
𬥉	ve	豸儿	0
𬥄	un	豕聂	0
𬥁	qu	取豕	0
𬥁	uq	豕取	0
𬤺	fb	豐包	0
𬤶	di	豆尺	0
𬤶	id	尺豆	0
𬤵	gh	谷禾	0
𬤵	tg	土谷	0
𬤱	yt	言魋	0
𬤬	yy	讠幺	0
𬤪	yb	讠八	0
𬤨	ym	言木	0
𬤨	yz	.	0
𬤧	yd	言大	0
𬤦	yy	讠遗	0
𬤤	yc	讠曾	0
𬤡	ya	言奥	0
𬤟	yx	言小	0
𬤞	yy	讠壹	0
𬤝	yh	言惠	0
𬤚	yy	言婴	0
𬤘	yu	讠氺	0
𬤗	yl	言栾	0
𬤕	yy	讠羽	0
𬤔	ya	言盎	0
𬤓	yq	讠耆	0
𬤒	yh	言盍	0
𬤑	yg	讠鬲	0
𬤏	yd	讠度	0
𬤍	yh	言皇	0
𬤌	yj	讠臼	0
𬤊	yu	讠是	0
𬤈	yd	言带	0
𬤇	yt	讠土	0
𬤅	yj	言亟	0
𬤁	yf	言缶	0
𬣾	yx	讠昔	0
𬣻	yt	讠廷	0
𬣸	yh	言旱	0
𬣷	yu	言束	0
𬣶	yv	言乍	0
𬣵	yd	言达	0
𬣴	ym	讠迈	0
𬣳	yg	讠艮	0
𬣰	yz	讠自	0
𬣭	yd	讠当	0
𬣬	yh	讠回	0
𬣫	yt	言团	0
𬣪	ys	讠岁	0
𬣩	yy	讠有	0
𬣦	yy	言幼	0
𬣥	yy	讠又	0
𬣢	yt	讠他	0
𬣡	yj	讠戋	0
𬣟	yd	讠斗	0
𬣞	yv	.	0
𬣞	yy	.	0
𬣛	yv	讠支	0
𬣚	yk	讠口	0
𬣙	yy	言于	0
𬣘	yl	言欒	0
𬣒	ym	言暮	0
𬣑	yd	言翟	0
𬣍	yt	言團	0
𬣊	yy	言爰	0
𬣇	yj	言菊	0
𬣅	yu	言盛	0
𬣁	yh	言害	0
𬣀	yi	.	0
𬣀	yw	言韦	0
𬢼	yz	言早	0
𬢻	yb	言八	0
𬢶	yp	言盆	0
𬢵	yv	言貞	0
𬢴	yz	言姿	0
𬢳	yc	言参	0
𬢲	yh	言函	0
𬢰	yf	言房	0
𬢮	yb	言卜	0
𬢨	ya	言安	0
𬢦	yk	言考	0
𬢥	yd	言丶	0
𬢤	cy	次言	0
𬢤	yc	言次	0
𬢣	yj	言戋	0
𬢕	jj	角戋	0
𬢔	dj	登见	0
𬢓	bj	敝见	0
𬢑	yj	英见	0
𬢐	qj	契见	0
𬢏	uj	甚见	0
𬢌	vj	志见	0
𬢋	jv	.	0
𬢊	js	.	0
𬢈	dj	东见	0
𬢁	jn	見女	0
𬡻	si	粟产	0
𬡺	yq	要去	0
𬡸	yx	尤覀	0
𬡷	yz	衤赞	0
𬡳	yc	衤翠	0
𬡲	my	木衣	0
𬡲	yd	衣大	0
𬡱	yj	衤简	0
𬡭	wy	亠衣	0
𬡭	yb	衣保	0
𬡨	yl	衤朗	0
𬡧	yc	衤倉	0
𬡦	yd	衤笃	0
𬡥	yv	衤貞	0
𬡠	yl	衤罗	0
𬡘	yy	衤羊	0
𬡖	yd	衤朵	0
𬡕	yu	衤杀	0
𬡔	yu	衤师	0
𬡓	vy	执衣	0
𬡓	yv	衣执	0
𬡎	yi	衤刍	0
𬡍	yn	衤鸟	0
𬡌	ly	令衣	0
𬡌	yl	衣令	0
𬡊	yb	衤巴	0
𬡆	yj	衤己	0
𬡅	ye	衤阝	0
𬠽	xd	行丶	0
𬠵	im	虫蜜	0
𬠲	ib	虫碧	0
𬠰	ib	虫冖	0
𬠪	it	虫土	0
𬠣	ir	虫容	0
𬠜	ii	虫查	0
𬠚	ib	虫波	0
𬠗	ik	虫口	0
𬠕	ig	虫乖	0
𬠑	ik	虫口	0
𬠏	il	虫拉	0
𬠋	iu	虫沙	0
𬠈	ig	虫贡	0
𬟽	id	虫东	0
𬟤	ch	艹灬	0
𬟡	cw	艹攵	0
𬟝	cx	艹曛	0
𬟚	ch	艹灬	0
𬟙	ct	艹謄	0
𬟘	cs	艹穗	0
𬟔	cy	艹憶	0
𬟓	cx	艹勳	0
𬟑	cn	艹鳥	0
𬟍	cy	艹禺	0
𬟊	cx	艹心	0
𬟉	ch	艹惠	0
𬟈	ce	艹儿	0
𬟇	cm	艹皿	0
𬟆	cy	艹億	0
𬟅	cv	艹者	0
𬟄	cy	艹頁	0
𬟁	cn	.	0
𬟁	cy	艹鹝	0
𬞾	ci	艹長	0
𬞽	cm	卝嫚	0
𬞼	cw	卝維	0
𬞻	cm	卝綿	0
𬞸	cx	卝莧	0
𬞶	ch	卝惠	0
𬞵	cy	卝銀	0
𬞴	ck	卝魁	0
𬞳	cx	卝心	0
𬞯	cw	艹攵	0
𬞭	ch	卝灬	0
𬞬	cr	艹容	0
𬞫	cl	艹滥	0
𬞧	cc	艹慈	0
𬞦	cc	艹廾	0
𬞥	cx	艹溪	0
𬞟	cp	艹频	0
𬞞	ce	艹儿	0
𬞝	cm	艹睦	0
𬞜	cx	艹煦	0
𬞘	ct	艹𬯎	0
𬞗	cu	艹善	0
𬞖	cp	艹評	0
𬞏	my	.	0
𬞌	ct	艹陶	0
𬞈	cu	艹庶	0
𬞇	ct	艹淘	0
𬞃	cf	艹非	0
𬞂	ct	艹天	0
𬝾	ct	艹堂	0
𬝽	cx	艹琇	0
𬝺	cq	艹欠	0
𬝹	cx	艹雪	0
𬝸	cb	艹贝	0
𬝷	cy	艹雩	0
𬝶	co	艹日	0
𬝳	cv	艹展	0
𬝲	cl	艹利	0
𬝬	cj	艹具	0
𬝫	ch	艹昊	0
𬝪	ct	艹庭	0
𬝤	cv	艹朕	0
𬝣	cy	艹秧	0
𬝢	ct	艹天	0
𬝠	cz	艹贼	0
𬝟	cp	艹圃	0
𬝜	cq	艹欠	0
𬝛	cj	艹韭	0
𬝚	cs	艹素	0
𬝘	cz	艹兹	0
𬝓	ck	艹口	0
𬝒	cl	艹俐	0
𬝑	cs	艹厶	0
𬝏	cw	艹戊	0
𬝎	cm	艹皿	0
𬝌	cb	艹柏	0
𬝋	ji	节虫	0
𬝊	cg	艹瓜	0
𬝈	cp	艹平	0
𬝆	cq	艹羌	0
𬝅	cj	艹斤	0
𬝄	cb	艹宝	0
𬝀	cw	艹午	0
𬜻	cy	.	0
𬜺	cd	艹丶	0
𬜹	cf	艹妨	0
𬜵	cl	艹吝	0
𬜴	ck	艹快	0
𬜯	cl	艹两	0
𬜬	cw	艹问	0
𬜦	ch	艹卉	0
𬜥	cf	艹风	0
𬜤	cy	艹又	0
𬜢	cj	艹久	0
𬜡	cu	艹山	0
𬜟	ls	麗色	0
𬜟	sl	色麗	0
𬜘	vv	舟真	0
𬜏	uj	舌禁	0
𬜈	uz	舌卒	0
𬜅	uv	舌占	0
𬛹	jy	臼𠃓	0
𬛸	jg	臼工	0
𬛵	vu	至示	0
𬛴	vt	至泰	0
𬛭	ao	丆目	0
𬛬	za	自丨	0
𬛞	ot	月童	0
𬛜	ob	月賓	0
𬛚	oy	月葉	0
𬛖	oj	月間	0
𬛔	oi	月辰	0
𬛔	uo	石月	0
𬛓	oc	月參	0
𬛐	ox	月悉	0
𬛋	ol	月郎	0
𬛊	ou	月豕	0
𬛇	og	月庚	0
𬛅	ov	月周	0
𬛄	oo	月日	0
𬚾	ow	月我	0
𬚽	jo	冏月	0
𬚽	oj	月冏	0
𬚻	ot	月吞	0
𬚷	ot	月天	0
𬚵	ok	月亏	0
𬚳	oa	月丨	0
𬚳	uo	尸月	0
𬚰	go	冈月	0
𬚰	og	月冈	0
𬚭	wy	烏聿	0
𬚭	yw	聿烏	0
𬚨	ee	耳爾	0
𬚧	ed	耳敦	0
𬚦	ee	耳二	0
𬚦	eh	耳華	0
𬚥	es	耳送	0
𬚤	ec	耳倉	0
𬚢	ej	耳既	0
𬚢	je	既耳	0
𬚡	ey	耳英	0
𬚠	ee	耳儿	0
𬚟	ev	耳隹	0
𬚜	ed	耳兑	0
𬚛	ef	耳夫	0
𬚚	ew	耳我	0
𬚙	ej	耳尖	0
𬚘	ev	耳至	0
𬚗	ek	耳夸	0
𬚖	ev	耳召	0
𬚕	ey	耳孕	0
𬚔	ey	.	0
𬚒	ey	.	0
𬚑	lw	耒萬	0
𬚐	ls	耒色	0
𬙻	yy	羊益	0
𬙹	ty	土羊	0
𬙹	yj	羊君	0
𬙷	by	背羊	0
𬙷	yb	羊背	0
𬙱	yu	羊戍	0
𬙭	yw	羊韦	0
𬙪	sh	罒缳	0
𬙙	sf	罒方	0
𬙘	sy	罒于	0
𬙗	by	冖于	0
𬙓	fn	缶牛	0
𬙑	fx	缶巷	0
𬙍	fj	缶井	0
𬙋	sx	纟襄	0
𬙊	sm	纟墨	0
𬙈	si	纟舛	0
𬙆	sf	纟番	0
𬙃	sx	纟心	0
𬙂	sy	纟寅	0
𬙁	sy	纟阎	0
𬙀	sd	纟笛	0
𬘿	sc	纟曹	0
𬘾	su	纟爽	0
𬘽	sx	纟辛	0
𬘼	ss	纟祟	0
𬘻	sh	纟害	0
𬘺	sy	纟舀	0
𬘹	sz	纟载	0
𬘸	sm	纟木	0
𬘷	si	纟差	0
𬘵	sh	纟恒	0
𬘴	sq	纟秋	0
𬘲	sv	纟奓	0
𬘱	sy	纟要	0
𬘯	sx	纟享	0
𬘮	sm	纟觅	0
𬘭	sl	纟林	0
𬘬	sq	纟青	0
𬘫	sw	纟完	0
𬘪	sq	纟佥	0
𬘩	st	纟廷	0
𬘨	sv	纟志	0
𬘧	sq	纟齐	0
𬘤	sl	纟吕	0
𬘣	sd	纟吊	0
𬘢	sg	纟光	0
𬘡	sy	纟因	0
𬘠	sy	纟有	0
𬘟	sx	纟西	0
𬘞	sn	纟鸟	0
𬘘	sb	纟冖	0
𬘘	sg	.	0
𬘓	si	纟川	0
𬘒	sq	糸闕	0
𬘐	sx	糸霞	0
𬘎	sx	糸蕭	0
𬘌	sy	糸瑩	0
𬘉	st	糸土	0
𬘇	sm	糸免	0
𬘁	sj	糸幾	0
𬗺	sd	糸笛	0
𬗹	sc	糸彩	0
𬗷	sa	糸丨	0
𬗴	sm	糸麥	0
𬗳	si	糸敕	0
𬗯	sg	糸貢	0
𬗮	sm	糸美	0
𬗭	sz	糸兹	0
𬗨	sb	糸貝	0
𬗦	sy	糸宜	0
𬗣	sw	糸勿	0
𬗡	si	糸昌	0
𬗠	sb	糸表	0
𬗟	sh	糸回	0
𬗛	st	糸土	0
𬗘	sd	糸丶	0
𬗕	sj	糸戒	0
𬗒	sy	糸宇	0
𬗑	sy	糸衣	0
𬗐	sb	糸冖	0
𬗐	ss	厶糸	0
𬗏	sd	糸吊	0
𬗌	si	糸虫	0
𬗊	sy	糸永	0
𬗉	sy	糸印	0
𬗈	sy	糸玉	0
𬗇	sw	糸戊	0
𬗄	sf	糸凡	0
𬗃	si	糸亍	0
𬖺	ml	米阑	0
𬖹	mu	米稍	0
𬖸	md	米答	0
𬖶	mj	米菊	0
𬖴	mj	米祭	0
𬖰	mg	米高	0
𬖬	md	米丶	0
𬖤	mv	米叕	0
𬖢	mg	米固	0
𬖠	ld	娄斗	0
𬖟	mm	米闷	0
𬖞	mu	米时	0
𬖝	mh	米旱	0
𬖜	ml	米令	0
𬖛	my	米亦	0
𬖚	mz	米杂	0
𬖖	mi	米刍	0
𬖕	mc	米匆	0
𬖔	mu	米术	0
𬖌	mr	米人	0
𬖋	my	米乙	0
𬖊	vi	𥫗乂	0
𬖈	vv	𥫗隹	0
𬖄	vj	竹兼	0
𬖂	vo	𥫗日	0
𬖁	vu	竹氺	0
𬖀	vt	竹蹄	0
𬕽	vo	𥫗耦	0
𬕸	vq	竹鉗	0
𬕵	vj	𥫗韭	0
𬕴	vp	竹聘	0
𬕱	vp	竹評	0
𬕯	vy	竹援	0
𬕭	vx	𥫗戌	0
𬕪	vw	竹戊	0
𬕦	vq	竹区	0
𬕥	vw	𥫗倭	0
𬕤	vg	𥫗根	0
𬕣	vz	𥫗匝	0
𬕢	vb	𥫗丙	0
𬕡	vh	𥫗紅	0
𬕟	vu	竹市	0
𬕞	va	竹哀	0
𬕜	vf	𥫗風	0
𬕛	vg	𥫗轱	0
𬕚	vw	𥫗威	0
𬕙	vb	𥫗本	0
𬕘	vp	𥫗泙	0
𬕗	vj	𥫗斤	0
𬕖	vd	竹定	0
𬕒	vu	竹尚	0
𬕑	vi	𥫗昌	0
𬕐	vy	竹昀	0
𬕏	vf	𥫗奉	0
𬕊	vm	𥫗闷	0
𬕉	vy	𥫗又	0
𬕆	vw	竹我	0
𬕅	vw	竹位	0
𬕄	vl	竹丽	0
𬕂	vg	𥫗贡	0
𬕀	vu	竹守	0
𬔿	vy	竹于	0
𬔽	vm	𥫗名	0
𬔼	vw	竹攵	0
𬔺	vd	𥫗大	0
𬔹	vf	𥫗发	0
𬔵	vy	𥫗玉	0
𬔴	vw	竹未	0
𬔳	vp	𥫗平	0
𬔱	vv	𥫗之	0
𬔯	vq	竹区	0
𬔭	vk	𥫗口	0
𬔞	lt	立妥	0
𬔘	lj	立斤	0
𬔄	hh	禾蕙	0
𬔃	hm	禾賣	0
𬔁	hh	禾夯	0
𬓿	hd	禾單	0
𬓾	hl	禾量	0
𬓸	hy	禾𠃓	0
𬓸	uy	黍𠃓	0
𬓴	hy	禾用	0
𬓲	hv	禾貞	0
𬓱	hb	禾贲	0
𬓯	hl	禾力	0
𬓮	hu	禾尚	0
𬓭	hu	禾十	0
𬓬	hw	禾我	0
𬓩	hx	禾夕	0
𬓤	hi	禾尺	0
𬓢	hj	禾今	0
𬓝	uy	示翼	0
𬓜	pd	票沓	0
𬓙	uz	示最	0
𬓕	ug	示衮	0
𬓔	ux	示心	0
𬓑	uj	示堇	0
𬓎	uj	示晋	0
𬓍	uy	示奕	0
𬓌	ul	示郎	0
𬓋	uh	示奂	0
𬓉	ui	示春	0
𬓈	uu	示水	0
𬓆	ud	示定	0
𬓅	uw	示宛	0
𬓃	up	示朋	0
𬓀	ua	示岸	0
𬒿	ud	示典	0
𬒾	ub	示表	0
𬒽	uj	示君	0
𬒻	uc	示岑	0
𬒺	uz	示足	0
𬒹	ub	示貝	0
𬒶	uu	示束	0
𬒳	up	示皮	0
𬒲	uy	示友	0
𬒱	uj	示甲	0
𬒮	ug	示夬	0
𬒫	uq	石僉	0
𬒦	ur	石蓉	0
𬒢	uh	石華	0
𬒠	uq	石琴	0
𬒟	mu	木石	0
𬒟	um	石木	0
𬒛	ud	石帶	0
𬒚	uj	石軍	0
𬒙	um	石美	0
𬒘	ux	石信	0
𬒗	ul	石览	0
𬒖	um	石皿	0
𬒔	uk	石肯	0
𬒒	uy	石軋	0
𬒑	uw	石完	0
𬒐	um	石每	0
𬒉	ua	石卬	0
𬒈	du	丶石	0
𬒈	ub	石冖	0
𬒈	xu	.	0
𬒇	ul	石兰	0
𬒄	uy	石轧	0
𬑿	uw	石攵	0
𬑻	uq	石千	0
𬑲	um	矢每	0
𬑮	mz	矛卒	0
𬑤	mo	莫目	0
𬑤	om	目莫	0
𬑣	og	目高	0
𬑡	oi	目芻	0
𬑠	oy	目又	0
𬑞	oa	目敖	0
𬑗	oj	目间	0
𬑌	oy	.	0
𬑊	ob	目本	0
𬐱	im	臣皿	0
𬐱	mk	皿口	0
𬐫	mz	皿子	0
𬐫	vm	舟皿	0
𬐪	jm	今皿	0
𬐪	ms	皿罒	0
𬐜	gm	戈皿	0
𬐜	me	皿二	0
𬐛	dm	氵皿	0
𬐛	mj	皿几	0
𬐗	mr	皿人	0
𬐑	hf	皇鳳	0
𬐏	bj	白句	0
𬐋	bw	白王	0
𬐊	bg	白告	0
𬐊	gb	告白	0
𬐅	bw	白文	0
𬐄	by	白匀	0
𬐀	bb	疒壁	0
𬏿	bf	疒非	0
𬏳	bv	疒周	0
𬏲	bg	疒岡	0
𬏛	bc	疒才	0
𬏕	yd	由單	0
𬏔	ff	番分	0
𬏍	uu	申申	0
𬏉	tw	田完	0
𬏃	th	田乎	0
𬏁	yj	由及	0
𬏀	tu	田勺	0
𬎼	bu	丷生	0
𬎼	uu	生豕	0
𬎺	uq	生泉	0
𬎱	gc	甘采	0
𬎪	hw	合瓦	0
𬎪	wh	瓦合	0
𬎩	rw	𠂉瓦	0
𬎩	wy	.	0
𬎢	gx	瓜兄	0
𬎡	wl	王籠	0
𬎠	wu	王屬	0
𬎟	wl	王蘭	0
𬎝	wy	王又	0
𬎛	wj	王静	0
𬎚	wq	王遷	0
𬎙	wx	王心	0
𬎘	wm	王買	0
𬎖	wx	王新	0
𬎔	wj	王靳	0
𬎓	ws	王嗇	0
𬎐	wd	王答	0
𬎏	wz	王紫	0
𬎎	wl	王量	0
𬎍	wx	王幸	0
𬎌	wy	王雲	0
𬎋	wq	王琴	0
𬎊	wy	王衣	0
𬎉	ww	王偉	0
𬎇	wm	王莫	0
𬎆	wy	王莹	0
𬎅	wx	王雪	0
𬎃	wy	王益	0
𬎂	wh	王隺	0
𬎀	wy	王殷	0
𬍿	wd	王丶	0
𬍾	pb	珀必	0
𬍽	wy	王員	0
𬍼	yy	玉玉	0
𬍻	wi	王車	0
𬍺	wy	王勇	0
𬍸	wd	王盾	0
𬍷	wp	王苹	0
𬍶	wy	王昱	0
𬍴	wz	王奏	0
𬍲	wr	王壬	0
𬍱	wm	王命	0
𬍰	wy	王岩	0
𬍬	wx	王幸	0
𬍫	wy	.	0
𬍪	wj	王亟	0
𬍩	wp	王疋	0
𬍧	wx	王辛	0
𬍦	wl	王伶	0
𬍥	wf	王甫	0
𬍤	wx	王寻	0
𬍣	wr	王如	0
𬍡	ty	汤玉	0
𬍡	yt	.	0
𬍠	wy	王衣	0
𬍟	qy	全玉	0
𬍞	my	麦玉	0
𬍝	wh	王弘	0
𬍛	wl	王乐	0
𬍚	wv	王乍	0
𬍘	wy	王右	0
𬍗	wd	王丶	0
𬍕	wh	王化	0
𬍓	wm	王木	0
𬍒	wy	王云	0
𬍑	wu	王山	0
𬍐	wi	王亍	0
𬍃	qv	犭着	0
𬍁	ql	犭連	0
𬌻	qf	犭負	0
𬌺	qw	犭勿	0
𬌹	qn	犭南	0
𬌸	qi	犭春	0
𬌶	qh	犭或	0
𬌲	qy	犭酉	0
𬌫	qm	犭么	0
𬌦	nu	牛時	0
𬌤	nw	牛勿	0
𬌢	nr	牛乳	0
𬌢	rn	乳牛	0
𬌡	ng	牛果	0
𬌟	nb	牛冖	0
𬌟	wn	亠牛	0
𬌞	nl	牛吕	0
𬌜	nu	牛少	0
𬌗	yh	牙合	0
𬌏	pm	爿賣	0
𬌆	po	爿日	0
𬌃	pd	爿東	0
𬋾	ad	丨丶	0
𬋻	fd	父大	0
𬋷	vt	爫討	0
𬋭	vk	爫看	0
𬋪	vy	爫又	0
𬋦	vv	爪只	0
𬋡	hd	火大	0
𬋞	hl	火麗	0
𬋜	hv	火隹	0
𬋛	hh	火衡	0
𬋘	hx	火小	0
𬋘	xx	夕小	0
𬋕	yh	酉灬	0
𬋓	hh	火火	0
𬋒	rh	亻灬	0
𬋑	bh	貝火	0
𬋑	hb	火貝	0
𬋏	hx	火歇	0
𬋊	hu	火舜	0
𬋈	ih	椎灬	0
𬋅	hh	火惠	0
𬋁	hm	火木	0
𬋀	eh	耳火	0
𬋀	hj	火巨	0
𬊿	hl	火連	0
𬊼	hg	火衮	0
𬊹	ih	刍灬	0
𬊸	hl	火立	0
𬊷	hu	火殳	0
𬊶	hj	火监	0
𬊳	hc	火草	0
𬊲	vh	砧灬	0
𬊱	hd	火帝	0
𬊰	hy	火彦	0
𬊮	hd	火盾	0
𬊫	kh	口灬	0
𬊩	hi	火查	0
𬊤	hd	火单	0
𬊣	hj	火京	0
𬊡	hh	火忽	0
𬊟	hg	火勹	0
𬊞	rh	亻灬	0
𬊝	hj	火金	0
𬊚	mh	明灬	0
𬊙	yh	易灬	0
𬊘	oh	日灬	0
𬊔	hx	火秀	0
𬊒	hi	火呈	0
𬊑	hi	火串	0
𬊌	hv	火志	0
𬊋	hq	火求	0
𬊈	hx	火寻	0
𬊄	hj	火巾	0
𬊀	hf	火方	0
𬉿	hv	火爫	0
𬉿	vh	爫火	0
𬉾	hd	火丹	0
𬉼	hq	火区	0
𬉻	gh	丐灬	0
𬉹	hx	火夕	0
𬉹	xh	夕火	0
𬉸	hk	火口	0
𬉶	hy	火于	0
𬉶	yh	于火	0
𬉴	hc	火寸	0
𬉳	dl	氵鸞	0
𬉲	dl	氵鑾	0
𬉮	dw	氵霧	0
𬉭	db	氵璧	0
𬉫	di	氵乂	0
𬉩	dy	氵爻	0
𬉧	dh	氵韓	0
𬉦	dy	氵俞	0
𬉥	dy	氵羽	0
𬉤	dd	氵篤	0
𬉢	dv	氵戰	0
𬉟	hu	横水	0
𬉟	uh	水横	0
𬉞	dr	氵入	0
𬉞	ur	水入	0
𬉗	dm	氵蜜	0
𬉕	dy	氵毓	0
𬉔	dv	氵蓁	0
𬉓	db	氵貝	0
𬉒	dh	氵煌	0
𬉑	di	氵乂	0
𬉍	dv	氵隹	0
𬉉	dv	氵盞	0
𬉀	dq	氵奇	0
𬈻	hb	浩白	0
𬈸	dp	氵菩	0
𬈷	dt	氵棠	0
𬈶	dz	氵紫	0
𬈵	dm	氵米	0
𬈳	dw	氵雯	0
𬈲	dq	氵琪	0
𬈯	dg	氵告	0
𬈮	dk	氵堃	0
𬈬	dx	氵心	0
𬈩	dp	氵莆	0
𬈨	dq	氵圈	0
𬈦	dz	氵則	0
𬈥	db	氵彬	0
𬈡	bu	宀水	0
𬈡	ub	水八	0
𬈠	dt	氵田	0
𬈟	dy	氵衣	0
𬈝	da	氵丨	0
𬈜	du	氵水	0
𬈜	ub	水冖	0
𬈙	du	氵示	0
𬈘	du	氵水	0
𬈘	ug	水共	0
𬈑	db	氵八	0
𬈆	dl	氵力	0
𬈃	df	氵丰	0
𬈂	dm	氵孟	0
𬇽	dj	氵肩	0
𬇹	dg	氵国	0
𬇷	dy	氵杳	0
𬇴	dj	氵局	0
𬇲	dm	氵木	0
𬇯	dp	氵判	0
𬇪	mi	沐亍	0
𬇩	dd	氵杜	0
𬇨	dv	氵志	0
𬇦	hu	火水	0
𬇦	ue	水二	0
𬇤	dz	氵字	0
𬇠	di	氵成	0
𬇞	db	氵丙	0
𬇛	dd	氵丶	0
𬇙	db	氵贝	0
𬇕	dw	氵万	0
𬇔	ug	水工	0
𬇍	ju	交氏	0
𬇍	uj	氏交	0
𬇈	md	毛丶	0
𬇂	my	毛音	0
𬇀	md	毛旦	0
𬆿	mw	毛勿	0
𬆼	mq	毛千	0
𬆷	mu	母叔	0
𬆲	uu	殳豕	0
𬆲	wu	亠殳	0
𬆰	iu	乂殳	0
𬆰	ud	殳丶	0
𬆯	tu	土殳	0
𬆯	ud	殳多	0
𬆮	nu	.	0
𬆮	un	殳鸟	0
𬆭	tx	土小	0
𬆭	ux	殳小	0
𬆫	wu	亠殳	0
𬆣	hu	户殳	0
𬆣	ue	殳二	0
𬆝	dc	歹餐	0
𬆛	dx	歹囟	0
𬆚	dl	歹录	0
𬆕	dc	歹廾	0
𬆉	vb	斬卜	0
𬅴	mq	木欠	0
𬅴	qu	欠示	0
𬅮	oq	日欠	0
𬅮	qy	欠亚	0
𬅭	qu	欠示	0
𬅭	uq	士欠	0
𬅬	bq	丷欠	0
𬅬	qk	欠口	0
𬅤	fq	甫欠	0
𬅤	qf	欠甫	0
𬅜	mc	木寸	0
𬅛	ll	林麗	0
𬅚	ml	木籠	0
𬅙	ml	木郎	0
𬅘	mc	木寸	0
𬅖	mj	木即	0
𬅔	lj	林即	0
𬅔	mj	木即	0
𬅑	mx	木薰	0
𬅏	mc	木寸	0
𬅍	lu	林手	0
𬅍	mu	木手	0
𬅈	mv	木鄭	0
𬅆	mq	木取	0
𬅁	mj	木頡	0
𬄿	mq	木取	0
𬄾	hr	火榮	0
𬄽	mm	木買	0
𬄼	me	木儿	0
𬄷	nn	柰柰	0
𬄴	mi	木亍	0
𬄳	mm	木皿	0
𬄭	mo	木月	0
𬄬	mx	木献	0
𬄨	mq	木渠	0
𬄤	mq	木萁	0
𬄣	mj	木景	0
𬄢	mv	木止	0
𬄡	mp	木朋	0
𬄝	mx	木項	0
𬄙	mq	木期	0
𬄕	hm	淮木	0
𬄕	mh	木淮	0
𬄔	mx	木心	0
𬄑	mh	木凰	0
𬄐	mv	木隹	0
𬄏	md	木第	0
𬄍	ul	束侖	0
𬄈	mb	木匾	0
𬄆	mj	木桊	0
𬄂	me	木阝	0
𬄁	mu	木師	0
𬄀	md	木大	0
𬃹	ml	木荔	0
𬃸	mc	木草	0
𬃷	uu	束束	0
𬃪	mq	木奇	0
𬃩	mm	木木	0
𬃨	dm	帝木	0
𬃨	md	木帝	0
𬃧	mg	木冠	0
𬃡	mj	木急	0
𬃠	mp	木盆	0
𬃟	mp	木苹	0
𬃞	mj	木斤	0
𬃝	mm	木苗	0
𬃜	mb	木貝	0
𬃖	mu	木石	0
𬃖	um	十木	0
𬃕	lf	林凡	0
𬃕	mf	木凡	0
𬃔	uu	十束	0
𬃒	mm	木木	0
𬃐	mh	木戽	0
𬃎	mx	木小	0
𬃍	mp	木泊	0
𬃌	ml	木力	0
𬃋	mt	木台	0
𬃊	mv	木质	0
𬃇	mm	木皿	0
𬃆	my	木岳	0
𬃅	ur	束人	0
𬃄	bm	卜木	0
𬃄	mr	木人	0
𬃃	md	木大	0
𬂾	mm	木木	0
𬂼	my	木矣	0
𬂺	mb	木伯	0
𬂹	mt	木廷	0
𬂭	mx	木向	0
𬂪	me	木阝	0
𬂩	mj	木夹	0
𬂧	ww	未未	0
𬂣	mj	木介	0
𬂢	mf	木凡	0
𬂡	mw	木五	0
𬂞	mu	木上	0
𬂞	um	上木	0
𬂚	ou	月朔	0
𬂚	uu	朔朔	0
𬂔	ou	月豕	0
𬂓	od	月丶	0
𬂌	on	月能	0
𬂊	om	月冥	0
𬂉	ob	月贝	0
𬂁	oj	月君	0
𬁞	oj	日蕉	0
𬁛	ol	日廉	0
𬁙	ox	日萱	0
𬁗	of	日富	0
𬁕	oy	日堯	0
𬁔	uh	是旱	0
𬁓	oo	日日	0
𬁎	or	日容	0
𬁍	os	日厶	0
𬁋	oq	日卿	0
𬁈	ol	日郎	0
𬁇	ov	日重	0
𬁃	oi	日城	0
𬁂	mo	珉日	0
𬁂	om	日珉	0
𬁁	oy	日宜	0
𬀿	ol	日侖	0
𬀾	ok	日坤	0
𬀼	dv	旦助	0
𬀻	ot	日土	0
𬀹	od	日弟	0
𬀸	ow	日兀	0
𬀷	ow	日勿	0
𬀷	rw	𠂉勿	0
𬀴	ho	火日	0
𬀴	oe	日二	0
𬀳	oy	日亦	0
𬀯	oh	日灰	0
𬀪	oj	日见	0
𬀩	ow	日韦	0
𬀦	oy	.	0
𬀉	ff	方方	0
𬀂	fj	方巾	0
𫿶	dg	斗鬼	0
𫿶	gd	鬼斗	0
𫿲	wy	文燕	0
𫿱	lw	林文	0
𫿱	wl	文林	0
𫿯	wc	文艹	0
𫿮	vw	正文	0
𫿮	wv	文正	0
𫿞	yg	严敢	0
𫾼	yw	肴攵	0
𫾬	ew	耳攵	0
𫾪	jw	吉攵	0
𫾨	ww	文攵	0
𫾤	vy	支堯	0
𫾤	yv	堯支	0
𫾣	gv	高支	0
𫾣	vg	支高	0
𫾢	fh	扌獲	0
𫾡	fi	扌籌	0
𫾠	fh	扌火	0
𫾟	fx	扌幸	0
𫾞	fg	扌瓜	0
𫾜	fu	扌手	0
𫾜	ub	手八	0
𫾛	fl	扌斂	0
𫾙	fx	扌勳	0
𫾔	fq	扌遷	0
𫾓	fy	扌云	0
𫾎	fp	扌葡	0
𫾍	fd	扌董	0
𫾋	fx	扌想	0
𫾊	fw	扌碗	0
𫾈	fh	扌滑	0
𫾇	fv	扌卓	0
𫾂	fq	扌琴	0
𫾀	fp	扌婆	0
𫽾	ft	扌透	0
𫽽	fx	扌小	0
𫽼	fy	扌野	0
𫽸	fq	扌欠	0
𫽷	lu	林手	0
𫽷	ud	手大	0
𫽴	fi	扌宸	0
𫽱	fc	扌采	0
𫽩	fu	扌示	0
𫽨	fx	扌囟	0
𫽞	fh	扌哈	0
𫽜	fj	扌界	0
𫽚	fg	扌苟	0
𫽒	fh	扌戽	0
𫽍	fy	扌又	0
𫽉	fb	扌卜	0
𫽈	ff	扌芙	0
𫽆	fk	扌匼	0
𫽄	fj	扌亟	0
𫽃	fh	扌火	0
𫼼	fd	扌斗	0
𫼷	uy	手邑	0
𫼯	fb	扌边	0
𫼦	fy	扌友	0
𫼡	fd	扌刀	0
𫼞	fh	扌乎	0
𫼝	ui	.	0
𫼚	fl	扌六	0
𫼘	fd	扌丹	0
𫼖	fj	扌久	0
𫼕	fj	扌几	0
𫼊	hd	户电	0
𫼃	gn	戈鳥	0
𫼂	vf	重伐	0
𫻢	xc	心次	0
𫻢	yx	壹心	0
𫻡	xu	忄氺	0
𫻟	xy	忄薏	0
𫻚	xq	心欠	0
𫻚	yx	壹心	0
𫻙	vx	章心	0
𫻙	xw	心攵	0
𫻘	xb	忄表	0
𫻗	xy	忄毅	0
𫻕	st	罒態	0
𫻕	xn	心能	0
𫻓	mx	木心	0
𫻓	xm	心木	0
𫻑	xk	心匱	0
𫻏	xp	心辟	0
𫻍	ux	数心	0
𫻍	xu	心数	0
𫻌	xc	忄慈	0
𫻊	xx	忄萱	0
𫻄	xj	心菁	0
𫻀	xj	心寄	0
𫺿	xs	心宿	0
𫺻	xy	忄眼	0
𫺺	xi	忄常	0
𫺸	rx	軟心	0
𫺸	xr	心軟	0
𫺳	xi	忄差	0
𫺰	xx	心荀	0
𫺮	ix	臣心	0
𫺮	xw	心攵	0
𫺬	xp	忄屏	0
𫺩	dx	冫心	0
𫺩	xy	心甬	0
𫺤	xv	忄貞	0
𫺣	xt	心炭	0
𫺡	lx	玲心	0
𫺡	xl	心玲	0
𫺠	px	珀心	0
𫺠	xp	心珀	0
𫺝	xg	心庚	0
𫺔	jx	君心	0
𫺔	xj	心君	0
𫺋	rx	汝心	0
𫺋	xr	心汝	0
𫺇	dx	冫心	0
𫺇	xj	心今	0
𫺄	xd	心旦	0
𫺀	xz	忄子	0
𫹾	bx	包心	0
𫹾	xb	心包	0
𫹺	xu	忄石	0
𫹶	xu	忄少	0
𫹳	gx	戈心	0
𫹳	xg	心戈	0
𫹬	xa	心乛	0
𫹪	xy	彳嚴	0
𫹡	xj	彳堇	0
𫹠	xx	彳笑	0
𫹚	xf	彳封	0
𫹑	xd	彳刂	0
𫹍	xv	彳支	0
𫹈	jc	彑廾	0
𫸼	gd	弓冫	0
𫸼	wd	烏冫	0
𫸻	fy	弗要	0
𫸴	fq	弗且	0
𫸩	gq	弓区	0
𫸘	cb	廾匕	0
𫸘	xc	夕廾	0
𫸖	cy	.	0
𫸔	ty	廷頁	0
𫸓	zt	廴土	0
𫸒	zt	廴土	0
𫸑	zu	廴士	0
𫸅	dh	丶火	0
𫸀	gj	广金	0
𫷿	gw	广丸	0
𫷷	gq	广钦	0
𫷳	gy	广延	0
𫷯	gd	广丶	0
𫷧	gs	广厶	0
𫷥	gj	广九	0
𫷔	gq	干乞	0
𫷎	jt	巾唐	0
𫷋	jq	巾豈	0
𫷊	jv	巾真	0
𫶿	jf	巾凡	0
𫶬	gu	工矢	0
𫶫	gg	工公	0
𫶨	yi	余川	0
𫶦	uw	山夂	0
𫶥	ul	山蘭	0
𫶣	uh	山衡	0
𫶢	ul	山盧	0
𫶡	up	山頻	0
𫶝	ug	山敢	0
𫶛	uw	山攵	0
𫶗	ul	山侖	0
𫶓	uj	山寄	0
𫶏	ue	山娥	0
𫶎	ur	山容	0
𫶍	um	山冥	0
𫶋	au	丨山	0
𫶋	ub	山冖	0
𫶈	up	山屏	0
𫶇	ud	山带	0
𫶆	uw	山威	0
𫶃	ux	山心	0
𫶂	ua	山岸	0
𫶁	uy	山易	0
𫶀	us	山宋	0
𫵿	ux	山秀	0
𫵼	ug	山更	0
𫵻	ua	山安	0
𫵺	us	山色	0
𫵷	ul	山历	0
𫵳	uj	山几	0
𫵲	ud	山丁	0
𫵣	wq	尾求	0
𫵜	uy	尸又	0
𫵚	uq	尸千	0
𫵘	ub	尸必	0
𫵓	un	尸内	0
𫵎	yd	尢丶	0
𫴰	cc	艹寸	0
𫴰	cw	寸王	0
𫴪	by	宀言	0
𫴘	bh	宀火	0
𫴓	hg	害谷	0
𫴆	bw	宀萬	0
𫳽	bw	宀王	0
𫳻	bj	宀將	0
𫳺	bu	宀淑	0
𫳳	bi	宀晨	0
𫳲	bs	宀糸	0
𫳲	ys	宜糸	0
𫳬	bz	宀再	0
𫳤	bo	宀目	0
𫳚	bv	宀珍	0
𫳕	bp	宀朋	0
𫳑	by	宀奄	0
𫳐	bx	宀幸	0
𫳋	bt	宀廷	0
𫳂	by	宀由	0
𫳀	by	宀幼	0
𫲽	bx	宀心	0
𫲹	bv	宀中	0
𫲲	zx	子辛	0
𫲦	zd	子兑	0
𫲣	yz	幺子	0
𫲣	zd	子刀	0
𫲠	ng	女敢	0
𫲝	nl	女藍	0
𫲜	nm	女米	0
𫲜	ul	豕娄	0
𫲛	nw	女薇	0
𫲘	nl	女龍	0
𫲔	nj	女蕉	0
𫲓	nu	女十	0
𫲓	wu	亡十	0
𫲏	nm	女蔓	0
𫲋	nl	女廖	0
𫲊	nx	女熏	0
𫲉	nf	女鳳	0
𫲈	nw	女攵	0
𫲇	nr	女蓉	0
𫲆	ny	女疑	0
𫲅	en	爾女	0
𫲅	ne	女爾	0
𫱾	ny	女圓	0
𫱽	nx	女萱	0
𫱼	nc	女粲	0
𫱷	ns	女肅	0
𫱶	mn	矛女	0
𫱶	nx	女肖	0
𫱵	nz	女尊	0
𫱳	nj	女鈞	0
𫱰	nt	女萄	0
𫱮	nh	女惠	0
𫱭	nw	女雯	0
𫱢	nx	女夕	0
𫱡	nv	女莊	0
𫱠	nn	女女	0
𫱟	ng	女規	0
𫱝	nz	女恣	0
𫱜	ng	女宫	0
𫱛	ny	女恙	0
𫱚	nw	女紊	0
𫱖	rh	如何	0
𫱔	ng	女恭	0
𫱒	ln	林女	0
𫱒	nb	女冖	0
𫱐	ny	女羿	0
𫱎	nd	女丶	0
𫱍	nl	女亮	0
𫱌	ng	女冠	0
𫱋	nb	女拜	0
𫱊	nh	女曷	0
𫱇	nb	女貝	0
𫱄	no	女月	0
𫱃	in	臣女	0
𫱃	nj	女己	0
𫱂	nh	女函	0
𫱁	nn	女念	0
𫰾	nj	女金	0
𫰽	nb	女卜	0
𫰼	ny	女芸	0
𫰻	nw	女罔	0
𫰷	np	女披	0
𫰷	pn	披女	0
𫰵	nw	女尾	0
𫰵	wn	尾女	0
𫰳	nh	女亨	0
𫰲	mn	免女	0
𫰲	nm	女免	0
𫰰	nq	女佥	0
𫰯	nk	女困	0
𫰭	ni	女赤	0
𫰫	ny	.	0
𫰦	nu	女守	0
𫰥	ny	女又	0
𫰥	wn	文女	0
𫰤	nm	女米	0
𫰡	nh	女华	0
𫰟	ng	女亙	0
𫰟	ny	.	0
𫰞	nl	女列	0
𫰝	nz	女再	0
𫰜	nd	女大	0
𫰛	ng	女工	0
𫰙	nq	女仟	0
𫰘	nd	女刂	0
𫰗	nk	女冂	0
𫰗	yn	.	0
𫰒	no	女月	0
𫰑	nq	女欠	0
𫰎	ny	女牙	0
𫰌	nw	女五	0
𫯹	dm	大木	0
𫯹	md	木大	0
𫯱	bd	卜大	0
𫯱	dm	大米	0
𫯯	db	大包	0
𫯟	da	大丨	0
𫯚	dn	多囊	0
𫯑	ux	甚夕	0
𫯑	xu	夕甚	0
𫯌	ww	亠夊	0
𫯈	yr	壹容	0
𫮿	tg	土敢	0
𫮽	tq	土薔	0
𫮼	ti	土遲	0
𫮸	st	糸土	0
𫮸	tl	土厘	0
𫮶	th	土回	0
𫮵	ti	土舛	0
𫮴	tr	土榮	0
𫮲	tm	土墓	0
𫮫	ts	土糸	0
𫮪	tw	土窝	0
𫮨	td	土等	0
𫮧	tx	土象	0
𫮟	ty	土欲	0
𫮟	yt	欲土	0
𫮞	tk	土昆	0
𫮝	tp	土莆	0
𫮗	tv	土朕	0
𫮖	td	土島	0
𫮕	ti	土晟	0
𫮔	tq	土秦	0
𫮓	ty	土彧	0
𫮑	tj	土建	0
𫮍	tq	土奇	0
𫮊	ty	土爰	0
𫮉	up	士苹	0
𫮆	tg	土故	0
𫮅	tc	土参	0
𫮃	td	土单	0
𫮁	tz	土宗	0
𫭾	tj	土金	0
𫭽	tl	土罗	0
𫭼	tl	土劳	0
𫭺	td	土丶	0
𫭷	ty	土言	0
𫭴	lt	利土	0
𫭴	tl	土利	0
𫭰	tv	土志	0
𫭬	bl	卜里	0
𫭪	ty	土尧	0
𫭦	tl	土另	0
𫭥	tw	土未	0
𫭢	tl	土仑	0
𫭡	tp	土片	0
𫭟	tq	土区	0
𫭝	tf	土夫	0
𫭜	ts	土卅	0
𫭗	tb	土八	0
𫬻	kj	口矍	0
𫬹	kx	口璽	0
𫬭	kx	口轄	0
𫬨	ky	口罃	0
𫬥	ks	口穌	0
𫬡	yy	員英	0
𫬘	kb	口罷	0
𫬔	kc	口艹	0
𫬔	vk	喆口	0
𫬏	kl	口廖	0
𫬆	kf	口煩	0
𫫽	ru	睿圣	0
𫫻	kx	口萱	0
𫫳	kx	口孝	0
𫫰	ku	口舜	0
𫫯	km	口猫	0
𫫮	kv	口掌	0
𫫬	kk	口款	0
𫫪	ki	口辰	0
𫫪	uk	石口	0
𫫧	kv	口張	0
𫫣	kq	口牽	0
𫫠	ks	口宿	0
𫫜	kc	口猜	0
𫫚	kh	口含	0
𫫙	kq	口欠	0
𫫕	kt	口廷	0
𫫌	kv	口召	0
𫫌	lv	立召	0
𫫊	ky	口又	0
𫫉	kq	口欠	0
𫫈	bh	步合	0
𫫇	ke	口恶	0
𫫆	kv	口中	0
𫫂	kh	口孩	0
𫫁	kf	口飛	0
𫪼	kp	口迫	0
𫪰	km	口姆	0
𫪩	vy	只有	0
𫪦	kv	口知	0
𫪝	kf	口芬	0
𫪛	ki	口長	0
𫪘	ko	口欧	0
𫪖	kk	口亏	0
𫪕	hx	号先	0
𫪐	kj	口局	0
𫪉	vv	只只	0
𫪈	kx	口系	0
𫪁	kl	口来	0
𫩷	kx	口凶	0
𫩰	kd	口斗	0
𫩭	kz	口早	0
𫩧	kl	口令	0
𫩧	lk	令口	0
𫩟	kq	口巧	0
𫩞	ky	.	0
𫩞	ty	.	0
𫩜	kv	口爪	0
𫩛	ks	.	0
𫩙	gl	乚吕	0
𫩙	kk	口口	0
𫩘	kv	口中	0
𫩗	ki	口叉	0
𫩒	kj	口巾	0
𫩑	ak	丆口	0
𫩑	ka	口丆	0
𫩋	cd	艹丶	0
𫩋	yd	又丶	0
𫩅	uz	双卒	0
𫨻	uu	尸殳	0
𫨻	yj	又几	0
𫨬	ql	去來	0
𫨦	sb	厶卜	0
𫨤	ij	厂晋	0
𫨚	ib	厂部	0
𫨔	iy	.	0
𫨓	iy	厂邑	0
𫨋	iu	厂尚	0
𫨇	iy	厂羊	0
𫨀	ed	卩丶	0
𫨀	vj	爫即	0
𫧵	ky	卡耶	0
𫧯	bg	.	0
𫧯	bn	.	0
𫧮	bm	卜麦	0
𫧮	mb	麦卜	0
𫧩	um	十皿	0
𫧥	ur	十入	0
𫧤	uv	十專	0
𫧢	qq	千千	0
𫧢	uq	十千	0
𫧝	kg	匚貢	0
𫧍	ko	匚日	0
𫧋	kk	匚凵	0
𫧃	wh	勿会	0
𫦾	lx	力學	0
𫦾	xl	學力	0
𫦺	lj	力佳	0
𫦺	sl	厶力	0
𫦸	ll	力勞	0
𫦷	hl	禾力	0
𫦷	lc	力次	0
𫦴	hl	晃力	0
𫦴	lh	力晃	0
𫦲	kl	口力	0
𫦲	lo	力目	0
𫦱	kl	冂力	0
𫦱	lo	力月	0
𫦯	ll	力林	0
𫦮	lq	力其	0
𫦮	ql	其力	0
𫦭	ll	力良	0
𫦪	kl	口力	0
𫦪	lo	力月	0
𫦧	lf	力乏	0
𫦙	qd	喬刂	0
𫦗	dd	多刂	0
𫦔	dj	刀將	0
𫦔	jd	將刀	0
𫦒	dd	第刂	0
𫦏	nd	拿刂	0
𫦍	ad	丆刀	0
𫦍	dd	刀大	0
𫦃	bd	奔刂	0
𫥾	md	米刂	0
𫥭	mi	滿出	0
𫥬	ic	出草	0
𫥤	ib	出丙	0
𫥡	bj	匕几	0
𫥡	jb	几匕	0
𫥟	fn	凡女	0
𫥞	jj	几巾	0
𫥝	dq	冫親	0
𫥚	dc	冫粲	0
𫥙	dc	冫寸	0
𫥗	dq	冫欠	0
𫥓	dy	冫俞	0
𫥒	dd	冫大	0
𫥑	dl	冫剌	0
𫥋	dg	冫艮	0
𫥈	dv	冫召	0
𫥆	dy	冫永	0
𫥄	dv	冫占	0
𫥃	dy	冫尹	0
𫥂	do	冫月	0
𫥁	dj	冫斤	0
𫥀	dk	冫冂	0
𫤿	dy	冫于	0
𫤾	dy	冫乙	0
𫤹	bi	冖辰	0
𫤴	qv	其章	0
𫤭	by	.	0
𫤨	eh	儿華	0
𫤨	gh	光華	0
𫤦	gy	光堯	0
𫤥	ev	儿隹	0
𫤥	gv	光隹	0
𫤞	yu	元首	0
𫤚	gl	光令	0
𫤘	es	儿罒	0
𫤗	ae	丨儿	0
𫤗	ey	.	0
𫤖	ry	亻巖	0
𫤔	rn	人鳥	0
𫤔	ry	亻鶯	0
𫤐	rc	人从	0
𫤐	rq	亻僉	0
𫤌	rg	亻敢	0
𫤇	rh	亻還	0
𫤃	rb	亻壁	0
𫣾	rh	亻灬	0
𫣼	rl	亻霖	0
𫣼	rm	人木	0
𫣻	rf	人負	0
𫣻	rl	亻賴	0
𫣺	rj	亻静	0
𫣷	rk	亻寬	0
𫣶	rk	亻靠	0
𫣴	rx	亻賢	0
𫣳	ri	人辰	0
𫣯	bl	保利	0
𫣭	dy	代異	0
𫣩	rj	人斤	0
𫣩	rx	亻新	0
𫣧	rv	亻置	0
𫣦	rt	亻葶	0
𫣥	rd	亻蒂	0
𫣤	rw	亻葦	0
𫣡	rf	亻富	0
𫣠	ro	人日	0
𫣠	rv	亻智	0
𫣟	rj	亻菊	0
𫣟	ry	.	0
𫣘	hf	合丰	0
𫣘	rf	人丰	0
𫣗	rt	亻覃	0
𫣑	ra	人乛	0
𫣑	rr	亻軟	0
𫣎	rb	亻八	0
𫣍	ro	人月	0
𫣌	rs	亻厶	0
𫣊	ra	亻爱	0
𫣉	rj	亻监	0
𫣆	re	亻恩	0
𫣆	rx	人心	0
𫣅	rq	亻豈	0
𫣀	rw	亻歪	0
𫢻	ro	亻月	0
𫢺	rc	亻参	0
𫢸	rd	亻单	0
𫢷	rx	亻享	0
𫢶	rd	亻店	0
𫢴	rb	人卜	0
𫢳	re	亻儿	0
𫢰	ru	亻昇	0
𫢯	ry	亻芽	0
𫢮	rh	亻花	0
𫢦	rh	亻宏	0
𫢤	re	亻儿	0
𫢣	rd	人刂	0
𫢝	ry	亻宇	0
𫢜	ry	亻爷	0
𫢕	rd	亻刀	0
𫢓	ru	亻史	0
𫢑	rs	亻三	0
𫢎	ry	亻允	0
𫢌	rd	亻丹	0
𫢉	rg	人干	0
𫢈	rd	亻刀	0
𫢅	ry	.	0
𫡼	mm	亩目	0
𫡼	mo	亩目	0
𫡺	wu	亠士	0
𫡫	yn	乙南	0
𫡩	yy	也也	0
𫡨	yq	乙求	0
𫡙	qy	.	0
𫡅	aj	丨丩	0
𫡅	jj	丩丩	0
𫡄	an	丨乃	0
𫡄	na	乃丨	0
𫠲	bq	不曲	0
𫠭	bb	不不	0
𫠬	bv	不中	0
𫠡	yg	.	0
𫠜	ie	齿兒	0
𫠛	ix	齒星	0
𫠎	yj	魚賈	0
𫠊	mx	马玄	0
𫠆	vy	支页	0
𫠆	yv	.	0
𫠄	wh	韋亥	0
𫠃	ex	阝显	0
𫟼	jd	金达	0
𫟹	jg	金共	0
𫟷	jl	金立	0
𫟮	yd	酉丢	0
𫟭	ke	客阝	0
𫟧	zd	辶丁	0
𫟦	is	车遂	0
𫟣	zs	足喪	0
𫟗	ii	虫察	0
𫟊	ox	月席	0
𫟅	sj	纟京	0
𫟂	sh	糸寒	0
𫞼	lz	立在	0
𫞻	ld	立丁	0
𫞭	bc	疒財	0
𫞩	wl	王两	0
𫝾	fm	扌麥	0
𫝽	fx	扌修	0
𫝻	fh	扌回	0
𫝺	fu	扌甩	0
𫝴	uh	山后	0
𫝭	ny	女婴	0
𫝞	kw	口霧	0
𫝛	xt	相同	0
𫝏	dy	冫彦	0
𫝎	dj	冫見	0
𫜸	kb	口匕	0
𫜭	is	齿所	0
𫜩	id	.	0
𫜨	ib	齿巴	0
𫜦	if	齒甫	0
𫜣	ud	鼠登	0
𫜖	mj	麻吉	0
𫜏	li	鹿舛	0
𫜏	ml	米鹿	0
𫜎	lo	鹿日	0
𫜋	ll	鹿力	0
𫛶	nl	.	0
𫛲	vn	周鸟	0
𫛯	fn	纺鸟	0
𫛭	kn	狂鸟	0
𫛭	nk	.	0
𫛩	na	.	0
𫛞	ng	鸟夬	0
𫛓	nh	鳥華	0
𫛏	hn	隺鳥	0
𫛏	nh	鳥隺	0
𫛌	gn	哥鳥	0
𫛌	ng	鳥哥	0
𫛊	fn	飛鳥	0
𫛊	nf	鳥飛	0
𫛆	no	鳥月	0
𫛆	yn	肀鳥	0
𫛂	nu	鳥氏	0
𫛂	on	日鳥	0
𫛁	nw	鳥武	0
𫛁	wn	武鳥	0
𫚽	nt	鳥土	0
𫚽	un	山鳥	0
𫚼	no	鳥月	0
𫚹	ne	鳥阝	0
𫚹	xn	夕鳥	0
𫚴	hn	禾鳥	0
𫚴	nh	鳥禾	0
𫚲	nr	鳥冗	0
𫚲	rn	冗鳥	0
𫚯	in	厂鳥	0
𫚯	nj	鳥几	0
𫚮	ny	鳥乙	0
𫚮	yn	乙鳥	0
𫚭	yl	.	0
𫚖	cy	此鱼	0
𫚖	yc	.	0
𫚕	yu	鱼师	0
𫚔	yh	鱼回	0
𫚒	yf	鱼弗	0
𫚃	yb	魚八	0
𫚂	yj	魚截	0
𫙿	ym	魚曼	0
𫙽	yw	魚萬	0
𫙷	yg	魚貴	0
𫙲	yi	魚常	0
𫙮	yj	魚桀	0
𫙦	wy	物魚	0
𫙦	yw	魚物	0
𫙤	yh	魚杭	0
𫙣	ly	里魚	0
𫙣	yl	魚里	0
𫙙	ys	魚色	0
𫙘	yx	魚西	0
𫙓	yu	魚史	0
𫙎	gd	鬼單	0
𫙅	gy	鬲用	0
𫘾	ii	髟辰	0
𫘽	ih	髟会	0
𫘷	gz	高早	0
𫘳	gj	骨建	0
𫘬	mx	马奚	0
𫘪	mr	.	0
𫘪	my	马原	0
𫘨	mu	马是	0
𫘧	ml	马录	0
𫘦	mf	马缶	0
𫘦	mt	.	0
𫘤	my	马矣	0
𫘝	mg	马夬	0
𫘜	mw	马文	0
𫘚	mf	馬糞	0
𫘙	mf	馬鳳	0
𫘘	lm	路馬	0
𫘘	ml	馬路	0
𫘗	ml	馬萊	0
𫘕	mj	馬兼	0
𫘔	mi	馬虫	0
𫘓	mw	馬攵	0
𫘏	mm	馬面	0
𫘍	mk	馬口	0
𫘌	mh	馬虎	0
𫘊	mx	馬西	0
𫘉	mh	馬火	0
𫘆	mf	馬夫	0
𫘅	mi	馬叉	0
𫘄	xb	香寶	0
𫘂	xj	香集	0
𫘁	xz	香責	0
𫗿	xf	香飛	0
𫗴	ud	食亶	0
𫗲	us	饣斯	0
𫗰	uv	饣追	0
𫗫	uh	食胡	0
𫗧	uu	饣束	0
𫗜	ux	食需	0
𫗙	uz	食責	0
𫗘	um	飠皿	0
𫗕	un	飠南	0
𫗔	ud	食大	0
𫗓	ug	食告	0
𫗏	uy	飠有	0
𫗅	bf	鼻風	0
𫗅	fb	風鼻	0
𫖻	fg	風公	0
𫖻	gf	公風	0
𫖹	yq	.	0
𫖳	jy	君页	0
𫖳	yj	.	0
𫖯	vy	兆页	0
𫖯	yv	.	0
𫖮	qy	岂页	0
𫖮	yq	.	0
𫖥	oy	日頁	0
𫖥	yd	頁豆	0
𫖢	oy	日頁	0
𫖢	yu	頁示	0
𫖡	ky	壳頁	0
𫖡	yk	頁壳	0
𫖞	iy	斥頁	0
𫖞	yi	頁斥	0
𫖛	yh	音華	0
𫖙	yv	音貞	0
𫖘	yb	音弁	0
𫖘	yc	.	0
𫖗	yd	音斗	0
𫖔	wy	韦用	0
𫖏	wm	韋曼	0
𫖎	jw	京韋	0
𫖎	wj	韋京	0
𫖈	gy	革羽	0
𫖈	yg	羽革	0
𫖃	mg	面贵	0
𫖁	mv	面兆	0
𫕽	fh	非合	0
𫕽	hf	合非	0
𫕼	qj	青竟	0
𫕻	qq	青青	0
𫕺	qb	青半	0
𫕶	yb	雨壁	0
𫕴	yj	雨竭	0
𫕯	yw	雨爲	0
𫕮	ye	雨阝	0
𫕬	yl	雨勒	0
𫕫	yv	雨振	0
𫕩	yh	雨虹	0
𫕧	yf	雨芬	0
𫕦	yw	雨汶	0
𫕢	ym	雨母	0
𫕠	yb	雨巴	0
𫕟	yo	雨月	0
𫕞	yt	雨土	0
𫕜	vw	隹烏	0
𫕜	wv	烏隹	0
𫕛	uv	舌隹	0
𫕛	vu	隹舌	0
𫕙	bl	匕隶	0
𫕙	lh	隶禾	0
𫕕	ej	阝冏	0
𫕔	ex	阝小	0
𫕒	eg	阝古	0
𫕑	ef	阝匐	0
𫕐	eu	阝爽	0
𫕎	ew	阝翁	0
𫕍	ex	阝宣	0
𫕈	eh	阝曷	0
𫕆	ec	阝艹	0
𫕅	ee	阝二	0
𫕄	ej	阝具	0
𫕂	ej	阝究	0
𫕁	ew	阝吾	0
𫔿	yd	阳丁	0
𫔾	ee	阝耳	0
𫔼	ey	阝由	0
𫔻	ew	阝文	0
𫔶	mm	.	0
𫔶	mn	门臬	0
𫔫	md	門大	0
𫔩	mm	門莫	0
𫔨	mu	門食	0
𫔥	mq	門其	0
𫔢	mi	門串	0
𫔡	md	門豆	0
𫔠	md	門冬	0
𫔟	md	門代	0
𫔝	mo	門目	0
𫔜	mg	門古	0
𫔛	mh	門化	0
𫔚	mv	門中	0
𫔘	ma	門丨	0
𫔗	it	镸忝	0
𫔓	jh	金霍	0
𫔎	jj	.	0
𫔎	jy	钅矞	0
𫔍	jf	钅番	0
𫓹	jq	钅其	0
𫓷	jp	金疋	0
𫓶	jj	.	0
𫓶	jo	金月	0
𫓯	jg	钅圭	0
𫓩	jc	钅从	0
𫓧	jf	钅夫	0
𫓤	jj	金韭	0
𫓠	ju	金聲	0
𫓝	jj	金金	0
𫓛	ju	金奭	0
𫓙	jw	金維	0
𫓗	jx	金幸	0
𫓖	jj	吉金	0
𫓖	jp	金皮	0
𫓔	jy	金義	0
𫓓	jb	金冖	0
𫓑	jc	金葱	0
𫓐	jd	金豆	0
𫓏	jg	金感	0
𫓌	jd	金答	0
𫓉	jl	金量	0
𫓅	jx	金辛	0
𫓄	jc	金寸	0
𫓂	jc	金艹	0
𫓁	ji	金崇	0
𫒿	jd	金帶	0
𫒻	jn	金牛	0
𫒺	jw	金攵	0
𫒹	jb	金包	0
𫒸	jr	金冗	0
𫒶	jt	金叹	0
𫒵	js	金厶	0
𫒴	jk	金客	0
𫒲	jb	金拜	0
𫒭	jb	金宝	0
𫒫	jd	金的	0
𫒪	je	金兒	0
𫒩	jf	金奉	0
𫒧	jy	金雨	0
𫒦	jv	金直	0
𫒤	jz	金子	0
𫒣	jy	金业	0
𫒣	wj	亠金	0
𫒢	jh	金罕	0
𫒡	jp	金疋	0
𫒠	jx	金系	0
𫒟	jy	金余	0
𫒞	jj	金戒	0
𫒝	jg	金更	0
𫒛	jz	金字	0
𫒚	jy	金亦	0
𫒙	ju	金守	0
𫒘	jf	金缶	0
𫒗	jy	金曳	0
𫒕	jt	金土	0
𫒔	ju	金圣	0
𫒒	jq	金丘	0
𫒑	jk	金亏	0
𫒏	jm	金皿	0
𫒎	ju	金水	0
𫒍	jw	金午	0
𫒌	jj	金介	0
𫒋	jw	金攵	0
𫒇	jq	金七	0
𫒄	li	里厂	0
𫒄	ml	米厘	0
𫑿	yj	酉蕉	0
𫑻	yp	酉品	0
𫑸	pj	配今	0
𫑴	yc	酉存	0
𫑳	yw	酉丸	0
𫑭	qe	慶阝	0
𫑫	ze	資阝	0
𫑪	le	雷阝	0
𫑧	qe	區阝	0
𫑦	ye	晏阝	0
𫑥	ie	辰阝	0
𫑤	we	胃阝	0
𫑣	ke	口阝	0
𫑢	bv	邦中	0
𫑡	em	.	0
𫑡	me	黾阝	0
𫑟	ye	言阝	0
𫑚	gy	.	0
𫑔	zy	辶營	0
𫑎	zy	辶筵	0
𫑄	zw	辶王	0
𫑁	zy	辶猗	0
𫐼	zp	辶旁	0
𫐺	zy	辶殷	0
𫐶	zs	辶厶	0
𫐳	zy	辶羊	0
𫐱	zz	辶宗	0
𫐰	ze	辶兒	0
𫐮	zl	辶侖	0
𫐭	zv	辶争	0
𫐬	zu	辶士	0
𫐫	zx	辶夕	0
𫐩	zz	辶坐	0
𫐦	zk	辶克	0
𫐣	zb	辶丙	0
𫐢	zg	辶古	0
𫐡	zj	辶今	0
𫐠	zm	辶木	0
𫐛	xb	辛贝	0
𫐓	ir	车柔	0
𫐐	ie	车兒	0
𫐄	iw	车兀	0
𫏿	iw	車午	0
𫏼	fj	夫軍	0
𫏼	ib	車冖	0
𫏺	iy	車爰	0
𫏹	ie	車二	0
𫏸	is	車巳	0
𫏴	ib	車白	0
𫏳	ig	車戈	0
𫏰	ud	身短	0
𫏭	uw	身攵	0
𫏬	uu	身身	0
𫏫	uv	身宅	0
𫏤	zu	足朔	0
𫏛	zj	足巾	0
𫏘	zm	足皿	0
𫏗	zd	足段	0
𫏒	zb	足爸	0
𫏏	zq	足青	0
𫏋	zq	足乔	0
𫏇	zg	足共	0
𫏅	zy	足央	0
𫏁	zy	.	0
𫎻	zx	走星	0
𫎺	zc	走参	0
𫎹	zc	走寸	0
𫎷	zd	走丶	0
𫎶	zg	走汞	0
𫎵	zk	走克	0
𫎴	zt	走同	0
𫎲	zu	走示	0
𫎯	ix	赤昔	0
𫎣	bi	貝乂	0
𫎣	si	厶乂	0
𫎡	bg	貝古	0
𫎡	ib	臣貝	0
𫎟	bq	貝耆	0
𫎝	bj	貝皆	0
𫎜	bw	貝攵	0
𫎜	wb	未貝	0
𫎙	bd	貝兑	0
𫎗	bf	貝否	0
𫎖	bh	貝合	0
𫎔	bu	貝仕	0
𫎔	ub	仕貝	0
𫎓	by	.	0
𫎒	bf	貝方	0
𫎐	bq	貝乞	0
𫎏	by	貝于	0
𫎍	vb	豸包	0
𫎋	vy	豸有	0
𫎊	vy	豸弋	0
𫎇	ad	丨丶	0
𫎅	uy	.	0
𫎃	fd	府豆	0
𫎂	gw	谷委	0
𫎂	wg	委谷	0
𫍽	yh	.	0
𫍲	ys	言叟	0
𫍯	yx	言咸	0
𫍣	yt	讠同	0
𫍢	yy	讠尧	0
𫍟	yy	言也	0
𫍙	yy	言也	0
𫍘	yu	言屬	0
𫍓	yj	言兼	0
𫍌	yt	言通	0
𫍉	yf	言梵	0
𫍇	yr	言容	0
𫍃	yy	言勇	0
𫍁	yi	言串	0
𫍀	yj	言金	0
𫌾	yx	言系	0
𫌽	yt	言妥	0
𫌼	yi	言車	0
𫌺	xy	覀言	0
𫌺	yx	言覀	0
𫌹	yy	.	0
𫌸	dy	代言	0
𫌸	yd	言代	0
𫌶	yp	言丕	0
𫌴	yw	言文	0
𫌱	jw	角韋	0
𫌨	je	.	0
𫌦	jx	見先	0
𫌦	xj	先見	0
𫌤	ju	見殳	0
𫌤	uj	声見	0
𫌡	fj	夫見	0
𫌡	jf	見夫	0
𫌞	jx	見覀	0
𫌞	xj	覀見	0
𫌝	jx	見兄	0
𫌛	xf	覀峰	0
𫌚	xh	覀禾	0
𫌙	yj	衤簡	0
𫌘	yc	衤叢	0
𫌔	yq	衤羣	0
𫌓	yd	衤豆	0
𫌍	hy	禾衣	0
𫌍	yb	衣百	0
𫌆	ys	衤叟	0
𫌅	yw	衤勿	0
𫌃	yb	衤卜	0
𫌂	yw	衤委	0
𫌀	yz	衤责	0
𫋾	yk	衤亏	0
𫋽	yj	衤角	0
𫋼	ys	衤糸	0
𫋺	yv	衤兆	0
𫋸	yy	衤有	0
𫋵	yu	衤申	0
𫋴	ly	六衣	0
𫋴	yl	衣六	0
𫋳	yf	衤方	0
𫋱	xi	彳亍	0
𫋮	xi	彳亍	0
𫋪	xb	血比	0
𫋧	ig	虫廣	0
𫋦	iq	虫趣	0
𫋤	iu	虫壽	0
𫋣	ii	虫虫	0
𫋠	id	虫豆	0
𫋜	ic	虫寸	0
𫋛	ij	虫菁	0
𫋗	iq	虫雀	0
𫋕	ij	虫家	0
𫋔	iu	虫十	0
𫋓	ih	虫合	0
𫋐	ig	虫貢	0
𫋍	ik	虫客	0
𫋊	ik	虫口	0
𫋊	yi	.	0
𫋈	if	虫房	0
𫋄	iq	虫邱	0
𫋂	iq	虫妻	0
𫋁	ix	虫辛	0
𫋀	is	虫宋	0
𫊻	ix	虫寻	0
𫊺	is	虫糸	0
𫊷	iu	虫杀	0
𫊲	id	虫大	0
𫊲	si	厶虫	0
𫊯	ih	虫乎	0
𫊭	iy	虫央	0
𫊭	yi	央虫	0
𫊬	iy	虫央	0
𫊫	ib	虫丷	0
𫊫	yi	又虫	0
𫊩	ij	虫及	0
𫊨	iq	虫气	0
𫊥	it	虫土	0
𫊤	ib	虫匕	0
𫊣	hy	虍魚	0
𫊢	he	虍二	0
𫊡	hz	虍自	0
𫊟	hr	虍壬	0
𫊜	cd	艹疊	0
𫊗	cm	艹皿	0
𫊕	cu	艹戍	0
𫊓	ch	艹鴻	0
𫊒	cg	艹鮭	0
𫊑	cp	艹磻	0
𫊎	xt	薛土	0
𫊌	ch	艹灬	0
𫊊	ch	艹糊	0
𫊉	cv	艹止	0
𫊇	cg	艹咼	0
𫊅	cl	艹耒	0
𫊃	ci	卝綢	0
𫉿	cb	卝禀	0
𫉾	cb	卝部	0
𫉽	cu	卝殳	0
𫉷	cd	艹墊	0
𫉶	cm	卝皿	0
𫉵	cy	艹衣	0
𫉯	cy	艹又	0
𫉮	cx	艹歆	0
𫉭	ce	艹儿	0
𫉪	cw	艹攵	0
𫉧	ch	艹灬	0
𫉦	cw	艹攵	0
𫉥	cu	艹勢	0
𫉣	ch	艹湖	0
𫉟	cj	艹鈞	0
𫉞	cy	艹于	0
𫉝	cs	艹瑟	0
𫉛	cw	艹委	0
𫉘	cy	艹庸	0
𫉗	cy	艹雨	0
𫉔	cw	艹偉	0
𫉐	cf	艹方	0
𫉍	cm	艹麥	0
𫉌	cp	艹匏	0
𫉋	cl	艹利	0
𫉊	cd	艹堆	0
𫉉	ch	艹黄	0
𫉈	cj	艹斤	0
𫉆	cx	艹脅	0
𫉄	cv	艹诸	0
𫉃	cl	艹浰	0
𫉂	cg	艹果	0
𫉁	ca	艹爱	0
𫈿	cy	艹又	0
𫈾	cb	艹卜	0
𫈼	cw	艹戊	0
𫈹	ci	艹車	0
𫈸	cd	艹电	0
𫈷	ct	艹桐	0
𫈴	ck	艹开	0
𫈳	cx	艹小	0
𫈰	cq	艹洽	0
𫈯	cd	艹丶	0
𫈮	ca	艹哀	0
𫈭	cy	艹洋	0
𫈬	cd	艹电	0
𫈫	cq	艹欠	0
𫈧	ck	艹冂	0
𫈦	cw	艹戊	0
𫈥	ck	艹柯	0
𫈢	ch	艹厚	0
𫈠	jt	茄土	0
𫈝	cx	艹心	0
𫈜	cy	艹油	0
𫈛	cv	艹宙	0
𫈚	cf	艹放	0
𫈗	ck	艹口	0
𫈖	ci	艹虫	0
𫈔	cy	艹昀	0
𫈒	cb	艹表	0
𫈑	cw	艹玟	0
𫈐	cx	艹幸	0
𫈍	cd	艹冬	0
𫈌	cf	艹夫	0
𫈋	cb	艹庇	0
𫈊	cf	艹方	0
𫈅	cg	艹谷	0
𫈄	cu	艹似	0
𫈁	cj	艹井	0
𫈀	ci	艹吹	0
𫇿	cu	艹束	0
𫇾	ct	艹土	0
𫇼	cf	艹凡	0
𫇻	ci	艹池	0
𫇺	cv	艹庄	0
𫇹	cr	艹人	0
𫇸	cv	艹竹	0
𫇷	ck	艹考	0
𫇶	cz	艹再	0
𫇵	cn	艹奶	0
𫇳	cu	艹上	0
𫇲	ct	艹土	0
𫇱	cz	艹仔	0
𫇰	cj	艹旧	0
𫇯	ch	艹号	0
𫇮	cd	艹丶	0
𫇭	cw	艹为	0
𫇬	ci	艹乂	0
𫇫	cf	艹父	0
𫇧	ca	艹乛	0
𫇦	cb	艹冖	0
𫇥	cb	艹卜	0
𫇤	hs	盍色	0
𫇤	sh	色盍	0
𫇣	vx	舟羲	0
𫇢	vx	舟羲	0
𫇝	vj	舟叚	0
𫇚	vq	舟千	0
𫇙	ug	舍蓋	0
𫇗	uj	舌兼	0
𫇕	uv	舍主	0
𫇔	uj	舌几	0
𫇑	vv	至蓁	0
𫇎	vu	至束	0
𫇋	zq	自泉	0
𫇇	iw	臣我	0
𫇃	ol	月麗	0
𫆾	oy	月言	0
𫆼	ob	月蒡	0
𫆹	ou	月水	0
𫆵	oh	月惠	0
𫆳	om	月曼	0
𫆯	ow	月夊	0
𫆬	do	氵月	0
𫆬	oi	月辰	0
𫆩	oi	月串	0
𫆦	ou	月省	0
𫆤	oj	月金	0
𫆣	og	月固	0
𫆠	op	月判	0
𫆟	ol	月力	0
𫆞	og	月工	0
𫆙	do	丶月	0
𫆙	ob	月冖	0
𫆗	oa	月卬	0
𫆖	od	月丶	0
𫆔	by	匕聿	0
𫆔	yu	聿示	0
𫆒	eh	耳忽	0
𫆑	eh	耳會	0
𫆐	ed	耳單	0
𫆎	ex	耳徙	0
𫆎	xe	徙耳	0
𫆌	ey	耳益	0
𫆋	eg	耳鬲	0
𫆊	ek	耳冂	0
𫆈	ew	耳攵	0
𫆈	he	户耳	0
𫆇	ec	耳采	0
𫆆	ey	耳矣	0
𫆅	ei	耳呈	0
𫆄	eg	耳丐	0
𫆂	eq	耳全	0
𫆁	eq	耳欠	0
𫆀	ee	耳卩	0
𫅽	li	耒春	0
𫅻	lq	耒曲	0
𫅺	le	耒而	0
𫅶	lv	老者	0
𫅱	yy	羽羊	0
𫅱	zy	自羽	0
𫅪	yf	羽非	0
𫅧	yy	羽羊	0
𫅦	by	.	0
𫅦	yc	羽屮	0
𫅤	yl	羽令	0
𫅢	ty	土羽	0
𫅢	yt	羽土	0
𫅛	yb	羊崩	0
𫅘	jj	吉茄	0
𫅔	yg	羊艮	0
𫅒	ym	羊民	0
𫅐	yy	羊央	0
𫅏	bv	丷正	0
𫅍	sl	罒龍	0
𫅋	sh	罒會	0
𫅉	sp	罒配	0
𫅇	sj	罒金	0
𫅄	sv	罒兆	0
𫅃	bz	冖早	0
𫅂	su	罒石	0
𫅀	sk	罒亏	0
𫄾	ff	缶缶	0
𫄻	fv	缶隹	0
𫄺	fi	缶呈	0
𫄸	sx	纟熏	0
𫄷	sy	纟意	0
𫄶	sq	纟强	0
𫄨	sx	纟希	0
𫄧	sy	纟延	0
𫄥	sl	纟丽	0
𫄤	sd	纟达	0
𫄘	st	糸滕	0
𫄖	sm	糸皿	0
𫄔	sj	糸兼	0
𫄏	sv	糸箴	0
𫄍	sf	糸鳳	0
𫄉	sl	糸路	0
𫄇	sz	糸載	0
𫄅	sg	糸感	0
𫄂	sb	糸筆	0
𫄀	sx	糸幸	0
𫃿	sq	糸求	0
𫃾	sp	糸莆	0
𫃽	sx	糸雪	0
𫃻	sr	糸容	0
𫃺	sa	糸丨	0
𫃷	sm	糸眉	0
𫃴	sh	糸奂	0
𫃳	su	糸勺	0
𫃰	ss	糸叁	0
𫃭	st	糸天	0
𫃬	su	糸叔	0
𫃪	sd	糸丶	0
𫃨	sd	糸电	0
𫃧	sg	糸龟	0
𫃥	sz	糸足	0
𫃣	sz	糸字	0
𫃢	sx	糸休	0
𫃟	sw	糸未	0
𫃞	sv	糸中	0
𫃝	sy	糸亿	0
𫃜	sk	糸口	0
𫃙	ld	力翟	0
𫃙	md	米翟	0
𫃕	mc	米慈	0
𫃓	mg	米過	0
𫃑	ml	米勞	0
𫃐	mm	米悶	0
𫃏	mj	米景	0
𫃎	mm	米麻	0
𫃍	my	米庸	0
𫃌	mv	米展	0
𫃊	ml	米荖	0
𫃆	mu	米是	0
𫃆	um	是米	0
𫃃	mq	米邱	0
𫃂	mq	米取	0
𫃁	mq	米求	0
𫃀	ma	米安	0
𫂽	mr	米戎	0
𫂼	me	米尔	0
𫂻	mj	米旧	0
𫂺	mt	米田	0
𫂹	mu	米石	0
𫂸	mz	米匝	0
𫂶	mf	米丰	0
𫂳	mu	米山	0
𫂳	um	山米	0
𫂱	ma	米丨	0
𫂰	vj	𥫗韭	0
𫂭	vt	𥫗謄	0
𫂬	vh	𥫗衡	0
𫂧	vu	竹束	0
𫂦	vz	𥫗宗	0
𫂥	vm	竹買	0
𫂤	vx	竹象	0
𫂢	vb	竹貝	0
𫂡	vj	𥫗棘	0
𫂟	vm	竹麻	0
𫂞	vk	竹康	0
𫂛	vu	竹示	0
𫂕	vb	𥫗倍	0
𫂔	vw	竹戊	0
𫂑	vd	𥫗电	0
𫂐	vt	𥫗泰	0
𫂏	vw	𥫗丸	0
𫂍	vz	𥫗早	0
𫂌	vm	𥫗毛	0
𫂊	vv	𥫗正	0
𫂉	ve	竹阝	0
𫂇	vd	竹的	0
𫂆	vg	竹国	0
𫂄	vy	竹乙	0
𫂂	vm	竹每	0
𫂁	vd	𥫗大	0
𫂀	vb	竹孛	0
𫁾	vu	𥫗豕	0
𫁼	vf	竹帆	0
𫁻	vz	𥫗仔	0
𫁹	vz	𥫗匝	0
𫁸	vw	竹戊	0
𫁵	vd	𥫗斗	0
𫁴	vr	𥫗人	0
𫁲	vw	𥫗无	0
𫁭	ll	立勞	0
𫁬	lw	立勿	0
𫁪	ll	立立	0
𫁨	lw	立韋	0
𫁦	lj	立居	0
𫁥	ld	立店	0
𫁣	lj	立角	0
𫁢	ly	立宇	0
𫁡	nl	.	0
𫁠	lc	立册	0
𫁝	xg	穴咼	0
𫁙	xn	穴女	0
𫁕	xm	穴勉	0
𫁒	xv	穴隹	0
𫁐	xm	穴妙	0
𫁏	xh	穴禾	0
𫁍	xv	穴朱	0
𫁌	xz	穴再	0
𫁋	xk	穴口	0
𫁄	hx	禾消	0
𫁃	hx	禾血	0
𫀿	ht	禾彖	0
𫀾	hu	禾少	0
𫀼	hs	禾思	0
𫀻	hg	禾庚	0
𫀺	hh	禾禾	0
𫀸	hj	禾局	0
𫀷	hr	禾忍	0
𫀴	ht	禾土	0
𫀲	hk	禾克	0
𫀱	hh	禾后	0
𫀰	hv	禾兆	0
𫀯	hx	禾旭	0
𫀮	hd	禾当	0
𫀪	ht	禾田	0
𫀩	hw	禾午	0
𫀣	uj	示箕	0
𫀠	ui	示常	0
𫀞	uc	示倉	0
𫀜	qu	秦示	0
𫀜	uq	示秦	0
𫀛	ut	示叹	0
𫀚	um	示皿	0
𫀘	ul	示隶	0
𫀗	ue	示兒	0
𫀒	uy	示易	0
𫀑	uv	示卓	0
𫀐	uw	示武	0
𫀎	uy	示言	0
𫀍	uy	示曳	0
𫀋	uj	示夾	0
𫀊	uy	示衣	0
𫀈	ut	示同	0
𫀇	ul	示耒	0
𫀆	ub	示包	0
𫀅	uv	示占	0
𫀄	uw	示戊	0
𫀄	wu	戊示	0
𫀃	un	示内	0
𫀂	ur	示入	0
𫀂	uu	十示	0
𫀁	un	示女	0
𫀀	us	示厶	0
𫀀	yu	.	0
𪿿	ug	石敢	0
𪿾	uf	石蕃	0
𪿻	ul	石立	0
𪿺	ux	石辛	0
𪿷	um	石眉	0
𪿶	uj	石絜	0
𪿴	uu	石生	0
𪿳	um	石麻	0
𪿲	uy	石窑	0
𪿰	ub	石八	0
𪿯	uv	石逐	0
𪿮	ur	石容	0
𪿭	uj	石家	0
𪿬	ud	石电	0
𪿪	ub	石拜	0
𪿩	uj	石居	0
𪿨	uf	石非	0
𪿧	ux	石小	0
𪿤	ub	石包	0
𪿢	ux	石辛	0
𪿡	uh	石罕	0
𪿠	uo	石月	0
𪿟	ui	石辰	0
𪿞	uu	石寿	0
𪿜	uy	石乙	0
𪿛	ui	石虫	0
𪿚	us	石寺	0
𪿙	uh	石灰	0
𪿘	ut	石台	0
𪿗	un	石尼	0
𪿖	ux	石玄	0
𪿕	uj	石句	0
𪿔	ue	石儿	0
𪿑	uy	石元	0
𪿌	ur	矢柔	0
𪿋	uq	矢其	0
𪿉	uu	矢少	0
𪿆	mj	矛斤	0
𪿃	kx	看尋	0
𪿂	ov	目徵	0
𪿂	vo	徵目	0
𪾾	od	目答	0
𪾽	om	目閔	0
𪾶	oy	.	0
𪾳	ow	目韋	0
𪾱	ou	目省	0
𪾰	of	目放	0
𪾭	ol	目林	0
𪾫	ov	目助	0
𪾩	oy	目宇	0
𪾧	ol	目令	0
𪾥	oh	目号	0
𪾢	oj	目见	0
𪾠	ou	目勺	0
𪾖	mn	皿鳥	0
𪾔	mx	皿须	0
𪾓	im	城皿	0
𪾓	mi	皿城	0
𪾑	bm	抱皿	0
𪾑	mb	皿抱	0
𪾎	mz	皿子	0
𪾎	xm	夕皿	0
𪾍	mx	皿兄	0
𪾍	xm	兄皿	0
𪾊	my	皿尤	0
𪾊	ym	尤皿	0
𪾈	py	皮要	0
𪾅	bx	白羲	0
𪾄	by	白殷	0
𪾃	bw	白韋	0
𪾂	hx	皇兄	0
𪽿	bm	白免	0
𪽼	bw	白文	0
𪽻	bm	白木	0
𪽬	bw	疒未	0
𪽫	bv	疒爪	0
𪽢	tj	田焦	0
𪽜	td	田段	0
𪽚	gt	戈田	0
𪽚	tc	田从	0
𪽙	tf	田奉	0
𪽘	tt	田土	0
𪽖	nt	那田	0
𪽖	tn	田那	0
𪽏	tl	田令	0
𪽍	tk	田可	0
𪽌	tw	田文	0
𪽇	tj	田九	0
𪽂	mu	麦生	0
𪽂	um	生麦	0
𪽀	gg	甘告	0
𪼺	kw	口瓦	0
𪼺	wc	瓦艹	0
𪼵	dg	大瓜	0
𪼵	gg	瓜弓	0
𪼳	gd	瓜大	0
𪼮	wh	王寰	0
𪼭	wx	王憲	0
𪼬	wl	王霖	0
𪼫	we	王阝	0
𪼧	wc	王倉	0
𪼦	wy	王意	0
𪼥	wl	王廉	0
𪼤	wv	王詹	0
𪼣	wa	王奥	0
𪼢	wx	王幸	0
𪼡	wy	.	0
𪼙	wr	王閏	0
𪼘	wg	王亘	0
𪼗	ww	王雯	0
𪼕	wz	王族	0
𪼔	wp	王朋	0
𪼓	wg	王國	0
𪼒	wg	王莞	0
𪼑	wj	王堅	0
𪼐	wu	王爽	0
𪼏	ws	王桑	0
𪼎	ws	王厶	0
𪼍	wd	王旦	0
𪼊	wt	王徒	0
𪼉	hw	合王	0
𪼉	ww	王王	0
𪼈	qw	全王	0
𪼈	ww	王王	0
𪼇	wf	王峯	0
𪼅	wu	王豕	0
𪼄	wy	王袁	0
𪼃	wt	王泰	0
𪻿	wd	王度	0
𪻾	wy	王彦	0
𪻽	wk	王客	0
𪻼	wm	王木	0
𪻹	xy	星玉	0
𪻸	wk	王苛	0
𪻷	wr	王若	0
𪻳	wn	王南	0
𪻱	wh	王函	0
𪻯	wf	王放	0
𪻮	ww	王王	0
𪻭	wg	王亘	0
𪻬	wy	王岳	0
𪻫	ww	王罔	0
𪻪	wm	王明	0
𪻧	wt	王土	0
𪻦	wn	王奈	0
𪻤	wb	王兵	0
𪻢	wv	王折	0
𪻡	wd	王豆	0
𪻠	wn	王弄	0
𪻝	wy	王宇	0
𪻛	wt	王同	0
𪻚	wa	王艾	0
𪻘	wg	王亘	0
𪻗	wt	王土	0
𪻖	wk	王亏	0
𪻕	wg	王古	0
𪻔	wb	王冖	0
𪻓	wh	王火	0
𪻒	wx	王心	0
𪻑	wk	王亢	0
𪻐	wc	王从	0
𪻏	wj	王及	0
𪻎	wy	王匀	0
𪻆	qg	犭鬼	0
𪻄	qm	犭美	0
𪻂	qd	犭盾	0
𪻁	qb	犭並	0
𪺿	qm	犭門	0
𪺼	qi	犭辰	0
𪺺	qt	犭团	0
𪺶	nx	牛薛	0
𪺶	xn	薛牛	0
𪺳	hn	禾牛	0
𪺳	nr	牛人	0
𪺱	nr	牛冉	0
𪺰	nm	牛皿	0
𪺫	nn	牛奶	0
𪺩	nq	牛七	0
𪺧	yg	牙夬	0
𪺥	pn	片念	0
𪺠	px	爿心	0
𪺞	py	爿言	0
𪺜	fj	父即	0
𪺗	vw	争完	0
𪺒	vw	爫夊	0
𪺎	vx	爪兄	0
𪺍	vy	.	0
𪺌	hm	火墨	0
𪺆	hl	火郎	0
𪺄	hj	火即	0
𪺂	hm	火木	0
𪺂	mh	木火	0
𪺁	hm	火賣	0
𪺀	hc	火翠	0
𪹿	bh	賓灬	0
𪹽	hq	火奇	0
𪹼	hg	火恭	0
𪹻	hm	火木	0
𪹸	bh	鉢灬	0
𪹴	ho	火月	0
𪹳	hu	火属	0
𪹱	xh	享灬	0
𪹯	hj	火集	0
𪹮	ch	毳灬	0
𪹭	th	貼灬	0
𪹬	kh	口灬	0
𪹫	hp	火彭	0
𪹩	yh	幺灬	0
𪹧	hg	火古	0
𪹦	mh	米灬	0
𪹥	hj	火祭	0
𪹤	hu	火殺	0
𪹣	hx	火虚	0
𪹢	hw	火夊	0
𪹡	hb	火彬	0
𪹝	he	火二	0
𪹝	yh	炎火	0
𪹜	hk	火庫	0
𪹛	hu	火朔	0
𪹚	hp	火旁	0
𪹗	hy	火舀	0
𪹗	yh	舀火	0
𪹖	hw	火攵	0
𪹕	oh	日灬	0
𪹒	ho	火日	0
𪹑	vy	召炎	0
𪹏	hm	火美	0
𪹌	hg	火勹	0
𪹋	hy	火禹	0
𪹊	hy	火俞	0
𪹉	ih	刍灬	0
𪹈	hv	火正	0
𪹇	ht	火炭	0
𪹅	hn	火耐	0
𪹄	hx	火心	0
𪹁	hm	火孟	0
𪸿	xh	享灬	0
𪸼	hv	火周	0
𪸺	ha	火昂	0
𪸸	hd	火典	0
𪸶	hj	火戔	0
𪸵	hw	火武	0
𪸴	hq	火奇	0
𪸳	hv	火招	0
𪸱	hd	火丶	0
𪸰	hh	火回	0
𪸯	ht	火妥	0
𪸮	hd	火大	0
𪸭	hb	火貝	0
𪸫	hg	火更	0
𪸪	hy	火羽	0
𪸦	lh	老灬	0
𪸥	he	火耳	0
𪸤	hi	火成	0
𪸣	zh	早灬	0
𪸡	hh	火弘	0
𪸠	hy	火永	0
𪸞	he	火尔	0
𪸜	hq	火囚	0
𪸛	hy	火玉	0
𪸙	hw	火未	0
𪸘	hq	火去	0
𪸗	hy	火允	0
𪸖	hr	火人	0
𪸔	hv	火止	0
𪸒	hh	火互	0
𪸑	hy	火元	0
𪸐	hr	火刃	0
𪸎	hj	火几	0
𪸋	dq	氵騫	0
𪸈	di	氵疇	0
𪸇	bt	瀌土	0
𪸃	dq	氵氣	0
𪸀	dx	氵霞	0
𪷼	dq	氵錡	0
𪷻	dq	氵錢	0
𪷺	dh	氵蕙	0
𪷸	dq	氵慶	0
𪷷	dl	氵寮	0
𪷵	dy	氵蔭	0
𪷳	dp	氵霈	0
𪷱	ds	氵赛	0
𪷯	dz	氵粽	0
𪷭	dg	氵閨	0
𪷬	dj	氵緊	0
𪷨	dx	氵心	0
𪷧	dq	氵群	0
𪷣	ux	水辛	0
𪷠	dy	氵爰	0
𪷟	du	氵豕	0
𪷝	dl	氵鹿	0
𪷜	ds	氵絲	0
𪷙	dj	氵金	0
𪷖	dr	氵然	0
𪷕	df	氵斐	0
𪷒	dt	氵萄	0
𪷑	dl	氵量	0
𪷐	dy	氵雅	0
𪷋	dw	氵午	0
𪷈	dg	氵貫	0
𪷆	dl	氵六	0
𪷅	dy	氵炎	0
𪷄	dt	氵脱	0
𪷂	mu	莫水	0
𪷂	um	水莫	0
𪷁	dw	氵攵	0
𪷀	dj	氵斤	0
𪶿	dq	氵欠	0
𪶽	ds	氵桑	0
𪶺	dw	氵文	0
𪶹	dt	氵庭	0
𪶸	dw	氵紊	0
𪶷	de	氵儿	0
𪶶	dz	氵座	0
𪶴	do	氵日	0
𪶳	dd	氵丶	0
𪶲	dy	氵茵	0
𪶱	dx	氵辛	0
𪶬	df	氵匪	0
𪶫	dv	氵隹	0
𪶪	dp	氵配	0
𪶨	dn	氵怒	0
𪶧	dl	氵孪	0
𪶦	da	氵哀	0
𪶤	df	氵夫	0
𪶢	dy	氵余	0
𪶡	dy	氵羽	0
𪶠	dj	氵俊	0
𪶞	du	氵舌	0
𪶜	dp	氵拼	0
𪶙	dk	氵奎	0
𪶘	dy	氵耶	0
𪶗	dg	氵干	0
𪶕	dm	氵米	0
𪶔	dj	氵佳	0
𪶓	dd	氵大	0
𪶑	db	氵必	0
𪶐	da	氵岸	0
𪶌	dd	氵到	0
𪶋	dm	氵妙	0
𪶈	dm	氵米	0
𪶆	dd	氵狄	0
𪶅	du	氵佘	0
𪶂	uj	水見	0
𪶁	dw	氵王	0
𪶀	dn	氵男	0
𪵿	dq	丁泉	0
𪵾	dx	氵杏	0
𪵽	du	氵双	0
𪵼	us	水色	0
𪵻	dq	氵囚	0
𪵺	di	氵乂	0
𪵷	de	氵二	0
𪵵	yo	永月	0
𪵴	dj	氵巾	0
𪵳	du	氵矢	0
𪵰	dy	氵引	0
𪵮	uj	水斤	0
𪵬	dj	氵几	0
𪵪	du	大水	0
𪵪	ud	水大	0
𪵩	dx	氵下	0
𪵨	su	厶水	0
𪵨	us	水厶	0
𪵢	mb	毛賓	0
𪵞	ml	毛隶	0
𪵝	lm	林毛	0
𪵝	ml	毛林	0
𪵜	mg	毛关	0
𪵛	ml	毛耒	0
𪵙	mj	毛句	0
𪵘	mh	毛火	0
𪵗	mo	毛月	0
𪵕	bd	比島	0
𪵔	mj	每京	0
𪵏	uy	殳彦	0
𪵏	yu	彦殳	0
𪵎	su	厶殳	0
𪵎	ue	殳耳	0
𪵋	ux	殳孝	0
𪵋	xu	孝殳	0
𪵊	bw	匕攵	0
𪵈	ku	夸殳	0
𪵈	uk	殳夸	0
𪵆	dv	歹真	0
𪵅	dl	歹侖	0
𪵄	dj	歹見	0
𪴿	vy	止與	0
𪴿	yv	與止	0
𪴼	vi	止臣	0
𪴷	vy	止甬	0
𪴳	cq	艹欠	0
𪴳	qy	欠又	0
𪴱	qw	欠翁	0
𪴱	wq	翁欠	0
𪴰	qr	欠若	0
𪴰	rq	若欠	0
𪴯	qx	欠显	0
𪴯	xq	显欠	0
𪴮	qx	欠昔	0
𪴮	xq	昔欠	0
𪴬	bq	匕欠	0
𪴬	qu	欠生	0
𪴧	ml	木闌	0
𪴦	mc	木寸	0
𪴤	mj	木覺	0
𪴣	ry	榕頁	0
𪴢	mz	木足	0
𪴟	mw	木务	0
𪴝	ld	櫓刂	0
𪴝	md	木刂	0
𪴜	mu	木霜	0
𪴛	ml	木隸	0
𪴗	mj	木冀	0
𪴖	ml	木霖	0
𪴕	mc	木層	0
𪴔	ml	木寮	0
𪴒	mg	木瓜	0
𪴍	hm	熇木	0
𪴍	mh	木熇	0
𪴌	mg	木管	0
𪴋	xq	杏區	0
𪴊	md	木豆	0
𪴈	mm	楙木	0
𪴆	mc	木慈	0
𪴃	ma	木奥	0
𪴀	md	木豆	0
𪳿	gd	果度	0
𪳾	mz	木載	0
𪳽	lu	林厙	0
𪳺	mh	木賀	0
𪳷	mt	木湯	0
𪳷	tm	湯木	0
𪳶	mh	木寒	0
𪳲	mv	木智	0
𪳰	mg	木果	0
𪳮	my	木壹	0
𪳭	fd	夫東	0
𪳬	my	木雨	0
𪳩	mj	木見	0
𪳦	mb	木白	0
𪳥	mo	木日	0
𪳤	mz	木造	0
𪳠	mb	木白	0
𪳟	lm	林免	0
𪳞	mj	木教	0
𪳛	mu	木書	0
𪳙	mv	木准	0
𪳙	vm	准木	0
𪳖	mp	木逄	0
𪳕	mi	木乘	0
𪳑	mm	木米	0
𪳐	mo	木目	0
𪳐	om	目木	0
𪳏	mf	木方	0
𪳈	mg	木巩	0
𪳈	wm	王木	0
𪳇	mj	木迦	0
𪳆	my	木勇	0
𪳅	ml	木洛	0
𪳄	ml	木亮	0
𪳁	md	木度	0
𪳀	my	木音	0
𪲿	gu	关束	0
𪲻	mb	木拜	0
𪲸	uu	十束	0
𪲷	mm	木木	0
𪲴	mm	木木	0
𪲴	my	木右	0
𪲲	my	木邑	0
𪲯	mo	木月	0
𪲫	bm	.	0
𪲫	md	木刂	0
𪲪	mh	木回	0
𪲪	wm	亠木	0
𪲩	md	木旦	0
𪲧	mb	木卜	0
𪲥	ul	束令	0
𪲡	ly	林云	0
𪲠	md	木丶	0
𪲠	wm	王木	0
𪲟	mx	木幸	0
𪲞	mq	木羌	0
𪲜	lm	冷木	0
𪲜	ml	木冷	0
𪲛	mm	木米	0
𪲚	mo	木月	0
𪲙	mt	木土	0
𪲘	mw	木我	0
𪲗	mh	木火	0
𪲖	md	木呆	0
𪲕	ul	十令	0
𪲑	me	木阝	0
𪲑	wm	王木	0
𪲐	me	木阝	0
𪲏	mw	木夊	0
𪲌	md	木丹	0
𪲋	me	木二	0
𪲊	mf	木凡	0
𪲉	mh	木后	0
𪲈	ax	丨相	0
𪲈	mo	木目	0
𪲇	mq	木曲	0
𪲅	wp	未平	0
𪲄	mh	木灰	0
𪲃	ms	木三	0
𪲁	dm	冫木	0
𪲁	mx	木夕	0
𪲀	mq	木丘	0
𪱿	mz	木子	0
𪱾	me	木尔	0
𪱽	my	木用	0
𪱼	wj	未今	0
𪱻	mb	木本	0
𪱺	mz	木左	0
𪱹	mu	木水	0
𪱸	md	木丶	0
𪱲	mu	木上	0
𪱰	yi	有廛	0
𪱩	ol	月离	0
𪱧	ol	月亮	0
𪱦	oh	月皇	0
𪱗	cj	曾今	0
𪱒	ox	日襄	0
𪱏	ox	日夐	0
𪱍	oy	日意	0
𪱌	ol	日勞	0
𪱋	ou	日善	0
𪱉	ol	日萊	0
𪱈	jo	晶日	0
𪱈	oj	日晶	0
𪱇	oh	日惠	0
𪱄	oy	日寅	0
𪰾	uv	是旨	0
𪰼	ot	日唐	0
𪰻	oc	日倉	0
𪰸	os	日素	0
𪰷	oj	日建	0
𪰵	oy	日勇	0
𪰴	od	日段	0
𪰭	ov	日争	0
𪰫	ob	日奔	0
𪰪	ol	日來	0
𪰩	og	日弓	0
𪰧	oh	日宏	0
𪰦	oz	日坐	0
𪰥	oy	.	0
𪰢	ov	日州	0
𪰡	oq	日全	0
𪰟	on	日年	0
𪰞	oe	日二	0
𪰚	ol	日老	0
𪰙	oj	日吉	0
𪰘	oj	日加	0
𪰗	ob	日必	0
𪰕	ou	日矢	0
𪰔	oy	日央	0
𪰑	oy	日玉	0
𪰐	ob	日本	0
𪰏	ok	日可	0
𪰎	ow	日文	0
𪰎	wo	文日	0
𪰍	od	日斗	0
𪰌	om	日毛	0
𪰋	ow	日攵	0
𪰊	ov	日止	0
𪰉	oj	日井	0
𪰈	oy	日元	0
𪰆	og	日工	0
𪰁	fc	方廾	0
𪯿	fr	方入	0
𪯻	fd	方定	0
𪯹	fi	方長	0
𪯷	fy	方羊	0
𪯵	fk	方匡	0
𪯵	kf	匡方	0
𪯴	fv	方占	0
𪯲	fj	方斤	0
𪯮	dh	斗回	0
𪯮	kd	口斗	0
𪯬	dh	斗后	0
𪯬	hd	后斗	0
𪯪	wg	文高	0
𪯥	ww	王文	0
𪯤	wh	文合	0
𪯣	ws	文四	0
𪯢	ww	文文	0
𪯡	vw	中文	0
𪯡	wv	文中	0
𪯠	wi	文川	0
𪯔	uw	商攵	0
𪯑	sw	素攵	0
𪯉	pu	攴生	0
𪯉	up	生攴	0
𪯇	sv	罒支	0
𪯇	vv	支至	0
𪯅	hv	火支	0
𪯅	vd	支大	0
𪯄	fq	扌勸	0
𪯃	fy	扌養	0
𪯂	fy	扌應	0
𪯁	fw	扌萬	0
𪯀	fj	扌駕	0
𪮿	fq	扌慶	0
𪮾	fm	扌木	0
𪮼	fh	扌灬	0
𪮺	fj	扌盡	0
𪮹	ff	扌奉	0
𪮵	fg	扌共	0
𪮲	fx	扌羡	0
𪮱	fx	扌象	0
𪮰	fm	扌悶	0
𪮮	fg	扌戈	0
𪮫	fw	扌攵	0
𪮪	fy	扌雨	0
𪮧	fy	扌庸	0
𪮥	fi	扌船	0
𪮤	fb	扌崩	0
𪮡	fl	扌朗	0
𪮠	fl	扌恋	0
𪮟	fd	扌爹	0
𪮝	fm	扌皿	0
𪮜	fy	.	0
𪮙	fg	扌共	0
𪮘	ff	扌峯	0
𪮗	fu	扌示	0
𪮕	ff	扌飛	0
𪮓	fh	扌卉	0
𪮑	fk	扌看	0
𪮐	fp	扌品	0
𪮎	fx	扌玄	0
𪮌	fd	扌刂	0
𪮉	ff	扌丰	0
𪮆	ft	扌土	0
𪮅	ft	扌条	0
𪮄	fn	扌女	0
𪮂	pe	抨阝	0
𪮁	fc	扌刺	0
𪭿	fv	扌壯	0
𪭼	fl	扌利	0
𪭻	fv	扌正	0
𪭺	fc	扌寸	0
𪭹	fb	扌包	0
𪭶	fi	扌串	0
𪭴	fz	扌走	0
𪭲	ff	扌丰	0
𪭰	fy	扌羊	0
𪭭	fu	扌氏	0
𪭬	fj	扌巾	0
𪭪	fc	扌册	0
𪭨	fu	扌矢	0
𪭧	fe	扌尔	0
𪭦	fg	扌勹	0
𪭥	fz	扌左	0
𪭤	fv	扌正	0
𪭠	fr	扌人	0
𪭟	fw	扌午	0
𪭞	fy	扌幺	0
𪭜	fx	扌夕	0
𪭗	gu	戈手	0
𪭗	sw	糸我	0
𪭔	yj	頁戔	0
𪭑	go	戈目	0
𪭏	wn	戊女	0
𪭌	gm	戈皿	0
𪭈	xv	忄隹	0
𪭅	gx	革心	0
𪭅	xg	心貢	0
𪭂	vx	章心	0
𪭂	xy	心有	0
𪭁	xe	心尔	0
𪭁	yx	壹心	0
𪬾	xe	心阝	0
𪬻	xw	心戊	0
𪬸	xb	心八	0
𪬷	xt	忄土	0
𪬴	xx	心新	0
𪬱	xy	忄圓	0
𪬰	xz	心觜	0
𪬩	xl	心力	0
𪬩	yx	員心	0
𪬨	xl	心量	0
𪬥	ux	商心	0
𪬥	xu	心商	0
𪬠	xj	忄莒	0
𪬟	bx	彬心	0
𪬟	xb	心彬	0
𪬞	xv	心止	0
𪬘	xy	心益	0
𪬗	xy	.	0
𪬖	xu	心閃	0
𪬓	mx	木心	0
𪬓	xi	心亍	0
𪬒	sx	巳心	0
𪬒	xw	心攵	0
𪬐	ux	首心	0
𪬐	xu	心首	0
𪬋	gx	咼心	0
𪬋	xg	心咼	0
𪬊	ox	目心	0
𪬊	xw	心勿	0
𪬇	fb	丰必	0
𪬄	bx	.	0
𪬄	xb	心卜	0
𪬃	xy	心宜	0
𪬂	sx	祀心	0
𪬂	xs	心祀	0
𪬀	xy	.	0
𪫿	xv	忄芝	0
𪫾	nx	女心	0
𪫾	xu	心手	0
𪫻	xw	忄完	0
𪫹	xg	忄谷	0
𪫸	xq	心却	0
𪫷	ux	寿心	0
𪫷	xu	心寿	0
𪫴	nx	女心	0
𪫴	xs	心巳	0
𪫲	xa	忄安	0
𪫱	fx	份心	0
𪫱	xf	心份	0
𪫮	xb	心百	0
𪫭	xk	心考	0
𪫫	rx	仞心	0
𪫫	xr	心仞	0
𪫩	ox	目心	0
𪫩	xo	心目	0
𪫧	xk	心可	0
𪫦	xz	心左	0
𪫤	xy	心允	0
𪫠	bx	比心	0
𪫠	xb	心比	0
𪫟	xm	忄木	0
𪫞	xt	忄土	0
𪫝	xy	.	0
𪫜	xw	彳攵	0
𪫙	xx	彳幸	0
𪫗	xv	彳乍	0
𪫖	xv	彳專	0
𪫕	xw	彳攵	0
𪫔	xy	彳魚	0
𪫑	xw	彳畏	0
𪫍	xv	彳志	0
𪫋	xw	彳文	0
𪫃	dy	弟員	0
𪫁	gr	弓冉	0
𪪽	gx	弓血	0
𪪷	cf	廾粉	0
𪪷	fc	粉廾	0
𪪵	cq	廾求	0
𪪵	qc	求廾	0
𪪲	zw	廴王	0
𪪱	zh	廴皇	0
𪪰	zx	廴西	0
𪪯	zg	廴工	0
𪪮	zt	廴田	0
𪪭	zp	廴平	0
𪪬	zy	廴于	0
𪪧	gy	广疑	0
𪪦	gn	广鳥	0
𪪥	gb	广貝	0
𪪤	md	麻旦	0
𪪢	gj	广間	0
𪪡	gb	广八	0
𪪠	fy	府衣	0
𪪜	gw	广夊	0
𪪛	gn	广虐	0
𪪙	gh	广昊	0
𪪘	gb	广巴	0
𪪗	gj	广即	0
𪪔	gb	广巴	0
𪪓	gf	广否	0
𪪐	hw	虍文	0
𪪎	gv	广正	0
𪪌	gk	广冂	0
𪪊	yu	幺勺	0
𪪃	bb	并丙	0
𪪂	gz	干早	0
𪪂	ug	十干	0
𪩿	jt	巾曇	0
𪩾	jf	巾甫	0
𪩾	yf	业甫	0
𪩻	js	巾宿	0
𪩹	jb	巾拜	0
𪩴	jm	巾門	0
𪩳	jw	巾吾	0
𪩰	qj	曲己	0
𪩫	rj	人己	0
𪩢	ri	𠂉川	0
𪩠	ul	山麗	0
𪩞	uq	山錢	0
𪩝	uq	山取	0
𪩚	uh	山會	0
𪩘	ux	山献	0
𪩗	uj	山斤	0
𪩖	uc	山孱	0
𪩏	ul	山鹿	0
𪩌	uq	山頃	0
𪩋	uf	山粉	0
𪩉	uc	山寸	0
𪩈	uh	山禾	0
𪩅	uh	山皇	0
𪩃	uu	山是	0
𪩂	un	山南	0
𪩀	uh	山乎	0
𪨿	ud	山电	0
𪨾	uu	山受	0
𪨽	uy	.	0
𪨼	un	山奈	0
𪨻	um	山皿	0
𪨺	ul	山冷	0
𪨸	ui	山吹	0
𪨶	ui	山车	0
𪨵	ju	技山	0
𪨵	uj	山技	0
𪨳	ux	山行	0
𪨲	uf	山缶	0
𪨱	uv	山兆	0
𪨰	uq	山曲	0
𪨯	iu	成山	0
𪨯	ui	山成	0
𪨭	uh	山弘	0
𪨫	um	山卯	0
𪨪	uc	山册	0
𪨦	uq	山气	0
𪨤	ux	山小	0
𪨤	xu	小山	0
𪨢	ux	山下	0
𪨟	wp	尾普	0
𪨙	wz	尾坐	0
𪨗	uq	尸乔	0
𪨕	wi	尾出	0
𪨏	ub	尸步	0
𪨌	uq	尸七	0
𪨊	uc	尸从	0
𪨉	uu	尸山	0
𪨇	wg	兀贵	0
𪨂	wx	亠小	0
𪨂	xy	小业	0
𪧽	bc	不寸	0
𪧽	cy	.	0
𪧹	ch	寸合	0
𪧹	dc	冫寸	0
𪧷	cx	寸夕	0
𪧷	xc	夕寸	0
𪧰	fy	富有	0
𪧯	bs	宀算	0
𪧮	bg	宀戈	0
𪧫	bm	宀馬	0
𪧩	bn	宀女	0
𪧦	bu	宀氺	0
𪧤	bw	宀攵	0
𪧣	bu	宀水	0
𪧠	mq	宓且	0
𪧟	my	宓用	0
𪧜	ba	宀敖	0
𪧛	bx	宀小	0
𪧘	bl	宀娄	0
𪧔	bl	宀力	0
𪧓	bp	宀泊	0
𪧑	bd	宀丶	0
𪧐	bb	宀伯	0
𪧎	bz	宀足	0
𪧌	bm	宀木	0
𪧊	bk	宀扣	0
𪧈	bt	宀田	0
𪧆	bi	宀尺	0
𪧅	bu	宀山	0
𪧁	zv	子置	0
𪦿	zu	子食	0
𪦻	hz	合子	0
𪦻	zh	子合	0
𪦹	zw	子文	0
𪦸	zl	子六	0
𪦶	zv	子支	0
𪦵	nv	女真	0
𪦵	vn	真女	0
𪦱	ny	女螢	0
𪦯	ny	女瑩	0
𪦬	nx	女賢	0
𪦫	ng	女閣	0
𪦪	ny	女粤	0
𪦩	nw	女攵	0
𪦥	ns	女絲	0
𪦥	sn	絲女	0
𪦤	ns	女絲	0
𪦢	nj	女金	0
𪦠	ny	女馭	0
𪦠	yn	馭女	0
𪦞	nx	女習	0
𪦛	nt	女天	0
𪦙	ne	女莪	0
𪦗	nn	女女	0
𪦖	nm	女木	0
𪦕	nd	女爹	0
𪦔	nc	女倉	0
𪦒	nq	女虔	0
𪦑	in	臣女	0
𪦑	nj	女斤	0
𪦌	nz	女姿	0
𪦋	nd	女段	0
𪦉	nj	女久	0
𪦈	nn	女女	0
𪦇	nf	女封	0
𪦄	ni	女虫	0
𪦃	nd	女店	0
𪦂	nd	女大	0
𪦀	nf	女芳	0
𪥽	ni	女長	0
𪥼	nq	女妻	0
𪥺	ln	力女	0
𪥺	ng	女功	0
𪥸	wh	勿好	0
𪥶	nb	女邦	0
𪥵	ny	女羽	0
𪥴	nz	女自	0
𪥴	zn	自女	0
𪥳	nd	女吊	0
𪥱	nb	女贝	0
𪥰	nn	女宁	0
𪥭	nd	女丁	0
𪥬	ny	女允	0
𪥫	nu	女双	0
𪥨	no	女日	0
𪥧	nv	女止	0
𪥦	nh	女互	0
𪥥	na	女亅	0
𪥢	dh	大火	0
𪥢	hd	火大	0
𪥡	dd	大隊	0
𪥟	dv	大重	0
𪥟	td	土大	0
𪥝	dd	大動	0
𪥚	dx	大兄	0
𪥗	dq	大前	0
𪥗	qd	前大	0
𪥕	dq	大屈	0
𪥒	di	大吹	0
𪥒	id	吹大	0
𪥐	ru	人市	0
𪥍	dd	大电	0
𪥌	dr	大人	0
𪥈	dp	大平	0
𪥇	bd	丙大	0
𪥇	db	大丙	0
𪥄	dm	大木	0
𪥄	md	木大	0
𪥃	fd	夫丁	0
𪤼	xl	夕郎	0
𪤹	xm	夕米	0
𪤶	vw	正夂	0
𪤶	we	夂儿	0
𪤴	yy	壹益	0
𪤳	uc	士寸	0
𪤰	tl	土霖	0
𪤮	tl	土寮	0
𪤭	ti	土齒	0
𪤬	lt	磊土	0
𪤬	tl	土磊	0
𪤫	ty	土又	0
𪤪	tq	土齊	0
𪤨	tb	土鼻	0
𪤧	ty	土與	0
𪤦	tu	土氺	0
𪤥	ty	土意	0
𪤢	tm	土木	0
𪤡	td	土豆	0
𪤟	nt	南土	0
𪤟	tf	土方	0
𪤜	fd	訪丶	0
𪤜	td	土丶	0
𪤛	tc	土毳	0
𪤙	th	土火	0
𪤗	tl	.	0
𪤖	tj	土將	0
𪤒	th	土盒	0
𪤑	tg	土國	0
𪤏	tj	土基	0
𪤎	tl	土連	0
𪤌	ts	土桑	0
𪤊	lt	浪土	0
𪤊	tl	土浪	0
𪤉	tu	土水	0
𪤈	bt	般土	0
𪤈	tb	土般	0
𪤇	tc	土倉	0
𪤆	tu	土扇	0
𪤅	td	土党	0
𪤃	ty	土晏	0
𪤂	tm	土皿	0
𪤀	it	臣土	0
𪤀	to	土月	0
𪣿	et	耳土	0
𪣿	tu	土升	0
𪣾	tn	土能	0
𪣻	tl	土娄	0
𪣺	tq	土恰	0
𪣹	tt	土亭	0
𪣵	tb	土背	0
𪣴	tv	土政	0
𪣳	tc	土寸	0
𪣲	tm	土苗	0
𪣯	ty	土宜	0
𪣭	bt	波土	0
𪣭	tb	土波	0
𪣬	tg	土官	0
𪣫	tk	土刻	0
𪣩	tk	土肯	0
𪣧	ti	土昌	0
𪣦	tm	土明	0
𪣥	tw	土武	0
𪣤	tx	土昔	0
𪣣	tj	土君	0
𪣟	th	土罕	0
𪣞	tq	土七	0
𪣝	tz	土皂	0
𪣜	tx	土秀	0
𪣛	tl	土利	0
𪣙	ty	.	0
𪣘	tw	土吴	0
𪣗	it	辰土	0
𪣗	ti	土辰	0
𪣖	mt	木土	0
𪣖	ty	.	0
𪣕	tk	土克	0
𪣔	tw	土吾	0
𪣓	tq	土七	0
𪣑	tn	土农	0
𪣐	tv	土庄	0
𪣏	tv	土州	0
𪣎	tv	土朱	0
𪣍	tn	土乃	0
𪣌	te	土耳	0
𪣋	tc	土存	0
𪣊	tb	土必	0
𪣉	ty	土永	0
𪣈	tk	土口	0
𪣇	tf	土乏	0
𪣄	tg	土干	0
𪣃	tb	土丙	0
𪣂	tk	土孔	0
𪣁	ty	土允	0
𪣀	tb	土巴	0
𪢿	tu	土水	0
𪢾	ht	火土	0
𪢾	th	土火	0
𪢼	th	土化	0
𪢻	to	土月	0
𪢺	tp	土攴	0
𪢹	tk	土冂	0
𪢸	tw	土无	0
𪢵	tf	土凡	0
𪢴	tt	土土	0
𪢲	ty	土又	0
𪢧	kt	口聽	0
𪢥	kb	口邊	0
𪢢	xy	喜宜	0
𪢞	kk	口冂	0
𪢞	xx	乡向	0
𪢛	yv	員争	0
𪢗	km	口蜜	0
𪢑	kh	口含	0
𪢎	ku	口聖	0
𪢉	kt	口筒	0
𪢅	kw	口握	0
𪢁	kb	口亳	0
𪡼	kd	口大	0
𪡸	kj	口接	0
𪡶	ky	口冤	0
𪡳	kt	口台	0
𪡳	lt	立台	0
𪡮	bc	唄寸	0
𪡬	bg	百告	0
𪡫	ky	口袁	0
𪡪	ik	辰口	0
𪡪	ke	口阝	0
𪡧	kq	口酋	0
𪡤	kp	口派	0
𪡤	pk	派口	0
𪡡	kh	口訇	0
𪡠	kq	口泉	0
𪡟	kj	口俊	0
𪡙	ke	口卩	0
𪡖	uy	史因	0
𪡕	ww	吻勿	0
𪡓	kk	口昆	0
𪡐	yh	右回	0
𪡌	dk	氵口	0
𪡌	kq	口欠	0
𪡈	kb	口伯	0
𪡇	kn	口你	0
𪡄	kx	口匣	0
𪡁	ki	口充	0
𪠾	kv	口舟	0
𪠽	kd	口当	0
𪠼	kr	口肉	0
𪠻	ke	口儿	0
𪠺	kv	口执	0
𪠹	ku	口示	0
𪠹	uk	示口	0
𪠸	kl	口乐	0
𪠶	tr	吐人	0
𪠵	kl	口仑	0
𪠴	ki	口乂	0
𪠲	ky	口又	0
𪠯	qy	區又	0
𪠯	yq	又區	0
𪠫	gf	关反	0
𪠪	uy	尸又	0
𪠪	yy	又又	0
𪠩	uy	佘又	0
𪠩	yu	又佘	0
𪠨	jy	臼又	0
𪠨	yj	又臼	0
𪠥	yo	又月	0
𪠣	iy	乂又	0
𪠣	yi	又乂	0
𪠟	cb	参冖	0
𪠟	sb	厶冖	0
𪠜	sj	厶巾	0
𪠛	ig	厂敢	0
𪠙	iy	厂尤	0
𪠘	ij	厂解	0
𪠕	iw	厂惟	0
𪠓	ih	厂黄	0
𪠐	iy	.	0
𪠎	ix	厂心	0
𪠋	iv	厂直	0
𪠈	ik	厂口	0
𪠇	ii	厂赤	0
𪠆	ib	厂并	0
𪠄	id	厂电	0
𪠂	yj	又即	0
𪟿	bv	卜卓	0
𪟿	vb	卓卜	0
𪟾	bw	卜未	0
𪟾	wb	未卜	0
𪟻	uv	十隹	0
𪟻	vu	隹十	0
𪟺	uy	十俞	0
𪟵	uw	十丸	0
𪟯	yl	.	0
𪟮	ky	匚𠃓	0
𪟮	qy	区𠃓	0
𪟫	bh	比皇	0
𪟩	bt	匕天	0
𪟧	ln	力男	0
𪟧	nn	男男	0
𪟥	hl	華力	0
𪟥	lh	力華	0
𪟠	ly	力音	0
𪟠	yl	音力	0
𪟝	lz	力责	0
𪟝	zl	责力	0
𪟜	lu	力沙	0
𪟜	ul	沙力	0
𪟛	dl	氵力	0
𪟛	lw	力丸	0
𪟘	lq	力丘	0
𪟘	ql	丘力	0
𪟖	jd	盡刂	0
𪟑	db	刀八	0
𪟑	ff	方分	0
𪟏	qd	千刂	0
𪟋	gd	革刂	0
𪟉	dd	大刂	0
𪟈	vd	者刂	0
𪟇	bd	白刂	0
𪟆	yd	育刂	0
𪟄	bd	.	0
𪟃	dd	大刂	0
𪟁	yd	友刂	0
𪞿	td	屯刂	0
𪞾	fd	夫刂	0
𪞹	ir	出忍	0
𪞳	gj	乖几	0
𪞳	jg	几乖	0
𪞱	ur	十冗	0
𪞰	di	冫闖	0
𪞯	dh	冫豪	0
𪞮	dl	冫零	0
𪞭	dy	冫堯	0
𪞬	dv	冫章	0
𪞫	di	冫敕	0
𪞪	df	冫釜	0
𪞩	dv	冫隹	0
𪞨	dt	冫亭	0
𪞦	dw	冫胃	0
𪞥	dz	冫宗	0
𪞤	dn	冫念	0
𪞣	dh	冫虎	0
𪞢	dg	冫圭	0
𪞡	du	冫佘	0
𪞟	dr	冫人	0
𪞟	gd	古丶	0
𪞞	di	冫成	0
𪞝	df	.	0
𪞜	db	冫白	0
𪞛	dt	冫田	0
𪞚	di	冫尺	0
𪞙	dw	冫文	0
𪞘	dj	冫今	0
𪞗	dn	冫内	0
𪞖	df	冫凡	0
𪞕	bh	冖夯	0
𪞒	bd	冖斗	0
𪞑	bv	冖中	0
𪞐	bj	冖孑	0
𪞋	by	.	0
𪞋	sg	巳共	0
𪞊	bu	八商	0
𪞇	qf	全分	0
𪞆	gc	光粲	0
𪞃	gx	光星	0
𪞂	mz	免早	0
𪞁	es	儿厶	0
𪞁	ms	免厶	0
𪝿	eo	儿日	0
𪝿	ke	凵儿	0
𪝾	ri	亻春	0
𪝾	ro	人日	0
𪝺	rx	亻霞	0
𪝸	rw	亻雯	0
𪝷	rn	亻霓	0
𪝲	qv	秋住	0
𪝰	rm	亻瑪	0
𪝭	ry	亻虞	0
𪝫	rq	亻取	0
𪝨	rm	亻米	0
𪝨	ry	.	0
𪝧	rh	人火	0
𪝧	ru	亻晱	0
𪝥	re	亻而	0
𪝣	rj	亻寄	0
𪝣	rk	人可	0
𪝢	ry	亻衣	0
𪝡	rm	亻莫	0
𪝡	ry	.	0
𪝠	rg	亻戈	0
𪝟	rr	亻弱	0
𪝞	ry	亻益	0
𪝝	rv	亻朕	0
𪝝	ry	.	0
𪝛	ry	亻殷	0
𪝙	rh	亻盍	0
𪝗	ly	來允	0
𪝖	rg	亻貢	0
𪝔	ry	亻怨	0
𪝓	ro	人月	0
𪝒	rd	亻段	0
𪝑	rm	亻皿	0
𪝍	rh	亻胡	0
𪝌	rt	亻田	0
𪝋	ro	人目	0
𪝋	rx	亻相	0
𪝊	rd	亻底	0
𪝉	rt	亻条	0
𪝉	ry	.	0
𪝈	ru	亻受	0
𪝇	rw	亻攵	0
𪝆	rf	亻芳	0
𪝄	rk	人亏	0
𪝃	yi	余叉	0
𪝂	rd	亻旦	0
𪝀	rj	亻角	0
𪜼	rn	亻牛	0
𪜻	ri	亻赤	0
𪜹	ry	亻羽	0
𪜸	rz	亻字	0
𪜷	rd	亻朵	0
𪜷	ru	人十	0
𪜶	ry	亻因	0
𪜵	rv	亻旨	0
𪜳	rm	亻民	0
𪜮	ro	亻目	0
𪜬	rw	人未	0
𪜫	ri	亻丑	0
𪜩	rg	亻勾	0
𪜨	rn	亻女	0
𪜧	ri	亻乂	0
𪜦	tl	亭留	0
𪜤	wv	亠隹	0
𪜣	ld	六代	0
𪜣	wd	亠代	0
𪜠	wf	亠凡	0
𪜟	uy	孰云	0
𪜞	yq	云秦	0
𪜜	bl	北了	0
𪜗	jh	九或	0
𪜔	jq	九曲	0
𪜐	yh	乙化	0
𪜍	qv	千兆	0
𪜋	va	主丆	0
𪜇	wq	万僉	0
𪜄	bk	不可	0
𪜃	qy	.	0
𪜃	yy	.	0
𪜂	yw	.	0
𪜁	ya	.	0
𪛟	ow	目王	0
𪛞	wr	王荣	0
𪛓	yl	龠鹿	0
𪛎	jy	洎龠	0
𪛎	yj	龠洎	0
𪛊	yj	龠斤	0
𪛈	yg	雨龜	0
𪛆	iy	.	0
𪛂	cg	崔龜	0
𪛀	jg	交龜	0
𪚻	yg	央龜	0
𪚹	vg	主龜	0
𪚷	pg	皮龜	0
𪚴	ay	.	0
𪚰	gh	龜灬	0
𪚯	hg	火龜	0
𪚭	gg	龜勾	0
𪚬	gj	龜今	0
𪚩	kg	口龜	0
𪚥	ll	龍龍	0
𪚣	lu	龍殳	0
𪚣	ul	声龍	0
𪚢	lf	龍飛	0
𪚠	lw	龍巫	0
𪚝	gl	圭龍	0
𪚝	lg	龍圭	0
𪚘	dl	丹龍	0
𪚘	ld	龍丹	0
𪚓	lq	龍犭	0
𪚓	ql	犭龍	0
𪚑	lj	龍巾	0
𪚏	ib	齿并	0
𪚇	iz	齒贊	0
𪚅	ij	齒爵	0
𪚃	ii	.	0
𪚃	it	齒兔	0
𪚁	il	齒聯	0
𪚁	li	聯齒	0
𪙾	il	齒盧	0
𪙽	il	齒歷	0
𪙺	il	齒厲	0
𪙹	ii	齒齒	0
𪙴	iy	齒義	0
𪙳	iv	齒置	0
𪙯	iw	.	0
𪙭	ic	齒曾	0
𪙫	ix	齒虚	0
𪙨	ij	齒間	0
𪙧	ij	齒幾	0
𪙦	iz	齒最	0
𪙥	ik	齒冂	0
𪙥	ix	.	0
𪙤	iq	齒犬	0
𪙤	iy	.	0
𪙤	li	來齒	0
𪙡	ic	齒曹	0
𪙟	ij	齒堇	0
𪙞	ii	.	0
𪙞	iu	齒生	0
𪙛	in	齒匿	0
𪙚	ig	齒咼	0
𪙕	iv	齒展	0
𪙑	ix	齒屑	0
𪙏	ih	齒害	0
𪙎	ic	齒倉	0
𪙍	ic	齒寸	0
𪙍	if	.	0
𪙌	ix	齒屑	0
𪙌	xi	屑齒	0
𪙊	ij	齒兼	0
𪙉	ii	齒差	0
𪙈	hi	狠齒	0
𪙈	ih	齒狠	0
𪙃	ig	齒咼	0
𪘾	ii	.	0
𪘾	ij	齒臼	0
𪘺	ik	齒客	0
𪘹	ih	齒曷	0
𪘸	iq	齒取	0
𪘸	qi	取齒	0
𪘳	iq	齒屈	0
𪘲	iy	齒宜	0
𪘬	ig	齒圭	0
𪘬	iy	.	0
𪘪	ij	齒戔	0
𪘩	ij	.	0
𪘩	iq	齒囷	0
𪘨	il	齒來	0
𪘧	iz	齒卒	0
𪘦	ii	臣齒	0
𪘦	iq	.	0
𪘦	iy	齒又	0
𪘥	iv	齒制	0
𪘞	ix	齒肖	0
𪘝	ii	齒辰	0
𪘛	iv	.	0
𪘘	ij	齒夾	0
𪘗	iy	齒也	0
𪘗	ri	亻齒	0
𪘕	it	齒佗	0
𪘕	ti	佗齒	0
𪘓	iz	齒佐	0
𪘓	zi	佐齒	0
𪘒	ih	齒含	0
𪘑	ij	.	0
𪘑	iw	齒夂	0
𪘐	iw	齒我	0
𪘎	iy	齒言	0
𪘊	ig	齒各	0
𪘉	id	齒朵	0
𪘇	ih	齒后	0
𪘆	ix	齒休	0
𪘃	iy	齒有	0
𪘁	ih	齒合	0
𪘀	ib	齒并	0
𪗾	ij	齒吉	0
𪗽	iu	齒舌	0
𪗻	iv	齒至	0
𪗹	ig	齒圭	0
𪗸	im	齒名	0
𪗷	iv	齒旨	0
𪗵	in	齒奴	0
𪗴	ij	齒几	0
𪗴	ir	.	0
𪗭	in	齒奴	0
𪗭	ni	奴齒	0
𪗪	is	齒司	0
𪗨	ii	齒出	0
𪗧	iu	齒史	0
𪗦	iv	齒占	0
𪗤	id	齒丹	0
𪗝	in	齒内	0
𪗜	ik	齒亢	0
𪗙	ig	齒干	0
𪗖	ir	齒人	0
𪗖	ri	人齒	0
𪗔	ib	齒八	0
𪗐	wc	亠曾	0
𪗏	qy	齊魚	0
𪗍	qq	齊妻	0
𪗋	yq	.	0
𪗉	qh	齊禾	0
𪗆	gq	广齊	0
𪗆	qg	齊广	0
𪗅	qy	齊又	0
𪗂	bi	.	0
𪗂	bt	鼻兔	0
𪗁	bl	鼻歷	0
𪖼	bc	.	0
𪖼	bo	鼻日	0
𪖹	bl	鼻婁	0
𪖷	bl	.	0
𪖶	bl	鼻率	0
𪖳	bj	鼻兼	0
𪖲	bj	鼻叚	0
𪖯	bb	鼻扁	0
𪖩	bm	鼻皿	0
𪖦	bd	鼻弟	0
𪖥	bx	鼻希	0
𪖢	bg	鼻圭	0
𪖞	bp	鼻皮	0
𪖜	bt	鼻土	0
𪖛	bq	鼻丘	0
𪖚	bv	鼻占	0
𪖙	bg	鼻勾	0
𪖕	by	鼻牙	0
𪖕	yb	牙鼻	0
𪖐	bg	鼻乚	0
𪖎	uj	鼠韭	0
𪖎	uq	.	0
𪖍	ul	鼠歷	0
𪖌	ul	鼠盧	0
𪖋	uj	鼠截	0
𪖉	us	鼠斯	0
𪖈	uf	鼠夫	0
𪖈	up	.	0
𪖇	uf	鼠番	0
𪖄	uj	鼠教	0
𪖂	ui	.	0
𪖂	ul	鼠离	0
𪖁	uc	鼠從	0
𪖀	uq	鼠雀	0
𪕹	ut	鼠唐	0
𪕷	tu	土鼠	0
𪕷	uu	鼠殳	0
𪕶	uy	鼠益	0
𪕴	uf	鼠風	0
𪕳	us	鼠思	0
𪕲	ut	鼠田	0
𪕱	uh	鼠胡	0
𪕰	uj	鼠叚	0
𪕯	uy	鼠頁	0
𪕮	uh	鼠胡	0
𪕭	uh	鼠曷	0
𪕫	uw	鼠勿	0
𪕫	uy	.	0
𪕩	uy	鼠易	0
𪕨	ue	鼠兒	0
𪕦	uy	鼠尤	0
𪕠	ul	鼠灵	0
𪕞	uj	.	0
𪕞	uw	鼠夂	0
𪕝	uz	鼠足	0
𪕕	ui	鼠虫	0
𪕔	ue	鼠耳	0
𪕓	ug	鼠光	0
𪕒	ub	鼠并	0
𪕐	uv	鼠占	0
𪕎	ur	.	0
𪕍	uh	.	0
𪕍	uk	鼠口	0
𪕌	ul	鼠令	0
𪕊	cu	此鼠	0
𪕊	uc	鼠此	0
𪕉	uh	鼠乎	0
𪕈	uo	鼠日	0
𪕇	uk	鼠亢	0
𪕃	uf	鼠方	0
𪕁	ur	鼠冗	0
𪕀	uy	鼠元	0
𪔿	up	鼠攴	0
𪔿	uw	.	0
𪔾	uj	.	0
𪔽	ub	鼠冖	0
𪔽	uy	.	0
𪔺	ur	鼠刃	0
𪔷	gl	鼓龍	0
𪔶	gd	鼓登	0
𪔶	gi	.	0
𪔴	gl	鼓隆	0
𪔳	gl	鼓隆	0
𪔳	lg	隆鼓	0
𪔰	gk	.	0
𪔰	gu	鼓殳	0
𪔰	ug	声鼓	0
𪔬	gm	鼓木	0
𪔪	ge	鼓耳	0
𪔪	gj	.	0
𪔩	gx	鼓咸	0
𪔦	gd	鼓洞	0
𪔣	gk	鼓空	0
𪔟	gu	鼓豕	0
𪔞	gf	鼓丰	0
𪔙	gy	鼓羊	0
𪔘	gi	.	0
𪔗	gy	鼓因	0
𪔕	gf	鼓缶	0
𪔔	gj	.	0
𪔑	gu	鼓石	0
𪔏	gj	.	0
𪔏	jj	吉井	0
𪔏	pj	皮井	0
𪔍	gf	鼓丰	0
𪔋	gt	鼓土	0
𪔊	dh	鼎慧	0
𪔆	dg	鼎干	0
𪔅	dk	鼎口	0
𪔃	dj	.	0
𪓿	em	爾黽	0
𪓿	me	黽爾	0
𪓼	dm	亶黽	0
𪓼	md	黽亶	0
𪓻	mt	黽田	0
𪓹	mm	麻黽	0
𪓷	mx	黽奚	0
𪓷	xm	奚黽	0
𪓰	mq	黽酋	0
𪓰	qm	酋黽	0
𪓮	hm	曷黽	0
𪓮	mh	黽曷	0
𪓬	em	兒黽	0
𪓬	me	黽兒	0
𪓡	mh	.	0
𪓜	mp	黽皮	0
𪓜	pm	皮黽	0
𪓛	my	黽央	0
𪓚	mr	黽冉	0
𪓘	rm	.	0
𪓐	vc	.	0
𪓐	vq	黹且	0
𪓍	mv	民黹	0
𪓍	vm	.	0
𪓍	vp	黹攴	0
𪓌	vz	黹卒	0
𪓊	hy	黑鬱	0
𪓅	hc	黑藏	0
𪓄	hi	.	0
𪓄	ht	黑兔	0
𪓃	hx	黑襄	0
𪓀	hl	黑歷	0
𪒿	hm	黑馬	0
𪒿	ht	.	0
𪒾	hd	黑大	0
𪒾	ht	.	0
𪒼	hc	黑蔡	0
𪒹	hh	.	0
𪒹	hv	黑箴	0
𪒶	hd	黑對	0
𪒴	ht	黑臺	0
𪒲	hy	黑業	0
𪒯	hj	.	0
𪒮	hd	黑殿	0
𪒭	hq	黑禽	0
𪒬	hn	黑農	0
𪒫	hj	.	0
𪒫	hq	黑僉	0
𪒪	hw	黑萬	0
𪒩	hs	黑歲	0
𪒥	hy	黑越	0
𪒤	ht	黑覃	0
𪒢	hf	黑夫	0
𪒢	hp	.	0
𪒡	hd	黑逮	0
𪒠	hg	黑敢	0
𪒟	hc	黑曾	0
𪒝	hy	黑雲	0
𪒜	hh	黑惠	0
𪒛	hd	黑隊	0
𪒙	hz	黑最	0
𪒘	hd	黑登	0
𪒕	hy	黑異	0
𪒕	yh	異黑	0
𪒔	hi	.	0
𪒔	hl	黑离	0
𪒒	hy	黑庸	0
𪒑	hz	黑責	0
𪒏	hl	黑鹿	0
𪒍	bh	冖黑	0
𪒍	hl	黑林	0
𪒋	hb	黑般	0
𪒊	hv	.	0
𪒊	hy	黑又	0
𪒇	hd	黑旦	0
𪒆	hq	黑秦	0
𪒄	hm	黑冥	0
𪒂	ho	黑目	0
𪒂	hu	.	0
𪒀	bh	般黑	0
𪒀	hb	黑般	0
𪑿	hz	黑兹	0
𪑾	hc	.	0
𪑾	hr	黑辱	0
𪑽	hi	黑柴	0
𪑻	hh	黑侯	0
𪑹	hj	黑界	0
𪑸	hy	黑頁	0
𪑶	hr	黑柔	0
𪑳	hv	黑貞	0
𪑱	hw	黑屋	0
𪑰	hp	黑屏	0
𪑯	hl	黑律	0
𪑮	hn	黑南	0
𪑭	hk	黑奎	0
𪑬	ht	黑亭	0
𪑪	gh	冠黑	0
𪑪	hg	黑冠	0
𪑨	hn	黑柰	0
𪑧	hm	黑木	0
𪑧	hy	.	0
𪑦	hh	黑曷	0
𪑡	hn	黑念	0
𪑟	ch	刺黑	0
𪑟	hc	黑刺	0
𪑝	hh	黑或	0
𪑜	hv	黑知	0
𪑚	hl	黑來	0
𪑙	hj	黑金	0
𪑗	hq	黑妾	0
𪑖	hb	黑奔	0
𪑕	hh	黑昏	0
𪑒	hx	黑享	0
𪑐	hw	黑尾	0
𪑐	wh	尾黑	0
𪑏	hy	黑余	0
𪑌	hg	黑谷	0
𪑋	hc	黑寸	0
𪑋	hl	.	0
𪑊	hx	黑肖	0
𪑉	hy	黑又	0
𪑈	hj	黑見	0
𪑆	hu	黑戍	0
𪑃	hc	黑册	0
𪑂	hu	黑杀	0
𪑀	hh	黑灰	0
𪐿	hj	.	0
𪐻	hf	黑付	0
𪐺	hh	黑禾	0
𪐴	hv	黑主	0
𪐲	hv	.	0
𪐰	hw	黑文	0
𪐰	wh	文黑	0
𪐯	hg	黑勾	0
𪐮	hu	黑殳	0
𪐬	hy	黑元	0
𪐧	hy	黑予	0
𪐦	hk	黑亢	0
𪐥	ht	黑太	0
𪐣	hz	黑子	0
𪐞	hq	黑七	0
𪐞	hv	.	0
𪐝	hd	黑大	0
𪐜	hq	黑乞	0
𪐘	hy	黑乙	0
𪐖	ul	黍龍	0
𪐔	uy	黍遺	0
𪐓	uu	黍束	0
𪐏	ud	.	0
𪐎	um	黍麻	0
𪐍	ul	黍連	0
𪐌	un	黍匿	0
𪐋	uj	黍兼	0
𪐈	uv	黍重	0
𪐇	ui	.	0
𪐇	ux	黍心	0
𪐆	ub	.	0
𪐆	ue	黍儿	0
𪐅	hu	禾黍	0
𪐅	lu	.	0
𪐄	ub	黍卑	0
𪐃	uf	黍奉	0
𪐂	uj	黍卷	0
𪐀	ud	黍多	0
𪏿	uv	黍朱	0
𪏼	un	黍女	0
𪏻	ug	黍古	0
𪏺	ub	黍必	0
𪏸	un	黍尼	0
𪏶	ub	黍包	0
𪏵	uw	黍勿	0
𪏴	uj	黍斤	0
𪏳	uh	黍互	0
𪏲	ui	黍丑	0
𪏮	un	黍女	0
𪏫	hp	黄票	0
𪏪	hg	黄廣	0
𪏩	hd	黄大	0
𪏨	hl	.	0
𪏦	hu	黄黍	0
𪏤	hh	黄惑	0
𪏢	hk	黄康	0
𪏠	hu	黄水	0
𪏟	hm	黄莫	0
𪏚	hy	黄員	0
𪏙	hu	黄殳	0
𪏙	th	土黄	0
𪏘	hv	黄重	0
𪏗	hb	黄扁	0
𪏔	hy	黄頁	0
𪏓	hh	黄皇	0
𪏒	bh	卑黄	0
𪏒	hb	黄卑	0
𪏐	hh	黄虎	0
𪏏	hd	黄丁	0
𪏎	hv	黄周	0
𪏎	vh	周黄	0
𪏋	hy	黄炎	0
𪏊	hj	黄戔	0
𪏉	hd	黄定	0
𪏈	hx	黄昔	0
𪏇	hh	黄或	0
𪏆	hx	黄享	0
𪏆	xh	享黄	0
𪏅	hg	黄工	0
𪏅	hj	.	0
𪏄	hd	黄豆	0
𪏂	hh	黄火	0
𪏂	hi	.	0
𪏁	hj	黄交	0
𪏀	hv	黄至	0
𪎾	hu	黄舌	0
𪎽	hi	黄充	0
𪎼	ht	黄同	0
𪎼	th	同黄	0
𪎻	hi	黄丞	0
𪎺	hi	黄斥	0
𪎶	ht	黄屯	0
𪎵	hk	黄亢	0
𪎲	mu	麻殳	0
𪎲	ym	业麻	0
𪎭	mu	麻黍	0
𪎫	mr	靡人	0
𪎨	my	麻俞	0
𪎨	ym	俞麻	0
𪎦	ml	麻林	0
𪎤	mw	麻沃	0
𪎤	wm	沃麻	0
𪎣	me	麻儿	0
𪎣	ml	.	0
𪎡	mv	麻朱	0
𪎠	md	麻多	0
𪎞	my	麻央	0
𪎝	mb	麻本	0
𪎛	my	.	0
𪎙	mk	麻开	0
𪎗	mo	麻日	0
𪎔	mg	麻弓	0
𪎒	gf	.	0
𪎒	mf	麻凡	0
𪎑	mj	麻几	0
𪎎	fh	丰回	0
𪎌	ml	麦来	0
𪎋	mv	麦占	0
𪎊	mu	麦少	0
𪎉	mj	麦见	0
𪎈	my	麦弋	0
𪎇	mu	麥殳	0
𪎇	ym	业麥	0
𪎆	ml	麥羅	0
𪎅	ms	麥薩	0
𪎃	mx	麥薛	0
𪎃	xm	薛麥	0
𪍿	mg	麥廣	0
𪍻	mc	.	0
𪍻	mm	麥木	0
𪍻	pm	品麥	0
𪍺	mq	.	0
𪍹	mu	麥蜀	0
𪍸	mj	.	0
𪍸	mu	麥豕	0
𪍶	mu	麥善	0
𪍵	mq	.	0
𪍴	mi	麥舛	0
𪍴	ml	.	0
𪍲	mt	麥替	0
𪍪	mb	麥畢	0
𪍩	mm	麥曼	0
𪍨	mi	麥巢	0
𪍧	mx	麥旋	0
𪍧	xm	旋麥	0
𪍦	ml	麥連	0
𪍤	mm	麥莫	0
𪍣	ml	麥婁	0
𪍡	mf	.	0
𪍠	mu	麥殳	0
𪍠	tm	土麥	0
𪍟	ms	麥索	0
𪍝	mm	麥皿	0
𪍝	mw	.	0
𪍛	mx	麥屑	0
𪍗	mq	麥秋	0
𪍔	mg	麥艮	0
𪍑	mq	麥酋	0
𪍏	mf	麥負	0
𪍎	mk	麥科	0
𪍌	mg	麥咼	0
𪍈	mv	麥卓	0
𪍇	vm	.	0
𪍅	my	麥夜	0
𪍄	ml	麥录	0
𪍂	mk	麥空	0
𪍁	mj	.	0
𪍁	mq	麥囷	0
𪌿	mn	麥念	0
𪌽	mk	麥昆	0
𪌼	mf	麥缶	0
𪌼	mt	.	0
𪌺	mj	麥君	0
𪌹	mx	麥希	0
𪌷	mb	麥步	0
𪌶	mu	麥束	0
𪌵	mq	麥求	0
𪌴	mz	麥坐	0
𪌳	mc	麥寸	0
𪌳	ml	.	0
𪌱	ml	麥利	0
𪌰	mb	麥孛	0
𪌯	mx	麥肖	0
𪌮	mu	麥沙	0
𪌬	mm	麥米	0
𪌫	md	麥多	0
𪌪	mv	麥兆	0
𪌩	mu	麥舌	0
𪌧	mj	麥吉	0
𪌦	mh	麥回	0
𪌤	md	.	0
𪌣	mg	麥各	0
𪌢	mt	麥同	0
𪌟	mv	麥乍	0
𪌞	my	麥玉	0
𪌘	mv	麥主	0
𪌔	mo	麥目	0
𪌓	mu	麥殳	0
𪌒	mq	麥欠	0
𪌏	mp	麥攴	0
𪌏	mw	.	0
𪌍	mj	麥斤	0
𪌋	mt	麥屯	0
𪌊	mg	麥夬	0
𪌉	md	麥斗	0
𪌈	mb	麥比	0
𪌆	mf	麥反	0
𪌅	mn	麥内	0
𪌄	ms	麥巳	0
𪌃	mg	麥干	0
𪌂	mv	.	0
𪌀	ml	麥了	0
𪋾	ml	麥力	0
𪋺	lx	鹿需	0
𪋳	ll	.	0
𪋰	lu	鹿署	0
𪋮	ly	鹿與	0
𪋬	ly	鹿虞	0
𪋫	ly	鹿業	0
𪋢	lo	鹿目	0
𪋡	lf	鹿夫	0
𪋡	lp	.	0
𪋝	ls	鹿速	0
𪋜	lb	鹿畢	0
𪋗	lm	鹿迷	0
𪋖	lf	鹿風	0
𪋒	lx	鹿香	0
𪋑	ld	.	0
𪋑	lv	鹿者	0
𪋐	ld	鹿大	0
𪋐	lr	.	0
𪋏	lv	鹿者	0
𪋍	lz	鹿甾	0
𪋍	zl	甾鹿	0
𪋌	lz	鹿卒	0
𪋋	lb	鹿并	0
𪋊	lg	鹿果	0
𪋉	ly	鹿雨	0
𪋇	lv	鹿隹	0
𪋆	lk	鹿昆	0
𪋅	lw	鹿宛	0
𪋄	lq	鹿取	0
𪋁	lu	鹿豕	0
𪊻	lb	鹿八	0
𪊹	lv	鹿助	0
𪊷	lx	鹿孝	0
𪊶	lt	鹿廷	0
𪊵	lg	鹿工	0
𪊵	lj	.	0
𪊳	ly	鹿亦	0
𪊪	lh	鹿后	0
𪊧	lg	鹿圭	0
𪊥	lg	鹿亘	0
𪊢	lu	鹿矢	0
𪊜	lb	鹿本	0
𪊗	lu	鹿手	0
𪊕	lb	鹿比	0
𪊐	lf	鹿夫	0
𪊍	ls	鹿巳	0
𪊉	bb	卜八	0
𪊉	lh	.	0
𪊇	bj	卜監	0
𪊇	lj	.	0
𪊆	bq	卜齊	0
𪊆	lq	.	0
𪊄	bg	卜感	0
𪊄	lg	.	0
𪊂	bo	卜日	0
𪊂	lc	.	0
𪊂	lo	.	0
𪉿	bg	卜敢	0
𪉿	lg	.	0
𪉻	bi	卜崇	0
𪉻	id	崇丶	0
𪉻	li	.	0
𪉸	bm	卜皿	0
𪉸	lw	.	0
𪉶	bm	卜皿	0
𪉱	bb	卜扁	0
𪉱	lb	.	0
𪉯	bu	卜甚	0
𪉯	lu	.	0
𪉮	bz	卜奏	0
𪉮	lz	.	0
𪉭	bw	卜畏	0
𪉭	lw	.	0
𪉪	bf	卜奉	0
𪉪	lf	.	0
𪉨	bi	卜昌	0
𪉨	li	.	0
𪉧	by	卜炎	0
𪉧	ly	.	0
𪉦	bj	卜臼	0
𪉦	ld	.	0
𪉣	bd	卜豆	0
𪉣	ld	.	0
𪉢	lu	.	0
𪉜	bv	卜占	0
𪉜	lv	.	0
𪉚	bm	卜毛	0
𪉚	lm	.	0
𪉘	bu	卜殳	0
𪉘	lu	.	0
𪉗	bd	卜大	0
𪉗	ld	.	0
𪉖	bt	卜土	0
𪉖	lt	.	0
𪉕	nh	.	0
𪉔	pn	.	0
𪉒	bn	班鸟	0
𪉑	an	敖鸟	0
𪉐	on	.	0
𪉏	mn	某鸟	0
𪉎	hn	昏鸟	0
𪉍	tn	秃鸟	0
𪉌	qn	求鸟	0
𪉋	in	舛鸟	0
𪉊	hn	华鸟	0
𪉉	pn	.	0
𪉈	cn	此鸟	0
𪉆	vn	旨鸟	0
𪉅	un	式鸟	0
𪉄	in	斥鸟	0
𪉃	wn	文鸟	0
𪉂	yn	云鸟	0
𪈿	mn	蠻鳥	0
𪈿	nm	鳥蠻	0
𪈽	nf	鳥凡	0
𪈽	sf	糸鳳	0
𪈼	nn	鳥鳥	0
𪈻	mg	木鸛	0
𪈻	nq	.	0
𪈸	dg	氵鸛	0
𪈸	ng	.	0
𪈸	nv	鳥隹	0
𪈴	jn	矍鳥	0
𪈴	nj	鳥矍	0
𪈰	ln	羅鳥	0
𪈰	nl	鳥羅	0
𪈩	ng	.	0
𪈩	nv	鳥隹	0
𪈨	nn	鳥鳥	0
𪈨	nu	.	0
𪈥	cn	崔鳥	0
𪈥	nj	鳥冏	0
𪈥	ns	.	0
𪈠	ny	鳥應	0
𪈠	yn	應鳥	0
𪈟	nx	鳥薛	0
𪈟	xn	薛鳥	0
𪈜	nl	鳥婁	0
𪈘	hn	薨鳥	0
𪈘	nh	鳥薨	0
𪈑	ny	鳥易	0
𪈑	yn	雨鳥	0
𪈐	ln	賴鳥	0
𪈐	nl	鳥賴	0
𪈏	yn	燕鳥	0
𪈋	nw	鳥夂	0
𪈋	wn	亠鳥	0
𪈊	gn	鬲鳥	0
𪈊	ng	.	0
𪈊	ny	鳥羽	0
𪈈	nl	.	0
𪈇	nq	鳥錢	0
𪈇	qn	錢鳥	0
𪈆	mn	瞢鳥	0
𪈆	nm	鳥瞢	0
𪈃	ng	.	0
𪈃	nu	鳥十	0
𪈃	wn	亠鳥	0
𪈂	ln	魯鳥	0
𪈂	nl	鳥魯	0
𪈀	kn	口鳥	0
𪈀	ny	鳥禺	0
𪇹	nl	.	0
𪇷	nx	鳥辛	0
𪇵	gn	廣鳥	0
𪇵	ng	鳥廣	0
𪇴	mn	蔑鳥	0
𪇴	nm	鳥蔑	0
𪇳	nh	.	0
𪇳	nv	鳥箴	0
𪇲	ng	鳥戈	0
𪇲	qn	雀鳥	0
𪇱	ln	樂鳥	0
𪇱	nl	鳥樂	0
𪇰	bn	暴鳥	0
𪇰	nb	鳥暴	0
𪇯	ln	戮鳥	0
𪇯	nl	鳥戮	0
𪇭	cn	蔡鳥	0
𪇭	nc	鳥蔡	0
𪇤	nl	鳥鹿	0
𪇤	xn	夕鳥	0
𪇞	gn	.	0
𪇞	jn	吉鳥	0
𪇞	np	鳥皮	0
𪇝	nj	鳥角	0
𪇝	ny	.	0
𪇝	yn	余鳥	0
𪇜	cn	艹鳥	0
𪇜	nh	鳥害	0
𪇜	nx	.	0
𪇘	nu	鳥壽	0
𪇘	un	壽鳥	0
𪇗	ng	.	0
𪇗	nu	鳥殳	0
𪇗	tn	土鳥	0
𪇖	jn	監鳥	0
𪇖	nj	鳥監	0
𪇕	bn	賓鳥	0
𪇕	nb	鳥賓	0
𪇓	mn	夢鳥	0
𪇓	nm	鳥夢	0
𪇒	mj	米鶄	0
𪇒	nj	.	0
𪇑	nx	鳥熏	0
𪇑	xn	熏鳥	0
𪇊	nb	.	0
𪇈	an	愛鳥	0
𪇈	na	鳥愛	0
𪇇	nj	.	0
𪇇	nq	鳥僉	0
𪇇	qn	僉鳥	0
𪇆	nu	鳥蜀	0
𪇄	nl	鳥卵	0
𪇄	tn	土鳥	0
𪇃	pf	票鳳	0
𪇂	nu	鳥殳	0
𪇂	tn	土鳥	0
𪇁	dn	當鳥	0
𪇁	nd	鳥當	0
𪆿	in	产鳥	0
𪆿	ny	鳥言	0
𪆻	nv	鳥詹	0
𪆻	vn	詹鳥	0
𪆹	gn	過鳥	0
𪆹	ng	鳥過	0
𪆷	jn	金鳥	0
𪆷	ni	.	0
𪆷	nq	鳥且	0
𪆶	cn	粲鳥	0
𪆶	nc	鳥粲	0
𪆵	di	.	0
𪆵	nl	鳥力	0
𪆴	kn	葵鳥	0
𪆴	nk	鳥葵	0
𪆳	nj	鳥雋	0
𪆲	jn	賈鳥	0
𪆲	nj	鳥賈	0
𪆱	mn	卯鳥	0
𪆱	nj	鳥金	0
𪆰	gn	葛鳥	0
𪆰	ng	鳥葛	0
𪆯	nn	農鳥	0
𪆠	nf	鳥富	0
𪆛	nx	鳥虚	0
𪆛	xn	虚鳥	0
𪆗	ns	鳥斯	0
𪆕	bn	宀鳥	0
𪆕	nt	鳥土	0
𪆋	nj	鳥吉	0
𪆋	sn	糸鳥	0
𪆂	nq	鳥渠	0
𪆂	qn	渠鳥	0
𪆁	ns	鳥斯	0
𪆁	sn	斯鳥	0
𪆀	nv	鳥粥	0
𪆀	vn	粥鳥	0
𪅿	ns	鳥隋	0
𪅿	sn	隋鳥	0
𪅾	nq	鳥欺	0
𪅾	qn	欺鳥	0
𪅽	an	丆鳥	0
𪅽	no	鳥日	0
𪅼	in	厂鳥	0
𪅼	nh	鳥禾	0
𪅼	nl	.	0
𪅻	ne	鳥二	0
𪅻	vn	舟鳥	0
𪅺	hn	喉鳥	0
𪅺	nh	鳥喉	0
𪅹	nj	鳥幾	0
𪅸	nj	鳥絜	0
𪅵	in	虫鳥	0
𪅵	nc	鳥次	0
𪅵	ni	.	0
𪅴	ne	鳥惡	0
𪅲	nh	.	0
𪅲	nx	鳥翕	0
𪅲	xn	翕鳥	0
𪅰	nu	鳥舒	0
𪅮	mn	密鳥	0
𪅮	nm	鳥密	0
𪅠	nx	鳥羞	0
𪅠	xn	羞鳥	0
𪅟	ny	鳥庸	0
𪅝	nn	鳥鳥	0
𪅙	in	敕鳥	0
𪅖	in	舂鳥	0
𪅖	ni	鳥舂	0
𪅔	fh	鳳皇	0
𪅓	nq	鳥雀	0
𪅓	qn	雀鳥	0
𪅍	nl	鳥來	0
𪅋	ln	陵鳥	0
𪅋	nl	鳥陵	0
𪅉	jn	臼鳥	0
𪅉	no	鳥日	0
𪅈	ny	.	0
𪅈	rn	亻鳥	0
𪅇	cn	艹鳥	0
𪅇	nb	鳥冖	0
𪅆	ni	.	0
𪅅	ln	略鳥	0
𪅅	nl	鳥略	0
𪅄	nl	鳥率	0
𪅃	np	鳥票	0
𪅃	pn	票鳥	0
𪅂	nv	鳥章	0
𪅂	vn	章鳥	0
𪄻	ni	鳥舂	0
𪄹	in	常鳥	0
𪄹	ni	鳥常	0
𪄸	nz	鳥責	0
𪄸	zn	責鳥	0
𪄷	xn	覀鳥	0
𪄶	nx	鳥習	0
𪄶	xn	習鳥	0
𪄵	jn	既鳥	0
𪄵	nj	鳥既	0
𪄴	mn	敏鳥	0
𪄴	nm	鳥敏	0
𪄳	mn	麥鳥	0
𪄳	nm	鳥麥	0
𪄲	nu	鳥商	0
𪄲	un	商鳥	0
𪄱	nd	.	0
𪄱	ng	鳥古	0
𪄱	wn	亠鳥	0
𪄯	gn	規鳥	0
𪄯	ng	鳥規	0
𪄮	ny	鳥雩	0
𪄮	yn	雩鳥	0
𪄭	mn	木鳥	0
𪄭	nq	.	0
𪄭	nu	鳥氺	0
𪄝	nw	鳥烏	0
𪄛	nx	鳥息	0
𪄚	ny	鳥羽	0
𪄚	on	日鳥	0
𪄖	nq	鳥耆	0
𪄖	qn	耆鳥	0
𪄕	bn	班鳥	0
𪄕	nb	鳥班	0
𪄔	ng	鳥鬼	0
𪄓	nn	鳥女	0
𪄒	in	髟鳥	0
𪄑	nr	.	0
𪄑	nx	.	0
𪄏	nf	鳥分	0
𪄏	nx	.	0
𪄏	xn	覀鳥	0
𪄎	gn	格鳥	0
𪄎	ng	鳥格	0
𪄌	gn	貢鳥	0
𪄌	ng	鳥貢	0
𪄊	nj	.	0
𪄉	ny	鳥邕	0
𪄉	yn	邕鳥	0
𪄈	nq	鳥秦	0
𪄆	np	.	0
𪄅	nu	鳥殺	0
𪄅	un	殺鳥	0
𪄂	nx	鳥夏	0
𪄂	xn	夏鳥	0
𪄁	ny	鳥原	0
𪄁	yn	原鳥	0
𪄀	bn	般鳥	0
𪄀	nb	鳥般	0
𪃿	gn	哥鳥	0
𪃿	ng	鳥哥	0
𪃾	nr	鳥容	0
𪃾	rn	容鳥	0
𪃼	nx	鳥息	0
𪃼	xn	息鳥	0
𪃺	cn	艹鳥	0
𪃺	ng	.	0
𪃺	nr	鳥冉	0
𪃷	nx	鳥小	0
𪃶	hn	侯鳥	0
𪃶	nh	鳥侯	0
𪃮	nw	鳥屋	0
𪃮	wn	屋鳥	0
𪃭	kn	客鳥	0
𪃭	nk	鳥客	0
𪃫	hn	垕鳥	0
𪃫	nh	鳥垕	0
𪃨	yn	幽鳥	0
𪃦	mn	眇鳥	0
𪃦	nm	鳥眇	0
𪃥	mn	木鳥	0
𪃥	no	鳥目	0
𪃛	ny	鳥彦	0
𪃛	yn	彦鳥	0
𪃓	fn	負鳥	0
𪃓	nf	鳥負	0
𪃒	dn	度鳥	0
𪃒	nd	鳥度	0
𪃑	mn	冒鳥	0
𪃑	nm	鳥冒	0
𪃐	nm	鳥眇	0
𪃏	mn	某鳥	0
𪃏	nm	鳥某	0
𪃎	ny	鳥俞	0
𪃎	yn	俞鳥	0
𪃍	no	.	0
𪃍	ny	鳥禺	0
𪃍	yn	禺鳥	0
𪃋	nt	鳥土	0
𪃋	ny	.	0
𪃋	xn	覀鳥	0
𪃈	nq	鳥契	0
𪃈	qn	契鳥	0
𪃆	nz	鳥奏	0
𪃅	nx	鳥削	0
𪃅	xn	削鳥	0
𪃄	ns	鳥思	0
𪃄	sn	思鳥	0
𪃃	fn	复鳥	0
𪃃	nf	鳥复	0
𪃂	ln	流鳥	0
𪃂	nl	鳥流	0
𪂾	nu	鳥飠	0
𪂽	np	鳥盆	0
𪂽	pn	盆鳥	0
𪂼	nx	鳥相	0
𪂼	xn	相鳥	0
𪂺	jn	急鳥	0
𪂺	nj	鳥急	0
𪂹	in	春鳥	0
𪂹	ni	鳥春	0
𪂶	nx	鳥咸	0
𪂶	xn	咸鳥	0
𪂵	nh	鳥或	0
𪂴	nq	鳥青	0
𪂫	an	丆鳥	0
𪂩	ln	隶鳥	0
𪂩	nl	鳥隶	0
𪂦	wn	.	0
𪂤	mn	命鳥	0
𪂤	nm	鳥命	0
𪂡	mn	明鳥	0
𪂡	nm	鳥明	0
𪂠	gn	果鳥	0
𪂠	ng	鳥果	0
𪂟	nb	.	0
𪂟	nu	.	0
𪂜	mn	枚鳥	0
𪂜	nm	鳥枚	0
𪂛	nq	鳥芪	0
𪂛	qn	芪鳥	0
𪂕	ny	鳥雨	0
𪂕	yn	雨鳥	0
𪂓	nc	.	0
𪂓	nq	鳥且	0
𪂓	un	山鳥	0
𪂒	hn	忽鳥	0
𪂒	nh	鳥忽	0
𪂏	fn	非鳥	0
𪂏	nf	鳥非	0
𪂍	kn	开鳥	0
𪂍	nj	.	0
𪂍	nk	鳥开	0
𪂌	dn	沓鳥	0
𪂌	nd	鳥沓	0
𪂌	nt	.	0
𪂋	nv	鳥帚	0
𪂉	hn	或鳥	0
𪂉	nh	鳥或	0
𪂈	ny	鳥炎	0
𪂈	yn	炎鳥	0
𪂇	in	昌鳥	0
𪂇	ni	鳥昌	0
𪂆	nh	鳥昏	0
𪂅	nv	鳥枝	0
𪂅	vn	枝鳥	0
𪂄	in	侈鳥	0
𪂄	ni	鳥侈	0
𪂀	nf	鳥斧	0
𪁿	ns	鳥松	0
𪁿	sn	松鳥	0
𪁾	cn	艹鳥	0
𪁾	na	.	0
𪁾	ny	鳥夭	0
𪁽	nz	鳥卒	0
𪁽	zn	卒鳥	0
𪁼	bn	帛鳥	0
𪁼	nb	鳥帛	0
𪁺	nu	鳥尚	0
𪁺	un	尚鳥	0
𪁹	nf	鳥非	0
𪁸	nq	鳥羌	0
𪁲	in	初鳥	0
𪁲	ni	鳥初	0
𪁱	in	床鳥	0
𪁰	nv	鳥豸	0
𪁰	vn	豸鳥	0
𪁮	nx	鳥秀	0
𪁮	xn	秀鳥	0
𪁫	nj	鳥戒	0
𪁪	mn	尨鳥	0
𪁪	nm	鳥尨	0
𪁩	nd	鳥弟	0
𪁧	in	辰鳥	0
𪁧	ni	鳥辰	0
𪁥	nu	鳥豕	0
𪁥	un	豕鳥	0
𪁠	nj	.	0
𪁟	hn	含鳥	0
𪁟	nh	鳥含	0
𪁞	dn	豆鳥	0
𪁞	nd	鳥豆	0
𪁜	dn	丶鳥	0
𪁜	ln	良鳥	0
𪁛	ny	鳥役	0
𪁛	yn	役鳥	0
𪁚	nb	鳥冖	0
𪁚	wn	亠鳥	0
𪁘	nw	鳥汪	0
𪁘	wn	汪鳥	0
𪁖	nq	鳥求	0
𪁕	nw	鳥沃	0
𪁕	wn	沃鳥	0
𪁔	ln	牢鳥	0
𪁔	nl	鳥牢	0
𪁓	nv	鳥志	0
𪁓	vn	志鳥	0
𪁑	dn	兑鳥	0
𪁑	nd	鳥兑	0
𪁐	nl	鳥利	0
𪁏	cn	岑鳥	0
𪁏	nc	鳥岑	0
𪁎	nx	鳥肖	0
𪁎	xn	肖鳥	0
𪁍	jn	劫鳥	0
𪁍	nj	鳥劫	0
𪁋	in	成鳥	0
𪁋	ni	鳥成	0
𪁊	nv	鳥折	0
𪁊	vn	折鳥	0
𪁉	nj	鳥交	0
𪁈	np	.	0
𪁈	nv	鳥庄	0
𪁈	vn	庄鳥	0
𪁀	ny	鳥聿	0
𪁀	yn	聿鳥	0
𪀿	mn	米鳥	0
𪀿	nm	鳥米	0
𪀾	in	舛鳥	0
𪀾	ni	鳥舛	0
𪀽	nx	鳥旬	0
𪀻	np	鳥牝	0
𪀻	pn	牝鳥	0
𪀺	nn	鳥女	0
𪀷	nx	鳥先	0
𪀷	xn	先鳥	0
𪀲	hn	火鳥	0
𪀲	ne	鳥二	0
𪀭	nt	鳥同	0
𪀭	tn	同鳥	0
𪀬	hn	灰鳥	0
𪀬	nh	鳥灰	0
𪀪	nx	鳥休	0
𪀩	dn	多鳥	0
𪀩	nd	鳥多	0
𪀧	nl	鳥老	0
𪀦	nu	鳥式	0
𪀥	nv	鳥宅	0
𪀥	vn	宅鳥	0
𪀣	nu	鳥杀	0
𪀠	nx	鳥旬	0
𪀟	hn	回鳥	0
𪀟	nh	鳥回	0
𪀞	ne	鳥儿	0
𪀞	nh	.	0
𪀞	wn	亡鳥	0
𪀝	bn	.	0
𪀝	nc	鳥屮	0
𪀝	nn	.	0
𪀛	gn	巩鳥	0
𪀛	ng	鳥巩	0
𪀚	na	.	0
𪀚	nr	鳥戎	0
𪀘	jn	匠鳥	0
𪀘	nj	鳥匠	0
𪀗	nw	鳥危	0
𪀗	wn	危鳥	0
𪀕	ny	鳥曳	0
𪀕	yn	曳鳥	0
𪀔	ns	鳥寺	0
𪀓	nd	鳥多	0
𪀒	nv	鳥至	0
𪀏	nj	鳥巨	0
𪀊	nj	鳥句	0
𪀉	nk	鳥可	0
𪀈	ny	.	0
𪀁	nj	鳥加	0
𩿿	in	刍鳥	0
𩿽	ny	鳥也	0
𩿽	rn	𠂉鳥	0
𩿽	tn	.	0
𩿻	bn	北鳥	0
𩿻	nb	鳥北	0
𩿺	nw	鳥瓦	0
𩿺	wn	瓦鳥	0
𩿷	nu	鳥示	0
𩿷	un	示鳥	0
𩿴	nd	鳥冫	0
𩿲	nw	鳥未	0
𩿲	wn	未鳥	0
𩿯	nu	鳥术	0
𩿯	un	术鳥	0
𩿬	ny	鳥由	0
𩿬	yn	由鳥	0
𩿪	in	斥鳥	0
𩿪	ni	鳥斥	0
𩿩	in	出鳥	0
𩿩	ni	鳥出	0
𩿧	fn	付鳥	0
𩿧	nf	鳥付	0
𩿥	ne	鳥尔	0
𩿤	nv	鳥札	0
𩿤	vn	札鳥	0
𩿣	mn	末鳥	0
𩿣	nm	鳥末	0
𩿢	nv	鳥主	0
𩿢	vn	主鳥	0
𩿡	nt	鳥台	0
𩿠	nd	鳥丶	0
𩿠	ny	.	0
𩿟	nq	鳥去	0
𩿟	qn	去鳥	0
𩿝	jn	巨鳥	0
𩿝	nj	鳥巨	0
𩿛	nq	鳥犬	0
𩿕	nb	.	0
𩿕	nr	鳥人	0
𩿕	rn	人鳥	0
𩿔	fn	反鳥	0
𩿔	nf	鳥反	0
𩿓	nn	鳥牛	0
𩿑	an	丆鳥	0
𩿑	nj	.	0
𩿏	nu	鳥双	0
𩿏	un	双鳥	0
𩿊	no	鳥月	0
𩿉	nf	鳥分	0
𩿈	fn	分鳥	0
𩿈	nf	鳥分	0
𩿄	np	鳥爿	0
𩿃	ny	鳥匀	0
𩿃	yn	匀鳥	0
𩿂	mn	毛鳥	0
𩿂	nm	鳥毛	0
𩿀	nv	鳥中	0
𩿀	vn	中鳥	0
𩾿	fn	父鳥	0
𩾿	nf	鳥父	0
𩾾	nx	.	0
𩾽	nx	鳥心	0
𩾼	nu	鳥水	0
𩾼	un	水鳥	0
𩾻	nq	鳥气	0
𩾺	jn	井鳥	0
𩾺	nj	鳥井	0
𩾸	nz	鳥仄	0
𩾸	zn	仄鳥	0
𩾷	gn	戈鳥	0
𩾷	ng	鳥戈	0
𩾶	nj	鳥及	0
𩾳	ng	.	0
𩾬	ng	鳥工	0
𩾧	ni	鳥川	0
𩾢	ny	鳥弋	0
𩾡	nu	鳥勺	0
𩾠	jn	己鳥	0
𩾠	nj	鳥己	0
𩾞	nw	鳥丸	0
𩾞	wn	丸鳥	0
𩾝	ng	鳥干	0
𩾚	dn	丁鳥	0
𩾚	nd	鳥丁	0
𩾘	nw	.	0
𩾗	dn	刁鳥	0
𩾗	nd	鳥刁	0
𩾕	bn	匕鳥	0
𩾕	nb	鳥匕	0
𩾔	nq	鳥七	0
𩾔	qn	七鳥	0
𩾓	ne	鳥卩	0
𩾒	nl	鳥了	0
𩾌	yk	鱼康	0
𩾋	yv	鱼重	0
𩾊	yx	鱼胥	0
𩾉	yj	魚夾	0
𩾈	yu	鱼叔	0
𩾇	yh	鱼虎	0
𩾆	yn	鱼泥	0
𩾅	yt	鱼兔	0
𩾄	yx	鱼迅	0
𩾃	ym	鱼免	0
𩾂	yu	鱼寿	0
𩾁	yq	鱼求	0
𩽾	ya	鱼安	0
𩽽	yv	鱼宅	0
𩽼	yj	鱼军	0
𩽻	yf	鱼父	0
𩽺	yf	鱼夫	0
𩽹	yj	鱼及	0
𩽷	yb	魚霸	0
𩽵	yl	魚蠡	0
𩽴	yy	魚嚴	0
𩽳	yd	魚黨	0
𩽲	yb	魚邊	0
𩽰	yl	魚羅	0
𩽪	yn	魚聶	0
𩽩	yq	魚瞿	0
𩽨	ys	.	0
𩽧	yu	魚雙	0
𩽢	yy	魚嬰	0
𩽡	yq	魚擎	0
𩽞	yk	.	0
𩽝	yi	.	0
𩽝	yt	魚兔	0
𩽜	yj	魚蹇	0
𩽛	yb	魚薄	0
𩽔	yn	魚耨	0
𩽒	yy	魚燕	0
𩽏	yl	魚歷	0
𩽎	yy	魚遺	0
𩽍	yj	魚韭	0
𩽈	yl	魚魯	0
𩽇	yy	魚憂	0
𩽆	ym	魚賣	0
𩽅	yj	魚韭	0
𩽁	yb	.	0
𩽁	yh	魚灬	0
𩽀	yu	魚誰	0
𩼼	yi	魚廛	0
𩼶	yl	魚寥	0
𩼴	yy	厭魚	0
𩼳	yj	魚監	0
𩼱	yb	魚貝	0
𩼯	yt	魚團	0
𩼭	ey	而魚	0
𩼭	yl	.	0
𩼭	yw	魚瓦	0
𩼨	yy	魚疑	0
𩼦	yj	魚聚	0
𩼛	yg	魚幹	0
𩼚	yj	魚即	0
𩼙	yg	魚葛	0
𩼖	yl	魚廉	0
𩼒	ys	魚嗇	0
𩼎	yp	魚辟	0
𩼌	yw	魚微	0
𩼋	yy	魚業	0
𩼊	wy	亡魚	0
𩼊	yf	魚凡	0
𩼉	yd	魚當	0
𩼈	ya	魚奥	0
𩼅	yn	魚農	0
𩼄	sy	罒炎	0
𩼄	yy	魚炎	0
𩼂	ys	.	0
𩻾	yj	魚間	0
𩻽	yh	魚畫	0
𩻼	yv	魚彘	0
𩻸	yd	魚逮	0
𩻷	uy	勝魚	0
𩻵	yh	.	0
𩻱	yj	魚景	0
𩻰	yv	魚掌	0
𩻮	yh	魚華	0
𩻭	yy	魚壹	0
𩻬	yp	魚彭	0
𩻫	ym	魚米	0
𩻧	yg	魚果	0
𩻤	yh	魚黑	0
𩻢	ry	亻魚	0
𩻢	yi	魚厂	0
𩻡	yt	魚童	0
𩻟	yw	魚爲	0
𩻝	ys	.	0
𩻝	yx	魚巽	0
𩻜	ly	來魚	0
𩻜	yq	魚犬	0
𩻜	yy	.	0
𩻛	yc	.	0
𩻛	yo	魚日	0
𩻚	yw	魚無	0
𩻘	yx	魚閒	0
𩻗	yb	魚部	0
𩻖	yy	魚偃	0
𩻌	yl	魚梨	0
𩻋	yd	魚弟	0
𩻅	yy	魚业	0
𩻁	ym	魚莫	0
𩺿	yj	魚竟	0
𩺼	yb	魚逋	0
𩺵	yu	魚莘	0
𩺵	yx	.	0
𩺲	yq	.	0
𩺲	yu	魚氺	0
𩺱	yn	魚匿	0
𩺰	yy	魚魚	0
𩺯	yz	魚族	0
𩺯	zy	族魚	0
𩺬	yv	魚追	0
𩺫	yj	魚隽	0
𩺞	ys	魚桑	0
𩺝	yn	魚逆	0
𩺛	ys	魚虒	0
𩺘	yv	魚真	0
𩺗	yd	.	0
𩺗	yh	魚合	0
𩺖	yy	.	0
𩺄	oy	月魚	0
𩺄	yo	.	0
𩺄	yx	魚刑	0
𩹿	yg	魚格	0
𩹾	yn	魚納	0
𩹽	yy	魚晏	0
𩹼	uy	十魚	0
𩹼	yr	魚人	0
𩹺	yg	魚鬲	0
𩹸	yg	魚貢	0
𩹷	yg	魚鬼	0
𩹶	yt	魚唐	0
𩹴	yy	魚舀	0
𩹳	yb	魚貝	0
𩹳	ys	.	0
𩹱	yi	魚畜	0
𩹮	ym	魚某	0
𩹨	yd	魚段	0
𩹥	yf	魚風	0
𩹢	yg	魚咼	0
𩹡	ym	魚昴	0
𩹟	yn	魚柰	0
𩹞	yn	魚南	0
𩹝	yd	魚毒	0
𩹗	yl	魚亮	0
𩹖	yj	魚姜	0
𩹑	yi	魚虫	0
𩹎	yy	魚音	0
𩹍	yg	魚癸	0
𩹊	yy	.	0
𩹊	yz	魚子	0
𩹉	yf	魚飛	0
𩹈	yv	魚致	0
𩹇	yt	魚亭	0
𩹅	yy	魚英	0
𩹄	yh	魚曷	0
𩹂	yw	魚胃	0
𩹀	yz	魚奏	0
𩸿	yp	.	0
𩸾	yy	魚耶	0
𩸹	ye	.	0
𩸹	ym	魚弥	0
𩸸	yq	魚妻	0
𩸬	yk	魚口	0
𩸫	yi	魚垂	0
𩸪	wy	宛魚	0
𩸪	yw	魚宛	0
𩸨	yy	魚宜	0
𩸧	yn	魚泥	0
𩸦	yn	魚泥	0
𩸥	yy	魚炎	0
𩸤	yf	魚服	0
𩸣	yu	魚受	0
𩸡	ny	牛魚	0
𩸡	yk	魚亢	0
𩸟	ye	魚儿	0
𩸞	yq	魚奇	0
𩸝	sy	松魚	0
𩸝	ys	魚松	0
𩸛	yt	魚田	0
𩸘	yg	魚官	0
𩸖	yy	魚亞	0
𩸔	jy	佶魚	0
𩸔	yj	魚佶	0
𩸓	by	波魚	0
𩸓	yb	魚波	0
𩸒	yg	魚岡	0
𩸐	yr	魚乳	0
𩸎	yd	魚定	0
𩸍	ym	魚命	0
𩸋	yy	魚亞	0
𩸇	yy	魚亞	0
𩸆	yy	魚奄	0
𩸄	yg	魚果	0
𩸃	yt	魚兔	0
𩸂	yf	魚忿	0
𩸁	yb	.	0
𩸁	ye	魚儿	0
𩸀	yp	魚朋	0
𩷾	yq	魚祁	0
𩷽	yd	魚沓	0
𩷽	yt	.	0
𩷻	yj	魚劼	0
𩷹	yv	魚卓	0
𩷸	yf	魚方	0
𩷶	ym	魚芒	0
𩷵	yt	魚吞	0
𩷰	yx	魚迅	0
𩷯	wy	沃魚	0
𩷯	yw	魚沃	0
𩷭	yf	魚丰	0
𩷫	yo	魚月	0
𩷩	yi	魚辰	0
𩷨	yx	魚孝	0
𩷧	yi	魚赤	0
𩷥	yc	魚寸	0
𩷤	yb	魚别	0
𩷡	jy	玖魚	0
𩷡	yj	魚玖	0
𩷟	yj	魚夾	0
𩷚	yb	魚孛	0
𩷘	yj	魚岌	0
𩷗	yk	魚狂	0
𩷖	yb	魚步	0
𩷕	yl	魚良	0
𩷓	yv	魚志	0
𩷒	yc	魚岑	0
𩷐	yj	魚局	0
𩷏	yg	魚工	0
𩷏	yj	.	0
𩷎	yd	魚狄	0
𩷍	yy	魚役	0
𩷌	ym	魚木	0
𩷋	yl	魚礼	0
𩷄	yj	.	0
𩷂	yd	魚刀	0
𩷂	yl	.	0
𩷁	yb	魚巴	0
𩷀	ry	任魚	0
𩷀	yr	魚任	0
𩶾	yy	魚因	0
𩶻	yh	魚伙	0
𩶹	yd	魚朵	0
𩶸	yg	魚光	0
𩶵	yl	魚肋	0
𩶴	yi	魚池	0
𩶳	yy	魚臾	0
𩶱	yv	魚宅	0
𩶰	yd	魚多	0
𩶯	ry	如魚	0
𩶯	yr	魚如	0
𩶭	yk	.	0
𩶭	yw	魚吴	0
𩶫	yx	魚血	0
𩶩	yr	魚肉	0
𩶧	yj	魚臼	0
𩶦	yz	魚在	0
𩶥	yi	魚虫	0
𩶤	yx	魚先	0
𩶣	yv	魚舟	0
𩶢	ym	魚牟	0
𩶞	yf	魚凡	0
𩶜	yu	魚圣	0
𩶛	yj	魚加	0
𩶙	yy	魚永	0
𩶘	yl	魚立	0
𩶗	ye	魚尔	0
𩶖	yo	魚目	0
𩶎	yr	魚冉	0
𩶋	ym	魚母	0
𩶉	yb	魚布	0
𩶈	yh	魚乎	0
𩶇	yu	魚矢	0
𩶅	yd	魚氐	0
𩶄	yu	魚术	0
𩶄	yv	.	0
𩶂	yn	魚宁	0
𩶂	yv	.	0
𩶁	yb	魚丙	0
𩶀	yy	魚牙	0
𩵻	yg	魚勾	0
𩵺	yo	魚月	0
𩵹	yf	魚父	0
𩵲	yy	魚爻	0
𩵱	yw	魚午	0
𩵰	yh	魚火	0
𩵮	yu	魚少	0
𩵭	yw	魚王	0
𩵬	yd	魚斗	0
𩵩	yf	魚夫	0
𩵦	ym	魚木	0
𩵥	yq	魚犬	0
𩵣	yb	魚不	0
𩵢	yq	魚欠	0
𩵠	yn	魚牛	0
𩵟	yg	魚干	0
𩵛	yw	.	0
𩵛	yy	魚尢	0
𩵚	yt	魚土	0
𩵙	yi	魚川	0
𩵗	ys	魚巳	0
𩵖	yx	魚小	0
𩵕	yr	魚刃	0
𩵓	yl	魚力	0
𩵏	yb	.	0
𩵏	yh	.	0
𩵎	yy	魚又	0
𩵍	yj	魚九	0
𩵊	gw	鬼夂	0
𩵉	gw	鬼夂	0
𩵇	gl	鬼羅	0
𩵅	gq	鬼瞿	0
𩵄	gg	.	0
𩵄	gv	鬼隹	0
𩵀	gl	.	0
𩴾	gm	鬼蔑	0
𩴽	gy	鬼養	0
𩴽	yg	養鬼	0
𩴻	gl	.	0
𩴻	gt	鬼田	0
𩴻	tg	田鬼	0
𩴺	gm	鬼賣	0
𩴺	mg	賣鬼	0
𩴹	gv	.	0
𩴵	gj	鬼監	0
𩴳	gi	鬼察	0
𩴲	gm	鬼夢	0
𩴲	mg	夢鬼	0
𩴱	bg	賓鬼	0
𩴱	gb	鬼賓	0
𩴯	gu	鬼豕	0
𩴮	gg	.	0
𩴮	gx	鬼幸	0
𩴪	gj	鬼幾	0
𩴪	jg	幾鬼	0
𩴩	gy	鬼焱	0
𩴨	gy	鬼羊	0
𩴨	yg	羊鬼	0
𩴧	gj	鬼焦	0
𩴦	gj	鬼間	0
𩴦	jg	間鬼	0
𩴤	gl	.	0
𩴤	gx	鬼小	0
𩴣	gh	鬼禾	0
𩴣	gl	.	0
𩴣	ig	厂鬼	0
𩴡	gg	鬼雇	0
𩴠	gi	鬼舛	0
𩴠	gl	.	0
𩴟	gu	鬼奢	0
𩴞	gw	鬼爲	0
𩴝	gd	鬼登	0
𩴜	gy	鬼異	0
𩴙	gu	鬼深	0
𩴘	gi	鬼處	0
𩴖	gj	鬼眷	0
𩴖	jg	眷鬼	0
𩴒	gq	鬼强	0
𩴒	qg	强鬼	0
𩴑	gc	鬼參	0
𩴐	gl	鬼率	0
𩴏	go	鬼日	0
𩴏	hg	火鬼	0
𩴍	gs	鬼叟	0
𩴉	gy	鬼員	0
𩴈	gm	.	0
𩴇	gu	鬼殺	0
𩴄	gb	鬼扁	0
𩴃	gj	鬼急	0
𩴂	gv	鬼重	0
𩴁	gx	鬼咸	0
𩴀	gv	鬼者	0
𩳾	gm	鬼面	0
𩳸	gm	鬼苗	0
𩳶	gm	鬼木	0
𩳶	gy	.	0
𩳶	ug	世鬼	0
𩳵	gi	.	0
𩳲	gi	鬼侈	0
𩳯	gm	鬼毛	0
𩳬	fg	父鬼	0
𩳬	go	鬼月	0
𩳨	gc	鬼寸	0
𩳧	gy	鬼雨	0
𩳧	yg	雨鬼	0
𩳥	ag	丆鬼	0
𩳥	gd	鬼丶	0
𩳥	gi	.	0
𩳤	gi	鬼長	0
𩳣	gq	鬼奇	0
𩳢	gy	鬼奄	0
𩳡	gc	鬼寸	0
𩳡	gl	.	0
𩳞	gq	鬼求	0
𩳝	gt	鬼吞	0
𩳝	tg	吞鬼	0
𩳖	gb	鬼八	0
𩳕	gt	鬼妥	0
𩳔	gx	鬼孝	0
𩳔	xg	孝鬼	0
𩳓	gl	鬼里	0
𩳒	gu	鬼束	0
𩳐	gf	鬼甫	0
𩳏	gv	鬼豸	0
𩳏	vg	豸鬼	0
𩳎	gf	鬼孚	0
𩳍	gg	鬼工	0
𩳍	gj	.	0
𩳌	gw	鬼吾	0
𩳈	gz	鬼自	0
𩳈	zg	自鬼	0
𩳇	gu	鬼殳	0
𩳇	gy	.	0
𩳆	gl	鬼耒	0
𩳅	gv	鬼朱	0
𩲾	gy	鬼有	0
𩲾	yg	有鬼	0
𩲻	gj	鬼交	0
𩲹	gi	.	0
𩲷	gh	鬼禾	0
𩲵	gu	鬼生	0
𩲴	gy	鬼央	0
𩲲	gq	鬼且	0
𩲱	gg	鬼古	0
𩲮	gt	鬼它	0
𩲬	gw	鬼勿	0
𩲪	ge	鬼尔	0
𩲩	gl	鬼令	0
𩲨	cg	此鬼	0
𩲨	gc	鬼此	0
𩲧	gg	工鬼	0
𩲧	gj	鬼几	0
𩲦	gv	鬼占	0
𩲤	gv	鬼召	0
𩲣	gj	鬼甲	0
𩲣	jg	甲鬼	0
𩲢	gp	鬼皮	0
𩲡	gu	鬼示	0
𩲠	gf	鬼方	0
𩲟	gq	鬼欠	0
𩲗	gf	鬼丰	0
𩲕	gh	鬼火	0
𩲒	gi	鬼长	0
𩲏	gh	鬼化	0
𩲏	hg	化鬼	0
𩲎	gu	鬼少	0
𩲍	gn	鬼牛	0
𩲌	gf	鬼方	0
𩲋	gk	鬼亢	0
𩲋	kg	亢鬼	0
𩲊	gm	鬼毛	0
𩲈	gu	鬼山	0
𩲅	gc	鬼寸	0
𩲄	gw	.	0
𩲄	gy	鬼尢	0
𩲄	yg	尢鬼	0
𩲃	gu	鬼勺	0
𩲂	gj	.	0
𩲁	gx	鬼夕	0
𩱾	gq	鬼七	0
𩱾	gv	.	0
𩱼	gj	鬼九	0
𩱼	jg	九鬼	0
𩱻	gb	鬼卜	0
𩱺	ge	鬼卩	0
𩱷	gg	.	0
𩱷	gm	鬲蔑	0
𩱴	gl	鬲吕	0
𩱴	gq	.	0
𩱴	lg	吕鬲	0
𩱳	gg	.	0
𩱲	gd	弓翟	0
𩱲	gg	.	0
𩱱	gg	.	0
𩱱	gy	鬲毓	0
𩱬	gj	.	0
𩱪	gb	鬲丙	0
𩱪	gg	.	0
𩱨	gc	鬲寸	0
𩱨	gg	.	0
𩱧	gg	鬲羔	0
𩱞	gg	.	0
𩱞	gx	弓孝	0
𩱜	gi	鬲辰	0
𩱛	gw	鬲夂	0
𩱚	gb	鬲孛	0
𩱚	gg	弓鬲	0
𩱙	ge	鬲儿	0
𩱙	gl	.	0
𩱙	mg	米鬲	0
𩱘	gq	鬲裘	0
𩱓	gg	鬲弓	0
𩱏	ga	鬲敖	0
𩱎	gg	.	0
𩱍	gg	弓古	0
𩱌	gg	.	0
𩱋	gg	羔鬲	0
𩱊	gr	.	0
𩱈	gi	鬲芻	0
𩱇	gg	鬲鬲	0
𩱆	gg	.	0
𩱆	gn	鬲女	0
𩱄	gr	.	0
𩱃	gj	鬲建	0
𩱁	gc	.	0
𩱁	gr	.	0
𩰾	gf	鬲沸	0
𩰻	gq	鬲求	0
𩰺	gw	鬲夂	0
𩰹	gg	鬲工	0
𩰹	gj	.	0
𩰶	gh	鬲亥	0
𩰵	gg	鬲亘	0
𩰴	ge	鬲而	0
𩰳	gg	鬲圭	0
𩰲	gg	鬲弓	0
𩰲	gj	.	0
𩰯	gg	鬲古	0
𩰭	gg	鬲戈	0
𩰬	ya	.	0
𩰤	ij	.	0
𩰢	il	鬯吏	0
𩰠	ip	鬯疋	0
𩰠	pi	疋鬯	0
𩰟	dx	鬥燹	0
𩰞	de	鬥爾	0
𩰙	dh	.	0
𩰗	db	鬥貝	0
𩰓	dx	鬥巷	0
𩰎	dg	鬥戈	0
𩰍	db	鬥卞	0
𩰌	dq	鬥乞	0
𩰃	ii	.	0
𩰃	it	髟兔	0
𩰀	il	髟龍	0
𩯽	il	髟賴	0
𩯺	il	髟歷	0
𩯴	iy	髟袁	0
𩯳	iz	.	0
𩯲	ii	.	0
𩯲	ix	髟心	0
𩯱	ib	髟暴	0
𩯪	iw	髟綰	0
𩯨	ie	髟爾	0
𩯞	ic	髟粲	0
𩯜	il	髟虜	0
𩯛	ij	髟敫	0
𩯘	iq	髟喬	0
𩯑	ic	.	0
𩯏	if	髟夫	0
𩯏	ip	.	0
𩯎	iu	髟盛	0
𩯍	iq	髟取	0
𩯍	iz	.	0
𩯌	if	髟發	0
𩯋	ij	髟戟	0
𩯊	il	.	0
𩯊	ix	髟小	0
𩯉	iz	髟最	0
𩯈	ii	.	0
𩯈	io	髟日	0
𩯇	id	髟登	0
𩯆	iy	髟堯	0
𩯄	iz	髟尊	0
𩯃	if	髟費	0
𩮾	iu	髟殳	0
𩮹	il	髟累	0
𩮸	ii	髟敕	0
𩮷	id	髟兜	0
𩮶	iu	.	0
𩮵	iu	髟殳	0
𩮵	iy	.	0
𩮴	ic	髟崔	0
𩮳	ip	髟票	0
𩮱	ii	髟舂	0
𩮯	ia	髟敖	0
𩮬	iw	髟翁	0
𩮫	iu	髟殺	0
𩮤	id	髟丶	0
𩮠	ir	髟容	0
𩮟	ic	髟从	0
𩮝	ih	髟害	0
𩮜	it	髟剔	0
𩮛	is	髟索	0
𩮚	iz	髟蚤	0
𩮘	ig	髟高	0
𩮗	ib	.	0
𩮖	iq	髟豈	0
𩮑	ig	髟咼	0
𩮐	io	.	0
𩮐	iy	髟禺	0
𩮏	ix	髟咸	0
𩮎	ii	髟查	0
𩮌	ix	髟相	0
𩮉	im	.	0
𩮈	iq	髟酋	0
𩮅	ii	.	0
𩮅	iv	髟奓	0
𩮄	ih	.	0
𩮃	is	.	0
𩮃	iy	髟又	0
𩮂	ih	髟曷	0
𩮁	iq	髟契	0
𩮀	ic	.	0
𩭿	ib	髟背	0
𩭾	iw	髟攵	0
𩭽	ik	髟客	0
𩭼	ib	髟保	0
𩭺	if	.	0
𩭺	it	髟田	0
𩭷	il	髟來	0
𩭴	ik	髟空	0
𩭳	ih	髟忽	0
𩭲	id	髟的	0
𩭯	iy	髟亞	0
𩭮	in	髟念	0
𩭫	il	髟兩	0
𩭩	id	髟東	0
𩭧	ib	髟卑	0
𩭦	ii	髟垂	0
𩭥	id	.	0
𩭥	ij	髟臼	0
𩭤	ic	.	0
𩭣	id	髟沓	0
𩭣	it	.	0
𩭢	ia	髟岸	0
𩭡	ix	髟昔	0
𩭟	iv	髟卓	0
𩭝	iw	髟我	0
𩭛	ij	髟角	0
𩭙	ig	髟工	0
𩭘	ic	髟材	0
𩭓	iy	髟酉	0
𩭒	im	髟尨	0
𩭑	ii	髟赤	0
𩭐	iu	髟豕	0
𩭏	it	髟妥	0
𩭌	ij	髟夾	0
𩭋	ik	髟困	0
𩭊	ij	髟局	0
𩭇	il	髟里	0
𩭂	ig	髟光	0
𩭁	ii	髟川	0
𩬼	iw	髟夂	0
𩬻	id	髟朵	0
𩬺	iv	髟旨	0
𩬹	ik	髟匡	0
𩬸	ic	髟屮	0
𩬸	in	.	0
𩬵	iy	髟印	0
𩬳	ir	髟肉	0
𩬲	iy	髟曳	0
𩬱	iv	髟兆	0
𩬰	ig	髟巩	0
𩬮	iy	髟用	0
𩬭	iu	髟失	0
𩬫	iv	髟只	0
𩬤	il	髟龙	0
𩬢	ii	髟出	0
𩬠	it	髟台	0
𩬟	iv	髟乍	0
𩬞	io	髟目	0
𩬝	ib	髟丙	0
𩬜	ik	髟尻	0
𩬛	ij	髟几	0
𩬚	ig	髟甘	0
𩬙	if	髟付	0
𩬗	iy	髟幼	0
𩬖	iv	.	0
𩬔	il	髟令	0
𩬑	iv	髟占	0
𩬏	io	髟月	0
𩬎	ir	髟壬	0
𩬍	iw	髟毋	0
𩬂	iz	髟辵	0
𩬀	in	髟内	0
𩫾	iy	髟丫	0
𩫻	ij	髟己	0
𩫺	iu	髟山	0
𩫹	ij	髟巾	0
𩫸	il	髟力	0
𩫵	ib	髟八	0
𩫴	ij	髟九	0
𩫳	gq	.	0
𩫲	gi	高蟲	0
𩫫	gb	.	0
𩫦	gc	高參	0
𩫥	gi	高巢	0
𩫥	ig	巢高	0
𩫤	gj	高桀	0
𩫡	gg	高亘	0
𩫠	gg	.	0
𩫟	gt	高土	0
𩫘	go	高月	0
𩫕	gu	高豕	0
𩫔	gy	.	0
𩫓	gs	高死	0
𩫍	gu	高生	0
𩫌	gk	高口	0
𩫋	gp	高皮	0
𩫇	bg	不高	0
𩫂	gk	高孔	0
𩫁	gm	高毛	0
𩫀	gz	.	0
𩪾	gl	.	0
𩪺	gt	骨曇	0
𩪸	gl	骨歷	0
𩪶	gj	骨節	0
𩪴	gy	骨養	0
𩪱	gx	骨熏	0
𩪮	gm	骨麽	0
𩪭	gh	.	0
𩪭	gv	.	0
𩪭	gy	骨又	0
𩪧	gb	.	0
𩪧	gp	骨辟	0
𩪥	gl	骨零	0
𩪤	gy	骨業	0
𩪣	gy	骨意	0
𩪢	gx	骨歆	0
𩪟	gy	.	0
𩪛	gf	骨夫	0
𩪛	gp	.	0
𩪘	gt	骨童	0
𩪗	gj	骨厥	0
𩪖	gb	骨畢	0
𩪓	gc	骨崔	0
𩪐	gg	骨國	0
𩪎	gm	骨莽	0
𩪍	gq	骨區	0
𩪌	gf	骨逢	0
𩪊	gp	骨票	0
𩪉	gl	骨鹿	0
𩪈	gb	骨貝	0
𩪈	gs	.	0
𩪃	gh	骨害	0
𩪂	gq	骨豈	0
𩪁	gg	骨鬼	0
𩪀	gv	骨追	0
𩩾	gs	骨巳	0
𩩾	gy	.	0
𩩼	gy	.	0
𩩻	gd	骨盾	0
𩩺	gq	骨泉	0
𩩷	gy	骨彦	0
𩩶	gu	骨食	0
𩩴	gx	骨咸	0
𩩳	gv	骨重	0
𩩲	gh	骨曷	0
𩩱	gj	骨叚	0
𩩰	gj	骨皆	0
𩩯	gb	骨扁	0
𩩮	gd	骨度	0
𩩧	gy	骨炎	0
𩩦	gy	骨於	0
𩩥	gm	骨木	0
𩩤	gy	骨亞	0
𩩢	ge	骨兒	0
𩩡	gl	.	0
𩩡	gw	骨夂	0
𩩠	gz	骨卒	0
𩩟	gv	骨叕	0
𩩞	gi	骨垂	0
𩩝	gk	骨空	0
𩩛	gq	骨奇	0
𩩘	gy	骨於	0
𩩗	gu	骨舍	0
𩩔	gz	骨足	0
𩩒	gu	骨豕	0
𩩑	gw	骨吾	0
𩩍	gp	.	0
𩩌	gx	骨系	0
𩩋	gj	.	0
𩩅	gt	骨同	0
𩩄	gj	.	0
𩩄	gk	骨开	0
𩨾	gw	骨危	0
𩨽	gd	.	0
𩨻	gv	骨主	0
𩨹	gj	骨甲	0
𩨸	gi	骨出	0
𩨷	gb	骨匕	0
𩨴	gh	骨号	0
𩨳	gi	骨出	0
𩨳	ig	出骨	0
𩨲	gb	骨必	0
𩨯	gi	骨斥	0
𩨮	ge	.	0
𩨮	gi	骨厂	0
𩨮	ug	山骨	0
𩨭	gt	骨它	0
𩨬	gx	骨玄	0
𩨫	gy	骨尹	0
𩨩	gf	骨反	0
𩨨	gb	骨比	0
𩨡	gu	骨少	0
𩨠	gy	骨牙	0
𩨟	gx	.	0
𩨞	gj	骨及	0
𩨝	gv	骨支	0
𩨜	gb	骨巴	0
𩨚	gn	骨女	0
𩨙	gg	骨弓	0
𩨘	gq	骨乞	0
𩨗	gx	.	0
𩨗	gy	.	0
𩨔	gj	骨九	0
𩨓	gb	骨卜	0
𩨒	gj	骨几	0
𩨑	gd	骨丁	0
𩨐	ml	.	0
𩨏	mf	马番	0
𩨍	mv	马展	0
𩨌	mt	.	0
𩨋	mv	马真	0
𩨊	mq	马前	0
𩨉	ml	马剌	0
𩨈	my	马俞	0
𩨇	ml	马娄	0
𩨆	mt	马亭	0
𩨅	mw	马胃	0
𩨄	ms	马叟	0
𩨃	mj	马建	0
𩨁	mi	马春	0
𩨀	mh	马曷	0
𩧿	mf	.	0
𩧼	mb	马奔	0
𩧺	mj	马局	0
𩧵	mj	马吉	0
𩧴	mq	马全	0
𩧳	mv	马舟	0
𩧲	mt	马同	0
𩧱	mk	.	0
𩧰	mj	马军	0
𩧯	mf	马发	0
𩧮	lm	列马	0
𩧭	mu	马失	0
𩧬	mr	马冉	0
𩧫	my	马央	0
𩧪	ml	马龙	0
𩧩	mj	马戋	0
𩧨	my	马由	0
𩧦	mj	马介	0
𩧡	jm	矍馬	0
𩧡	mj	馬矍	0
𩧜	mv	馬轉	0
𩧚	mq	馬瞿	0
𩧚	qm	瞿馬	0
𩧘	mq	馬瞿	0
𩧓	mx	馬蕭	0
𩧒	mh	.	0
𩧒	mn	馬鳥	0
𩧐	mt	馬橐	0
𩧏	mh	馬霍	0
𩧌	dv	.	0
𩧌	mu	馬术	0
𩧋	ml	馬黎	0
𩧊	mq	.	0
𩧊	mx	馬夐	0
𩧉	mg	馬廣	0
𩧈	mm	馬賣	0
𩧇	mc	馬蔡	0
𩧆	ml	.	0
𩧅	mf	馬樊	0
𩧄	mv	馬質	0
𩧃	ml	馬厲	0
𩦺	mm	馬蒙	0
𩦹	mj	馬監	0
𩦲	mz	.	0
𩦱	mh	馬會	0
𩦤	mj	馬戢	0
𩦢	my	馬虞	0
𩦡	my	馬與	0
𩦡	ym	與馬	0
𩦠	mp	馬剽	0
𩦚	mx	馬小	0
𩦗	mc	馬萃	0
𩦖	mx	馬巽	0
𩦕	my	.	0
𩦐	mu	馬善	0
𩦎	mf	馬斐	0
𩦌	ms	馬喪	0
𩦋	mj	馬幾	0
𩦊	mh	馬寒	0
𩦉	bm	敝馬	0
𩦉	mb	馬敝	0
𩦇	mx	馬喜	0
𩦂	mx	馬閒	0
𩥿	ms	馬宿	0
𩥽	mt	馬途	0
𩥼	mq	馬戚	0
𩥴	ml	馬犁	0
𩥲	mf	馬夫	0
𩥯	mu	馬殳	0
𩥯	my	.	0
𩥯	ym	医馬	0
𩥮	mi	.	0
𩥮	mu	馬生	0
𩥭	my	馬魚	0
𩥬	mi	.	0
𩥬	ml	馬离	0
𩥫	mi	馬舂	0
𩥣	mf	馬缶	0
𩥣	my	.	0
𩥠	md	.	0
𩥠	mh	馬合	0
𩥘	my	馬攸	0
𩥔	mm	脉馬	0
𩥔	mo	.	0
𩥑	mt	.	0
𩥑	my	馬羽	0
𩥐	mu	馬師	0
𩥌	mh	馬害	0
𩥋	mm	馬馬	0
𩥊	mg	馬高	0
𩥉	mq	馬豈	0
𩥈	mm	馬皿	0
𩥈	mw	.	0
𩥇	mv	馬展	0
𩥆	ml	馬旅	0
𩥅	my	馬舀	0
𩥄	mv	馬真	0
𩥂	mq	馬耆	0
𩥁	mt	馬唐	0
𩤿	my	馬又	0
𩤽	ms	馬虒	0
𩤺	my	馬臾	0
𩤺	ym	臾馬	0
𩤹	mx	馬香	0
𩤸	mw	馬胃	0
𩤶	mm	馬昴	0
𩤲	ml	馬剌	0
𩤱	my	馬由	0
𩤰	mb	馬八	0
𩤰	qm	曲馬	0
𩤩	km	客馬	0
𩤩	mk	馬客	0
𩤦	mj	.	0
𩤦	mn	馬女	0
𩤦	nm	女馬	0
𩤥	mx	馬咸	0
𩤤	mm	面馬	0
𩤣	md	馬段	0
𩤡	mx	馬宣	0
𩤡	xm	宣馬	0
𩤠	mj	馬皆	0
𩤟	mw	馬勿	0
𩤟	my	.	0
𩤞	mm	馬木	0
𩤜	mv	馬者	0
𩤛	mo	.	0
𩤛	my	馬禺	0
𩤚	md	馬耑	0
𩤙	mt	馬亭	0
𩤘	mn	.	0
𩤘	mx	馬囟	0
𩤗	mm	馬毛	0
𩤖	me	馬儿	0
𩤒	my	馬宜	0
𩤏	mz	馬卒	0
𩤋	mk	.	0
𩤋	mm	馬木	0
𩤊	mj	馬戔	0
𩤉	mh	馬花	0
𩤈	mx	馬昔	0
𩤁	mj	.	0
𩤁	mq	馬囷	0
𩣼	mk	馬空	0
𩣻	cm	艹馬	0
𩣻	ma	.	0
𩣻	my	馬夭	0
𩣺	mb	馬奔	0
𩣹	mq	馬屈	0
𩣹	qm	屈馬	0
𩣸	mb	.	0
𩣸	mf	馬阜	0
𩣷	mi	馬垂	0
𩣶	mm	明馬	0
𩣵	mw	馬宛	0
𩣴	mq	馬去	0
𩣳	md	馬東	0
𩣲	md	馬典	0
𩣱	ml	.	0
𩣱	mt	馬土	0
𩣯	md	馬沓	0
𩣯	mt	.	0
𩣮	mt	馬兔	0
𩣫	ml	馬利	0
𩣩	mv	馬折	0
𩣧	mt	馬妥	0
𩣣	mw	馬我	0
𩣡	mb	馬孛	0
𩣞	mj	馬岌	0
𩣝	mb	馬步	0
𩣚	mf	馬否	0
𩣘	mg	馬乚	0
𩣘	mv	.	0
𩣖	ml	馬吝	0
𩣔	mk	馬夸	0
𩣏	im	舛馬	0
𩣏	mi	馬舛	0
𩣋	my	馬有	0
𩣊	mu	.	0
𩣊	mx	馬戌	0
𩣇	me	馬儿	0
𩢿	mf	馬缶	0
𩢾	lm	列馬	0
𩢾	ml	馬列	0
𩢽	gm	巩馬	0
𩢽	mg	馬巩	0
𩢼	mk	馬匡	0
𩢻	mv	馬朱	0
𩢻	vm	朱馬	0
𩢹	mj	馬臼	0
𩢸	mv	馬舟	0
𩢷	mb	馬百	0
𩢵	mv	馬宅	0
𩢴	mj	馬吉	0
𩢳	my	馬羽	0
𩢱	mh	馬回	0
𩢰	mf	馬伏	0
𩢮	mm	馬木	0
𩢮	mx	.	0
𩢮	rm	亻榪	0
𩢫	mu	馬生	0
𩢫	um	生馬	0
𩢪	mg	馬古	0
𩢨	mg	馬甘	0
𩢢	mv	馬只	0
𩢡	mr	馬冉	0
𩢞	mq	.	0
𩢛	mg	.	0
𩢛	mr	馬人	0
𩢛	mw	.	0
𩢘	mp	馬叵	0
𩢖	mm	馬末	0
𩢕	mb	馬本	0
𩢔	mb	馬半	0
𩢒	my	馬幼	0
𩢑	cm	此馬	0
𩢑	mc	馬此	0
𩢐	mv	馬乍	0
𩢎	mi	馬出	0
𩢍	mg	馬瓜	0
𩢌	mw	馬文	0
𩢊	ml	馬力	0
𩢈	mb	.	0
𩢅	mg	馬戈	0
𩢄	my	馬元	0
𩢀	mt	馬屯	0
𩡾	mu	馬少	0
𩡺	mj	馬介	0
𩡷	mq	馬犬	0
𩡯	md	馬丁	0
𩡫	jm	几馬	0
𩡫	mj	馬几	0
𩡩	mb	馬八	0
𩡦	xm	香木	0
𩡣	xa	香愛	0
𩡠	ux	黍香	0
𩡠	xu	香黍	0
𩡞	xg	香貴	0
𩡝	xq	.	0
𩡝	xt	香覃	0
𩡕	px	旁香	0
𩡕	xp	香旁	0
𩡔	xh	香害	0
𩡓	xw	香翁	0
𩡏	xy	香郁	0
𩡎	xy	香幽	0
𩡍	hq	禾犬	0
𩡌	xx	香香	0
𩡆	xj	香己	0
𩡄	xh	香禾	0
𩡃	xu	香申	0
𩠿	xm	香末	0
𩠾	bx	疒香	0
𩠾	xb	香疒	0
𩠽	xm	香木	0
𩠻	xj	香今	0
𩠹	ud	首斷	0
𩠷	ui	.	0
𩠶	nu	嫩首	0
𩠶	un	首嫩	0
𩠯	uj	首姬	0
𩠨	yu	.	0
𩠦	ux	首肖	0
𩠟	ug	首个	0
𩠚	uh	首亥	0
𩠑	ud	首丁	0
𩠏	uv	饣掌	0
𩠎	uc	食曹	0
𩠍	ux	饣旋	0
𩠌	us	食送	0
𩠋	ux	饣胥	0
𩠊	ud	饣耑	0
𩠉	uj	食卷	0
𩠈	un	饣念	0
𩠇	ux	饣迅	0
𩠆	ud	饣定	0
𩠅	ud	饣达	0
𩠃	uj	饣夹	0
𩠂	ut	.	0
𩠁	ug	食甘	0
𩠀	ub	饣巴	0
𩟿	un	食内	0
𩟽	ul	飠靈	0
𩟺	ul	食藍	0
𩟹	uq	飠瞿	0
𩟷	uy	.	0
𩟶	uj	飠韭	0
𩟶	uq	.	0
𩟳	us	.	0
𩟰	ut	飠橐	0
𩟮	ub	食八	0
𩟮	uh	.	0
𩟭	ul	飠龍	0
𩟩	ul	飠寮	0
𩟨	uv	.	0
𩟧	ul	飠樂	0
𩟥	us	.	0
𩟥	ux	食嶲	0
𩟤	um	飠皿	0
𩟠	um	飠麽	0
𩟟	um	飠皿	0
𩟞	um	食夢	0
𩟚	ju	吉食	0
𩟚	up	食皮	0
𩟙	uj	食截	0
𩟗	uj	食漸	0
𩟕	uu	飠壽	0
𩟔	ui	食察	0
𩟓	uh	.	0
𩟓	uv	.	0
𩟓	uy	食又	0
𩟒	ul	.	0
𩟒	uw	食夂	0
𩟑	uj	食介	0
𩟏	uv	飠盞	0
𩟎	um	食木	0
𩟍	uq	食氣	0
𩟍	ux	.	0
𩟋	uv	飠詹	0
𩟊	un	食農	0
𩟉	ug	飠圭	0
𩟉	ux	.	0
𩟈	ud	飠當	0
𩟇	ua	飠奥	0
𩟅	uj	.	0
𩟅	uq	飠僉	0
𩟃	ul	飠零	0
𩟂	ug	飠過	0
𩟁	uq	.	0
𩟀	uy	飠雍	0
𩞿	ug	飠感	0
𩞾	uu	飠蜀	0
𩞻	ui	飠舛	0
𩞻	ul	.	0
𩞺	uv	.	0
𩞶	uf	飠夫	0
𩞰	ud	食答	0
𩞯	ul	食量	0
𩞬	ud	食登	0
𩞩	uh	食黄	0
𩞨	iu	厂食	0
𩞨	uh	食禾	0
𩞨	ul	.	0
𩞧	ux	飠象	0
𩞦	uv	飠掌	0
𩞥	ui	飠敞	0
𩞤	du	敦食	0
𩞤	ud	食敦	0
𩞡	uo	飠日	0
𩞞	uj	.	0
𩞙	ul	食連	0
𩞋	uy	飠庸	0
𩞊	uj	食既	0
𩞉	ui	食崇	0
𩞈	uv	食逐	0
𩞇	lu	鹿食	0
𩞇	ul	食鹿	0
𩞆	uc	飠從	0
𩞅	uc	飠崔	0
𩞄	uc	食曹	0
𩞃	uu	.	0
𩞃	uw	食勿	0
𩞁	mu	麻食	0
𩞁	um	食麻	0
𩞀	uc	食參	0
𩝿	ud	.	0
𩝿	ug	食古	0
𩝾	uu	飠商	0
𩝽	uq	食强	0
𩝸	uy	飠冤	0
𩝷	uw	食烏	0
𩝪	uz	飠宰	0
𩝨	ua	食丨	0
𩝨	uu	.	0
𩝥	us	食素	0
𩝣	ut	.	0
𩝣	uy	食羽	0
𩝠	ui	食臭	0
𩝟	ui	.	0
𩝟	uj	飠臼	0
𩝞	uc	食倉	0
𩝝	ug	飠高	0
𩝛	uh	飠害	0
𩝚	ui	食蚩	0
𩝗	uy	飠頁	0
𩝖	ud	食刂	0
𩝖	uy	.	0
𩝕	mu	矛食	0
𩝕	uw	食攵	0
𩝔	ux	飠胥	0
𩝑	ux	食宣	0
𩝌	us	.	0
𩝌	uu	飠豕	0
𩝋	uq	飠秋	0
𩝊	uu	飠是	0
𩝈	ux	飠咸	0
𩝆	uh	食奂	0
𩝅	uj	食姜	0
𩜽	uy	食彦	0
𩜼	uv	飠者	0
𩜺	uh	飠訇	0
𩜸	uu	示食	0
𩜸	uy	食夭	0
𩜷	ur	飠柔	0
𩜵	ud	食耑	0
𩜳	uy	飠勇	0
𩜲	uf	飠复	0
𩜱	uu	食甚	0
𩜰	uf	.	0
𩜰	ut	飠田	0
𩜭	uk	食科	0
𩜬	iu	臣食	0
𩜬	uq	.	0
𩜬	uy	食又	0
𩜦	ud	飠定	0
𩜥	bu	波食	0
𩜥	ub	食波	0
𩜠	uy	食岩	0
𩜟	ua	飠昂	0
𩜞	uq	飠邱	0
𩜛	ue	飠阝	0
𩜖	ue	食尔	0
𩜒	ny	乃養	0
𩜑	uv	飠隹	0
𩜍	ud	食東	0
𩜌	uw	食宛	0
𩜊	uz	飠甾	0
𩜇	uj	食卷	0
𩜆	ud	.	0
𩜃	uj	食具	0
𩜁	ul	.	0
𩜀	ui	食垂	0
𩛽	uf	食缶	0
𩛽	ut	.	0
𩛼	ul	食录	0
𩛻	uu	尸食	0
𩛺	uj	.	0
𩛺	um	飠米	0
𩛹	ut	飠土	0
𩛶	ug	食古	0
𩛵	ul	飠力	0
𩛳	mu	木食	0
𩛳	uf	食凡	0
𩛲	um	食芒	0
𩛮	us	.	0
𩛭	uy	食育	0
𩛪	uq	食乞	0
𩛩	uj	食夾	0
𩛨	ue	飠儿	0
𩛨	um	.	0
𩛧	uh	食旱	0
𩛦	ui	食呈	0
𩛥	ce	才二	0
𩛥	ue	食二	0
𩛥	uf	.	0
𩛢	uy	食攸	0
𩛢	yu	攸食	0
𩛡	ul	食良	0
𩛠	uz	食坐	0
𩛟	um	食免	0
𩛞	uf	食孚	0
𩛝	uc	食寸	0
𩛝	ul	.	0
𩛘	ug	飠共	0
𩛑	uj	飠伎	0
𩛏	un	飠女	0
𩛎	uk	飠口	0
𩛌	un	飠女	0
𩛋	uu	食山	0
𩛇	ub	食白	0
𩛆	ut	.	0
𩛆	uy	食也	0
𩛅	un	飠女	0
𩚾	bu	北食	0
𩚾	ub	食北	0
𩚻	uj	食九	0
𩚻	uv	.	0
𩚻	vu	止食	0
𩚹	ul	食令	0
𩚵	ug	食甘	0
𩚲	uj	飠甲	0
𩚱	uh	.	0
𩚱	uk	飠口	0
𩚯	un	飠尼	0
𩚮	uf	飠乏	0
𩚭	uf	食付	0
𩚬	uy	飠乙	0
𩚫	uv	飠正	0
𩚪	uu	食示	0
𩚥	ub	飠巴	0
𩚣	uo	飠日	0
𩚟	ug	食夬	0
𩚛	un	飠内	0
𩚚	ue	食厄	0
𩚗	ur	飠冗	0
𩚖	ui	食丑	0
𩚕	uj	食今	0
𩚉	uy	食也	0
𩚈	uu	飠勺	0
𩚇	uc	食廾	0
𩚄	uy	食又	0
𩚂	ug	食乚	0
𩙾	fn	飛鳥	0
𩙾	nf	鳥飛	0
𩙽	fq	.	0
𩙽	sf	罒飛	0
𩙸	fn	飛能	0
𩙸	nf	能飛	0
𩙷	fg	飛高	0
𩙷	gf	高飛	0
𩙲	fn	飛牛	0
𩙲	nf	牛飛	0
𩙰	fc	.	0
𩙯	fh	风黄	0
𩙮	fg	风高	0
𩙭	fs	风索	0
𩙬	fg	风贵	0
𩙫	fz	风蚤	0
𩙪	fy	风炎	0
𩙩	fv	风卓	0
𩙨	fs	风肃	0
𩙧	fu	风寿	0
𩙦	fb	风白	0
𩙥	fb	.	0
𩙤	fu	風豕	0
𩙣	fl	風流	0
𩙢	fu	風豕	0
𩙡	ff	風風	0
𩙠	fg	風龜	0
𩙟	fs	風糸	0
𩙟	sf	糸風	0
𩙝	fn	風聶	0
𩙝	nf	聶風	0
𩙜	fx	風燮	0
𩙜	xf	燮風	0
𩙛	fh	風薨	0
𩙚	fx	風蕭	0
𩙙	fl	風盧	0
𩙘	fl	風龍	0
𩙖	fl	風歷	0
𩙒	fb	.	0
𩙒	fh	風灬	0
𩙒	lf	鹿風	0
𩙑	fl	.	0
𩙐	fi	.	0
𩙏	fy	風又	0
𩙏	jf	吉風	0
𩙈	fc	.	0
𩙇	fs	風隋	0
𩙆	ft	風棠	0
𩙄	fd	風登	0
𩘿	fi	.	0
𩘽	ft	風棠	0
𩘽	tf	棠風	0
𩘼	fd	風登	0
𩘻	fj	.	0
𩘻	fy	風矞	0
𩘺	fg	風貴	0
𩘹	fs	風肅	0
𩘵	fn	風鳥	0
𩘳	fc	風曹	0
𩘱	fl	風率	0
𩘰	fs	風宿	0
𩘯	fv	風專	0
𩘮	af	敖風	0
𩘮	fa	風敖	0
𩘭	fx	風羞	0
𩘧	fu	風射	0
𩘥	fq	風豈	0
𩘤	fc	.	0
𩘡	fl	.	0
𩘠	fx	風夕	0
𩘟	fl	風栗	0
𩘝	fs	風索	0
𩘜	ft	風唐	0
𩘘	fq	風泉	0
𩘓	fy	.	0
𩘓	fz	風子	0
𩘒	fx	風宣	0
𩘒	xf	宣風	0
𩘑	fy	風英	0
𩘏	fm	風木	0
𩘏	fy	.	0
𩘎	fg	風宫	0
𩘍	fy	風兖	0
𩘋	fh	風侯	0
𩘊	fl	風剌	0
𩘈	fy	風幽	0
𩘇	fh	風訇	0
𩘅	fj	風皆	0
𩘅	jf	皆風	0
𩘁	fj	風京	0
𩘁	jf	京風	0
𩘀	fv	風卓	0
𩗾	fl	風兩	0
𩗽	fy	風亞	0
𩗼	fq	風青	0
𩗷	fy	風奄	0
𩗶	fz	風卒	0
𩗵	fu	風尚	0
𩗴	ff	風奉	0
𩗲	fv	風争	0
𩗱	fx	風析	0
𩗰	fi	風垂	0
𩗭	fl	風戾	0
𩗫	fb	風卑	0
𩗪	fv	風周	0
𩗩	fj	風金	0
𩗩	jf	金風	0
𩗧	ff	防風	0
𩗥	fy	風邑	0
𩗤	fh	風旱	0
𩗣	fu	風束	0
𩗢	fg	風汞	0
𩗞	fb	.	0
𩗝	fi	風虫	0
𩗜	fw	風危	0
𩗛	fu	風豕	0
𩗚	fy	風攸	0
𩗙	fv	風折	0
𩗘	fw	風尾	0
𩗕	fq	風求	0
𩗔	ft	風妥	0
𩗔	tf	妥風	0
𩗓	fb	風孛	0
𩗒	fj	風交	0
𩗐	fm	風米	0
𩗏	fx	風覀	0
𩗏	xf	覀風	0
𩗎	fu	風式	0
𩗌	fl	風刘	0
𩗊	fj	風吉	0
𩗉	fu	風杀	0
𩗅	fl	.	0
𩗄	fg	風共	0
𩗀	fb	風白	0
𩖿	xf	夕風	0
𩖾	fr	.	0
𩖽	fp	風皮	0
𩖼	ff	風弗	0
𩖺	fg	風甘	0
𩖹	fn	風尼	0
𩖸	fh	風号	0
𩖷	fi	風出	0
𩖶	fu	風术	0
𩖶	fv	.	0
𩖵	fl	風令	0
𩖴	fm	風卯	0
𩖱	fu	風水	0
𩖰	wf	.	0
𩖯	fn	風内	0
𩖭	fk	風冂	0
𩖭	fu	.	0
𩖬	ff	夫風	0
𩖪	fj	風及	0
𩖩	fy	風又	0
𩖨	fw	風勿	0
𩖦	fj	風今	0
𩖥	fu	風少	0
𩖤	ft	風屯	0
𩖣	fw	風文	0
𩖣	wf	文風	0
𩖠	fn	風女	0
𩖛	ff	風凡	0
𩖗	jy	禁页	0
𩖖	yy	炎页	0
𩖔	yn	頁鳥	0
𩖒	yy	原願	0
𩖍	yy	頁嬰	0
𩖌	yi	.	0
𩖌	yt	頁兔	0
𩖊	yk	頁口	0
𩖊	yl	.	0
𩖊	yy	雨頁	0
𩖉	cy	艹頁	0
𩖇	yq	.	0
𩖄	iy	厂頁	0
𩖄	ly	.	0
𩖄	yq	頁僉	0
𩖁	iy	齒頁	0
𩖁	yi	頁齒	0
𩖀	dy	大頁	0
𩖀	yx	.	0
𩖀	yy	.	0
𩕾	sy	罒頁	0
𩕾	yd	頁大	0
𩕹	cy	蒼頁	0
𩕹	yc	頁蒼	0
𩕵	iy	出頁	0
𩕵	yi	.	0
𩕵	yy	頁言	0
𩕳	ny	寧頁	0
𩕳	yn	頁寧	0
𩕲	yy	旖頁	0
𩕱	my	蒙頁	0
𩕱	ym	頁蒙	0
𩕯	uy	壽頁	0
𩕯	yu	頁壽	0
𩕭	yg	頁蓋	0
𩕬	by	鼻頁	0
𩕬	yb	頁鼻	0
𩕪	sy	罒頁	0
𩕪	yq	.	0
𩕦	dy	大頁	0
𩕦	yo	頁目	0
𩕥	xy	穴頁	0
𩕥	yv	頁隹	0
𩕤	xy	穴頁	0
𩕤	yh	頁回	0
𩕤	yr	.	0
𩕤	yx	.	0
𩕡	sy	嗇頁	0
𩕡	ys	頁嗇	0
𩕠	xy	咸頁	0
𩕠	yh	頁火	0
𩕟	yy	頁業	0
𩕜	ky	逵頁	0
𩕜	yk	頁逵	0
𩕖	vy	爫頁	0
𩕖	yc	頁寸	0
𩕖	yu	.	0
𩕕	cy	艹頁	0
𩕕	ym	.	0
𩕕	yp	頁朋	0
𩕐	dy	大頁	0
𩕐	yl	.	0
𩕐	yx	頁小	0
𩕏	fy	番頁	0
𩕏	yf	頁番	0
𩕍	yg	.	0
𩕌	sy	森頁	0
𩕌	ys	頁森	0
𩕊	uy	善頁	0
𩕊	yu	頁善	0
𩕉	yt	頁童	0
𩕆	vy	章頁	0
𩕆	yv	頁章	0
𩕀	ay	敖頁	0
𩕀	ya	頁敖	0
𩔼	uy	庶頁	0
𩔼	yu	頁庶	0
𩔻	yp	.	0
𩔹	by	卑頁	0
𩔹	yb	頁卑	0
𩔹	yp	.	0
𩔸	qy	區頁	0
𩔸	yq	頁區	0
𩔷	ym	頁莫	0
𩔶	my	麻頁	0
𩔶	ym	頁麻	0
𩔵	ly	婪頁	0
𩔵	yl	頁婪	0
𩔴	ly	鹿頁	0
𩔴	yl	頁鹿	0
𩔳	yz	頁責	0
𩔳	zy	責頁	0
𩔲	ly	留頁	0
𩔲	yl	頁留	0
𩔱	yy	頁益	0
𩔮	by	班頁	0
𩔮	yb	頁班	0
𩔭	yy	袁頁	0
𩔦	yv	頁追	0
𩔥	ys	頁素	0
𩔣	dy	.	0
𩔣	vy	旃頁	0
𩔣	yv	頁旃	0
𩔢	my	迷頁	0
𩔢	ym	頁迷	0
𩔡	yd	.	0
𩔡	yy	.	0
𩔠	oy	目頁	0
𩔠	ym	.	0
𩔠	yw	頁未	0
𩔟	yq	.	0
𩔝	qy	衾頁	0
𩔝	yq	頁衾	0
𩔚	wy	翁頁	0
𩔚	yw	頁翁	0
𩔙	yp	.	0
𩔘	yy	勇頁	0
𩔗	ly	娄頁	0
𩔕	qy	酋頁	0
𩔕	yq	頁酋	0
𩔔	yy	禹頁	0
𩔑	uy	世頁	0
𩔑	ym	頁木	0
𩔋	yi	.	0
𩔊	yy	頁頁	0
𩔉	yh	.	0
𩔈	gy	革頁	0
𩔈	yg	頁革	0
𩔇	yh	頁皇	0
𩔆	gy	癸頁	0
𩔆	yg	頁癸	0
𩔄	uy	士頁	0
𩔄	yk	頁口	0
𩔃	yy	爰頁	0
𩔂	ty	彖頁	0
𩔂	yh	.	0
𩔂	yt	頁彖	0
𩔁	my	面頁	0
𩔁	ym	頁面	0
𩔀	by	丷頁	0
𩔀	ys	.	0
𩔀	yu	頁豕	0
𩓽	jy	.	0
𩓽	qy	囷頁	0
𩓽	yq	頁囷	0
𩓼	uy	山頁	0
𩓼	yb	.	0
𩓼	yy	頁用	0
𩓻	uy	山頁	0
𩓻	yj	頁甲	0
𩓺	gy	.	0
𩓹	yy	頁奄	0
𩓸	ym	頁木	0
𩓷	oy	日頁	0
𩓷	yn	頁内	0
𩓳	by	表頁	0
𩓳	yb	頁表	0
𩓮	hy	火頁	0
𩓮	ym	頁木	0
𩓬	wy	勿頁	0
𩓬	ym	頁木	0
𩓬	yw	.	0
𩓫	yj	頁卷	0
𩓪	ly	录頁	0
𩓪	yl	頁录	0
𩓨	qy	青頁	0
𩓨	yq	頁青	0
𩓧	yy	宜頁	0
𩓦	qy	屈頁	0
𩓦	yq	頁屈	0
𩓥	yy	岳頁	0
𩓤	ay	岸頁	0
𩓤	ya	頁岸	0
𩓣	yp	.	0
𩓢	gy	杲頁	0
𩓢	yg	頁杲	0
𩓠	vy	支頁	0
𩓠	ym	頁木	0
𩓟	yd	.	0
𩓟	yj	頁臼	0
𩓞	vy	争頁	0
𩓞	yv	頁争	0
𩓝	dy	丶頁	0
𩓝	yb	.	0
𩓝	ye	頁儿	0
𩓗	qy	弃頁	0
𩓖	fy	孚頁	0
𩓖	yf	頁孚	0
𩓓	gy	.	0
𩓒	yi	.	0
𩓐	by	孛頁	0
𩓍	dy	丶頁	0
𩓍	yk	頁开	0
𩓉	wy	文頁	0
𩓉	yc	頁廾	0
𩓅	yj	頁角	0
𩓂	dy	弟頁	0
𩓂	yd	頁弟	0
𩒿	my	尨頁	0
𩒿	ym	頁尨	0
𩒾	wy	吾頁	0
𩒾	yw	頁吾	0
𩒽	xy	希頁	0
𩒽	yx	頁希	0
𩒼	yy	頁甬	0
𩒻	yy	頁吟	0
𩒺	yf	頁甫	0
𩒷	iy	車頁	0
𩒷	yi	頁車	0
𩒵	yb	.	0
𩒴	gy	汞頁	0
𩒴	yg	頁汞	0
𩒳	oy	日頁	0
𩒳	yy	.	0
𩒲	uy	氏頁	0
𩒲	yk	頁口	0
𩒰	wy	我頁	0
𩒰	yw	頁我	0
𩒮	qy	求頁	0
𩒮	yq	頁求	0
𩒪	hy	火頁	0
𩒪	yh	.	0
𩒪	yu	頁十	0
𩒨	vy	旨頁	0
𩒨	yv	頁旨	0
𩒧	yp	.	0
𩒦	yj	頁臼	0
𩒣	iy	厂頁	0
𩒣	qy	.	0
𩒣	yj	頁今	0
𩒢	yg	頁亘	0
𩒞	yg	.	0
𩒞	yv	.	0
𩒞	yy	.	0
𩒝	oy	日頁	0
𩒝	yb	頁匕	0
𩒝	yy	.	0
𩒜	dy	朵頁	0
𩒜	yd	頁朵	0
𩒛	uy	上頁	0
𩒛	yu	.	0
𩒛	yx	頁小	0
𩒚	gy	光頁	0
𩒚	yg	頁光	0
𩒙	yx	頁先	0
𩒘	iy	充頁	0
𩒘	yi	頁充	0
𩒖	ky	开頁	0
𩒖	yj	.	0
𩒖	yk	頁开	0
𩒕	yn	.	0
𩒔	yn	.	0
𩒔	yu	頁山	0
𩒓	gy	共頁	0
𩒓	yg	頁共	0
𩒐	vy	至頁	0
𩒐	yv	頁至	0
𩒏	hy	灰頁	0
𩒏	yh	頁灰	0
𩒊	vy	主頁	0
𩒊	yv	頁主	0
𩒈	ye	.	0
𩒇	xy	兄頁	0
𩒇	yx	頁兄	0
𩒄	cy	册頁	0
𩒄	yc	頁册	0
𩒃	wy	戊頁	0
𩒃	yw	頁戊	0
𩒂	ty	它頁	0
𩒂	yt	頁它	0
𩒀	ry	人頁	0
𩒀	ye	.	0
𩒀	yx	頁小	0
𩑾	dy	氐頁	0
𩑾	yd	頁氐	0
𩑼	yp	頁叵	0
𩑻	by	白頁	0
𩑻	yb	頁白	0
𩑹	xy	玄頁	0
𩑹	yx	頁玄	0
𩑸	ky	可頁	0
𩑸	yk	頁可	0
𩑷	my	末頁	0
𩑷	ym	頁末	0
𩑶	gy	古頁	0
𩑶	yg	頁古	0
𩑵	wy	未頁	0
𩑵	yw	頁未	0
𩑴	yy	幼頁	0
𩑳	py	平頁	0
𩑳	yp	頁平	0
𩑰	dy	旦頁	0
𩑰	yd	頁旦	0
𩑯	dy	斗頁	0
𩑯	yd	頁斗	0
𩑮	wy	勿頁	0
𩑮	yw	頁勿	0
𩑭	yh	頁化	0
𩑬	yj	.	0
𩑦	dy	刀頁	0
𩑦	yg	.	0
𩑦	yu	.	0
𩑦	yy	頁又	0
𩑥	yu	頁氏	0
𩑤	wy	午頁	0
𩑤	yw	頁午	0
𩑣	yy	尤頁	0
𩑢	by	不頁	0
𩑢	yb	頁不	0
𩑡	yq	頁气	0
𩑟	jy	今頁	0
𩑟	yj	頁今	0
𩑝	ay	卬頁	0
𩑝	ya	頁卬	0
𩑚	fy	丰頁	0
𩑚	yf	頁丰	0
𩑙	yt	頁土	0
𩑘	yp	.	0
𩑗	yy	頁幺	0
𩑖	wy	丸頁	0
𩑖	yw	頁丸	0
𩑕	ky	亏頁	0
𩑕	yk	頁亏	0
𩑕	yx	.	0
𩑕	yy	.	0
𩑔	qy	乞頁	0
𩑔	yq	頁乞	0
𩑓	yu	頁十	0
𩑓	yx	.	0
𩑒	yq	頁七	0
𩑒	yv	.	0
𩑐	iy	叉頁	0
𩑐	yi	頁叉	0
𩑍	yg	頁乚	0
𩑊	yl	音靈	0
𩑉	yn	音念	0
𩑉	yy	.	0
𩑈	yg	音廣	0
𩑇	yv	音叕	0
𩑃	yy	音業	0
𩑂	yu	音蜀	0
𩑁	yw	音爲	0
𩑀	yf	音夫	0
𩑀	yp	.	0
𩐾	yv	音支	0
𩐽	yj	音臼	0
𩐼	ys	音宿	0
𩐻	ym	音莫	0
𩐸	ym	音母	0
𩐷	ym	音木	0
𩐷	ys	.	0
𩐶	yy	音言	0
𩐵	yg	音貢	0
𩐴	ty	亭音	0
𩐴	yt	音亭	0
𩐱	ym	音木	0
𩐱	yy	.	0
𩐰	yh	音亥	0
𩐯	ym	.	0
𩐯	yo	音月	0
𩐮	yu	音十	0
𩐭	yn	音念	0
𩐬	yh	音火	0
𩐫	yu	音束	0
𩐨	yj	.	0
𩐦	yc	.	0
𩐦	yy	音异	0
𩐥	yh	音合	0
𩐤	yt	音同	0
𩐣	yg	音光	0
𩐡	yu	.	0
𩐡	yx	音小	0
𩐠	yg	音共	0
𩐞	dy	多音	0
𩐞	yd	音多	0
𩐜	yb	音包	0
𩐛	yw	音瓦	0
𩐚	yf	音弗	0
𩐙	yj	音斤	0
𩐘	yy	元音	0
𩐗	yj	音久	0
𩐍	jm	韭莫	0
𩐌	dj	隊韭	0
𩐌	jd	韭隊	0
𩐉	kj	口韭	0
𩐅	zw	.	0
𩐁	dj	歹韭	0
𩐁	jd	.	0
𩐀	wj	韦叚	0
𩏿	wu	韦是	0
𩏾	wt	.	0
𩏼	wn	韦内	0
𩏺	wj	韋矍	0
𩏹	sw	糸韋	0
𩏹	wl	.	0
𩏹	ws	韋糸	0
𩏶	mh	米火	0
𩏶	wh	韋火	0
𩏵	wb	韋薄	0
𩏴	wm	.	0
𩏲	wh	韋慧	0
𩏯	wp	.	0
𩏮	wt	.	0
𩏭	wb	韋鉢	0
𩏫	ws	韋嗇	0
𩏪	wg	.	0
𩏪	wx	韋幸	0
𩏩	wj	.	0
𩏩	wq	韋僉	0
𩏥	wd	韋單	0
𩏤	wg	.	0
𩏣	wx	韋虚	0
𩏣	xw	虚韋	0
𩏡	wg	韋貴	0
𩏠	wd	韋登	0
𩏞	wl	韋累	0
𩏝	wl	韋婁	0
𩏚	wh	韋彗	0
𩏘	wc	韋崔	0
𩏗	qw	拳韋	0
𩏗	wq	韋拳	0
𩏖	wg	.	0
𩏖	wu	韋束	0
𩏓	wh	韋害	0
𩏒	wd	.	0
𩏐	wg	韋鬼	0
𩏏	wh	.	0
𩏏	wr	韋人	0
𩏉	ww	亠夂	0
𩏈	wy	韋兖	0
𩏇	wd	韋段	0
𩏆	wx	韋宣	0
𩏅	wy	韋爰	0
𩏂	wb	韋卑	0
𩎿	wi	韋昌	0
𩎾	wp	韋庖	0
𩎽	wt	.	0
𩎼	wt	韋陀	0
𩎻	wf	韋非	0
𩎹	wh	韋或	0
𩎷	wh	韋灬	0
𩎵	fw	佛韋	0
𩎵	wf	韋佛	0
𩎳	dw	歹韋	0
𩎳	wd	.	0
𩎲	wm	.	0
𩎲	wu	.	0
𩎰	wd	韋兑	0
𩎭	wy	韋亦	0
𩎫	wd	韋朵	0
𩎦	wj	韋交	0
𩎥	wy	韋曳	0
𩎤	wg	韋艮	0
𩎢	wt	.	0
𩎟	ww	韋未	0
𩎜	wp	韋丕	0
𩎛	wf	韋弗	0
𩎚	wi	韋斥	0
𩎙	wd	韋丶	0
𩎙	wy	.	0
𩎘	wb	韋包	0
𩎗	wq	韋欠	0
𩎖	wj	韋今	0
𩎕	wj	韋及	0
𩎔	wx	.	0
𩎒	wg	韋干	0
𩎑	gc	革爨	0
𩎊	gl	革羅	0
𩎉	gl	革麗	0
𩎈	gz	革贊	0
𩎃	gx	革燮	0
𩎂	gh	革灬	0
𩍿	gb	革薄	0
𩍼	gl	革盧	0
𩍻	yg	.	0
𩍷	gd	.	0
𩍵	gv	革質	0
𩍳	gw	革夂	0
𩍲	gy	革爻	0
𩍰	gg	革蓋	0
𩍬	gm	革蒙	0
𩍪	gv	.	0
𩍨	gk	革匱	0
𩍧	gj	革聚	0
𩍦	ge	革爾	0
𩍥	gx	革需	0
𩍡	gq	.	0
𩍝	gj	革解	0
𩍜	gg	.	0
𩍜	gx	革幸	0
𩍚	gs	革遂	0
𩍙	gs	革嗇	0
𩍗	gf	革方	0
𩍗	gm	.	0
𩍖	gy	革意	0
𩍔	gm	革麥	0
𩍓	gy	革雍	0
𩍐	gd	革登	0
𩍏	gf	革富	0
𩍎	gh	革寒	0
𩍌	gc	革寸	0
𩍋	gj	革几	0
𩍉	gg	革敢	0
𩍆	gx	革舄	0
𩍅	gt	革童	0
𩍃	gm	革買	0
𩍂	gt	革陶	0
𩌾	gq	革强	0
𩌲	gi	革處	0
𩌰	gc	革參	0
𩌯	gw	革瓦	0
𩌮	gh	革灬	0
𩌮	gv	.	0
𩌭	gl	.	0
𩌬	gv	革章	0
𩌫	gl	革鹿	0
𩌪	gz	革責	0
𩌩	gc	革崔	0
𩌨	gy	革庸	0
𩌧	gm	革莫	0
𩌢	gi	革差	0
𩌡	gg	革高	0
𩌠	go	革月	0
𩌠	gx	.	0
𩌝	gv	革追	0
𩌘	gq	革秦	0
𩌑	gy	革冤	0
𩌏	gc	革寸	0
𩌏	gf	.	0
𩌍	gg	.	0
𩌍	gh	革盍	0
𩌌	gg	革貢	0
𩌊	gu	革殳	0
𩌊	tg	土革	0
𩌉	gt	革泰	0
𩌈	gs	革索	0
𩌇	gt	.	0
𩌇	gy	革羽	0
𩌆	gb	革貝	0
𩌆	gs	.	0
𩌅	gs	革叟	0
𩌄	gi	革芻	0
𩌃	gg	革鬼	0
𩋿	gm	革眉	0
𩋾	gw	革韋	0
𩋽	gk	革客	0
𩋻	gx	.	0
𩋺	gg	革告	0
𩋷	gl	革剌	0
𩋵	gv	革者	0
𩋳	gq	革前	0
𩋱	gi	革車	0
𩋰	gv	革紂	0
𩋯	gw	革夂	0
𩋯	gz	.	0
𩋮	gf	革封	0
𩋬	gw	革勿	0
𩋬	gy	.	0
𩋫	gy	革爰	0
𩋪	gn	革尼	0
𩋩	gv	革致	0
𩋨	gf	.	0
𩋨	gt	革田	0
𩋧	gj	革皆	0
𩋤	gw	革胃	0
𩋣	gd	革帝	0
𩋢	gx	革宣	0
𩋡	gu	革室	0
𩋠	gm	革面	0
𩋟	gf	革复	0
𩋝	gz	革甾	0
𩋜	gj	革居	0
𩋚	gh	革忽	0
𩋙	gv	革周	0
𩋘	gv	革隹	0
𩋗	gg	革果	0
𩋒	gp	革朋	0
𩋏	gn	革念	0
𩋍	gt	革佻	0
𩋌	gy	革易	0
𩋋	gj	革戔	0
𩋊	gy	革奄	0
𩋉	gh	革或	0
𩋈	gx	革囟	0
𩋆	gq	.	0
𩋆	gy	革又	0
𩋆	ig	臣革	0
𩋅	gt	革忝	0
𩋄	gq	革取	0
𩋃	gf	革缶	0
𩋃	gt	.	0
𩋂	gf	革非	0
𩋁	gv	革叕	0
𩊿	gx	革昔	0
𩊼	gu	革山	0
𩊻	gj	.	0
𩊻	gw	革夂	0
𩊺	gj	革角	0
𩊶	gb	革步	0
𩊵	go	革日	0
𩊴	gv	革志	0
𩊰	gb	革坒	0
𩊯	gu	革束	0
𩊮	gu	革沙	0
𩊭	gd	革兑	0
𩊬	gf	革甫	0
𩊫	gr	革忍	0
𩊪	gd	革豆	0
𩊩	gf	革丰	0
𩊨	gi	革丞	0
𩊤	gb	.	0
𩊤	gd	革丶	0
𩊣	gv	革朱	0
𩊢	gs	革死	0
𩊡	gl	革列	0
𩊝	gv	革旨	0
𩊜	gd	革朵	0
𩊛	gw	革危	0
𩊚	gg	革各	0
𩊖	gb	革并	0
𩊔	gj	革交	0
𩊓	gk	革夸	0
𩊑	gy	革羊	0
𩊏	gj	革加	0
𩊍	gy	革永	0
𩊌	gl	革立	0
𩊇	gy	革玉	0
𩊆	gk	革可	0
𩊅	gm	革卯	0
𩊄	gy	革由	0
𩊄	yg	由革	0
𩊃	gw	革外	0
𩊂	gl	革令	0
𩊁	gy	.	0
𩊀	gb	革白	0
𩉿	gj	革句	0
𩉾	gj	革甲	0
𩉽	gf	革弗	0
𩉼	gu	革申	0
𩉺	gt	革它	0
𩉹	gn	革尼	0
𩉸	gj	革巨	0
𩉵	gf	革分	0
𩉳	gj	革几	0
𩉱	gh	革互	0
𩉰	gj	革巾	0
𩉰	gz	.	0
𩉯	gy	革元	0
𩉬	gu	革氏	0
𩉫	gb	革比	0
𩉧	gf	革丰	0
𩉥	gy	革尹	0
𩉢	gq	革欠	0
𩉡	gj	革介	0
𩉝	gw	革丸	0
𩉜	gj	革几	0
𩉙	ml	面羅	0
𩉗	mq	面瞿	0
𩉕	mg	面馘	0
𩉔	mj	面韭	0
𩉔	mq	.	0
𩉐	mi	面察	0
𩉍	jm	漸面	0
𩉍	mj	面漸	0
𩉋	mc	面慈	0
𩉆	mm	面面	0
𩉄	mr	面然	0
𩉂	my	.	0
𩉁	md	面單	0
𩉀	dm	淡面	0
𩉀	md	面淡	0
𩈼	mc	面參	0
𩈻	mv	面斬	0
𩈻	vm	斬面	0
𩈺	mw	面烏	0
𩈹	mm	面冥	0
𩈸	mi	面臭	0
𩈶	mn	面柰	0
𩈵	im	臣面	0
𩈵	md	面丶	0
𩈵	mi	.	0
𩈴	my	面音	0
𩈲	mm	面面	0
𩈱	wm	宛面	0
𩈯	my	面奄	0
𩈮	mv	面周	0
𩈭	my	面宜	0
𩈬	mg	面官	0
𩈧	jm	夾面	0
𩈧	mj	面夾	0
𩈦	mm	面免	0
𩈥	mj	.	0
𩈥	mw	面夂	0
𩈤	mz	面足	0
𩈣	mh	面含	0
𩈢	mr	面忍	0
𩈡	mg	面工	0
𩈡	mj	.	0
𩈠	mk	面口	0
𩈞	ma	.	0
𩈞	mi	面乂	0
𩈜	md	.	0
𩈚	mb	面并	0
𩈗	my	面永	0
𩈖	ml	面令	0
𩈕	mg	面瓜	0
𩈔	mk	面可	0
𩈒	mh	面禾	0
𩈑	mj	.	0
𩈐	mw	面未	0
𩈏	my	面幼	0
𩈎	mq	面巧	0
𩈍	md	面旦	0
𩈋	mj	面介	0
𩈊	my	面尤	0
𩈉	mb	面冖	0
𩈉	my	.	0
𩈈	mf	面丰	0
𩈇	mi	面丑	0
𩈆	mb	面巴	0
𩈁	df	隊非	0
𩈁	fd	非隊	0
𩇽	bf	丙非	0
𩇽	fb	非丙	0
𩇻	fr	非忍	0
𩇺	ft	非吞	0
𩇵	fg	非古	0
𩇴	ff	非分	0
𩇳	fw	非无	0
𩇳	wf	无非	0
𩇲	fy	非元	0
𩇯	fb	非巴	0
𩇮	fu	非手	0
𩇫	fz	非子	0
𩇩	df	大非	0
𩇩	fd	非大	0
𩇣	qs	青瑟	0
𩇠	qg	.	0
𩇠	qh	青盍	0
𩇟	dl	.	0
𩇟	jj	.	0
𩇝	dq	.	0
𩇝	js	.	0
𩇜	qx	青先	0
𩇖	qy	青元	0
𩇖	yq	元青	0
𩇕	qp	.	0
𩇔	yy	雨雲	0
𩇐	yq	雨衢	0
𩇏	yx	雨纖	0
𩇎	yt	雨土	0
𩇇	yx	.	0
𩇄	ly	.	0
𩆿	yu	雨雙	0
𩆽	ym	雨夢	0
𩆼	ll	.	0
𩆼	yl	雨泠	0
𩆻	lj	.	0
𩆸	yd	.	0
𩆸	yv	雨濯	0
𩆷	yj	雨韭	0
𩆷	yq	.	0
𩆶	yx	雨襄	0
𩆵	yx	雨鮮	0
𩆳	yn	雨鳥	0
𩆲	yl	.	0
𩆯	yl	.	0
𩆯	yq	雨僉	0
𩆮	yq	雨器	0
𩆦	yc	雲曹	0
𩆤	yu	雨潸	0
𩆣	yl	.	0
𩆣	yw	雨瓦	0
𩆟	tx	兔需	0
𩆚	lc	.	0
𩆚	yc	雨艹	0
𩆘	yf	雨缶	0
𩆖	yl	雨令	0
𩆔	yd	雨墊	0
𩆓	ym	雨漫	0
𩆒	yi	雨乂	0
𩆑	ys	雨酸	0
𩆎	yl	雨溜	0
𩆆	yd	雨鼎	0
𩆅	yj	雨韭	0
𩆅	yz	.	0
𩆄	yy	雨雍	0
𩆂	yz	雨資	0
𩆁	yh	雨會	0
𩅿	yp	雨溥	0
𩅾	yu	雲甚	0
𩅽	yn	雨農	0
𩅼	yj	.	0
𩅼	yq	雨僉	0
𩅴	yh	雨渾	0
𩅲	ys	.	0
𩅰	ys	雨斯	0
𩅮	yt	雨替	0
𩅪	yx	雨湘	0
𩅩	yl	.	0
𩅨	yc	.	0
𩅨	yo	雨日	0
𩅦	yd	雨單	0
𩅥	yd	雨隊	0
𩅢	yj	雨敫	0
𩅡	ys	雨隋	0
𩅠	yn	雨南	0
𩅞	yv	雩重	0
𩅝	yy	雲奄	0
𩅙	yc	雨參	0
𩅖	vd	召大	0
𩅖	yd	雨大	0
𩅍	ym	雨曼	0
𩅌	yd	雨大	0
𩅋	yj	雨健	0
𩅇	yb	雨部	0
𩅅	yb	.	0
𩅄	yl	雨鹿	0
𩅃	yi	雨崇	0
𩅁	ym	雨莽	0
𩅀	yv	雨執	0
𩄿	yb	.	0
𩄿	yw	雨攵	0
𩄾	yz	雨責	0
𩄽	yl	雨婁	0
𩄼	yf	雨非	0
𩄻	ym	雨莫	0
𩄺	yl	雨哢	0
𩄸	yp	雨攴	0
𩄸	yw	.	0
𩄷	yv	雨占	0
𩄯	mo	.	0
𩄮	yt	雨退	0
𩄬	ym	雨浼	0
𩄪	yh	雨火	0
𩄦	yf	雨丰	0
𩄢	yg	.	0
𩄢	yr	雨冉	0
𩄡	yj	雨兼	0
𩄠	yv	雨真	0
𩄞	yl	.	0
𩄝	yi	雨差	0
𩄜	ys	雨索	0
𩄛	yv	雨陣	0
𩄚	yv	雨真	0
𩄙	yh	.	0
𩄘	yw	雨翁	0
𩄗	yh	雨乎	0
𩄖	yh	.	0
𩄖	yt	雨彖	0
𩄕	yu	.	0
𩄍	yq	雨秋	0
𩄋	ye	雨而	0
𩄊	yj	雨計	0
𩄅	ym	雨皿	0
𩄅	yw	.	0
𩃾	yi	雨虫	0
𩃽	gy	广雨	0
𩃽	yg	雨共	0
𩃺	yh	雨侯	0
𩃹	yi	.	0
𩃹	yj	雨臼	0
𩃷	yd	雲代	0
𩃶	yb	.	0
𩃶	yd	雲丶	0
𩃵	yr	雨染	0
𩃴	yc	.	0
𩃴	yo	雨月	0
𩃱	yt	雨沱	0
𩃰	yt	.	0
𩃯	yh	雨灬	0
𩃮	yy	雨易	0
𩃭	ys	雨松	0
𩃪	yi	雨虫	0
𩃨	yj	雨今	0
𩃣	yz	雨卒	0
𩃠	yn	雲内	0
𩃞	ym	.	0
𩃜	yq	雨泣	0
𩃚	yx	雨泫	0
𩃙	ld	雷大	0
𩃖	yj	.	0
𩃖	yy	.	0
𩃕	yi	雨牀	0
𩃒	yi	雨垂	0
𩃑	yp	雨片	0
𩃑	yv	.	0
𩃐	yd	雨低	0
𩃎	yf	雨方	0
𩃍	yg	雨公	0
𩃍	yy	.	0
𩃋	yx	雨形	0
𩃉	yw	雨吴	0
𩃄	ym	雨尨	0
𩃃	yw	雨夂	0
𩃁	ym	雨没	0
𩃀	yy	雨延	0
𩂿	yj	雨君	0
𩂾	lk	.	0
𩂽	yn	雨弄	0
𩂼	yg	雨更	0
𩂻	yg	雨乚	0
𩂻	yv	.	0
𩂹	yy	雨役	0
𩂵	ys	雨巳	0
𩂴	yb	雨贝	0
𩂴	yc	.	0
𩂯	yx	雨休	0
𩂫	yw	雨夂	0
𩂪	yo	雨月	0
𩂪	yq	.	0
𩂨	ye	雨二	0
𩂧	yw	雨污	0
𩂦	yb	雨并	0
𩂥	yy	雨因	0
𩂤	yv	雨舟	0
𩂣	yg	雨各	0
𩂢	yv	.	0
𩂞	ym	雨卯	0
𩂝	yu	雨史	0
𩂙	yx	雨夕	0
𩂘	yj	雨甲	0
𩂗	yi	雨出	0
𩂖	yv	雨乍	0
𩂕	yf	雨弗	0
𩂔	yb	.	0
𩂓	yd	雨冬	0
𩂒	ys	雨巳	0
𩂎	yf	雨父	0
𩂍	yu	雨水	0
𩂌	yp	雨片	0
𩂉	yt	雨天	0
𩂈	yx	雨心	0
𩂆	yb	雨不	0
𩂄	yt	雨屯	0
𩂃	yg	雨夬	0
𩂂	yw	雨勿	0
𩁺	yp	.	0
𩁷	yd	雨丁	0
𩁴	vm	隹米	0
𩁴	zj	.	0
𩁯	qv	瞿隹	0
𩁯	vq	隹瞿	0
𩁟	vl	隹黎	0
𩁞	vc	隹蔡	0
𩁌	vh	.	0
𩁁	kk	口口	0
𩁁	vk	隹口	0
𩀿	vc	.	0
𩀶	vs	隹隋	0
𩀲	uv	尸炙	0
𩀲	vv	隹炙	0
𩀫	vq	隹區	0
𩀪	mv	麻隹	0
𩀪	vm	隹麻	0
𩀧	vv	隹斬	0
𩀣	jv	句隹	0
𩀣	vj	隹句	0
𩀢	uv	水隹	0
𩀢	vl	隹吕	0
𩀞	vc	隹倉	0
𩀜	gv	骨隹	0
𩀜	vg	隹骨	0
𩀖	vk	隹口	0
𩀖	yv	衣隹	0
𩀒	hv	禾隹	0
𩀒	vq	隹欠	0
𩀋	ev	而隹	0
𩀋	vd	隹大	0
𩀋	vr	.	0
𨿿	vv	隹重	0
𨿺	gv	岡隹	0
𨿺	vg	隹岡	0
𨿭	ev	阝隹	0
𨿭	ve	.	0
𨿭	vz	隹左	0
𨿢	dv	東隹	0
𨿢	vd	隹東	0
𨿠	iv	垂隹	0
𨿠	vi	隹垂	0
𨿛	vx	隹希	0
𨿐	vc	隹寸	0
𨿐	vl	.	0
𨿐	vv	爫隹	0
𨿏	vw	隹巫	0
𨿇	vr	隹肉	0
𨿅	mv	名隹	0
𨿅	vm	隹名	0
𨿁	vv	爫隹	0
𨾾	vv	兆隹	0
𨾻	vl	隹劣	0
𨾴	kv	口隹	0
𨾴	vk	隹口	0
𨾴	vl	.	0
𨾰	sv	厶隹	0
𨾰	vg	隹干	0
𨾰	vs	.	0
𨾬	vz	隹左	0
𨾬	zv	左隹	0
𨾤	vu	隹失	0
𨾡	uv	申隹	0
𨾡	vu	隹申	0
𨾞	vd	隹丶	0
𨾛	uv	氏隹	0
𨾛	vu	隹氏	0
𨾚	vf	隹夫	0
𨾔	vf	隹方	0
𨾓	vg	隹戈	0
𨾒	vk	隹亢	0
𨾎	zv	.	0
𨾌	vy	隹于	0
𨾌	yv	于隹	0
𨾊	gv	工隹	0
𨾊	vg	隹工	0
𨾉	jv	久隹	0
𨾉	vj	隹久	0
𨾅	vq	隹七	0
𨾂	dy	.	0
𨾂	ly	隶異	0
𨽿	dx	.	0
𨽼	dd	.	0
𨽻	bl	匕隶	0
𨽹	dx	.	0
𨽷	dh	.	0
𨽷	hl	亥隶	0
𨽷	lh	隶亥	0
𨽳	ec	阝蠶	0
𨽲	el	阝靈	0
𨽨	eq	.	0
𨽧	eg	.	0
𨽦	en	阝聶	0
𨽟	ey	阝遺	0
𨽗	ep	阝頻	0
𨽖	em	阝馬	0
𨽖	en	.	0
𨽓	ey	阝瑩	0
𨽒	el	阝寮	0
𨽏	eg	阝廣	0
𨽍	em	阝賣	0
𨽉	eu	阝署	0
𨽇	ei	阝亍	0
𨽄	fl	.	0
𨽂	ep	阝僕	0
𨽁	ej	阝聚	0
𨽀	ey	阝厭	0
𨼿	em	阝蒙	0
𨼽	dj	.	0
𨼸	ex	阝幸	0
𨼶	ex	阝心	0
𨼱	fg	.	0
𨼯	eg	阝艮	0
𨼯	ek	.	0
𨼮	ev	阝詹	0
𨼬	ej	阝解	0
𨼫	ej	.	0
𨼫	eu	阝豕	0
𨼪	ei	阝楚	0
𨼥	ez	阝最	0
𨼤	iq	陳欠	0
𨼟	ey	阝粤	0
𨼝	em	阝木	0
𨼔	ex	阝尋	0
𨼓	ev	阝智	0
𨼒	ed	阝單	0
𨼑	et	阝屠	0
𨼐	ec	.	0
𨼎	ej	.	0
𨼍	eg	.	0
𨼍	ey	.	0
𨼌	eq	阝欽	0
𨼋	ex	阝虚	0
𨼊	ew	阝無	0
𨼃	eq	阝乾	0
𨼀	eq	阝牽	0
𨻼	ef	.	0
𨻼	et	阝土	0
𨻻	el	阝婁	0
𨻺	eq	阝頃	0
𨻷	ek	阝康	0
𨻵	ec	阝崔	0
𨻳	ey	阝焉	0
𨻲	eh	阝乎	0
𨻱	eb	阝崩	0
𨻨	es	.	0
𨻧	el	阝留	0
𨻥	ex	.	0
𨻤	en	阝女	0
𨻣	ey	阝原	0
𨻡	ev	阝追	0
𨻠	ek	阝口	0
𨻞	ek	阝口	0
𨻗	es	阝桑	0
𨻖	em	阝敉	0
𨻕	ej	.	0
𨻒	em	.	0
𨻍	es	阝祟	0
𨻌	er	阝人	0
𨻈	eb	阝貝	0
𨻈	es	.	0
𨻆	es	阝虒	0
𨻄	eg	.	0
𨻃	ef	阝匪	0
𨻂	ey	阝晏	0
𨻁	ex	阝息	0
𨻀	ep	.	0
𨺿	en	阝女	0
𨺹	eq	阝秋	0
𨺸	em	阝昴	0
𨺭	ec	阝从	0
𨺬	ej	阝界	0
𨺩	ej	阝建	0
𨺨	ee	.	0
𨺨	ek	阝亏	0
𨺧	eq	阝酋	0
𨺦	es	.	0
𨺥	ey	阝兖	0
𨺤	ef	.	0
𨺣	ed	阝段	0
𨺢	ef	阝風	0
𨺡	ew	阝夂	0
𨺡	ez	.	0
𨺠	ed	阝盾	0
𨺟	ev	阝貞	0
𨺝	ev	阝叕	0
𨺙	ee	阝兒	0
𨺖	ey	阝尤	0
𨺑	ev	阝卓	0
𨹻	ed	阝典	0
𨹺	ef	阝阜	0
𨹺	fe	阜阝	0
𨹹	ep	阝朋	0
𨹸	et	阝土	0
𨹶	ej	.	0
𨹵	ej	阝卷	0
𨹳	ex	阝秀	0
𨹰	eh	阝回	0
𨹡	et	阝土	0
𨹝	ey	阝邑	0
𨹜	ed	阝豆	0
𨹚	ei	阝成	0
𨹙	et	阝吞	0
𨹘	ex	阝序	0
𨹗	eb	阝并	0
𨹔	es	阝色	0
𨹓	ej	阝巾	0
𨹑	eq	阝全	0
𨹏	ev	阝宅	0
𨹍	ej	阝交	0
𨹌	er	阝肉	0
𨹆	ey	.	0
𨹅	ed	.	0
𨹄	ed	阝朵	0
𨹃	ed	阝朵	0
𨹁	ei	阝虫	0
𨹀	ec	阝此	0
𨸼	eb	阝必	0
𨸻	es	阝厶	0
𨸺	ej	阝甲	0
𨸱	er	阝冉	0
𨸰	ek	阝尻	0
𨸯	eg	阝瓜	0
𨸮	ek	阝口	0
𨸮	ey	.	0
𨸭	ep	阝叵	0
𨸬	eu	阝申	0
𨸩	ew	阝攵	0
𨸡	en	阝牛	0
𨸟	eq	阝区	0
𨸝	eu	阝氏	0
𨸜	eu	阝殳	0
𨸛	eq	阝气	0
𨸚	ej	阝及	0
𨸙	ee	阝阝	0
𨸘	eg	阝广	0
𨸗	eg	阝干	0
𨸕	ey	阝又	0
𨸔	ej	阝几	0
𨸓	ed	阝刀	0
𨸒	ej	阝九	0
𨸑	ek	.	0
𨸐	en	阝乃	0
𨸎	my	门龠	0
𨸌	my	门壹	0
𨸋	mj	门焦	0
𨸉	md	.	0
𨸇	mb	门便	0
𨸆	mf	.	0
𨸅	mv	门至	0
𨸄	mg	门艮	0
𨸃	mm	门毛	0
𨸂	mf	门方	0
𨸁	mw	门亡	0
𨸀	mz	门子	0
𨷿	my	.	0
𨷾	mm	門門	0
𨷽	my	門鹽	0
𨷻	ml	.	0
𨷻	ms	門糸	0
𨷲	my	門龠	0
𨷱	my	門繇	0
𨷮	mm	門門	0
𨷭	mi	門廛	0
𨷬	me	.	0
𨷩	mt	門頭	0
𨷦	ml	門歷	0
𨷥	mu	門失	0
𨷡	mj	門韭	0
𨷟	mm	門黽	0
𨷝	my	門元	0
𨷝	wy	聞元	0
𨷙	mu	門塾	0
𨷘	mx	門需	0
𨷔	mx	門熏	0
𨷓	mh	門灬	0
𨷓	mj	.	0
𨷐	my	門煴	0
𨷎	ir	.	0
𨷍	my	.	0
𨷊	md	門大	0
𨷇	mw	門温	0
𨷆	mj	門韭	0
𨷆	mz	.	0
𨷄	mu	.	0
𨷄	mv	門者	0
𨷃	ms	門遂	0
𨷁	my	門堯	0
𨷀	ml	門絡	0
𨶿	md	門登	0
𨶽	jr	居閏	0
𨶺	mm	門淼	0
𨶹	ms	門絲	0
𨶲	mj	門焦	0
𨶱	mh	門華	0
𨶰	mh	門黄	0
𨶯	mh	門黑	0
𨶮	my	門壹	0
𨶭	mw	門無	0
𨶬	mh	門畫	0
𨶪	ml	.	0
𨶨	mc	門側	0
𨶦	mq	門欠	0
𨶢	my	門魚	0
𨶠	mn	門鳥	0
𨶝	mu	門孰	0
𨶜	md	門斗	0
𨶙	mn	門能	0
𨶗	ml	門浪	0
𨶐	mg	.	0
𨶏	mq	門缺	0
𨶋	mj	門祭	0
𨶊	mh	.	0
𨶈	mt	門唐	0
𨶇	mw	門烏	0
𨶆	mc	門倉	0
𨶅	mg	門羔	0
𨶂	my	門益	0
𨶁	my	門晏	0
𨶀	md	.	0
𨶀	mh	門合	0
𨵼	mg	門个	0
𨵼	mq	.	0
𨵸	mb	門便	0
𨵶	mw	門勿	0
𨵶	my	.	0
𨵴	mn	門南	0
𨵳	mm	門木	0
𨵰	mx	門下	0
𨵮	mv	門重	0
𨵭	mj	門建	0
𨵬	mx	門限	0
𨵫	mr	門若	0
𨵪	my	門頁	0
𨵩	mf	.	0
𨵩	mt	門田	0
𨵧	mg	門咼	0
𨵦	my	門俞	0
𨵥	mu	門省	0
𨵤	mq	門奇	0
𨵡	mq	門屈	0
𨵠	mj	門屆	0
𨵟	mf	門服	0
𨵞	mg	門乖	0
𨵝	mt	.	0
𨵛	mm	門明	0
𨵚	mg	門果	0
𨵘	mh	門虎	0
𨵗	mg	門卦	0
𨵐	mg	門股	0
𨵎	mj	.	0
𨵍	mv	門沾	0
𨵌	ma	門阿	0
𨵋	mw	門委	0
𨵊	mj	門戔	0
𨵉	mx	門幸	0
𨵈	mf	門非	0
𨵇	mq	門欠	0
𨵆	mx	門系	0
𨵄	mw	門完	0
𨵃	mm	門免	0
𨵂	mj	門巾	0
𨵂	mv	.	0
𨴾	mb	門别	0
𨴼	mj	門見	0
𨴻	ml	門里	0
𨴺	mc	門村	0
𨴹	mx	門孝	0
𨴷	mx	門秀	0
𨴰	mz	門作	0
𨴯	mu	門豕	0
𨴭	my	門甬	0
𨴬	mg	門告	0
𨴪	mf	門甫	0
𨴩	my	門余	0
𨴤	mw	門亡	0
𨴣	ma	門安	0
𨴢	md	門多	0
𨴡	mv	門兆	0
𨴞	mn	門年	0
𨴜	my	門有	0
𨴛	ml	門老	0
𨴚	km	开門	0
𨴚	mj	.	0
𨴚	mk	門开	0
𨴙	eh	二火	0
𨴙	mh	門火	0
𨴘	mi	門丑	0
𨴗	mv	門至	0
𨴓	mw	門危	0
𨴒	md	門刀	0
𨴒	mq	.	0
𨴑	mk	門匡	0
𨴐	mx	門先	0
𨴏	mt	門同	0
𨴎	me	門而	0
𨴍	mm	門牟	0
𨴋	mx	門玄	0
𨴊	mu	門矢	0
𨴆	md	門打	0
𨴃	mv	門乍	0
𨴀	mh	.	0
𨳿	mw	門外	0
𨳽	mj	門巨	0
𨳼	mg	門甘	0
𨳻	mj	門几	0
𨳻	mr	.	0
𨳺	mu	門失	0
𨳸	mt	門田	0
𨳷	mt	門它	0
𨳲	mb	門卞	0
𨳭	mp	門片	0
𨳣	mx	門兮	0
𨳡	mg	.	0
𨳠	mg	門冈	0
𨳞	mi	門丑	0
𨳝	mr	門壬	0
𨳛	mj	門及	0
𨳚	mf	門分	0
𨳙	mn	門内	0
𨳘	mt	門屯	0
𨳗	mg	門公	0
𨳕	mz	門子	0
𨳔	ms	門三	0
𨳔	sm	三門	0
𨳒	mx	門小	0
𨳑	mw	門亡	0
𨳍	mq	門七	0
𨳌	my	.	0
𨳌	ym	.	0
𨳋	mj	門几	0
𨳊	mj	門九	0
𨳉	mf	.	0
𨳆	in	镸囊	0
𨳂	ii	.	0
𨳁	il	镸龍	0
𨳀	im	镸馬	0
𨳀	in	.	0
𨲾	if	镸方	0
𨲾	im	.	0
𨲵	id	镸亶	0
𨲳	in	镸農	0
𨲱	ic	.	0
𨲱	ix	镸心	0
𨲰	ip	镸朋	0
𨲯	ic	镸曾	0
𨲮	il	镸勞	0
𨲭	iq	镸喬	0
𨲬	il	镸力	0
𨲫	if	镸逢	0
𨲪	iz	镸責	0
𨲧	ic	镸從	0
𨲥	in	镸牛	0
𨲟	ir	镸容	0
𨲞	it	镸剔	0
𨲜	ib	镸扁	0
𨲛	iu	镸首	0
𨲗	iy	.	0
𨲗	ji	吉長	0
𨲗	vi	.	0
𨲓	iu	镸省	0
𨲒	il	镸录	0
𨲑	iy	镸云	0
𨲎	iy	镸易	0
𨲋	ib	镸卑	0
𨲊	ia	镸岸	0
𨲉	ii	镸垂	0
𨲈	iv	镸隹	0
𨲆	ix	镸肖	0
𨲄	iy	镸又	0
𨲁	ix	镸小	0
𨲀	in	镸弄	0
𨱿	ir	镸戎	0
𨱼	is	長死	0
𨱼	si	死長	0
𨱻	ij	镸吉	0
𨱸	ie	镸二	0
𨱵	iv	镸兆	0
𨱱	im	镸母	0
𨱯	ie	.	0
𨱯	ix	镸小	0
𨱮	iy	镸又	0
𨱭	ih	镸号	0
𨱫	ig	镸甘	0
𨱧	iy	镸幼	0
𨱦	ii	镸出	0
𨱣	ix	.	0
𨱣	iy	镸又	0
𨱡	iu	镸氏	0
𨱟	iq	镸欠	0
𨱝	iw	镸攵	0
𨱜	iv	镸支	0
𨱛	ig	镸公	0
𨱚	iu	镸殳	0
𨱙	ij	镸几	0
𨱖	jw	钅微	0
𨱕	jj	金解	0
𨱔	jz	金尊	0
𨱓	jj	钅焦	0
𨱒	ju	.	0
𨱑	jh	钅黄	0
𨱐	jl	.	0
𨱏	jd	.	0
𨱏	jh	钅合	0
𨱎	jy	钅俞	0
𨱍	jl	金郎	0
𨱌	jg	金贯	0
𨱋	jl	.	0
𨱊	jq	钅屈	0
𨱉	jj	钅京	0
𨱈	ju	金束	0
𨱇	jq	金求	0
𨱅	jv	.	0
𨱄	ji	金出	0
𨱃	jg	钅瓜	0
𨱂	jh	金化	0
𨱁	ju	金殳	0
𨱀	jh	金互	0
𨰿	jq	金乞	0
𨰾	jm	钅马	0
𨰼	jl	金鑾	0
𨰻	jj	金金	0
𨰻	pp	.	0
𨰸	ji	.	0
𨰸	jj	金韭	0
𨰷	jb	金貝	0
𨰶	jj	金金	0
𨰵	hj	轟金	0
𨰵	jh	金轟	0
𨰱	jb	金白	0
𨰱	uj	水金	0
𨰰	jb	金寶	0
𨰭	jz	金纂	0
𨰬	jq	金騫	0
𨰩	jw	金攵	0
𨰩	wj	亠金	0
𨰨	jh	金火	0
𨰦	jb	金貝	0
𨰥	jl	金類	0
𨰣	jl	金麗	0
𨰠	jl	金羸	0
𨰞	jm	金靡	0
𨰜	jj	金爵	0
𨰘	jf	金豐	0
𨰖	jx	金燹	0
𨰕	jj	金韭	0
𨰓	jx	金閒	0
𨰑	jd	金翟	0
𨰏	jd	金闒	0
𨰏	jt	.	0
𨰉	ji	.	0
𨰃	jy	金嬰	0
𨰂	jj	金薦	0
𨰁	jv	金隹	0
𨰀	jj	金軍	0
𨯽	jl	金篱	0
𨯶	jx	金憲	0
𨯵	jx	金興	0
𨯲	jt	金頭	0
𨯰	jx	金學	0
𨯮	jh	金華	0
𨯭	jx	金選	0
𨯩	jo	金日	0
𨯞	jj	.	0
𨯚	jh	金慧	0
𨯙	jq	金慶	0
𨯓	jc	金蔡	0
𨯌	jl	金蓮	0
𨯉	jn	金輦	0
𨯈	jl	金寮	0
𨯆	jx	金昔	0
𨯅	jl	金厲	0
𨮿	jv	金箸	0
𨮻	ji	金廛	0
𨮹	ju	金適	0
𨮸	jl	金劉	0
𨮳	jx	金熊	0
𨮭	js	金厮	0
𨮬	bc	鏢寸	0
𨮪	ej	爾金	0
𨮨	jm	金綿	0
𨮠	gm	光明	0
𨮠	jm	金明	0
𨮛	jl	金廖	0
𨮔	jy	金與	0
𨮒	jm	金夢	0
𨮅	jj	金夾	0
𨮂	jj	金解	0
𨮁	jy	金粤	0
𨭺	jj	金禁	0
𨭸	jg	金鼓	0
𨭵	jq	金取	0
𨭱	jl	金里	0
𨭫	jm	金面	0
𨭥	jy	金業	0
𨭛	jg	金葛	0
𨭚	jp	金剽	0
𨭗	jh	金會	0
𨭖	jd	金亶	0
𨭓	jj	金吉	0
𨭐	jd	金單	0
𨭎	jx	金喜	0
𨭌	jp	金彭	0
𨭊	jq	金煢	0
𨭉	bj	斌金	0
𨭉	jb	金斌	0
𨭆	jh	金黑	0
𨭃	ji	金牚	0
𨭂	jr	金人	0
𨭁	ju	金氺	0
𨬽	jx	金鄉	0
𨬽	xj	鄉金	0
𨬶	jh	金萑	0
𨬴	jo	金目	0
𨬰	jx	金項	0
𨬨	jm	金牟	0
𨬥	jj	金見	0
𨬣	jv	金着	0
𨬟	jg	金辜	0
𨬞	jw	金爲	0
𨬜	ju	金厦	0
𨬛	cj	艹金	0
𨬛	ju	金水	0
𨬚	jv	金黹	0
𨬗	jx	金須	0
𨬖	jc	金孱	0
𨬕	jx	金幸	0
𨬔	jr	金閏	0
𨬒	jg	金敢	0
𨬑	jl	.	0
𨬐	jj	金厥	0
𨬍	js	金隋	0
𨬅	jj	金斤	0
𨬅	jl	.	0
𨬂	jx	金心	0
𨬁	jd	金丶	0
𨫵	jg	金國	0
𨫳	jw	金夂	0
𨫲	jv	金莊	0
𨫗	jy	金魚	0
𨫔	ju	.	0
𨫒	jl	.	0
𨫒	jy	金雨	0
𨫎	jy	金玉	0
𨫊	jl	金栗	0
𨫀	jv	金展	0
𨪹	xw	銑王	0
𨪷	jg	金骨	0
𨪶	jy	金晏	0
𨪵	jj	金句	0
𨪳	jr	.	0
𨪱	jv	金正	0
𨪱	vj	正金	0
𨪰	jy	.	0
𨪮	jx	金肖	0
𨪦	jq	金秦	0
𨪤	jr	金弱	0
𨪢	js	金厶	0
𨪗	jn	金内	0
𨪗	jv	.	0
𨪕	ji	金芻	0
𨪒	jh	金号	0
𨪑	ji	金剗	0
𨪐	jd	.	0
𨪐	jy	.	0
𨪏	jj	金疾	0
𨪎	jy	金彧	0
𨪍	js	金娑	0
𨪌	jq	金耆	0
𨪊	jz	金蚤	0
𨪉	js	金虒	0
𨪈	jg	金鬼	0
𨪅	pm	鈹毛	0
𨪄	jj	.	0
𨪄	ju	金垧	0
𨪄	uj	垧金	0
𨪁	jy	金要	0
𨪀	jm	金某	0
𨩽	jn	金虐	0
𨩼	jb	金卜	0
𨩻	jw	金夂	0
𨩸	jx	.	0
𨩶	jg	金冠	0
𨩴	ji	金穿	0
𨩲	jz	金咨	0
𨩰	jl	.	0
𨩯	jm	金勉	0
𨩫	jb	金便	0
𨩩	jm	金冒	0
𨩨	ji	金查	0
𨩧	jn	金南	0
𨩧	nj	南金	0
𨩦	jg	金苟	0
𨩥	jf	金封	0
𨩡	jd	金歹	0
𨩘	jz	金子	0
𨩏	jn	金牛	0
𨩎	jl	金亮	0
𨩍	jj	金姜	0
𨩄	jy	金昱	0
𨨺	jx	金削	0
𨨺	xj	削金	0
𨨹	jd	金耷	0
𨨸	jm	.	0
𨨷	jt	金突	0
𨨶	jx	金卸	0
𨨴	jj	.	0
𨨳	jf	金缶	0
𨨲	ji	金持	0
𨨱	jh	金活	0
𨨰	jd	金大	0
𨨰	jr	.	0
𨨯	jz	金奏	0
𨨬	ji	.	0
𨨪	jv	金制	0
𨨧	jq	金妾	0
𨨢	ji	金炊	0
𨨡	jy	金於	0
𨨠	jj	.	0
𨨝	ju	金舍	0
𨨜	jr	金乳	0
𨨛	jh	金和	0
𨨚	jh	金火	0
𨨘	jq	.	0
𨨘	jy	金又	0
𨨗	jl	金林	0
𨨗	lj	林金	0
𨨖	jw	金王	0
𨨖	wj	王金	0
𨨔	jj	金肩	0
𨨏	jb	金波	0
𨨎	jq	金邱	0
𨨌	jt	金土	0
𨨆	jk	金亏	0
𨨅	jh	金或	0
𨨄	jl	金兩	0
𨧷	ju	金叔	0
𨧳	jv	金制	0
𨧳	vj	制金	0
𨧱	jq	金屈	0
𨧰	jg	金乖	0
𨧭	jh	.	0
𨧫	ju	金事	0
𨧪	jv	金帚	0
𨧨	jr	金芮	0
𨧧	ji	.	0
𨧦	bj	陂金	0
𨧦	jb	金陂	0
𨧥	jx	金些	0
𨧤	jh	金亨	0
𨧡	jj	金君	0
𨧜	jb	金邦	0
𨧚	jy	金矣	0
𨧙	jk	金口	0
𨧖	ji	金床	0
𨧕	jy	金言	0
𨧔	jp	金攴	0
𨧔	xj	夕金	0
𨧒	hj	户金	0
𨧒	js	金巳	0
𨧐	jt	金吞	0
𨧍	jy	金又	0
𨧋	jw	金攵	0
𨧄	jx	金匣	0
𨧀	jd	金杜	0
𨦼	jy	金言	0
𨦳	jk	金口	0
𨦱	jc	金囱	0
𨦰	jy	.	0
𨦯	jy	金役	0
𨦮	jj	金汲	0
𨦭	jl	金牢	0
𨦫	jy	金羽	0
𨦪	jy	金仰	0
𨦨	jj	金巾	0
𨦡	jy	金羊	0
𨦞	jv	金舟	0
𨦞	vj	.	0
𨦛	jf	金伏	0
𨦗	jh	金灰	0
𨦖	jb	金丙	0
𨦖	jl	.	0
𨦒	jl	金劣	0
𨦑	jk	金匡	0
𨦑	jt	金土	0
𨦎	jm	金麦	0
𨦊	jb	金匕	0
𨦉	jb	金贝	0
𨦈	jq	金曲	0
𨦆	jb	金匕	0
𨦆	jy	.	0
𨦄	jj	金今	0
𨦄	jq	.	0
𨦃	jd	金朵	0
𨦂	jl	金礼	0
𨥺	jh	金弘	0
𨥸	jx	金匈	0
𨥷	jl	金令	0
𨥷	lj	令金	0
𨥶	jd	金代	0
𨥴	ju	金石	0
𨥴	uj	石金	0
𨥱	jq	金囚	0
𨥰	jy	金右	0
𨥨	jm	金矛	0
𨥧	jf	金乏	0
𨥦	jz	.	0
𨥣	js	金厶	0
𨥣	kj	凵金	0
𨥠	jy	金尹	0
𨥟	jx	金兮	0
𨥞	js	.	0
𨥞	ju	金十	0
𨥜	jy	金夭	0
𨥛	jh	金互	0
𨥙	jj	金井	0
𨥗	ju	金水	0
𨥗	uj	水金	0
𨥖	ju	金双	0
𨥔	jq	金切	0
𨥓	jq	金切	0
𨥓	qj	切金	0
𨥑	jg	.	0
𨥍	jx	金凶	0
𨥌	ju	金氏	0
𨥉	ju	金山	0
𨥈	jj	金己	0
𨥇	jc	金寸	0
𨥂	jj	金孑	0
𨤿	jr	金人	0
𨤽	jb	金匕	0
𨤹	vj	重集	0
𨤷	lk	里口	0
𨤴	vj	.	0
𨤴	vy	.	0
𨤱	lu	里是	0
𨤱	ul	是里	0
𨤫	wl	亠里	0
𨤩	bl	必里	0
𨤩	lb	里必	0
𨤤	ly	里也	0
𨤢	lu	里少	0
𨤢	ul	少里	0
𨤡	bg	.	0
𨤚	bg	.	0
𨤘	by	.	0
𨤕	by	.	0
𨤎	yy	酉鹽	0
𨤋	yl	酉覽	0
𨤇	yo	酉日	0
𨤄	yx	酉閒	0
𨤃	yc	酉藏	0
𨤂	yy	酉酉	0
𨣾	my	彌酉	0
𨣾	ym	酉彌	0
𨣻	yj	.	0
𨣸	yj	酉見	0
𨣸	yl	.	0
𨣵	yz	.	0
𨣱	ym	酉蔑	0
𨣯	yd	酉鼎	0
𨣬	yb	酉巴	0
𨣫	yk	酉魁	0
𨣨	yj	酉監	0
𨣧	yq	酉齊	0
𨣦	yy	酉與	0
𨣢	ys	酉遂	0
𨣞	yy	酉義	0
𨣝	yg	酉感	0
𨣛	yg	酉甘	0
𨣛	yi	.	0
𨣚	yd	酉亶	0
𨣙	yb	酉雹	0
𨣘	ym	酉皿	0
𨣗	yj	.	0
𨣕	yd	酉盗	0
𨣔	yc	.	0
𨣒	yt	酉童	0
𨣍	yu	酉奢	0
𨣉	yj	酉間	0
𨣈	yg	酉貴	0
𨣇	yx	酉閒	0
𨣅	yz	酉最	0
𨣄	yh	酉華	0
𨣃	yl	酉勞	0
𨣂	yc	.	0
𨣂	yi	酉虫	0
𨣁	yu	酉善	0
𨣀	yl	.	0
𨣀	yx	酉小	0
𨢿	yd	酉單	0
𨢹	py	皮酉	0
𨢹	yp	.	0
𨢹	yx	酉刑	0
𨢸	yh	.	0
𨢵	yj	酉祭	0
𨢴	yh	酉盒	0
𨢯	dy	氵酉	0
𨢯	yn	酉念	0
𨢮	uy	矢酉	0
𨢮	yx	酉吁	0
𨢬	yt	酉荼	0
𨢪	yi	酉巢	0
𨢩	yu	.	0
𨢩	yw	酉勿	0
𨢦	yz	酉責	0
𨢥	ym	酉曼	0
𨢤	yk	.	0
𨢣	yq	酉頃	0
𨢢	ym	酉莫	0
𨢠	ym	酉皿	0
𨢜	yh	酉隺	0
𨢑	yj	酉兼	0
𨢐	yp	酉旁	0
𨢎	ym	酉冥	0
𨢌	yg	酉鬲	0
𨢋	ty	土酉	0
𨢋	yu	酉殳	0
𨢊	ym	.	0
𨢉	yq	酉豈	0
𨢈	uq	十酋	0
𨢈	yb	酉丷	0
𨢇	yl	酉留	0
𨢆	ys	酉桑	0
𨢅	qz	酋卒	0
𨢂	yy	酉胤	0
𨡽	yo	酉月	0
𨡻	ys	.	0
𨡹	yq	酉泉	0
𨡸	yn	.	0
𨡴	yq	酉酋	0
𨡲	yq	酉秋	0
𨡱	yk	酉苦	0
𨡮	yc	.	0
𨡮	yx	酉心	0
𨡭	my	矛酉	0
𨡭	yw	酉攵	0
𨡬	yg	.	0
𨡫	yj	酉軍	0
𨡩	yp	.	0
𨡤	yy	酉因	0
𨡣	yn	酉念	0
𨡢	yh	.	0
𨡞	ym	.	0
𨡗	yq	酉穹	0
𨡔	uy	尚酉	0
𨡔	yu	酉尚	0
𨡑	yv	酉周	0
𨡐	yv	酉制	0
𨡏	yd	酉典	0
𨡎	yn	酉念	0
𨡍	yt	.	0
𨡌	yw	酉委	0
𨡄	yy	酉言	0
𨡃	yf	酉丰	0
𨡂	yx	酉希	0
𨡁	yj	酉見	0
𨠿	yj	酉夾	0
𨠹	yl	.	0
𨠸	yg	酉工	0
𨠸	yj	.	0
𨠶	ys	酉色	0
𨠭	hy	合酉	0
𨠭	yh	酉合	0
𨠬	yl	酉老	0
𨠦	yj	酉交	0
𨠥	yw	酉危	0
𨠤	yr	酉戎	0
𨠡	yj	.	0
𨠟	yp	酉平	0
𨠖	yb	酉包	0
𨠔	yb	酉必	0
𨠓	yz	.	0
𨠒	sy	厶酉	0
𨠒	yd	酉大	0
𨠒	ys	.	0
𨠑	yt	.	0
𨠑	yy	酉也	0
𨠐	yc	酉此	0
𨠏	yd	酉氐	0
𨠎	yl	酉令	0
𨠌	yd	酉冬	0
𨠋	yg	酉瓜	0
𨟾	yu	酉氏	0
𨟽	hy	火酉	0
𨟽	yh	酉火	0
𨟼	yk	酉亢	0
𨟺	yg	.	0
𨟹	yj	酉今	0
𨟸	yw	酉勿	0
𨟶	gy	戈酉	0
𨟶	yg	酉戈	0
𨟵	yb	酉比	0
𨟴	yy	酉匀	0
𨟲	yy	酉弋	0
𨟧	ve	爫阝	0
𨟥	le	磊阝	0
𨟠	eq	.	0
𨟠	qe	瞿阝	0
𨟚	xe	襄阝	0
𨟙	ye	嬰阝	0
𨟗	we	蔿阝	0
𨟖	me	磨阝	0
𨟑	le	歷阝	0
𨟏	le	.	0
𨟏	ye	炎阝	0
𨟊	ve	質阝	0
𨟄	fy	樊邑	0
𨟄	yf	邑樊	0
𨟃	ve	徵阝	0
𨟂	ce	艹阝	0
𨟂	ye	.	0
𨞿	ge	羹阝	0
𨞾	xe	興阝	0
𨞽	le	.	0
𨞽	te	田阝	0
𨞼	me	蔓阝	0
𨞺	le	厲阝	0
𨞷	te	天阝	0
𨞳	be	鼻阝	0
𨞫	me	蒙阝	0
𨞪	ue	壽阝	0
𨞩	de	翟阝	0
𨞩	ve	.	0
𨞨	ge	蓋阝	0
𨞤	re	入阝	0
𨞣	se	歲阝	0
𨞟	ee	耳阝	0
𨞛	ge	葛阝	0
𨞙	he	虍阝	0
𨞙	je	.	0
𨞘	he	虍阝	0
𨞘	xe	.	0
𨞗	qe	羣阝	0
𨞕	ue	蜀阝	0
𨞓	ae	奥阝	0
𨞒	he	禾阝	0
𨞒	ze	.	0
𨞑	yi	邕臭	0
𨞐	ue	盛阝	0
𨞎	ke	口阝	0
𨞌	me	卯阝	0
𨝸	qe	.	0
𨝸	te	覃阝	0
𨝵	le	林阝	0
𨝴	he	黄阝	0
𨝳	ze	貲阝	0
𨝱	je	焦阝	0
𨝰	qe	喬阝	0
𨝯	te	童阝	0
𨝮	ze	.	0
𨝭	de	冫阝	0
𨝭	fe	.	0
𨝫	he	.	0
𨝩	iy	車邑	0
𨝩	yw	邑攵	0
𨝨	ce	措阝	0
𨝦	yt	邑堂	0
𨝢	be	宀阝	0
𨝢	ze	.	0
𨝟	yh	.	0
𨝜	xe	幸阝	0
𨝛	te	荼阝	0
𨝘	he	虍阝	0
𨝖	yl	邕來	0
𨝔	xe	彳阝	0
𨝓	pe	票阝	0
𨝑	ge	貫阝	0
𨝐	ce	參阝	0
𨝏	ie	.	0
𨝏	le	离阝	0
𨝎	ke	康阝	0
𨝍	xe	覀阝	0
𨝌	qe	乾阝	0
𨝋	je	祭阝	0
𨝆	ge	哥阝	0
𨝂	ye	原阝	0
𨝀	ge	鬼阝	0
𨜿	se	祟阝	0
𨜾	ce	倉阝	0
𨜽	ye	扅阝	0
𨜼	le	栗阝	0
𨜻	qe	虔阝	0
𨜺	we	翁阝	0
𨜸	ie	厂阝	0
𨜷	pe	旁阝	0
𨜶	ye	益阝	0
𨜵	oe	日阝	0
𨜵	we	.	0
𨜴	ge	.	0
𨜴	he	盍阝	0
𨜳	ge	宫阝	0
𨜱	be	宀阝	0
𨜰	je	姜阝	0
𨜩	eq	.	0
𨜩	qe	泉阝	0
𨜡	je	皆阝	0
𨜜	ue	省阝	0
𨜘	we	屋阝	0
𨜗	we	勿阝	0
𨜖	oe	.	0
𨜖	ye	禺阝	0
𨜔	he	皇阝	0
𨜓	ve	貞阝	0
𨜒	qe	契阝	0
𨜑	oe	目阝	0
𨜐	se	思阝	0
𨜏	ye	盈阝	0
𨜎	ue	世阝	0
𨜍	ge	杲阝	0
𨜌	ge	官阝	0
𨛽	ge	乖阝	0
𨛺	qe	其阝	0
𨛹	be	卜阝	0
𨛶	ue	受阝	0
𨛵	he	虎阝	0
𨛴	he	昊阝	0
𨛳	xe	昔阝	0
𨛲	he	禾阝	0
𨛱	ze	宗阝	0
𨛰	ve	争阝	0
𨛯	ye	宜阝	0
𨛮	je	居阝	0
𨛭	ue	舍阝	0
𨛬	fy	非邑	0
𨛬	yf	邑非	0
𨛫	hy	禾邑	0
𨛫	yl	.	0
𨛨	xe	孝阝	0
𨛥	je	角阝	0
𨛤	ue	豕阝	0
𨛣	he	含阝	0
𨛡	ye	.	0
𨛖	be	卜阝	0
𨛕	ye	卣阝	0
𨛔	fe	否阝	0
𨛓	ne	弄阝	0
𨛒	be	步阝	0
𨛑	je	忌阝	0
𨛐	je	.	0
𨛐	se	厶阝	0
𨛏	ze	坐阝	0
𨛎	he	旱阝	0
𨛍	xe	肖阝	0
𨛌	me	.	0
𨛌	we	亡阝	0
𨛋	le	里阝	0
𨛊	qe	犭阝	0
𨛉	se	色阝	0
𨛈	eq	.	0
𨛈	qe	全阝	0
𨛅	de	多阝	0
𨚾	ye	.	0
𨚶	ne	年阝	0
𨚵	gy	戈邑	0
𨚵	yu	邑十	0
𨚵	yz	.	0
𨚴	re	如阝	0
𨚳	we	亡阝	0
𨚲	ce	存阝	0
𨚱	ie	丞阝	0
𨚰	ze	早阝	0
𨚯	te	同阝	0
𨚮	be	白阝	0
𨚫	qe	去阝	0
𨚪	le	立阝	0
𨚧	je	加阝	0
𨚣	ve	正阝	0
𨚡	iy	.	0
𨚟	de	冬阝	0
𨚙	he	号阝	0
𨚘	we	未阝	0
𨚗	re	冉阝	0
𨚖	ce	此阝	0
𨚕	be	弁阝	0
𨚔	be	包阝	0
𨚓	fe	弗阝	0
𨚍	be	比阝	0
𨚅	fe	父阝	0
𨚃	we	亠阝	0
𨙽	je	今阝	0
𨙻	re	.	0
𨙺	ie	丑阝	0
𨙹	ue	少阝	0
𨙸	ve	支阝	0
𨙷	je	井阝	0
𨙶	ue	十阝	0
𨙵	xe	乡阝	0
𨙵	ye	.	0
𨙴	ce	才阝	0
𨙳	ie	叉阝	0
𨙯	ce	寸阝	0
𨙮	fe	凡阝	0
𨙭	te	土阝	0
𨙬	je	己阝	0
𨙫	ke	口阝	0
𨙩	ue	十阝	0
𨙡	zn	辶鳥	0
𨙔	zm	辶馬	0
𨙔	zv	.	0
𨙓	zn	辶聶	0
𨙏	zv	辶章	0
𨙎	vb	這八	0
𨙎	zb	辶八	0
𨙉	zx	辶霞	0
𨙄	zy	辶龠	0
𨙂	zy	辶繇	0
𨙀	zu	辶殳	0
𨘾	zh	辶霍	0
𨘼	zd	辶耑	0
𨘼	zi	.	0
𨘺	ys	遙糸	0
𨘺	zs	辶糸	0
𨘸	zl	辶歷	0
𨘵	zj	辶見	0
𨘴	zk	辶靠	0
𨘲	zu	辶室	0
𨘮	zd	辶多	0
𨘬	zd	辶帶	0
𨘩	zx	辶系	0
𨘞	zg	辶干	0
𨘞	zh	.	0
𨘙	zj	辶軍	0
𨘔	zj	.	0
𨘔	zy	辶言	0
𨘎	zx	辶小	0
𨘌	zh	辶禍	0
𨘉	zj	.	0
𨘄	zh	辶火	0
𨘃	zg	辶官	0
𨘂	zd	辶多	0
𨘁	zs	辶糸	0
𨗾	zy	辶羊	0
𨗼	zd	辶帶	0
𨗹	zu	辶豕	0
𨗷	zg	辶咼	0
𨗴	zv	辶隹	0
𨗰	zs	辶糸	0
𨗨	zw	辶葦	0
𨗦	zj	.	0
𨗦	zq	辶僉	0
𨗥	zh	辶會	0
𨗡	zj	辶吉	0
𨗞	zh	辶回	0
𨗝	zj	.	0
𨗑	zx	辶雄	0
𨗎	zd	辶隊	0
𨖿	zw	辶爲	0
𨖾	zs	辶絲	0
𨖼	zv	.	0
𨖹	zv	辶至	0
𨖷	zb	辶筆	0
𨖶	zx	辶象	0
𨖵	zj	辶焦	0
𨖴	zw	辶無	0
𨖳	zy	辶淵	0
𨖱	zq	辶牽	0
𨖰	zl	造六	0
𨖮	zv	.	0
𨖭	zy	辶崖	0
𨖬	zu	辶笙	0
𨖢	gw	逛王	0
𨖢	zj	.	0
𨖠	zb	辶扁	0
𨖘	zh	辶茴	0
𨖏	zj	.	0
𨖏	zu	辶殳	0
𨖎	zi	辶笞	0
𨖌	zy	辶羕	0
𨖋	zz	辶寁	0
𨖊	zz	辶責	0
𨖄	zg	辶告	0
𨖃	zh	辶笏	0
𨖀	zi	辶蚩	0
𨕿	zw	辶王	0
𨕽	zj	.	0
𨕻	zg	辶艮	0
𨕺	zy	辶言	0
𨕹	zh	辶桓	0
𨕧	zj	.	0
𨕦	zw	.	0
𨕢	zi	辶畜	0
𨕠	zv	辶窄	0
𨕜	mj	.	0
𨕚	zo	辶日	0
𨕘	zy	辶禹	0
𨕗	zf	辶飛	0
𨕕	zy	.	0
𨕌	zi	辶春	0
𨕊	zg	辶共	0
𨕉	zy	辶又	0
𨕄	zu	辶屎	0
𨕂	zm	辶面	0
𨔯	zj	.	0
𨔯	zu	辶氺	0
𨔦	zv	.	0
𨔦	zy	.	0
𨔥	zj	.	0
𨔣	zj	辶枷	0
𨔢	zi	辶蚩	0
𨔡	zg	.	0
𨔡	zt	辶彖	0
𨔛	zh	辶虎	0
𨔙	zu	辶石	0
𨔘	zm	辶木	0
𨔗	zg	.	0
𨔗	zk	辶咖	0
𨔏	zy	辶右	0
𨔊	zz	辶卒	0
𨔇	zx	辶心	0
𨓿	zf	辶非	0
𨓽	zq	辶青	0
𨓻	zu	辶氺	0
𨓴	zx	辶卸	0
𨓳	zo	.	0
𨓳	zy	辶杳	0
𨓲	zk	辶侃	0
𨓰	zj	.	0
𨓰	zy	.	0
𨓯	za	辶丨	0
𨓮	zj	.	0
𨓮	zr	辶壬	0
𨓭	zq	辶取	0
𨓬	zd	辶沓	0
𨓬	zt	.	0
𨓪	zn	辶尿	0
𨓩	zh	辶火	0
𨓨	zj	辶角	0
𨓦	zl	辶里	0
𨓣	zc	辶寸	0
𨓞	ze	辶儿	0
𨓞	zl	.	0
𨓚	zd	辶兑	0
𨓕	zz	辶作	0
𨓔	zo	辶月	0
𨓊	zg	辶乚	0
𨓊	zv	.	0
𨓈	zg	.	0
𨓈	zk	辶口	0
𨓇	zx	辶希	0
𨓁	zy	辶幺	0
𨒽	zc	辶屮	0
𨒼	zg	辶艮	0
𨒹	zb	辶百	0
𨒴	zl	.	0
𨒴	zs	辶厶	0
𨒲	zv	辶朱	0
𨒱	zg	辶共	0
𨒮	zc	辶次	0
𨒬	zv	辶至	0
𨒫	zy	辶羊	0
𨒩	ze	辶而	0
𨒨	zh	辶亥	0
𨒧	zy	辶曳	0
𨒦	zy	辶印	0
𨒤	zc	辶此	0
𨒞	zi	辶出	0
𨒜	zb	辶必	0
𨒙	zu	辶石	0
𨒔	zu	辶矢	0
𨒑	zj	辶巨	0
𨒍	zh	辶卉	0
𨒋	zy	.	0
𨒊	zq	辶囚	0
𨒉	zz	.	0
𨒇	zj	辶甲	0
𨒆	zj	辶几	0
𨒆	zr	.	0
𨒅	zv	辶只	0
𨒄	zy	.	0
𨒃	zb	辶半	0
𨑿	zk	辶凵	0
𨑾	zu	辶水	0
𨑽	ze	辶二	0
𨑽	zj	.	0
𨑼	zh	.	0
𨑻	zb	辶冖	0
𨑺	zm	辶毛	0
𨑹	zc	辶从	0
𨑴	zn	辶牛	0
𨑱	zu	辶双	0
𨑬	zc	辶廿	0
𨑫	zy	辶尤	0
𨑪	zg	辶公	0
𨑩	zd	.	0
𨑩	zg	辶弓	0
𨑨	zo	辶日	0
𨑥	zw	辶勿	0
𨑤	zv	辶支	0
𨑣	zg	辶夬	0
𨑠	zx	辶彳	0
𨑜	zx	辶下	0
𨑒	zt	辶土	0
𨑑	zw	辶亡	0
𨑎	za	辶亅	0
𨑌	il	.	0
𨑊	dn	多農	0
𨐻	qu	亲豕	0
𨐶	xh	辛畫	0
𨐴	bj	.	0
𨐴	pj	辟甲	0
𨐳	qx	启辛	0
𨐳	xf	辛分	0
𨐱	xx	辛辛	0
𨐰	xf	辛分	0
𨐰	xx	.	0
𨐪	xr	辛弱	0
𨐩	xj	辛兼	0
𨐨	bj	.	0
𨐨	pj	辟井	0
𨐦	xf	辛風	0
𨐥	xg	辛革	0
𨐤	xj	辛柬	0
𨐣	xm	辛木	0
𨐡	xk	辛苦	0
𨐛	nx	尿辛	0
𨐛	xn	辛尿	0
𨐖	ux	杀辛	0
𨐖	xu	辛杀	0
𨐕	xy	.	0
𨐔	dx	多辛	0
𨐔	xd	辛多	0
𨐒	gx	古辛	0
𨐒	xg	辛古	0
𨐑	xy	辛允	0
𨐐	lg	立乚	0
𨐍	xp	.	0
𨐋	lu	立十	0
𨐋	wr	.	0
𨐊	ix	车憲	0
𨐉	iz	.	0
𨐈	ig	车光	0
𨐇	il	车龙	0
𨐆	ij	.	0
𨐅	iu	车殳	0
𨐃	ix	車鑫	0
𨐃	xi	鑫車	0
𨐁	id	車疊	0
𨏿	ii	車車	0
𨏿	yy	.	0
𨏼	il	車蘭	0
𨏻	id	車黨	0
𨏺	qv	.	0
𨏹	ij	車矍	0
𨏶	il	.	0
𨏶	is	車糸	0
𨏶	si	糸車	0
𨏴	in	車聶	0
𨏳	ij	車冏	0
𨏳	is	.	0
𨏬	ig	車鬲	0
𨏬	ii	車車	0
𨏫	ib	車薄	0
𨏪	ij	車韭	0
𨏪	iq	.	0
𨏩	iz	車辶	0
𨏩	wl	亡連	0
𨏨	ib	車並	0
𨏥	ix	車憲	0
𨏤	ie	車爾	0
𨏠	il	車龍	0
𨏞	ip	車頻	0
𨏞	pi	頻車	0
𨏝	iy	車又	0
𨏛	iy	.	0
𨏚	ig	車革	0
𨏗	il	車魯	0
𨏔	im	車賣	0
𨏒	il	車磊	0
𨏉	ij	車具	0
𨏉	vi	𥫗車	0
𨏈	ix	車心	0
𨏈	iy	.	0
𨏆	gi	輄車	0
𨏆	ig	車輄	0
𨏆	ii	.	0
𨏂	iy	車運	0
𨎾	ib	車貝	0
𨎻	iv	車詹	0
𨎹	ib	車稟	0
𨎸	im	車木	0
𨎷	il	車廉	0
𨎶	ij	.	0
𨎶	iu	車豕	0
𨎴	id	車當	0
𨎳	if	車丰	0
𨎮	iq	車取	0
𨎮	iz	.	0
𨎭	id	車多	0
𨎭	ii	.	0
𨎬	iy	車堯	0
𨎫	ix	車閒	0
𨎪	ie	車而	0
𨎩	ih	車黄	0
𨎧	ip	車彭	0
𨎦	ig	.	0
𨎦	iy	.	0
𨎤	id	車登	0
𨎢	iy	車恿	0
𨎡	if	車伐	0
𨎝	ic	車曹	0
𨎛	il	車梁	0
𨎖	it	車堂	0
𨎔	ih	車𦰩	0
𨎓	in	車牛	0
𨎎	ig	車郭	0
𨎍	ik	車康	0
𨎌	iv	車執	0
𨎋	it	車堂	0
𨎉	ij	.	0
𨎉	iy	.	0
𨍿	ip	車攴	0
𨍹	ig	車鬼	0
𨍸	il	車留	0
𨍷	ir	車茸	0
𨍶	hi	火車	0
𨍶	ib	車冖	0
𨍶	iy	.	0
𨍴	it	車唐	0
𨍳	iy	.	0
𨍲	ih	.	0
𨍲	iu	車豕	0
𨍰	ig	.	0
𨍯	og	.	0
𨍮	ig	車鬲	0
𨍮	ix	.	0
𨍭	ic	車寸	0
𨍭	if	.	0
𨍫	il	車栗	0
𨍩	ip	車旁	0
𨍧	ih	車皇	0
𨍢	iz	車咨	0
𨍞	iy	車英	0
𨍜	iu	車甚	0
𨍛	id	車毒	0
𨍘	ik	車亏	0
𨍕	im	車木	0
𨍒	ii	臣車	0
𨍑	iy	車音	0
𨍐	ix	車胥	0
𨍏	id	車度	0
𨍎	iw	車攵	0
𨍎	mi	矛車	0
𨍌	io	車日	0
𨍊	iq	車秋	0
𨍉	ic	.	0
𨍈	iw	車夂	0
𨍈	iz	.	0
𨍇	ik	車客	0
𨍆	ii	車昌	0
𨍅	iw	.	0
𨌾	in	車牛	0
𨌾	ni	牛車	0
𨌶	im	車盲	0
𨌴	iv	車隹	0
𨌳	ik	車肯	0
𨌰	ib	車卜	0
𨌮	id	車底	0
𨌭	id	車沓	0
𨌭	it	.	0
𨌬	iv	車卓	0
𨌫	ij	車卷	0
𨌩	iu	車尚	0
𨌨	it	.	0
𨌧	iy	車奄	0
𨌥	iw	車王	0
𨌥	wk	.	0
𨌥	ww	王王	0
𨌤	ii	車舛	0
𨌤	iw	.	0
𨌤	wi	亠車	0
𨌣	ir	車芮	0
𨌢	iv	車争	0
𨌠	il	車录	0
𨌝	id	車丶	0
𨌜	im	車免	0
𨌜	mi	免車	0
𨌙	ie	車儿	0
𨌘	ij	.	0
𨌘	iw	車夂	0
𨌔	id	車兑	0
𨌑	ii	車辰	0
𨌎	iy	車余	0
𨌍	ix	車辛	0
𨌌	ib	車巴	0
𨌌	iv	.	0
𨌈	iu	車身	0
𨌆	ih	車宏	0
𨌅	iy	車羊	0
𨌅	yi	羊車	0
𨌄	iv	車壯	0
𨌄	vi	壯車	0
𨌁	iv	車旨	0
𨋾	iy	車羽	0
𨋽	iy	車羊	0
𨋺	ij	車臼	0
𨋺	ji	臼車	0
𨋷	ig	車工	0
𨋲	ib	車冰	0
𨋰	ic	車次	0
𨋯	iy	車曳	0
𨋮	ix	車旬	0
𨋬	ii	車丞	0
𨋫	iv	車兆	0
𨋩	if	車伏	0
𨋨	ig	車艮	0
𨋧	ib	車白	0
𨋦	iy	車又	0
𨋥	if	車弗	0
𨋢	il	車立	0
𨋡	ii	車出	0
𨋠	ij	車几	0
𨋠	ir	.	0
𨋟	hi	禾車	0
𨋟	ih	車禾	0
𨋞	ib	車布	0
𨋝	ig	車功	0
𨋛	il	車力	0
𨋚	ij	.	0
𨋚	iy	車又	0
𨋙	iu	車申	0
𨋘	iv	車乍	0
𨋗	in	車尼	0
𨋖	im	車卯	0
𨋕	ia	車卬	0
𨋔	iy	車玉	0
𨋒	ib	車弁	0
𨋑	ig	.	0
𨋐	iw	車瓦	0
𨋉	iu	車水	0
𨋉	ui	水車	0
𨋈	iu	車水	0
𨋃	ij	車及	0
𨋀	ii	車丑	0
𨊿	ix	.	0
𨊿	iy	車又	0
𨊼	iy	車尹	0
𨊻	ij	.	0
𨊻	ik	車开	0
𨊺	iv	車止	0
𨊹	ib	車巴	0
𨊸	io	車月	0
𨊵	ig	車勾	0
𨊳	ix	車心	0
𨊱	iy	車于	0
𨊰	iq	車乞	0
𨊧	ig	車工	0
𨊤	ir	車人	0
𨊡	id	車丁	0
𨊟	su	糸身	0
𨊟	ul	.	0
𨊟	us	身糸	0
𨊞	un	身聶	0
𨊝	uv	.	0
𨊝	uz	身足	0
𨊛	ul	身歷	0
𨊚	ul	身磊	0
𨊘	qx	軀心	0
𨊖	ul	身屢	0
𨊔	uj	身監	0
𨊑	uy	.	0
𨊐	ug	身過	0
𨊊	uj	身吉	0
𨊉	uc	身毳	0
𨊈	uq	.	0
𨊈	ut	身覃	0
𨊅	uy	身堯	0
𨉾	uo	身目	0
𨉽	uw	身王	0
𨉼	ux	身心	0
𨉻	ur	身軟	0
𨉹	ug	身國	0
𨉸	um	身馬	0
𨉷	ur	身容	0
𨉶	ui	身差	0
𨉴	ur	身茸	0
𨉱	ur	身弱	0
𨉭	um	身眉	0
𨉬	ut	身亭	0
𨉫	ul	身吕	0
𨉪	uh	身曷	0
𨉩	ui	身春	0
𨉨	ud	身段	0
𨉥	um	身面	0
𨉤	uh	身皇	0
𨉣	uj	身叚	0
𨉣	uy	.	0
𨉢	uv	身重	0
𨉡	ui	身垂	0
𨉝	uw	身宛	0
𨉜	uv	身周	0
𨉚	uy	身奄	0
𨉗	ub	身宝	0
𨉖	um	身門	0
𨉕	ul	身戾	0
𨉐	uw	身我	0
𨉏	um	身免	0
𨉋	ud	身兑	0
𨉃	ur	身任	0
𨉁	ug	身光	0
𨈺	ul	身老	0
𨈹	ut	身同	0
𨈷	ut	身它	0
𨈶	um	身母	0
𨈳	uj	身句	0
𨈮	uu	身申	0
𨈫	uv	身主	0
𨈩	ub	.	0
𨈩	ud	身丶	0
𨈧	uy	身引	0
𨈦	ur	身人	0
𨈥	um	身毛	0
𨈤	uy	身元	0
𨈢	uk	身亢	0
𨈚	ub	身比	0
𨈙	uw	.	0
𨈘	uu	身少	0
𨈗	ku	口身	0
𨈗	uk	.	0
𨈖	uk	身口	0
𨈕	ue	身阝	0
𨈓	ux	身小	0
𨈎	zl	足鸞	0
𨈍	zy	足又	0
𨈌	zl	足戀	0
𨈋	zy	足籥	0
𨈊	zw	足彎	0
𨈈	zd	足疊	0
𨈀	zd	足顛	0
𨇿	zj	足繭	0
𨇽	zl	足羅	0
𨇼	zs	足糸	0
𨇻	zm	足靡	0
𨇺	zj	足爵	0
𨇯	zu	足雙	0
𨇩	zt	足兔	0
𨇦	zj	足韭	0
𨇤	zx	足鮮	0
𨇢	zm	足磨	0
𨇟	zy	足燕	0
𨇝	zy	足閻	0
𨇙	zw	足衛	0
𨇘	lz	龍足	0
𨇘	zl	足龍	0
𨇗	zl	足歷	0
𨇖	zl	足盧	0
𨇕	zc	足艹	0
𨇎	zq	足全	0
𨇍	zn	足輦	0
𨇆	zl	足厲	0
𨇅	zb	足暴	0
𨇄	zy	足憂	0
𨇁	zg	足廣	0
𨆾	zi	足察	0
𨆽	zm	足麽	0
𨆵	zp	足頗	0
𨆱	zj	足几	0
𨆰	zx	足㬎	0
𨆬	zz	足足	0
𨆪	qz	輕足	0
𨆪	zq	足輕	0
𨆨	zg	足貴	0
𨆧	vz	輊足	0
𨆧	zv	足輊	0
𨆝	zh	足會	0
𨆜	fz	煩足	0
𨆜	zf	足煩	0
𨆙	zs	足瑟	0
𨆘	zq	足僉	0
𨆗	zy	足粤	0
𨆕	xz	献足	0
𨆕	zx	足献	0
𨆔	zg	足過	0
𨆓	zq	足禽	0
𨆏	zs	足遂	0
𨆎	zz	足賊	0
𨆌	zf	足煩	0
𨆊	gz	鼓足	0
𨆊	zg	足鼓	0
𨆇	zv	足閘	0
𨆅	zx	足幸	0
𨆄	zi	足楚	0
𨆃	zj	足禁	0
𨆂	zj	足韭	0
𨅭	zt	足覃	0
𨅪	yy	牙牙	0
𨅪	zy	足牙	0
𨅤	zo	足月	0
𨅣	zt	足土	0
𨅝	zi	足牚	0
𨅘	zp	足彭	0
𨅗	zb	足筆	0
𨅔	zo	足日	0
𨅓	zu	足奢	0
𨅒	zc	足寸	0
𨅏	zl	足嵐	0
𨅎	zz	足最	0
𨅍	zj	足間	0
𨅋	zs	足肅	0
𨅊	zw	足攵	0
𨅅	zj	足技	0
𨄹	zz	足造	0
𨄰	zv	足張	0
𨄯	wz	尉足	0
𨄯	zw	足尉	0
𨄮	zl	足率	0
𨄤	zq	足雀	0
𨄢	zq	足牽	0
𨄜	zl	足婁	0
𨄛	zu	足氺	0
𨄚	jz	將足	0
𨄚	zj	足將	0
𨄙	zn	足鳥	0
𨄗	zk	足康	0
𨄕	zz	足族	0
𨄓	zi	足巢	0
𨄐	zz	足紫	0
𨄍	zc	足崔	0
𨄌	zx	足習	0
𨄋	zy	足雨	0
𨄊	zj	足祭	0
𨄈	zl	足梁	0
𨄇	zu	足氺	0
𨄅	zq	足區	0
𨃴	zg	足骨	0
𨃳	zn	足能	0
𨃲	uz	書足	0
𨃲	zu	足書	0
𨃰	zj	足兼	0
𨃯	zu	足時	0
𨃭	zz	足栽	0
𨃬	zv	足追	0
𨃩	zu	足扇	0
𨃨	zv	足展	0
𨃤	zg	足高	0
𨃣	zz	足蚤	0
𨃞	bz	般足	0
𨃞	zb	足般	0
𨃜	zt	足條	0
𨃛	zx	足辛	0
𨃚	zh	足合	0
𨃙	zl	足栗	0
𨃘	zi	足芻	0
𨃗	oz	月足	0
𨃗	ze	足二	0
𨃗	zo	.	0
𨃖	zk	足夸	0
𨃕	zi	足畜	0
𨃓	zi	足茶	0
𨃇	zj	足姜	0
𨃅	zb	足拜	0
𨃄	zw	足畏	0
𨃃	zh	足曷	0
𨃀	zj	足柬	0
𨂿	zw	足歪	0
𨂾	zn	足南	0
𨂽	zb	足泵	0
𨂵	zj	足臼	0
𨂴	zx	足心	0
𨂲	zp	足屏	0
𨂱	zj	足軍	0
𨂯	zb	足便	0
𨂭	zd	足毒	0
𨂪	zy	足彦	0
𨂦	zt	足彖	0
𨂣	mz	矛足	0
𨂣	zw	足攵	0
𨂢	jz	即足	0
𨂢	zj	足即	0
𨂡	zz	足奏	0
𨂠	zy	足頁	0
𨂟	zy	.	0
𨂞	zb	足並	0
𨂝	bz	並足	0
𨂝	zb	足並	0
𨂜	zh	足虎	0
𨂒	zy	足夜	0
𨂐	zl	足來	0
𨂍	zk	足亏	0
𨂊	zv	足周	0
𨂉	zg	足圭	0
𨂇	zv	足止	0
𨂅	ze	足儿	0
𨂃	zp	足朋	0
𨂁	zy	足奄	0
𨂀	zz	足阻	0
𨁿	zd	足丶	0
𨁽	zc	足寸	0
𨁹	zy	足炎	0
𨁸	zl	足戾	0
𨁷	zv	足直	0
𨁶	zy	足亞	0
𨁫	zl	足里	0
𨁤	zi	足床	0
𨁡	zt	足妥	0
𨁠	zt	足土	0
𨁟	zw	足我	0
𨁛	qz	求足	0
𨁛	zq	足求	0
𨁙	zm	足免	0
𨁗	zt	足廷	0
𨁒	zg	足告	0
𨁑	zd	足兑	0
𨁐	zq	足弃	0
𨁏	zf	足甫	0
𨁎	zi	足呈	0
𨁍	zj	足見	0
𨁌	zn	足那	0
𨁋	zd	足豆	0
𨁊	zc	足岑	0
𨁇	zt	足吞	0
𨁆	zy	足延	0
𨁅	zx	足辛	0
𨁄	zh	足旱	0
𨁃	zd	足弟	0
𨁂	zj	足夾	0
𨁁	zp	足疋	0
𨁀	zr	.	0
𨀸	zv	足宅	0
𨀶	yz	亦足	0
𨀶	zy	足亦	0
𨀴	zx	足旬	0
𨀳	zf	足伐	0
𨀯	zq	足邛	0
𨀮	zo	足月	0
𨀬	zz	足在	0
𨀫	zk	足亢	0
𨀨	zx	足夕	0
𨀧	zi	足丞	0
𨀤	zl	足耒	0
𨀠	zg	足干	0
𨀞	zy	足聿	0
𨀝	zu	足双	0
𨀜	zt	足同	0
𨀛	zc	足存	0
𨀙	zj	足吉	0
𨀘	zy	足羊	0
𨀖	zh	足亥	0
𨀕	zk	足匡	0
𨀔	zu	足十	0
𨀐	zd	足冬	0
𨀅	zr	足冉	0
𨀄	zw	足瓦	0
𨀀	zx	足小	0
𧿽	zp	足叵	0
𧿼	zg	足瓜	0
𧿻	zk	足尻	0
𧿺	zi	足出	0
𧿹	zm	足母	0
𧿷	zy	足玉	0
𧿵	zj	足甲	0
𧿴	zm	足末	0
𧿳	zf	足弗	0
𧿫	zd	足斗	0
𧿩	zj	足介	0
𧿨	zf	足反	0
𧿥	zb	足比	0
𧿝	zx	足兮	0
𧿚	zf	足分	0
𧿙	zy	足元	0
𧿗	zd	足丶	0
𧿕	zh	足化	0
𧿔	zi	足丑	0
𧿌	zq	足七	0
𧿋	zj	足丩	0
𧿆	zs	足巳	0
𧿅	zu	足十	0
𧾾	zj	足几	0
𧾽	zu	足十	0
𧾻	zj	足丩	0
𧾶	zi	走虫	0
𧾵	zj	走矍	0
𧾳	zf	走豐	0
𧾲	zl	走藍	0
𧾱	zq	走瞿	0
𧾰	zy	走翼	0
𧾯	zj	走薊	0
𧾮	zk	走口	0
𧾮	zl	.	0
𧾩	zr	.	0
𧾩	zy	走又	0
𧾨	zx	走憲	0
𧾧	zl	走慮	0
𧾥	zm	走賣	0
𧾤	zy	走憂	0
𧾣	zq	.	0
𧾣	zx	走夐	0
𧾡	zi	走廛	0
𧾠	zx	走叙	0
𧾝	zh	.	0
𧾛	zh	.	0
𧾛	zv	.	0
𧾛	zy	走又	0
𧾚	zy	走與	0
𧾔	zg	走感	0
𧾓	zj	走韭	0
𧾑	zb	.	0
𧾑	zp	走辟	0
𧾐	zj	走敫	0
𧾏	zj	.	0
𧾏	zq	走僉	0
𧾎	zq	.	0
𧾍	zd	走亶	0
𧾊	zd	走登	0
𧾇	zd	走丶	0
𧾆	zm	走萌	0
𧾂	zj	走戟	0
𧾁	zz	.	0
𧽿	zt	走童	0
𧽾	zs	走散	0
𧽽	zl	.	0
𧽽	zx	走小	0
𧽼	zq	.	0
𧽼	zt	走覃	0
𧽻	zj	.	0
𧽻	zy	走矞	0
𧽸	zj	走厥	0
𧽷	zs	走肅	0
𧽶	zw	走爲	0
𧽲	zl	走累	0
𧽫	zg	.	0
𧽫	zo	走日	0
𧽩	zj	走將	0
𧽨	zm	走覓	0
𧽧	zi	走崇	0
𧽦	zd	.	0
𧽦	zg	走古	0
𧽥	zl	走鹿	0
𧽤	zp	走票	0
𧽣	zv	走章	0
𧽢	zv	走專	0
𧽠	zc	走崔	0
𧽟	zq	走雀	0
𧽞	zy	走焉	0
𧽜	zc	走倉	0
𧽚	zy	走袁	0
𧽖	zl	走留	0
𧽔	zy	走又	0
𧽓	zq	走欠	0
𧽓	zx	.	0
𧽒	zi	走臭	0
𧽑	zj	走疾	0
𧽐	zq	走虔	0
𧽏	zs	走叟	0
𧽎	zf	走缶	0
𧽎	zy	.	0
𧽍	zv	走真	0
𧽌	zg	走骨	0
𧽋	zw	走烏	0
𧽊	zq	走豈	0
𧽉	zy	走晏	0
𧽆	zl	走厘	0
𧽅	zm	走木	0
𧽅	zy	.	0
𧽄	zd	走刂	0
𧽄	zj	.	0
𧼿	zy	走約	0
𧼽	zg	走咼	0
𧼼	zr	走若	0
𧼻	zt	走土	0
𧼸	zm	走面	0
𧼷	zq	走泉	0
𧼵	zh	.	0
𧼴	zd	走耑	0
𧼳	zi	.	0
𧼱	zf	走复	0
𧼰	zi	.	0
𧼯	zy	走俞	0
𧼮	zw	走勿	0
𧼮	zy	.	0
𧼭	zs	.	0
𧼭	zy	走又	0
𧼬	zw	走夂	0
𧼬	zz	.	0
𧼫	zw	走胃	0
𧼪	zq	走契	0
𧼩	zv	走重	0
𧼨	zh	走曷	0
𧼤	zd	走到	0
𧼠	zb	走卑	0
𧼟	zm	走陌	0
𧼜	zx	走夕	0
𧼙	zd	走丶	0
𧼙	zi	.	0
𧼘	zq	走奇	0
𧼗	zf	走弗	0
𧼖	lz	林走	0
𧼖	zl	走林	0
𧼕	zc	走刺	0
𧼔	zl	.	0
𧼔	zw	走夂	0
𧼓	zd	走東	0
𧼒	zq	.	0
𧼒	zy	走又	0
𧼑	zh	走或	0
𧼐	zj	.	0
𧼐	zq	走囷	0
𧼏	zx	走弦	0
𧼎	zy	走奄	0
𧼊	zj	走見	0
𧼄	zz	走作	0
𧻿	zd	走豆	0
𧻼	zn	.	0
𧻼	zt	走土	0
𧻺	zk	走狂	0
𧻹	zy	走甬	0
𧻸	zv	走折	0
𧻷	zf	走甫	0
𧻶	zx	走希	0
𧻵	zj	走夾	0
𧻴	zl	走良	0
𧻳	zf	走否	0
𧻲	zl	走里	0
𧻱	zq	走求	0
𧻰	zg	走告	0
𧻧	zi	.	0
𧻤	zq	走全	0
𧻢	zh	走回	0
𧻡	zt	走土	0
𧻝	zv	走支	0
𧻜	zw	走危	0
𧻚	zg	走亘	0
𧻙	zb	走百	0
𧻘	zd	走刀	0
𧻘	zq	.	0
𧻗	zx	走戌	0
𧻖	zv	走舟	0
𧻕	zb	走贝	0
𧻕	zc	.	0
𧻔	zk	走匡	0
𧻓	zb	走并	0
𧻒	zl	走力	0
𧻒	zx	.	0
𧻍	zv	走只	0
𧻅	jz	加走	0
𧻅	zj	走加	0
𧻃	zo	走目	0
𧻁	zq	走丘	0
𧺿	zu	走世	0
𧺾	zb	走半	0
𧺼	zc	走此	0
𧺺	zb	.	0
𧺺	zd	走丶	0
𧺹	zj	走巨	0
𧺸	zh	.	0
𧺸	zk	走口	0
𧺷	zq	走去	0
𧺶	zu	走术	0
𧺶	zv	.	0
𧺵	zu	走水	0
𧺴	zw	走午	0
𧺲	zb	走比	0
𧺰	zd	走歹	0
𧺪	zg	走丐	0
𧺩	zh	走火	0
𧺨	zx	走心	0
𧺧	zc	走廿	0
𧺤	zj	走九	0
𧺣	zc	走从	0
𧺢	zu	走殳	0
𧺡	zu	.	0
𧺠	zv	走止	0
𧺟	zb	走冖	0
𧺟	zy	.	0
𧺝	zo	走日	0
𧺜	zn	走女	0
𧺛	zq	走千	0
𧺗	zi	走亍	0
𧺒	zx	走下	0
𧺐	zg	.	0
𧺏	zy	走也	0
𧺎	zj	走九	0
𧺍	zb	走八	0
𧺊	zb	走匕	0
𧺅	iu	.	0
𧺅	ix	赤覀	0
𧺅	ui	書赤	0
𧹾	iy	赤疑	0
𧹾	yi	疑赤	0
𧹽	ix	赤㬎	0
𧹺	ic	赤毳	0
𧹶	il	赤累	0
𧹴	ii	赤畜	0
𧹳	ir	赤人	0
𧹳	ui	十赤	0
𧹲	iu	赤殳	0
𧹲	ti	土赤	0
𧹮	id	赤段	0
𧹭	if	.	0
𧹭	it	赤田	0
𧹬	it	赤土	0
𧹬	iy	.	0
𧹩	id	赤東	0
𧹨	ix	赤昔	0
𧹨	xi	昔赤	0
𧹣	ih	赤含	0
𧹢	iy	赤因	0
𧹞	ip	赤皮	0
𧹛	iv	赤支	0
𧹗	bh	贝患	0
𧹖	bd	贝典	0
𧹕	bj	贝居	0
𧹓	bi	贝呈	0
𧹑	bw	贝为	0
𧹐	bl	貝羅	0
𧹌	yz	壹資	0
𧹊	by	貝龠	0
𧹈	bd	贔大	0
𧹃	bg	貝貢	0
𧹃	gg	貢貢	0
𧹁	bh	貝虎	0
𧹁	wb	武貝	0
𧸿	bx	貝寫	0
𧸽	by	貝遺	0
𧸴	bl	貝寮	0
𧸲	bv	貝質	0
𧸮	bw	貝微	0
𧸫	yg	員衮	0
𧸪	bt	貝土	0
𧸨	bf	貝方	0
𧸧	by	貝與	0
𧸧	yb	與貝	0
𧸦	bj	貝監	0
𧸤	bh	貝會	0
𧸙	bs	貝遂	0
𧸘	bj	.	0
𧸘	bq	貝僉	0
𧸗	bs	貝歲	0
𧸖	bl	貝廉	0
𧸕	bl	貝兩	0
𧸍	bi	貝舛	0
𧸈	bb	必賓	0
𧸅	bb	.	0
𧸅	bv	貝黹	0
𧸂	bg	貝敢	0
𧷿	bd	貝都	0
𧷾	bj	.	0
𧷾	by	貝矞	0
𧷶	bg	貝古	0
𧷳	bl	貝累	0
𧷱	bm	貝木	0
𧷱	gm	貢木	0
𧷬	bj	貝眷	0
𧷧	bb	卜貝	0
𧷧	by	貝又	0
𧷦	bm	貝密	0
𧷥	bt	.	0
𧷥	bu	貝殳	0
𧷥	zb	足貝	0
𧷡	bl	貝婁	0
𧷟	fb	分賓	0
𧷛	bg	貝鬼	0
𧷙	bu	貝殳	0
𧷙	ib	臣貝	0
𧷒	bv	貝真	0
𧷑	bi	.	0
𧷑	bu	貝氏	0
𧷑	ib	虫貝	0
𧷐	fb	分賁	0
𧷐	fp	.	0
𧷎	bu	貝圣	0
𧷋	by	貝要	0
𧷋	yb	要貝	0
𧷅	by	.	0
𧷅	kg	冂貴	0
𧷃	bd	貝段	0
𧷁	rb	睿八	0
𧶺	bt	貝亭	0
𧶸	bv	貝貞	0
𧶷	vz	正責	0
𧶶	mf	買反	0
𧶵	bi	.	0
𧶵	bj	貝臼	0
𧶲	bd	貝耑	0
𧶨	bh	貝灬	0
𧶦	bc	貝从	0
𧶦	hb	火貝	0
𧶥	bj	貝井	0
𧶡	bf	.	0
𧶠	bs	貝四	0
𧶠	bu	.	0
𧶠	ub	士貝	0
𧶙	bf	北負	0
𧶗	bh	貝含	0
𧶖	bx	貝希	0
𧶕	bw	貝我	0
𧶔	bi	貝呈	0
𧶍	bh	貝或	0
𧶊	yy	員云	0
𧶇	bv	貝折	0
𧶆	bl	貝吝	0
𧶄	bv	貝争	0
𧵼	bv	貝至	0
𧵼	vb	至貝	0
𧵻	bu	貝式	0
𧵳	bu	貝舌	0
𧵱	bl	.	0
𧵱	bs	貝厶	0
𧵱	sb	厶貝	0
𧵭	bj	.	0
𧵭	bk	貝开	0
𧵭	kb	开貝	0
𧵬	bp	.	0
𧵨	ba	貝安	0
𧵧	bs	貝厶	0
𧵤	bu	貝守	0
𧵣	bx	貝旬	0
𧵢	bb	貝包	0
𧵡	bc	貝册	0
𧵠	bi	貝出	0
𧵠	ib	出貝	0
𧵞	bj	貝九	0
𧵞	bk	.	0
𧵞	kb	口貝	0
𧵛	bk	貝可	0
𧵗	bt	貝田	0
𧵗	tb	田貝	0
𧵓	bv	貝召	0
𧵑	bg	貝古	0
𧵎	bg	貝古	0
𧵎	gb	古貝	0
𧵌	by	貝央	0
𧵋	bu	貝示	0
𧵊	bg	貝甘	0
𧵈	bg	貝勾	0
𧵃	bu	貝手	0
𧵂	bo	貝月	0
𧴻	bw	貝文	0
𧴻	wb	文貝	0
𧴺	by	貝幺	0
𧴸	by	.	0
𧴲	bi	.	0
𧴭	bp	.	0
𧴬	br	貝刃	0
𧴪	db	丶貝	0
𧴥	bl	貝力	0
𧴥	lb	力貝	0
𧴤	bb	貝卜	0
𧴣	vy	豸嚴	0
𧴢	vq	豸且	0
𧴢	vy	.	0
𧴠	vl	豸歷	0
𧴜	vm	豸木	0
𧴚	vh	豸會	0
𧴙	vs	.	0
𧴗	vy	豸雍	0
𧴖	vs	豸歲	0
𧴕	vr	.	0
𧴓	ve	豸而	0
𧴎	vs	.	0
𧴎	vv	豸止	0
𧴌	vf	豸夫	0
𧴌	vp	.	0
𧴊	vh	豸患	0
𧴉	vd	豸弟	0
𧴇	vy	.	0
𧴅	vu	豸爽	0
𧴄	vy	豸庸	0
𧴃	vv	豸斬	0
𧴂	vf	豸逢	0
𧴁	vi	.	0
𧳿	vg	豸乚	0
𧳽	vl	豸留	0
𧳼	vd	豸弟	0
𧳻	vi	豸虫	0
𧳹	vi	豸芻	0
𧳸	vg	豸骨	0
𧳶	vs	豸叟	0
𧳮	vv	豸重	0
𧳭	vy	豸爰	0
𧳬	vm	豸眉	0
𧳫	vq	豸酋	0
𧳪	vw	豸胃	0
𧳩	vh	.	0
𧳩	vt	豸彖	0
𧳨	vr	豸柔	0
𧳧	vj	豸皆	0
𧳦	vn	.	0
𧳣	vd	豸東	0
𧳠	vb	豸畀	0
𧳟	vl	豸來	0
𧳞	vv	豸隹	0
𧳝	vv	豸卓	0
𧳜	vv	豸周	0
𧳛	vq	豸妾	0
𧳚	vz	豸卒	0
𧳙	vd	.	0
𧳙	vl	豸隶	0
𧳕	vl	豸来	0
𧳐	vx	豸希	0
𧳏	vf	豸否	0
𧳎	vw	豸吾	0
𧳍	vx	豸肖	0
𧳌	vt	豸秃	0
𧳉	vb	豸并	0
𧳈	vj	豸臼	0
𧳆	vt	豸同	0
𧳅	vl	豸吏	0
𧳄	vx	豸囟	0
𧳂	vf	豸伏	0
𧳁	vd	豸多	0
𧳀	vu	豸山	0
𧲿	vh	豸后	0
𧲽	vj	豸巨	0
𧲻	vv	豸只	0
𧲺	vp	豸平	0
𧲵	vk	.	0
𧲵	vu	豸圣	0
𧲴	vd	豸冬	0
𧲱	vy	豸央	0
𧲰	vq	豸丘	0
𧲯	vb	.	0
𧲯	vd	豸丶	0
𧲮	vv	豸乍	0
𧲭	vz	豸左	0
𧲨	vj	.	0
𧲨	vk	豸开	0
𧲧	vb	豸巴	0
𧲦	vy	豸元	0
𧲥	vo	豸日	0
𧲤	vn	豸牛	0
𧲢	vq	豸七	0
𧲢	vv	.	0
𧲡	vl	豸力	0
𧲠	vg	豸乚	0
𧲟	ui	豕虫	0
𧲝	wt	衛豚	0
𧲜	bx	.	0
𧲜	px	辟象	0
𧲙	uk	豕口	0
𧲙	ul	.	0
𧲘	ux	豕戲	0
𧲗	uo	豕月	0
𧲖	ul	豕龍	0
𧲒	ua	豕丨	0
𧲐	ub	豕暴	0
𧲍	um	豕夢	0
𧲌	uj	.	0
𧲋	uj	.	0
𧲋	uu	豕豕	0
𧲈	uo	豕月	0
𧲈	us	.	0
𧲇	tu	土豕	0
𧲇	uh	.	0
𧲇	uu	豕殳	0
𧲅	uc	豕曾	0
𧲄	uw	豕爲	0
𧲃	um	豕閔	0
𧲂	ui	豕舛	0
𧲂	ul	.	0
𧲀	uq	豕牽	0
𧱾	bq	.	0
𧱾	qu	犬豕	0
𧱾	uq	豕犬	0
𧱼	um	.	0
𧱼	ur	豕入	0
𧱻	um	豕覓	0
𧱹	uc	豕寸	0
𧱹	uf	.	0
𧱵	ut	豕唐	0
𧱴	um	豕冥	0
𧱳	uu	豕舌	0
𧱳	wu	亠舌	0
𧱳	yu	.	0
𧱲	uq	豕氣	0
𧱰	up	豕攴	0
𧱰	uw	.	0
𧱬	uy	豕俞	0
𧱫	uo	豕月	0
𧱪	uz	豕奏	0
𧱩	ub	豕便	0
𧱦	am	丆尨	0
𧱢	ul	豕令	0
𧱡	uk	豕空	0
𧱝	uv	豕叕	0
𧱜	ul	豕侖	0
𧱘	uj	豕介	0
𧱘	wj	亠介	0
𧱘	yj	.	0
𧱓	um	豕尨	0
𧱒	uv	.	0
𧱐	ux	豕孝	0
𧱏	ux	豕辛	0
𧱏	xu	辛豕	0
𧱊	uy	豕又	0
𧱆	ue	豕二	0
𧱅	uy	豕夷	0
𧱄	ku	口豕	0
𧱄	uk	豕口	0
𧱄	ul	.	0
𧱁	ut	豕同	0
𧱀	ux	豕先	0
𧰿	ua	豕艾	0
𧰻	ul	豕令	0
𧰹	ui	豕出	0
𧰷	um	豕母	0
𧰵	iu	.	0
𧰴	ug	豕勾	0
𧰲	ju	彑豕	0
𧰲	uj	豕彑	0
𧰱	um	.	0
𧰰	uy	豕尤	0
𧰯	ug	.	0
𧰯	us	豕厶	0
𧰮	ou	日豕	0
𧰫	uj	豕久	0
𧰪	gu	干豕	0
𧰪	ug	豕干	0
𧰩	ud	豕丁	0
𧰣	dx	豆薰	0
𧰣	jx	吉薰	0
𧰣	vx	.	0
𧰢	di	豆舛	0
𧰢	qi	曲舛	0
𧰡	vl	.	0
𧰠	vl	.	0
𧰙	qj	豈幾	0
𧰘	dt	豆覃	0
𧰘	jt	吉覃	0
𧰘	vq	.	0
𧰓	du	豆十	0
𧰓	ey	.	0
𧰒	dg	豆國	0
𧰒	jg	吉國	0
𧰒	vg	.	0
𧰊	dv	豆真	0
𧰊	jv	吉真	0
𧰊	vv	.	0
𧰈	dw	豆務	0
𧰈	wd	務豆	0
𧰇	dy	豆臾	0
𧰇	jy	吉臾	0
𧰇	vy	.	0
𧰆	db	豆畢	0
𧰄	xq	享豈	0
𧰃	dl	豆婁	0
𧯾	dd	豆東	0
𧯾	jd	吉東	0
𧯾	vd	.	0
𧯽	df	豆丰	0
𧯽	kd	凵豆	0
𧯼	dv	豆周	0
𧯼	jv	吉周	0
𧯼	vv	.	0
𧯺	jq	交豈	0
𧯴	dl	豆林	0
𧯴	ld	林豆	0
𧯲	dl	豆來	0
𧯱	dh	豆或	0
𧯰	dd	.	0
𧯰	dj	豆臼	0
𧯯	dq	豆其	0
𧯫	dd	登丁	0
𧯪	dd	豆弟	0
𧯩	dz	豆足	0
𧯨	dd	豆多	0
𧯦	de	豆二	0
𧯦	hd	火豆	0
𧯥	du	豆十	0
𧯥	dz	.	0
𧯥	gd	戈豆	0
𧯤	dv	豆乍	0
𧯡	dy	.	0
𧯡	xd	夕豆	0
𧯠	dj	豆句	0
𧯟	df	豆夫	0
𧯟	fd	夫豆	0
𧯞	dj	豆斤	0
𧯘	gk	.	0
𧯗	gx	谷奚	0
𧯖	gr	谷睿	0
𧯕	gr	谷睿	0
𧯒	gc	谷曾	0
𧯏	gh	谷禾	0
𧯏	gl	.	0
𧯏	ig	厂谷	0
𧯍	gl	谷勞	0
𧯌	gg	.	0
𧯋	gx	.	0
𧯉	gr	谷容	0
𧯆	gh	谷害	0
𧯃	gx	谷咸	0
𧯀	gy	谷英	0
𧮿	gu	谷舍	0
𧮽	gh	谷虎	0
𧮼	gk	谷冂	0
𧮼	gx	.	0
𧮼	wg	亠谷	0
𧮻	gv	谷周	0
𧮺	gj	谷戔	0
𧮶	gh	谷后	0
𧮵	gh	谷合	0
𧮴	gg	谷古	0
𧮳	gg	谷甘	0
𧮱	gf	谷分	0
𧮰	gj	谷今	0
𧮮	gq	谷千	0
𧮬	gu	谷十	0
𧮬	gx	.	0
𧮫	bk	.	0
𧮫	kr	口人	0
𧮫	rk	人口	0
𧮪	yv	言占	0
𧮤	yl	言覽	0
𧮡	yd	言竇	0
𧮠	yn	.	0
𧮠	yx	言香	0
𧮞	yj	言矍	0
𧮝	yb	言瀕	0
𧮛	yl	言離	0
𧮙	yu	言殳	0
𧮙	yy	业言	0
𧮗	tx	.	0
𧮗	yx	言心	0
𧮖	yg	言共	0
𧮕	yi	言闖	0
𧮓	yt	言魋	0
𧮒	yy	言醫	0
𧮑	yd	言闒	0
𧮑	yt	.	0
𧮍	ya	.	0
𧮍	yy	言音	0
𧮌	sb	糸包	0
𧮌	yb	言包	0
𧮋	ya	言丨	0
𧮈	yj	言蹇	0
𧮇	ym	言邁	0
𧮆	yy	言嬰	0
𧮁	yy	言又	0
𧭾	yg	.	0
𧭽	yz	言訾	0
𧭼	yq	言親	0
𧭻	xy	諴言	0
𧭻	yx	言諴	0
𧭹	py	頻言	0
𧭹	yp	言頻	0
𧭸	yj	言韭	0
𧭵	ym	言魅	0
𧭳	ky	可言	0
𧭳	yk	言可	0
𧭱	yq	言遷	0
𧭰	yg	言廣	0
𧭮	yf	言方	0
𧭪	ya	言丨	0
𧭦	yx	.	0
𧭥	yl	言樂	0
𧭤	yb	言暴	0
𧭣	yg	言虢	0
𧭠	yx	言寫	0
𧭟	yi	言遲	0
𧭞	yl	.	0
𧭝	yc	言蔡	0
𧭜	yl	言慮	0
𧭚	yd	言兑	0
𧭚	yu	.	0
𧭔	vy	舟言	0
𧭓	yy	言熒	0
𧭏	yt	言臺	0
𧭎	yp	言僕	0
𧭍	yj	言聚	0
𧭌	yl	.	0
𧭊	ym	言蒙	0
𧭈	yn	言寧	0
𧭃	bv	.	0
𧭃	fv	夫詹	0
𧭃	yb	言八	0
𧬾	wy	亠言	0
𧬾	yk	言口	0
𧬻	yd	言達	0
𧬷	yu	言豕	0
𧬱	ye	.	0
𧬱	yk	言可	0
𧬰	xy	鄉言	0
𧬰	yx	言鄉	0
𧬮	yd	言大	0
𧬬	yy	言業	0
𧬫	yj	言煎	0
𧬪	yy	言運	0
𧬩	yj	言韭	0
𧬩	yz	.	0
𧬨	ys	言歲	0
𧬧	yk	言葵	0
𧬦	vv	諍争	0
𧬤	yt	言童	0
𧬞	yy	言雲	0
𧬛	yx	言象	0
𧬕	yg	言辜	0
𧬏	ym	言莽	0
𧬌	yk	言凵	0
𧬌	yn	.	0
𧬌	yy	.	0
𧬋	yf	言發	0
𧬊	sy	斯言	0
𧬊	ys	言斯	0
𧬈	yh	.	0
𧬈	yx	言翕	0
𧬇	yy	言壹	0
𧬆	yu	言善	0
𧬅	yt	言屠	0
𧬂	yh	言賀	0
𧬁	yg	.	0
𧫿	yx	言尋	0
𧫾	yj	言就	0
𧫹	vl	詹令	0
𧫵	yh	言卉	0
𧫱	yv	言章	0
𧫬	wy	未言	0
𧫬	yi	言厂	0
𧫧	yy	言酉	0
𧫦	yy	医言	0
𧫥	ya	言庵	0
𧫤	yb	言畢	0
𧫢	yw	言望	0
𧫡	yv	言窒	0
𧫠	yj	言基	0
𧫞	yl	.	0
𧫞	yy	言雨	0
𧫝	yw	言夂	0
𧫜	jy	既言	0
𧫜	yj	言既	0
𧫛	yy	言羕	0
𧫚	yd	言帶	0
𧫗	yu	言爽	0
𧫕	yj	言祭	0
𧫓	yd	言丶	0
𧫓	yl	.	0
𧫑	yj	言笈	0
𧫊	yy	言彧	0
𧫇	yb	言貝	0
𧫁	yy	言袁	0
𧪹	yz	言宰	0
𧪯	yq	.	0
𧪮	yf	.	0
𧪮	yk	言夸	0
𧪬	ys	言糸	0
𧪫	yb	言比	0
𧪫	yp	.	0
𧪪	ya	言盎	0
𧪨	ym	言馬	0
𧪦	yt	.	0
𧪦	yy	言羽	0
𧪣	yv	言烝	0
𧪢	yq	言氣	0
𧪡	yq	言耆	0
𧪠	yj	言疾	0
𧪞	yg	.	0
𧪞	yh	言盍	0
𧪝	yi	言乘	0
𧪚	yq	言豈	0
𧪘	yi	言差	0
𧪕	yj	言叚	0
𧪓	yo	.	0
𧪓	yy	言禺	0
𧪒	yq	言泉	0
𧪑	yx	言香	0
𧪎	ys	言虽	0
𧪌	yb	言卜	0
𧪊	yd	言点	0
𧪉	yy	言衣	0
𧪈	yq	言前	0
𧪇	yd	言耷	0
𧪅	yn	言怒	0
𧩼	yv	言致	0
𧩹	yu	言施	0
𧩸	yy	言弇	0
𧩶	yq	言契	0
𧩴	ym	言木	0
𧩲	yl	言剌	0
𧩱	yp	言屏	0
𧩰	yv	言之	0
𧩬	yy	言頁	0
𧩫	yi	.	0
𧩫	yv	言奓	0
𧩪	yc	.	0
𧩪	yx	言心	0
𧩨	yh	言侯	0
𧩧	yd	言度	0
𧩦	yj	言亟	0
𧩣	yn	.	0
𧩣	yx	言囟	0
𧩗	yy	言尢	0
𧩓	yh	言忽	0
𧩒	ym	言母	0
𧩍	yg	言夬	0
𧩌	ym	言孟	0
𧩊	yk	言亏	0
𧩈	yl	言戾	0
𧩅	yw	言夂	0
𧩃	yx	.	0
𧩃	yy	言爻	0
𧨿	yb	言白	0
𧨾	ym	言木	0
𧨹	yl	言录	0
𧨸	yd	言典	0
𧨷	yk	言肯	0
𧨵	yf	言缶	0
𧨵	yk	.	0
𧨴	yu	言事	0
𧨳	yv	言卓	0
𧨲	uy	尚言	0
𧨲	yu	言尚	0
𧨱	yd	言底	0
𧨰	yv	言制	0
𧨩	yt	言忝	0
𧨧	ye	.	0
𧨤	yt	言土	0
𧨡	yj	言君	0
𧨟	yy	言言	0
𧨘	yx	言形	0
𧨗	yh	言火	0
𧨗	yi	.	0
𧨖	yj	言角	0
𧨕	ym	言免	0
𧨍	ry	亻言	0
𧨍	yv	言只	0
𧨋	yv	言正	0
𧨊	yv	言乍	0
𧨈	wy	巫言	0
𧨈	yw	言巫	0
𧨆	yl	.	0
𧨄	yk	言亏	0
𧨂	yh	言何	0
𧨀	yz	言坐	0
𧧾	yb	言貝	0
𧧻	yz	言作	0
𧧺	yb	言坒	0
𧧹	yr	.	0
𧧸	yb	言别	0
𧧶	yy	言余	0
𧧵	yr	言入	0
𧧵	yu	.	0
𧧬	gy	戈言	0
𧧬	yu	言十	0
𧧩	yy	言亦	0
𧧨	yd	言朵	0
𧧦	yx	言向	0
𧧢	ye	言儿	0
𧧠	yy	.	0
𧧟	yu	言十	0
𧧟	yz	.	0
𧧝	yy	言牙	0
𧧜	yw	言网	0
𧧕	yz	言字	0
𧧔	yv	言舟	0
𧧓	yx	言血	0
𧧒	yb	言贝	0
𧧒	yc	.	0
𧧏	ry	如言	0
𧧏	yr	言如	0
𧧋	yl	言列	0
𧧊	yv	言卮	0
𧧉	yd	.	0
𧧉	yq	言七	0
𧧇	yd	言朵	0
𧧆	yd	.	0
𧧅	yl	言吏	0
𧧄	yw	言妄	0
𧦹	yb	言本	0
𧦸	gy	干言	0
𧦸	yg	.	0
𧦸	yk	言冂	0
𧦷	yx	言匈	0
𧦵	yt	言田	0
𧦲	jy	加言	0
𧦲	yj	言加	0
𧦱	xy	穴言	0
𧦱	yx	言穴	0
𧦭	yt	言他	0
𧦧	yt	.	0
𧦤	yj	言加	0
𧦟	yf	言乏	0
𧦞	yb	言布	0
𧦝	yh	言乎	0
𧦚	yh	.	0
𧦑	yk	言亢	0
𧦎	yk	言口	0
𧦌	yu	言手	0
𧦃	yy	言予	0
𧥿	yu	言水	0
𧥼	yy	言云	0
𧥺	yy	言匀	0
𧥹	yf	言丰	0
𧥸	yn	言牛	0
𧥷	yq	言气	0
𧥵	yo	言日	0
𧥴	ya	言卬	0
𧥲	wy	勿言	0
𧥲	yw	言勿	0
𧥱	yf	言夫	0
𧥯	yh	.	0
𧥮	yh	言互	0
𧥦	yy	.	0
𧥤	yu	言尸	0
𧥣	yk	言口	0
𧥟	yg	.	0
𧥞	ya	言丨	0
𧥞	yu	.	0
𧥜	wk	亠凵	0
𧥛	wk	亠冂	0
𧥖	jl	角麗	0
𧥓	ji	.	0
𧥓	jt	角兔	0
𧥎	jx	.	0
𧥍	jb	.	0
𧥍	jh	角灬	0
𧥌	jg	角廣	0
𧥋	jd	角翟	0
𧥋	jv	.	0
𧥊	jd	.	0
𧥊	jq	角欠	0
𧥈	jj	角監	0
𧥄	jj	角戢	0
𧤽	jx	角閒	0
𧤼	jj	角厥	0
𧤵	jj	角堅	0
𧤴	kj	.	0
𧤯	jg	角國	0
𧤮	jy	角右	0
𧤨	jy	角晏	0
𧤣	jc	角草	0
𧤡	jv	角致	0
𧤠	jj	角桀	0
𧤟	jq	角氣	0
𧤜	jg	角鬲	0
𧤛	jq	角秦	0
𧤙	jq	角秋	0
𧤙	qj	秋角	0
𧤗	jd	角耑	0
𧤖	jw	角畏	0
𧤕	jq	角酋	0
𧤓	jo	角月	0
𧤒	jg	角革	0
𧤑	jd	角大	0
𧤑	jj	臼角	0
𧤐	jg	角咼	0
𧤏	je	角耳	0
𧤏	jj	.	0
𧤎	jx	角宣	0
𧤍	jd	角帝	0
𧤃	jb	角畀	0
𧣾	jh	角虎	0
𧣼	jh	角或	0
𧣻	jj	角居	0
𧣺	jv	角卓	0
𧣹	jy	角炎	0
𧣸	jv	角叕	0
𧣷	jv	角周	0
𧣵	jl	角侖	0
𧣴	jj	角戔	0
𧣭	jv	角豸	0
𧣬	jq	角且	0
𧣬	jy	.	0
𧣪	jx	角肖	0
𧣩	jx	角希	0
𧣦	jj	角交	0
𧣤	jb	角匕	0
𧣤	jy	.	0
𧣣	jd	角多	0
𧣢	jg	角艮	0
𧣡	dj	多角	0
𧣡	jd	角多	0
𧣟	jt	.	0
𧣝	jv	角乍	0
𧣛	js	角四	0
𧣚	jd	角冫	0
𧣖	jt	角它	0
𧣕	jq	角囚	0
𧣒	jj	角巨	0
𧣑	jg	角甘	0
𧣌	hj	火角	0
𧣌	jh	.	0
𧣋	jj	角介	0
𧣇	ju	角殳	0
𧣆	jv	角止	0
𧣆	vj	止角	0
𧣅	bj	比角	0
𧣅	jb	角比	0
𧣃	jb	角巴	0
𧣁	jb	角冖	0
𧣁	jy	.	0
𧢾	jj	.	0
𧢽	jh	角化	0
𧢼	jp	角爿	0
𧢼	pj	爿角	0
𧢹	jj	角巾	0
𧢶	jh	.	0
𧢵	jk	.	0
𧢰	cj	艹見	0
𧢰	jg	.	0
𧢭	jj	見矍	0
𧢬	jj	見見	0
𧢬	yj	堯見	0
𧢬	yy	.	0
𧢩	qj	瞿見	0
𧢧	cj	崔見	0
𧢧	jj	見冏	0
𧢧	js	.	0
𧢦	gj	歸見	0
𧢦	jg	見歸	0
𧢢	jy	見龠	0
𧢢	yj	龠見	0
𧢠	jw	見攵	0
𧢞	jj	肩見	0
𧢞	jy	.	0
𧢝	jl	見厲	0
𧢝	lj	厲見	0
𧢜	fj	樊見	0
𧢜	jf	見樊	0
𧢛	oj	目几	0
𧢖	cj	艹見	0
𧢖	jc	.	0
𧢖	jm	見弥	0
𧢒	jw	見微	0
𧢐	cj	曾見	0
𧢐	jc	見曾	0
𧢍	bj	敝見	0
𧢍	jb	見敝	0
𧢌	jg	.	0
𧢋	jl	.	0
𧢋	yj	羽見	0
𧢉	jv	見隹	0
𧢆	ji	見舂	0
𧢃	jl	見婁	0
𧢂	ju	見殳	0
𧢂	jy	.	0
𧢂	yj	医見	0
𧢀	jl	見栗	0
𧢀	lj	栗見	0
𧡼	ij	臣見	0
𧡼	jh	見火	0
𧡼	ji	.	0
𧡺	jq	見耆	0
𧡺	qj	耆見	0
𧡹	jy	.	0
𧡸	jd	.	0
𧡸	jy	.	0
𧡶	jx	見星	0
𧡶	xj	星見	0
𧡵	dj	耷見	0
𧡵	jd	見耷	0
𧡴	jj	柬見	0
𧡯	oj	月見	0
𧡮	jx	見相	0
𧡮	xj	相見	0
𧡬	ji	.	0
𧡬	vj	舟見	0
𧡫	gj	癸見	0
𧡫	jg	見癸	0
𧡪	ju	見甚	0
𧡪	uj	甚見	0
𧡩	jy	見爰	0
𧡨	ju	見是	0
𧡦	jc	見廾	0
𧡤	bj	扁見	0
𧡤	jb	見扁	0
𧡣	jq	見秋	0
𧡣	qj	秋見	0
𧡢	jx	見宣	0
𧡢	xj	宣見	0
𧡡	jj	見軍	0
𧡜	jm	見明	0
𧡜	mj	明見	0
𧡚	jv	見直	0
𧡚	vj	直見	0
𧡙	gj	.	0
𧡘	ju	見示	0
𧡘	uj	士見	0
𧡑	bj	卜見	0
𧡑	jb	見匕	0
𧡏	jv	見叕	0
𧡏	vj	叕見	0
𧡍	dj	東見	0
𧡍	jd	見東	0
𧡋	ij	厂見	0
𧡋	jg	見圭	0
𧡋	jy	.	0
𧡉	jd	見丶	0
𧡈	ij	呈見	0
𧡈	ji	見呈	0
𧡇	jn	見男	0
𧠾	fj	孚見	0
𧠾	jf	見孚	0
𧠽	bj	宀見	0
𧠽	jy	見夭	0
𧠼	gj	告見	0
𧠼	jg	見告	0
𧠶	jy	見有	0
𧠶	yj	有見	0
𧠴	js	見寺	0
𧠳	jb	見冖	0
𧠲	hj	回見	0
𧠲	jh	見回	0
𧠰	je	見儿	0
𧠰	wj	亡見	0
𧠯	jj	見吉	0
𧠫	jv	見至	0
𧠫	vj	至見	0
𧠪	ju	.	0
𧠪	jx	見小	0
𧠪	uj	上見	0
𧠩	gj	共見	0
𧠩	jg	見共	0
𧠦	jo	見目	0
𧠣	jp	見疋	0
𧠣	pj	疋見	0
𧠢	jq	見且	0
𧠡	jt	.	0
𧠡	jy	見也	0
𧠡	rj	𠂉見	0
𧠟	dj	氐見	0
𧠟	jd	見氐	0
𧠞	hj	户見	0
𧠞	jy	見乙	0
𧠝	jv	.	0
𧠜	jt	見台	0
𧠜	tj	台見	0
𧠛	jv	見止	0
𧠛	vj	止見	0
𧠚	fj	分見	0
𧠚	jf	見分	0
𧠓	jr	見人	0
𧠓	kj	冂見	0
𧠒	jr	見壬	0
𧠒	rj	壬見	0
𧠎	ju	.	0
𧠋	jc	見廾	0
𧠊	jm	.	0
𧠊	jy	.	0
𧠊	kj	冂見	0
𧠈	jy	見又	0
𧠈	yj	又見	0
𧠆	ze	自儿	0
𧠆	zr	.	0
𧠂	xw	覀攵	0
𧠁	xh	西華	0
𧟼	xg	覀圭	0
𧟼	yg	.	0
𧟷	fx	丰西	0
𧟷	xf	西丰	0
𧟵	xf	覀服	0
𧟱	xf	覀服	0
𧟱	yf	.	0
𧟮	xe	覀二	0
𧟬	xq	覀丘	0
𧟨	xu	覀升	0
𧟨	yu	.	0
𧟣	yj	.	0
𧟠	xy	.	0
𧟠	ya	.	0
𧟙	yl	衤靈	0
𧟘	yn	衤囊	0
𧟑	yj	.	0
𧟌	yl	衤羅	0
𧟇	yy	衤龠	0
𧟄	yx	衤襄	0
𧟃	yj	衤冏	0
𧟃	ys	.	0
𧞺	ty	土衣	0
𧞺	yu	衣殳	0
𧞹	ty	土衣	0
𧞹	yu	衣殳	0
𧞸	yy	衤遺	0
𧞶	yd	衤篤	0
𧞵	yl	衤厲	0
𧞲	yh	.	0
𧞰	xq	.	0
𧞰	yq	.	0
𧞭	yl	.	0
𧞭	yt	衤田	0
𧞬	yj	衤韭	0
𧞬	yq	.	0
𧞫	yu	衤豎	0
𧞪	yl	.	0
𧞤	yy	衤又	0
𧞣	yy	衤厭	0
𧞡	ny	女衣	0
𧞡	yn	衣鳥	0
𧞞	yx	衤熊	0
𧞘	ye	衤二	0
𧞗	yj	衣斤	0
𧞕	ey	而衣	0
𧞕	yl	.	0
𧞕	yw	衣瓦	0
𧞓	yq	衤齊	0
𧞒	ty	土衣	0
𧞒	yg	.	0
𧞒	yu	衣殳	0
𧞑	ym	衤蒙	0
𧞐	yj	衣斤	0
𧞐	yv	.	0
𧞏	yy	衤與	0
𧞍	yi	衤察	0
𧞈	ny	暖衣	0
𧞈	yn	衣暖	0
𧞆	yx	衤詳	0
𧞅	yd	衤達	0
𧞁	yj	衤韭	0
𧞀	yu	.	0
𧝸	yy	衤雍	0
𧝷	yh	衣毁	0
𧝳	yj	衤敫	0
𧝲	yj	.	0
𧝲	yu	衤豕	0
𧝮	yx	衤心	0
𧝬	by	敝衣	0
𧝬	yb	衣敝	0
𧝫	yj	衤巾	0
𧝪	yj	.	0
𧝤	ys	衤斯	0
𧝠	ys	衤散	0
𧝜	yl	.	0
𧝜	yx	衤小	0
𧝘	yp	衤裒	0
𧝘	yy	.	0
𧝗	dy	敦衣	0
𧝗	yd	衣敦	0
𧝕	yw	衣圍	0
𧝔	yx	衤虚	0
𧝓	yt	衤覃	0
𧝒	yh	衤黄	0
𧝑	yg	衣工	0
𧝐	yi	衤啻	0
𧝎	yt	衤童	0
𧝋	yd	衤敦	0
𧝊	yi	.	0
𧝊	yo	衤日	0
𧝉	yv	衤黹	0
𧝇	yf	衤費	0
𧝆	yc	.	0
𧝆	yo	衤日	0
𧝃	yj	.	0
𧝃	yy	衤矞	0
𧝂	yh	衤賀	0
𧝁	yy	衤羽	0
𧜽	yx	衤旋	0
𧜼	ty	土衣	0
𧜼	yw	衣丸	0
𧜵	yd	衤帶	0
𧜲	yo	衤月	0
𧜱	yq	衤娶	0
𧜨	yp	衤逄	0
𧜧	yi	衤舂	0
𧜦	ys	衤速	0
𧜤	yu	衣殳	0
𧜤	yy	医衣	0
𧜣	yn	衤鳥	0
𧜡	yh	.	0
𧜠	yl	衤率	0
𧜞	ym	衤曼	0
𧜝	yu	衤氺	0
𧜛	yl	衤郎	0
𧜚	qy	氣衣	0
𧜚	yq	衣氣	0
𧜔	yx	衤屑	0
𧜊	yo	衣日	0
𧜉	gy	高衣	0
𧜉	yg	衣高	0
𧜅	yh	衤害	0
𧜃	yq	衤氣	0
𧜂	yu	衤師	0
𧜁	yu	衤殺	0
𧛾	yg	.	0
𧛾	yh	衤盍	0
𧛼	yu	衤射	0
𧛻	ys	衤索	0
𧛺	yx	衤辛	0
𧛹	yw	衤翁	0
𧛸	yi	衤芻	0
𧛭	yr	衤若	0
𧛧	kd	口多	0
𧛧	ki	.	0
𧛢	yv	衤致	0
𧛡	yx	衤咸	0
𧛟	yx	衤星	0
𧛞	yh	衤胡	0
𧛚	yw	衤畏	0
𧛗	yt	衤突	0
𧛔	yd	衤毒	0
𧛒	yd	衤大	0
𧛏	yz	衤兹	0
𧛇	yi	衤長	0
𧛀	ly	林衣	0
𧛀	yl	衣林	0
𧚷	ye	衤儿	0
𧚯	yu	衤受	0
𧚭	yb	衤并	0
𧚬	yk	衤空	0
𧚫	yq	衤青	0
𧚪	yq	衤妾	0
𧚩	hy	禾衣	0
𧚩	yl	.	0
𧚨	yj	.	0
𧚨	yy	.	0
𧚥	yq	衤取	0
𧚡	yw	衣王	0
𧚙	yz	衤作	0
𧚘	yx	衤秀	0
𧚔	yy	衤甬	0
𧚐	uy	十衣	0
𧚐	yb	衣冖	0
𧚏	yu	衤束	0
𧚋	yf	衤丰	0
𧚉	yj	.	0
𧚉	yw	衤夂	0
𧚇	ym	衤免	0
𧚆	yb	衤孛	0
𧚅	yl	衤良	0
𧚄	yw	衤我	0
𧚃	yx	衤系	0
𧚂	yn	衤弄	0
𧚁	yw	衤完	0
𧚀	ym	衤每	0
𧙾	yr	.	0
𧙺	yh	衤后	0
𧙸	yg	衤亙	0
𧙶	yy	衣宇	0
𧙳	hy	合衣	0
𧙳	yh	衣合	0
𧙭	gy	弓衣	0
𧙭	yg	衣弓	0
𧙭	yj	.	0
𧙬	wy	亠衣	0
𧙬	ya	衣丨	0
𧙧	yj	.	0
𧙧	yk	衤开	0
𧙥	yt	衤同	0
𧙤	yd	衤朵	0
𧙣	yy	衤夷	0
𧙡	yy	衤亦	0
𧙞	yb	衤贝	0
𧙞	yc	.	0
𧙝	yi	衤斥	0
𧙛	yb	衤布	0
𧙖	yg	衤古	0
𧙕	yw	衤未	0
𧙔	yu	衤圣	0
𧙏	yy	衣由	0
𧙌	yb	衣包	0
𧙋	yv	衤只	0
𧙉	yi	衣出	0
𧙈	ys	衤司	0
𧙇	yj	衤几	0
𧙇	yr	.	0
𧙆	yg	衤瓜	0
𧙅	yp	衤叵	0
𧙄	yb	衤本	0
𧙃	yk	衣可	0
𧙁	cy	此衣	0
𧙁	yc	衣此	0
𧙀	yl	衤立	0
𧘿	yv	衤正	0
𧘽	ny	奴衣	0
𧘽	yn	衣奴	0
𧘹	yt	衤太	0
𧘸	yt	衤屯	0
𧘱	yb	衤比	0
𧘪	yy	衤牙	0
𧘩	fy	方衣	0
𧘩	yf	衣方	0
𧘨	yg	衣弓	0
𧘧	ye	衤二	0
𧘥	yi	衤丑	0
𧘢	yh	衤互	0
𧘟	yk	衤冂	0
𧘟	yu	.	0
𧘞	yd	衤斗	0
𧘜	yq	衤千	0
𧘗	ky	口衣	0
𧘑	yu	衤勺	0
𧘏	yg	衤弓	0
𧘍	yg	衤工	0
𧘈	yl	衤了	0
𧗿	xi	彳亍	0
𧗹	xy	行音	0
𧗸	xi	彳亍	0
𧗶	xi	彳亍	0
𧗰	xj	行尖	0
𧗯	xi	彳亍	0
𧗩	bx	不行	0
𧗩	xb	行不	0
𧗦	xi	彳亍	0
𧗥	xi	彳亍	0
𧗠	xd	行冫	0
𧗖	xy	血厭	0
𧗖	yx	厭血	0
𧗒	jx	幾血	0
𧗒	xj	血幾	0
𧗏	xg	血貴	0
𧗎	xj	血菹	0
𧗌	xh	血乎	0
𧗋	xc	血參	0
𧗈	xc	.	0
𧗈	xr	血辱	0
𧗆	cx	艹血	0
𧗆	xi	血丞	0
𧗆	xv	.	0
𧗃	xy	血聿	0
𧗁	xj	.	0
𧖿	xu	血昇	0
𧖼	xj	血咎	0
𧖻	xh	血或	0
𧖷	xr	血忍	0
𧖵	xm	血免	0
𧖮	xo	血日	0
𧖬	xa	.	0
𧖬	xj	.	0
𧖪	xx	血夕	0
𧖨	xk	.	0
𧖣	im	虫蠻	0
𧖢	hk	.	0
𧖠	in	虫鳥	0
𧖠	si	歲虫	0
𧖜	il	虫靈	0
𧖚	ii	虫虫	0
𧖚	pk	.	0
𧖚	ui	十虫	0
𧖙	ix	虫顯	0
𧖙	xi	顯虫	0
𧖘	il	虫攣	0
𧖔	ii	虫虫	0
𧖔	yi	.	0
𧖒	in	虫囊	0
𧖑	gi	弓虫	0
𧖑	ii	虫虫	0
𧖑	jk	.	0
𧖇	gi	广虫	0
𧖇	iv	虫隹	0
𧖇	iy	.	0
𧖆	it	虫闥	0
𧖁	ii	虫虫	0
𧖁	wi	亠蟲	0
𧖀	ii	虫虫	0
𧕿	fi	非蟲	0
𧕼	hi	翽虫	0
𧕼	ih	虫翽	0
𧕺	if	虫凡	0
𧕸	ih	虫皇	0
𧕸	mi	馬虫	0
𧕵	mk	.	0
𧕴	in	虫難	0
𧕴	ni	難虫	0
𧕲	ii	虫虫	0
𧕲	ji	雋虫	0
𧕲	jk	.	0
𧕱	ai	丨虫	0
𧕱	ii	虫虫	0
𧕱	qk	.	0
𧕯	il	虫麗	0
𧕮	il	虫離	0
𧕩	in	虫聶	0
𧕨	ic	虫藏	0
𧕧	ii	虫虫	0
𧕧	ji	臼虫	0
𧕦	di	單虫	0
𧕦	dk	.	0
𧕦	ii	虫虫	0
𧕥	im	虫貘	0
𧕤	im	虫貘	0
𧕤	mi	貘虫	0
𧕡	if	虫覆	0
𧕟	iu	虫雙	0
𧕞	iw	虫魏	0
𧕞	wi	魏虫	0
𧕝	bi	宀虫	0
𧕝	ii	虫虫	0
𧕙	dk	.	0
𧕙	ii	虫虫	0
𧕙	ri	人虫	0
𧕘	is	虫雖	0
𧕖	ix	虫霞	0
𧕓	im	虫黽	0
𧕒	fi	弗蟲	0
𧕎	qk	.	0
𧕍	iy	虫營	0
𧕌	lk	.	0
𧕋	iy	虫龠	0
𧕉	iq	.	0
𧕉	ix	虫谿	0
𧕇	ix	虫鮮	0
𧕅	il	.	0
𧕄	iy	虫應	0
𧕃	ii	.	0
𧕃	it	虫兔	0
𧕂	ij	虫韭	0
𧔼	gi	戈蟲	0
𧔼	ig	蟲戈	0
𧔺	iw	虫萬	0
𧔺	ki	口虫	0
𧔷	ix	虫暹	0
𧔴	ci	艹蟲	0
𧔴	ii	虫虫	0
𧔳	lk	.	0
𧔮	qk	.	0
𧔪	ip	虫頻	0
𧔪	pi	頻虫	0
𧔨	di	.	0
𧔧	pk	.	0
𧔦	iy	虫燕	0
𧔥	iy	虫遺	0
𧔤	ix	虫縣	0
𧔤	xi	縣虫	0
𧔣	il	虫賴	0
𧔡	vk	.	0
𧔞	ii	虫虫	0
𧔞	yi	原虫	0
𧔞	yk	.	0
𧔝	il	虫歷	0
𧔗	ii	虫虫	0
𧔖	im	虫賣	0
𧔒	if	虫非	0
𧔏	ci	艹虫	0
𧔏	ii	虫虫	0
𧔎	il	虫魯	0
𧔅	ip	虫攴	0
𧔅	lp	螻攴	0
𧔅	lw	.	0
𧔁	ei	二虫	0
𧔁	ii	虫虫	0
𧓿	cm	艹蟊	0
𧓿	ii	虫虫	0
𧓿	mk	.	0
𧓽	il	.	0
𧓻	il	虫慮	0
𧓺	ix	虫寫	0
𧓸	iv	虫鄭	0
𧓴	it	虫霆	0
𧓲	iy	虫養	0
𧓪	iy	虫銀	0
𧓩	ib	虫貝	0
𧓩	ic	.	0
𧓨	ii	虫虫	0
𧓨	ki	匚虫	0
𧓦	ij	虫監	0
𧓣	gi	广虫	0
𧓣	is	虫罒	0
𧓘	it	虫團	0
𧓗	iy	.	0
𧓖	fi	肥虫	0
𧓖	fk	.	0
𧓖	ii	虫虫	0
𧓕	di	東虫	0
𧓕	dk	.	0
𧓕	ii	虫虫	0
𧓔	ij	虫精	0
𧓔	ji	精虫	0
𧓓	ij	.	0
𧓓	iy	虫幺	0
𧓑	ii	虫虫	0
𧓑	yi	雨虫	0
𧓑	yk	.	0
𧓐	ei	而虫	0
𧓐	il	.	0
𧓐	iw	虫瓦	0
𧓏	ij	虫聚	0
𧓎	bk	.	0
𧓋	it	虫土	0
𧓄	ib	.	0
𧓁	ia	虫愛	0
𧓀	ir	.	0
𧓀	iy	虫魚	0
𧓀	ri	人虫	0
𧒿	iz	虫賊	0
𧒽	il	虫雷	0
𧒻	iy	虫羊	0
𧒺	ij	虫舅	0
𧒹	iy	虫粤	0
𧒵	ii	虫呈	0
𧒲	il	虫廉	0
𧒭	iy	虫遗	0
𧒝	ii	虫虫	0
𧒝	ui	尸虫	0
𧒜	il	虫雷	0
𧒚	cm	艹蝥	0
𧒗	is	虫嗇	0
𧒖	ig	虫過	0
𧒕	vz	.	0
𧒓	is	虫瑟	0
𧒑	iu	虫鼠	0
𧒎	wk	.	0
𧒈	ii	虫虫	0
𧒈	li	列虫	0
𧒈	lk	.	0
𧒄	ij	虫間	0
𧒂	dk	.	0
𧒀	ib	虫敝	0
𧑾	is	虫色	0
𧑻	ij	虫捷	0
𧑷	ix	虫犀	0
𧑵	is	虫厶	0
𧑵	iw	虫嵬	0
𧑫	ic	.	0
𧑫	ix	虫心	0
𧑩	ia	.	0
𧑨	qk	.	0
𧑧	iu	.	0
𧑧	iv	虫折	0
𧑧	ui	石虫	0
𧑦	ig	虫夬	0
𧑤	ii	虫虫	0
𧑤	vi	朱虫	0
𧑤	vk	.	0
𧑡	ib	.	0
𧑡	ip	虫琶	0
𧑠	iu	虫石	0
𧑝	iy	虫掾	0
𧑝	yi	掾虫	0
𧑜	ip	虫琵	0
𧑚	ih	虫寒	0
𧑙	ij	虫就	0
𧑘	it	虫湯	0
𧑘	ti	湯虫	0
𧑗	in	虫甯	0
𧑗	iy	.	0
𧑖	ck	.	0
𧑖	ii	虫虫	0
𧑖	ui	十虫	0
𧑕	ie	虫惡	0
𧑔	id	虫逮	0
𧑓	iu	虫黍	0
𧑒	id	虫敦	0
𧑑	ib	.	0
𧑑	if	虫奉	0
𧑐	ij	.	0
𧑐	iy	虫矞	0
𧑎	iy	虫又	0
𧑎	si	祟虫	0
𧑍	ih	虫華	0
𧑌	iy	虫異	0
𧑋	ig	虫貴	0
𧑊	ij	虫景	0
𧑈	if	虫費	0
𧑇	il	.	0
𧑇	im	虫木	0
𧑆	it	虫童	0
𧑅	iy	虫越	0
𧑀	ii	虫巢	0
𧐴	is	虫宿	0
𧐲	ij	虫巾	0
𧐱	ci	從虫	0
𧐱	ic	虫從	0
𧐰	ig	虫勹	0
𧐰	ku	冂蜀	0
𧐯	il	虫略	0
𧐬	ih	虫会	0
𧐦	iy	虫业	0
𧐥	ij	虫捷	0
𧐤	iq	虫牽	0
𧐟	ix	虫心	0
𧐙	iw	虫務	0
𧐗	ix	虫旋	0
𧐖	il	虫連	0
𧐕	iv	虫專	0
𧐔	ix	虫習	0
𧐓	iy	虫野	0
𧐓	yi	野虫	0
𧐒	is	虫速	0
𧐐	iz	虫責	0
𧐎	im	虫覓	0
𧐍	ii	虫舂	0
𧐌	iw	虫唯	0
𧐌	wi	唯虫	0
𧐋	il	.	0
𧐊	iv	虫張	0
𧐈	iz	虫族	0
𧐈	zi	族虫	0
𧐅	ic	.	0
𧐄	iy	虫欲	0
𧐃	id	虫大	0
𧐁	iu	.	0
𧏿	iv	虫逐	0
𧏾	in	虫匿	0
𧏾	ni	匿虫	0
𧏽	iy	.	0
𧏻	ib	虫畢	0
𧏺	iq	虫區	0
𧏹	iu	虫豕	0
𧏹	iy	.	0
𧏸	id	.	0
𧏸	ig	虫古	0
𧏮	iy	虫恙	0
𧏫	iu	虫殺	0
𧏧	ic	.	0
𧏧	iw	虫夂	0
𧏣	ix	虫笑	0
𧏡	ix	虫夏	0
𧏜	iw	虫吴	0
𧏓	it	虫田	0
𧏑	ib	.	0
𧏆	ii	臣虫	0
𧏃	id	虫大	0
𧏂	id	.	0
𧏂	ig	虫圭	0
𧏂	ix	.	0
𧎿	ij	虫疾	0
𧎾	ix	虫小	0
𧎻	iw	虫務	0
𧎻	wi	務虫	0
𧎺	ig	虫哥	0
𧎹	iy	虫又	0
𧎹	ui	士虫	0
𧎸	ig	虫高	0
𧎷	ii	虫芻	0
𧎵	iq	虫氣	0
𧎴	iv	虫哲	0
𧎳	is	虫索	0
𧎲	ig	虫干	0
𧎲	iv	.	0
𧎱	bi	巴虫	0
𧎱	bk	.	0
𧎱	ii	虫虫	0
𧎰	iv	虫展	0
𧎰	vi	展虫	0
𧎯	iq	虫缺	0
𧎮	ik	.	0
𧎮	vk	.	0
𧎭	iu	虫射	0
𧎭	ui	射虫	0
𧎫	ib	虫貝	0
𧎫	is	.	0
𧎪	uk	.	0
𧎨	ix	虫辛	0
𧎥	iu	虫扇	0
𧎤	is	虫孫	0
𧎣	ir	虫茸	0
𧎡	ig	虫宫	0
𧎚	id	虫段	0
𧎙	ie	虫卩	0
𧎙	ix	.	0
𧎘	iy	虫衍	0
𧎗	ki	科虫	0
𧎖	ib	虫八	0
𧎕	bc	北蚕	0
𧎕	bt	.	0
𧎓	ii	虫虫	0
𧎑	ih	虫奂	0
𧎐	iq	虫秋	0
𧎏	gi	咼虫	0
𧎏	ig	虫咼	0
𧎊	ij	虫軍	0
𧎇	iz	虫蚤	0
𧎄	iw	虫攵	0
𧎃	ix	.	0
𧍿	it	虫殄	0
𧍶	il	虫律	0
𧍵	hi	胡虫	0
𧍵	ih	虫胡	0
𧍴	ij	虫柬	0
𧍳	iy	虫臾	0
𧍲	ib	虫便	0
𧍱	iu	虫室	0
𧍰	il	.	0
𧍰	iu	虫生	0
𧍯	if	虫風	0
𧍮	ij	虫扃	0
𧍭	iq	虫泉	0
𧍬	iy	虫弇	0
𧍫	iw	虫韋	0
𧍪	io	.	0
𧍪	iy	虫禺	0
𧍩	ik	虫口	0
𧍨	id	虫大	0
𧍨	il	.	0
𧍨	ki	口虫	0
𧍦	bc	必蚕	0
𧍥	iw	虫畏	0
𧍢	iy	虫衍	0
𧍢	yi	衍虫	0
𧍠	in	.	0
𧍠	ix	虫小	0
𧍟	im	虫矛	0
𧍝	id	虫帝	0
𧍜	ig	虫癸	0
𧍙	fi	范虫	0
𧍙	if	虫范	0
𧍘	iy	虫幽	0
𧍖	iu	虫省	0
𧍕	iq	虫卻	0
𧍔	iy	虫要	0
𧍓	iu	虫帥	0
𧍒	id	虫耑	0
𧍅	iu	虫使	0
𧍅	ui	使虫	0
𧍄	iy	虫兖	0
𧍃	if	虫非	0
𧍂	iy	虫有	0
𧍁	ig	虫庚	0
𧍀	gk	.	0
𧌿	bi	版虫	0
𧌾	id	虫丁	0
𧌾	kd	.	0
𧌽	ib	.	0
𧌻	is	虫松	0
𧌻	si	松虫	0
𧌺	ie	虫儿	0
𧌸	iv	虫卓	0
𧌴	iq	虫祁	0
𧌧	id	虫丁	0
𧌣	di	刀虫	0
𧌣	dk	.	0
𧌢	ir	虫人	0
𧌢	is	.	0
𧌢	si	糸虫	0
𧌠	bi	卑虫	0
𧌠	ib	虫卑	0
𧌞	ie	虫卩	0
𧌝	ii	.	0
𧌚	ig	.	0
𧌚	ij	虫炅	0
𧌙	iy	虫雨	0
𧌙	yi	雨虫	0
𧌘	if	虫服	0
𧌗	iq	虫取	0
𧌖	iu	虫舍	0
𧌔	iv	虫枝	0
𧌔	vi	枝虫	0
𧌓	ib	.	0
𧌑	iq	虫屈	0
𧌐	ci	刺虫	0
𧌐	ic	虫刺	0
𧌏	id	虫沓	0
𧌏	it	.	0
𧌎	id	虫典	0
𧌍	il	虫录	0
𧌌	iy	虫尤	0
𧌌	oi	月虫	0
𧌋	ix	虫卸	0
𧌊	iy	虫夜	0
𧌉	il	.	0
𧌉	it	虫土	0
𧌈	iv	虫帚	0
𧌇	ip	虫朋	0
𧌆	ik	虫空	0
𧌅	iu	虫受	0
𧌄	iy	虫奄	0
𧌃	iq	虫妾	0
𧌂	ib	虫步	0
𧌁	iy	虫攸	0
𧋽	im	虫芒	0
𧋲	ib	虫北	0
𧋲	wb	.	0
𧋲	wi	亠虫	0
𧋱	in	虫男	0
𧋦	iw	虫尾	0
𧋣	ik	虫口	0
𧋢	ib	虫孛	0
𧋡	ii	虫丑	0
𧋠	iu	虫豕	0
𧋠	ui	豕虫	0
𧋚	ri	人虫	0
𧋘	id	虫弟	0
𧋖	ig	虫乚	0
𧋖	iv	.	0
𧋕	ik	虫困	0
𧋔	gi	汞虫	0
𧋔	ig	虫汞	0
𧋓	ig	虫告	0
𧋒	ii	虫赤	0
𧋑	ig	虫更	0
𧋐	iu	虫束	0
𧋏	ij	虫岌	0
𧋎	il	虫里	0
𧋍	iv	虫折	0
𧋊	iu	虫沙	0
𧋊	ui	沙虫	0
𧋉	ig	虫谷	0
𧋉	ik	.	0
𧋂	iy	虫于	0
𧊾	im	虫米	0
𧊾	mi	米虫	0
𧊽	ix	虫行	0
𧊷	iw	虫妄	0
𧊶	id	虫朵	0
𧊳	ig	虫亘	0
𧊲	iq	虫全	0
𧊱	id	虫朵	0
𧊯	iy	虫永	0
𧊯	yi	永虫	0
𧊭	iy	虫因	0
𧊬	ci	艹虫	0
𧊬	iy	虫又	0
𧊧	ih	虫合	0
𧊦	if	虫缶	0
𧊥	iu	虫戍	0
𧊥	ix	.	0
𧊤	iy	虫亦	0
𧊣	iy	虫曳	0
𧊠	iy	虫臾	0
𧊟	ir	虫如	0
𧊟	ri	如虫	0
𧊞	ix	虫刑	0
𧊝	ci	艹虫	0
𧊝	iy	.	0
𧊜	in	.	0
𧊛	ih	虫后	0
𧊚	it	虫同	0
𧊙	iv	虫旨	0
𧊘	ik	虫夸	0
𧊖	iu	虫式	0
𧊕	ir	虫戎	0
𧊔	ix	虫行	0
𧊔	xi	行虫	0
𧊒	ci	次虫	0
𧊒	ic	虫次	0
𧊏	ih	虫亥	0
𧊎	id	虫丶	0
𧊇	id	虫代	0
𧊅	il	虫另	0
𧊄	iv	虫只	0
𧊂	id	虫冬	0
𧊀	ij	虫加	0
𧉿	iw	虫未	0
𧉲	ig	虫干	0
𧉮	it	.	0
𧉭	in	虫奴	0
𧉭	ni	奴虫	0
𧉫	in	.	0
𧉫	iy	虫又	0
𧉪	ij	虫加	0
𧉪	ji	加虫	0
𧉩	ib	虫布	0
𧉧	iq	虫去	0
𧉦	iw	虫戊	0
𧉥	bi	北虫	0
𧉥	ib	虫北	0
𧉤	ib	虫弁	0
𧉣	iy	虫玉	0
𧉢	ix	虫穴	0
𧉡	ij	虫几	0
𧉡	ir	.	0
𧉟	it	虫台	0
𧉞	in	虫宁	0
𧉞	iv	.	0
𧉛	ih	.	0
𧉗	iy	虫元	0
𧉗	yi	元虫	0
𧉖	in	虫牛	0
𧉓	mi	木虫	0
𧉑	it	虫太	0
𧉎	io	虫月	0
𧉍	ij	.	0
𧉊	fi	父虫	0
𧉊	if	虫父	0
𧉈	ib	虫不	0
𧉇	iw	.	0
𧉆	ib	虫卜	0
𧉅	iy	虫尹	0
𧉃	iy	虫允	0
𧉂	it	虫天	0
𧉁	iq	虫气	0
𧉁	qi	气虫	0
𧉀	iv	虫止	0
𧈿	ig	虫冈	0
𧈾	ih	虫火	0
𧈽	ig	.	0
𧈽	is	虫厶	0
𧈼	ip	虫片	0
𧈻	iu	虫殳	0
𧈹	di	大虫	0
𧈹	id	.	0
𧈶	ii	虫川	0
𧈴	ig	虫广	0
𧈯	ix	.	0
𧈯	iy	.	0
𧈭	iw	虫兀	0
𧈪	ci	屮虫	0
𧈪	ic	虫屮	0
𧈧	is	.	0
𧈧	si	厶虫	0
𧈦	in	虫乃	0
𧈦	ni	乃虫	0
𧈤	ij	虫九	0
𧈤	ji	九虫	0
𧈢	ib	虫八	0
𧈞	iy	.	0
𧈝	iy	虫乙	0
𧈜	ht	虎騰	0
𧈛	qs	禽虒	0
𧈚	hm	虍皿	0
𧈚	xv	.	0
𧈙	hu	虎壽	0
𧈗	jh	.	0
𧈖	hj	虍几	0
𧈖	ih	車虎	0
𧈖	jh	.	0
𧈔	hl	虍魯	0
𧈓	hw	虍攵	0
𧈑	hj	.	0
𧈍	dh	單虎	0
𧈈	hi	虎巢	0
𧈄	hx	虎夏	0
𧈁	jh	兼虎	0
𧇿	hq	虍且	0
𧇿	jq	.	0
𧇼	hd	号豆	0
𧇼	hx	.	0
𧇼	kd	口豆	0
𧇹	hh	虎侯	0
𧇸	hq	虎秋	0
𧇷	hh	曷虎	0
𧇶	hi	虎春	0
𧇱	hx	虎咸	0
𧇰	hh	虎忽	0
𧇯	hj	虎季	0
𧇮	hh	虎和	0
𧇪	ho	虍日	0
𧇩	bo	卜目	0
𧇦	fh	.	0
𧇥	hl	虎林	0
𧇡	ig	處古	0
𧇠	xk	虚亢	0
𧇟	hv	虎周	0
𧇞	hq	虎羌	0
𧇝	uh	叔虎	0
𧇜	hj	虍几	0
𧇜	ih	臣虎	0
𧇜	qh	.	0
𧇛	hc	虎寸	0
𧇛	hl	.	0
𧇚	hb	虎伯	0
𧇙	hn	虎男	0
𧇕	hz	虍甾	0
𧇓	hd	虎兑	0
𧇎	hh	虎合	0
𧇍	fh	缶虎	0
𧇌	ht	虎同	0
𧇋	ho	虍日	0
𧇊	xk	虚亏	0
𧇊	xy	.	0
𧇈	qq	.	0
𧇄	hz	虍甾	0
𧇃	hl	虍林	0
𧆼	hd	虎冬	0
𧆻	hg	虎古	0
𧆺	lh	令虎	0
𧆹	hx	虎心	0
𧆸	hh	虎灬	0
𧆷	hg	虎公	0
𧆰	hz	虎子	0
𧆯	hc	虎才	0
𧆦	qh	乞虎	0
𧆥	hj	虍甲	0
𧆤	hy	虍又	0
𧆣	hk	.	0
𧆢	hj	虍丩	0
𧆡	jh	几虎	0
𧆜	hk	虍亏	0
𧆜	hx	.	0
𧆜	hy	.	0
𧆛	hy	虍又	0
𧆘	cm	艹木	0
𧆕	ch	艹禾	0
𧆓	cc	.	0
𧆓	cl	艹鹿	0
𧆑	ch	.	0
𧆐	cg	艹贛	0
𧆏	cm	.	0
𧆏	co	艹目	0
𧆎	cl	艹戀	0
𧆊	cb	艹鱉	0
𧆉	cs	艹糸	0
𧆂	ci	.	0
𧆂	cj	艹韭	0
𧅺	cn	艹囊	0
𧅷	cx	艹學	0
𧅶	ci	艹虫	0
𧅱	ca	艹丨	0
𧅰	ch	艹護	0
𧅯	cl	.	0
𧅯	cn	艹鳥	0
𧅮	cl	艹蠡	0
𧅣	zx	辶蕭	0
𧅚	cj	艹矍	0
𧅘	cn	.	0
𧅘	cx	艹需	0
𧅗	cd	艹黨	0
𧅆	cj	艹繭	0
𧅃	ca	.	0
𧅃	ch	艹灬	0
𧅀	cz	艹鏨	0
𧄿	cl	艹羸	0
𧄽	cz	艹贊	0
𧄼	cd	艹登	0
𧄻	cl	艹瀝	0
𧄺	cd	艹顛	0
𧄹	cu	艹識	0
𧄸	cx	.	0
𧄱	cd	艹闒	0
𧄰	cj	艹雞	0
𧄤	cy	艹嚚	0
𧄠	cm	艹木	0
𧄜	cr	.	0
𧄛	cj	艹鞫	0
𧄚	cl	艹釐	0
𧄔	ci	艹儲	0
𧄓	jd	吉董	0
𧄓	vd	.	0
𧄒	cq	艹瞿	0
𧄑	cg	艹貴	0
𧄑	ch	.	0
𧄐	cu	艹雙	0
𧄏	cf	艹覆	0
𧄎	cx	艹系	0
𧄎	cy	.	0
𧄍	cq	艹翹	0
𧄌	wd	萬定	0
𧄁	cx	艹霞	0
𧃽	cy	艹應	0
𧃹	hm	華木	0
𧃸	ch	艹徽	0
𧃱	cn	.	0
𧃮	cl	.	0
𧃪	dm	多蔄	0
𧃩	cy	艹疑	0
𧃨	cr	艹孺	0
𧃟	cy	艹翼	0
𧃞	cj	艹冀	0
𧃝	ci	艹醜	0
𧃛	cg	艹購	0
𧃚	co	艹月	0
𧃚	cs	.	0
𧃙	ch	艹韓	0
𧃔	cv	艹擢	0
𧃒	cl	艹縷	0
𧃑	cj	艹鍵	0
𧃐	cd	艹蹢	0
𧃏	ci	.	0
𧃏	cq	艹欠	0
𧃄	cv	艹隹	0
𧃀	cy	艹又	0
𧂿	cx	艹心	0
𧂽	uh	十華	0
𧂼	cq	艹橋	0
𧂻	cw	艹戊	0
𧂹	cx	艹險	0
𧂬	cy	艹員	0
𧂩	cz	艹蚤	0
𧂨	dz	蒂足	0
𧂣	cu	艹殳	0
𧂢	cy	艹酉	0
𧂡	cx	艹心	0
𧂡	jx	.	0
𧂠	cy	艹遺	0
𧂜	cj	艹窶	0
𧂛	cm	艹甍	0
𧂙	cx	艹潟	0
𧂘	cy	艹爻	0
𧂔	cg	.	0
𧂒	cj	艹燋	0
𧂐	cj	艹積	0
𧂏	cl	艹遼	0
𧂍	cx	艹選	0
𧂋	cp	艹憑	0
𧂉	cf	.	0
𧂉	cp	艹皤	0
𧂈	cc	艹操	0
𧂇	cx	艹尋	0
𧂆	cj	.	0
𧂆	cr	艹刃	0
𧂅	cc	艹穇	0
𧂅	cu	.	0
𧂄	cy	艹閻	0
𧂃	ch	艹頷	0
𧂂	cq	艹錢	0
𧂁	cv	艹戰	0
𧁿	cd	艹獨	0
𧁾	cg	艹瓜	0
𧁾	cl	.	0
𧁪	cj	艹見	0
𧁧	cs	艹糸	0
𧁥	cs	艹絲	0
𧁣	cg	艹果	0
𧁢	cn	艹鳥	0
𧁜	ch	艹慧	0
𧁚	rt	蕊土	0
𧁖	ct	艹田	0
𧁐	cu	艹實	0
𧁋	cm	.	0
𧁋	cx	艹心	0
𧁊	cx	艹心	0
𧁉	cb	艹巴	0
𧁈	cn	.	0
𧁃	ci	艹畜	0
𧁃	cx	.	0
𧀿	cv	艹鄭	0
𧀻	cd	艹儋	0
𧀺	cj	艹頡	0
𧀹	cv	艹遮	0
𧀵	cq	艹槧	0
𧀴	cf	艹膚	0
𧀲	cd	艹兑	0
𧀲	cy	.	0
𧀱	ci	.	0
𧀰	ct	艹蹄	0
𧀯	cu	艹審	0
𧀮	cf	艹敷	0
𧀭	cf	艹樊	0
𧀬	cx	艹膝	0
𧀩	cc	艹賜	0
𧀨	cl	.	0
𧀧	cw	艹夂	0
𧀦	cl	艹魯	0
𧀥	cy	艹憂	0
𧀤	ci	艹齒	0
𧀣	cu	艹誰	0
𧀢	cd	艹蹀	0
𧀡	cj	艹焦	0
𧀠	ct	艹緹	0
𧀚	ch	艹火	0
𧀙	cx	.	0
𧀘	cc	.	0
𧀘	cz	艹責	0
𧀗	cz	艹甾	0
𧀕	cx	艹辛	0
𧀑	cv	艹種	0
𧀎	cg	艹膏	0
𧀌	cu	艹漱	0
𧀊	cc	艹采	0
𧀇	cx	艹細	0
𧀆	cd	艹豆	0
𧀄	ci	.	0
𧀄	cw	艹勿	0
𧀂	cu	艹示	0
𦿿	cw	艹委	0
𦿻	cq	艹銓	0
𦿴	yx	英小	0
𦿲	cn	艹鳥	0
𦿱	mj	茂韭	0
𦿯	ci	艹乂	0
𦿮	cu	艹生	0
𦿦	cu	艹剡	0
𦿖	cl	艹鹿	0
𦿓	cj	.	0
𦿏	cm	艹夢	0
𦿍	cp	艹僕	0
𦿌	cx	艹㬎	0
𦿋	cj	.	0
𦿊	cl	.	0
𦿊	cz	艹甾	0
𦿇	ce	艹阝	0
𦿆	cd	艹碭	0
𦿅	cj	艹几	0
𦿅	cp	.	0
𦿃	cu	.	0
𦿃	cx	艹肖	0
𦿂	cy	艹鳶	0
𦿁	cb	.	0
𦿁	ct	艹田	0
𦿀	cv	艹者	0
𦾿	cj	艹精	0
𦾾	cy	艹遙	0
𦾽	cb	艹八	0
𦾻	cx	艹心	0
𦾻	cy	.	0
𦾺	cd	艹銚	0
𦾺	cv	.	0
𦾹	cs	艹酸	0
𦾸	cd	艹端	0
𦾷	cl	艹漻	0
𦾶	cj	艹漸	0
𦾵	cr	艹榮	0
𦾳	cl	.	0
𦾳	cw	艹瓦	0
𦾲	cj	.	0
𦾲	cy	艹異	0
𦾱	ci	艹巢	0
𦾮	cg	.	0
𦾭	cb	.	0
𦾬	cv	.	0
𦾬	cx	艹習	0
𦾪	cw	艹夊	0
𦾩	cx	.	0
𦾞	cl	.	0
𦾞	cm	艹皿	0
𦾝	cu	蒼山	0
𦾛	cw	艹暐	0
𦾚	cy	艹虞	0
𦾙	cu	艹十	0
𦾕	cb	.	0
𦾑	cp	艹剽	0
𦾏	hj	華甲	0
𦾎	cw	艹委	0
𦾍	cx	艹小	0
𦾁	cx	艹小	0
𦽿	cj	艹賈	0
𦽾	cl	艹溜	0
𦽼	cl	艹溧	0
𦽶	cy	艹椰	0
𦽮	cn	艹女	0
𦽮	cp	.	0
𦽭	cj	艹臼	0
𦽭	dj	.	0
𦽬	cj	艹丩	0
𦽫	cg	艹感	0
𦽟	cb	艹遍	0
𦽖	cj	.	0
𦽖	cq	艹囷	0
𦽕	cq	艹犬	0
𦽔	cj	艹禁	0
𦽒	cz	艹賊	0
𦽐	ch	艹毁	0
𦽏	cf	艹鳧	0
𦽎	cl	艹禄	0
𦽍	co	艹日	0
𦽋	cg	艹鉤	0
𦽊	cs	艹嗣	0
𦽇	cj	艹腱	0
𦽅	ce	.	0
𦽄	cd	艹殿	0
𦽃	cb	艹扁	0
𦽂	cl	艹稑	0
𦽁	cj	艹經	0
𦽀	ca	.	0
𦽀	cy	艹頁	0
𦼿	cd	艹頓	0
𦼻	cw	艹溦	0
𦼹	cb	艹稟	0
𦼷	cj	.	0
𦼷	cu	艹殳	0
𦼵	ch	.	0
𦼵	cm	艹毛	0
𦼴	cy	艹楊	0
𦼳	ci	艹腸	0
𦼲	cd	艹當	0
𦼱	cj	艹雋	0
𦼰	ch	艹曷	0
𦼰	cj	.	0
𦼮	cg	艹幹	0
𦼭	cf	艹榑	0
𦼫	cj	.	0
𦼫	cu	艹豕	0
𦼪	cm	艹楙	0
𦼩	cj	艹韭	0
𦼧	ci	艹乂	0
𦼢	cj	艹斤	0
𦼡	cj	艹巾	0
𦼗	cx	艹犀	0
𦼔	cx	艹小	0
𦼓	cy	艹琰	0
𦼏	cc	艹曾	0
𦼎	cv	艹舟	0
𦼋	cl	艹录	0
𦼊	cl	艹棱	0
𦼉	ch	艹萑	0
𦼉	cv	.	0
𦼈	ch	艹灬	0
𦼈	cj	.	0
𦼇	ce	艹惡	0
𦼅	cy	艹耶	0
𦼄	cd	艹斗	0
𦼃	ci	艹創	0
𦼂	cq	艹全	0
𦻿	ct	艹田	0
𦻷	ci	艹虫	0
𦻴	cj	艹捷	0
𦻫	cy	艹衣	0
𦻩	cz	艹蚤	0
𦻞	cd	艹大	0
𦻝	cj	艹戟	0
𦻜	cx	艹渫	0
𦻙	ce	艹耳	0
𦻔	cf	艹斐	0
𦻓	ci	艹程	0
𦻎	cx	艹稀	0
𦻅	cf	艹非	0
𦻅	cz	.	0
𦻁	ck	.	0
𦻀	ci	.	0
𦻀	cu	艹是	0
𦺾	cd	艹大	0
𦺾	cn	.	0
𦺽	ca	.	0
𦺽	cy	艹奄	0
𦺻	cs	艹散	0
𦺹	cl	艹聊	0
𦺸	ci	艹舛	0
𦺸	cl	.	0
𦺷	cu	.	0
𦺷	cx	艹先	0
𦺶	cd	艹刂	0
𦺵	cm	艹木	0
𦺵	cz	.	0
𦺵	zm	.	0
𦺴	cj	艹集	0
𦺲	cb	艹貝	0
𦺱	cz	艹貲	0
𦺰	cd	.	0
𦺭	cy	艹又	0
𦺬	cj	艹幾	0
𦺫	cl	艹良	0
𦺪	ct	艹稌	0
𦺩	cg	艹戈	0
𦺩	cj	.	0
𦺨	cx	艹象	0
𦺧	cg	艹割	0
𦺦	ch	艹寒	0
𦺥	cd	艹都	0
𦺣	cx	艹項	0
𦺢	cj	艹結	0
𦺡	cv	艹掌	0
𦺠	cg	艹觚	0
𦺟	ch	艹壺	0
𦺞	ch	艹訶	0
𦺜	cl	艹勞	0
𦺛	ci	.	0
𦺛	ct	艹彖	0
𦺙	cl	.	0
𦺘	cj	艹減	0
𦺗	cu	艹舒	0
𦺖	cj	.	0
𦺖	cy	艹矞	0
𦺔	cu	艹殳	0
𦺔	cy	.	0
𦺓	ci	艹朝	0
𦺒	cw	艹婺	0
𦺑	cm	艹毛	0
𦺐	cc	艹殘	0
𦺎	cb	.	0
𦺎	ck	艹口	0
𦺍	cj	艹湔	0
𦺌	cy	艹又	0
𦺋	cs	.	0
𦺊	ch	.	0
𦺊	cw	艹完	0
𦺉	cf	艹傅	0
𦺇	cd	艹毒	0
𦺆	cg	.	0
𦺃	cs	艹厶	0
𦹽	cb	艹卑	0
𦹫	cv	艹卓	0
𦹞	cx	艹先	0
𦹜	cj	艹假	0
𦹙	cy	.	0
𦹔	cq	艹欠	0
𦹓	cy	.	0
𦹐	cg	艹郭	0
𦹏	ch	艹淮	0
𦸽	ch	艹黑	0
𦸺	cb	艹贝	0
𦸺	cz	.	0
𦸷	cg	艹瓜	0
𦸶	ic	出草	0
𦸱	cf	艹婦	0
𦸰	ci	.	0
𦸯	cv	.	0
𦸯	xm	.	0
𦸮	cj	艹减	0
𦸪	cf	艹非	0
𦸣	cb	艹庳	0
𦸢	cl	.	0
𦸢	cy	艹雨	0
𦸡	cm	艹覓	0
𦸛	ci	艹巢	0
𦸚	cx	艹習	0
𦸙	cy	艹郵	0
𦸘	cg	.	0
𦸘	cj	艹戛	0
𦸗	cq	艹戚	0
𦸔	cd	.	0
𦸓	cq	.	0
𦸓	cu	艹氺	0
𦸐	cl	艹陸	0
𦸏	cc	艹崔	0
𦸉	cq	.	0
𦸈	cg	艹瓜	0
𦸈	ck	.	0
𦸇	cu	艹術	0
𦸂	cu	艹深	0
𦸁	cd	艹淡	0
𦷿	cy	艹卣	0
𦷽	cw	艹郚	0
𦷻	cp	屮攴	0
𦷻	cw	.	0
𦷹	co	艹日	0
𦷸	ru	茹水	0
𦷷	ch	艹亥	0
𦷷	cn	.	0
𦷵	cv	艹助	0
𦷴	cs	艹送	0
𦷪	ct	艹妥	0
𦷦	cu	艹石	0
𦷤	mu	莫山	0
𦷢	cx	艹心	0
𦷙	cn	.	0
𦷙	cv	艹占	0
𦷔	cv	艹直	0
𦷌	hh	花合	0
𦷊	cu	艹殳	0
𦷈	cx	艹狹	0
𦷅	pq	芘全	0
𦷄	cn	艹娘	0
𦷃	cu	艹生	0
𦶹	ck	艹口	0
𦶸	cq	艹拳	0
𦶶	ci	艹串	0
𦶴	cj	艹見	0
𦶲	cn	艹女	0
𦶩	cy	艹益	0
𦶚	cf	艹粉	0
𦶙	ch	艹桓	0
𦶕	cu	艹書	0
𦶓	cg	艹共	0
𦶑	ct	.	0
𦶑	cy	艹羽	0
𦶐	ck	艹恐	0
𦶏	cd	.	0
𦶏	cv	艹隹	0
𦶍	cg	艹瓜	0
𦶌	cd	艹凋	0
𦶋	cu	艹扇	0
𦶊	cp	艹涄	0
𦶈	cd	.	0
𦶇	ce	.	0
𦶇	cm	艹毛	0
𦶆	cn	艹紐	0
𦶅	cn	艹迺	0
𦶂	cy	艹挹	0
𦶀	cw	艹烏	0
𦵿	cp	艹剖	0
𦵾	cj	艹脊	0
𦵽	ch	艹晃	0
𦵼	cj	艹郡	0
𦵸	cg	艹耿	0
𦵷	cg	.	0
𦵷	cr	艹冉	0
𦵵	cy	.	0
𦵴	cj	艹桀	0
𦵱	cx	艹屑	0
𦵯	ch	艹害	0
𦵭	ch	.	0
𦵬	cz	艹祚	0
𦵫	cs	艹索	0
𦵩	cj	艹酒	0
𦵧	cl	艹狼	0
𦵦	ci	艹俶	0
𦵣	ch	.	0
𦵣	cu	艹豕	0
𦵡	cg	艹宫	0
𦵟	cu	艹邿	0
𦵍	cw	艹攵	0
𦵋	ci	艹串	0
𦵂	cl	艹柳	0
𦵀	cm	艹面	0
𦴽	cu	艹拴	0
𦴵	cd	艹丢	0
𦴬	cc	艹屮	0
𦴧	cf	艹飛	0
𦴚	ct	艹迢	0
𦴔	yo	.	0
𦴑	cg	艹柑	0
𦴎	cu	艹殳	0
𦴍	cu	.	0
𦴍	cy	艹也	0
𦴌	cy	.	0
𦴋	cy	艹又	0
𦴊	cy	艹殃	0
𦴈	cr	艹若	0
𦴀	co	艹目	0
𦳿	cu	艹矢	0
𦳾	ce	.	0
𦳾	cy	艹允	0
𦳽	cy	艹允	0
𦳷	cq	艹酋	0
𦳶	ci	艹虫	0
𦳶	cm	.	0
𦳶	mi	.	0
𦳳	cj	.	0
𦳲	jd	莖刂	0
𦳮	cm	艹木	0
𦳭	cb	艹丙	0
𦳬	ch	艹合	0
𦳫	cq	艹欠	0
𦳩	cy	艹囿	0
𦳧	cy	.	0
𦳧	cz	艹子	0
𦳦	cz	艹哉	0
𦳥	cm	艹眇	0
𦳣	xd	荀大	0
𦳢	cw	艹胃	0
𦳡	cl	.	0
𦳡	cy	艹又	0
𦳟	cy	艹羊	0
𦳞	cb	艹拜	0
𦳝	cw	艹勿	0
𦳝	cy	.	0
𦳜	ch	.	0
𦳜	co	艹日	0
𦳛	cg	艹軌	0
𦳚	cu	艹是	0
𦳘	ci	艹查	0
𦳗	cu	艹省	0
𦳖	zq	辶苘	0
𦳔	cd	艹度	0
𦳓	cf	.	0
𦳓	cj	艹几	0
𦳑	cm	艹某	0
𦳐	cn	艹柰	0
𦳏	cq	艹且	0
𦳏	cv	.	0
𦳌	cj	艹急	0
𦳋	ck	.	0
𦳋	cy	艹又	0
𦳈	cb	.	0
𦳈	cp	艹毗	0
𦳇	ct	艹恬	0
𦳄	cb	艹便	0
𦳃	cy	艹耶	0
𦳁	ch	.	0
𦳁	cm	艹毛	0
𦲲	cm	艹枚	0
𦲱	fc	苻廾	0
𦲰	ck	艹亏	0
𦲯	cm	.	0
𦲯	cw	艹夂	0
𦲫	cf	艹拂	0
𦲦	cj	艹久	0
𦲣	ct	艹田	0
𦲜	xm	芯木	0
𦲚	cv	艹狀	0
𦲖	cj	艹今	0
𦲓	cj	艹杰	0
𦲑	cu	艹氺	0
𦲉	cx	艹泄	0
𦲅	ck	艹冂	0
𦱾	cp	艹坪	0
𦱷	ch	艹灬	0
𦱵	cu	艹矢	0
𦱱	cc	艹廾	0
𦱧	cb	屮本	0
𦱣	cm	艹皿	0
𦱣	mm	.	0
𦱠	cc	屮屮	0
𦱜	cd	.	0
𦱜	cu	艹勺	0
𦱖	cf	艹附	0
𦱔	cp	.	0
𦱓	cb	艹畀	0
𦱒	cm	艹牧	0
𦱌	cg	艹岡	0
𦱋	cm	艹盲	0
𦱊	cv	艹争	0
𦱇	ck	艹空	0
𦱆	ct	艹陀	0
𦱅	cj	艹居	0
𦱃	cy	艹盂	0
𦱂	ch	艹或	0
𦱁	cx	艹弦	0
𦱀	cy	艹育	0
𦰾	cb	艹包	0
𦰾	cp	.	0
𦰽	cp	艹披	0
𦰺	cb	.	0
𦰺	cf	艹阜	0
𦰹	cu	艹受	0
𦰸	cx	艹心	0
𦰳	cy	艹牙	0
𦰲	cx	艹盱	0
𦰱	cu	艹尚	0
𦰰	cj	艹句	0
𦰰	cx	.	0
𦰯	cu	艹始	0
𦰭	ct	艹屯	0
𦰭	cv	.	0
𦰬	cb	艹帛	0
𦰫	cn	艹泥	0
𦰪	cq	艹泅	0
𦰧	cm	艹木	0
𦰥	cb	艹邦	0
𦰡	cn	艹那	0
𦰛	cf	艹汾	0
𦰙	bc	.	0
𦰙	cc	艹廾	0
𦰘	cd	艹氐	0
𦰖	cp	艹抛	0
𦰑	my	茆又	0
𦰏	cd	.	0
𦰏	ct	艹条	0
𦰎	cx	艹夕	0
𦰍	cx	艹心	0
𦰋	ck	艹口	0
𦰄	cj	艹今	0
𦯿	cc	艹寸	0
𦯽	xn	芯女	0
𦯺	cn	艹女	0
𦯶	cj	艹冏	0
𦯰	cu	艹石	0
𦯯	cr	艹人	0
𦯬	cu	艹佘	0
𦯫	ci	.	0
𦯪	cb	艹杓	0
𦯤	ce	屮二	0
𦯣	cq	艹且	0
𦯠	cl	艹乱	0
𦯜	ce	艹儿	0
𦯖	cn	.	0
𦯖	ct	艹土	0
𦯕	cs	艹宋	0
𦯒	cy	艹仰	0
𦯑	cz	艹皁	0
𦯐	cv	艹召	0
𦯍	cg	艹乚	0
𦯍	cv	.	0
𦯉	cb	艹伯	0
𦯈	cj	.	0
𦯈	cy	艹又	0
𦯅	cx	艹序	0
𦯀	cb	艹坌	0
𦮾	cn	艹内	0
𦮼	cj	艹忌	0
𦮻	co	艹月	0
𦮻	cy	艹肙	0
𦮺	cs	艹私	0
𦮹	cb	艹巴	0
𦮹	cp	.	0
𦮸	cy	艹矣	0
𦮷	cb	艹貝	0
𦮶	cw	艹吻	0
𦮯	cy	艹刖	0
𦮦	ce	艹阝	0
𦮥	cd	艹大	0
𦮛	cj	艹久	0
𦮙	cc	.	0
𦮑	ck	艹口	0
𦮐	cd	艹大	0
𦮐	cx	.	0
𦮅	cj	.	0
𦮁	cc	艹廾	0
𦭼	cb	.	0
𦭼	cy	艹又	0
𦭻	cj	艹臼	0
𦭺	cj	艹丩	0
𦭹	ch	艹灰	0
𦭸	cv	艹舟	0
𦭷	cm	艹牟	0
𦭶	cx	艹先	0
𦭵	cy	艹羊	0
𦭴	cv	艹州	0
𦭳	cy	艹羽	0
𦭲	cg	艹弓	0
𦭲	cj	.	0
𦭰	cr	艹汝	0
𦭯	cb	艹丙	0
𦭯	cl	.	0
𦭮	ck	艹口	0
𦭮	ct	.	0
𦭭	cq	艹邛	0
𦭥	ct	.	0
𦭥	cy	艹也	0
𦭡	cs	艹司	0
𦭟	ct	艹他	0
𦭜	cv	艹只	0
𦭛	cq	艹仟	0
𦭘	ce	艹卩	0
𦭗	cr	艹人	0
𦭖	cj	艹甲	0
𦭑	ct	艹汀	0
𦭉	cj	艹九	0
𦭈	cw	艹瓦	0
𦭁	cn	.	0
𦭁	cy	艹又	0
𦬾	cx	艹玄	0
𦬻	cn	艹奴	0
𦬺	cx	艹兄	0
𦬹	cd	艹旦	0
𦬸	cv	.	0
𦬴	cy	.	0
𦬬	cw	艹王	0
𦬩	cl	艹六	0
𦬢	cs	艹卅	0
𦬞	ct	艹天	0
𦬛	cg	.	0
𦬛	cm	艹丏	0
𦬚	ch	艹互	0
𦬙	cf	.	0
𦬙	cp	艹仆	0
𦬘	cg	艹公	0
𦬗	cg	艹戈	0
𦬖	ci	艹仇	0
𦬕	cv	艹中	0
𦬔	cv	艹爪	0
𦬑	cn	艹女	0
𦬏	cc	艹屮	0
𦬎	cy	艹也	0
𦬊	cs	艹巳	0
𦬅	ck	艹口	0
𦬄	cr	艹刃	0
𦬃	cq	艹七	0
𦬃	cv	.	0
𦬂	cw	艹兀	0
𦬁	cc	艹才	0
𦫻	cr	艹亻	0
𦫶	cj	艹丩	0
𦫳	ca	卝丨	0
𦫳	gu	.	0
𦫲	ss	色糸	0
𦫰	ms	夢色	0
𦫰	sm	色夢	0
𦫯	sx	色熏	0
𦫯	xs	熏色	0
𦫮	sy	色員	0
𦫮	ys	員色	0
𦫭	sv	色真	0
𦫭	vs	真色	0
𦫫	sw	色翁	0
𦫫	ws	翁色	0
𦫪	sw	色窊	0
𦫪	ws	窊色	0
𦫤	sy	色頁	0
𦫡	qs	其色	0
𦫡	sq	色其	0
𦫚	ks	夸色	0
𦫚	sk	色夸	0
𦫙	bs	白色	0
𦫙	sb	.	0
𦫖	sb	色白	0
𦫕	ms	末色	0
𦫕	sm	色末	0
𦫕	sw	.	0
𦫔	ds	癶色	0
𦫔	sd	色癶	0
𦫎	gl	艮耒	0
𦫎	lg	耒艮	0
𦫊	vl	舟靈	0
𦫈	vl	舟蠡	0
𦫃	vk	舟口	0
𦫃	vl	.	0
𦫀	vt	.	0
𦪿	vl	舟龍	0
𦪾	vl	舟歷	0
𦪽	vl	舟龍	0
𦪹	bx	般血	0
𦪹	vx	舟血	0
𦪶	vi	舟虫	0
𦪶	vl	.	0
𦪳	vh	舟豪	0
𦪱	iv	臣舟	0
𦪱	vi	.	0
𦪱	vq	舟妻	0
𦪭	vd	舟達	0
𦪬	vx	舟歇	0
𦪫	vc	舟粲	0
𦪪	vf	舟丰	0
𦪧	vg	舟敢	0
𦪣	dv	單舟	0
𦪣	vd	舟單	0
𦪡	vx	舟虚	0
𦪠	vh	舟華	0
𦪟	vp	舟彭	0
𦪞	vq	舟喬	0
𦪝	vj	.	0
𦪜	vc	.	0
𦪜	vx	舟心	0
𦪛	vy	舟堯	0
𦪚	vz	舟尊	0
𦪙	vh	.	0
𦪙	vx	舟翕	0
𦪘	vj	舟厥	0
𦪗	vh	舟黄	0
𦪖	vf	舟番	0
𦪕	vl	.	0
𦪕	vx	舟小	0
𦪔	vd	舟敦	0
𦪒	vg	舟貴	0
𦪑	vf	舟發	0
𦪍	vd	.	0
𦪋	vx	舟羞	0
𦪊	vq	舟戚	0
𦪉	vh	舟淮	0
𦪈	va	舟敖	0
𦪇	vl	舟鹿	0
𦪆	vj	舟基	0
𦪀	vt	舟唐	0
𦩿	vj	舟臼	0
𦩼	vg	舟貢	0
𦩸	vr	舟弱	0
𦩷	vg	.	0
𦩵	vj	舟兼	0
𦩴	vq	舟豈	0
𦩲	vq	舟酋	0
𦩱	vt	舟土	0
𦩯	vq	舟曲	0
𦩮	vy	舟爰	0
𦩭	vs	舟思	0
𦩬	vw	舟威	0
𦩫	vd	.	0
𦩫	vj	舟巾	0
𦩩	vn	舟女	0
𦩨	vj	舟津	0
𦩧	vj	.	0
𦩧	vm	舟孖	0
𦩧	zv	子舟	0
𦩤	vt	舟突	0
𦩣	vq	舟契	0
𦩢	vx	舟咸	0
𦩡	vf	.	0
𦩡	vt	舟田	0
𦩠	vx	舟星	0
𦩞	vy	舟俞	0
𦩝	vw	舟胃	0
𦩜	vk	舟口	0
𦩜	vp	.	0
𦩘	vd	舟定	0
𦩖	vb	舟卑	0
𦩕	vh	舟虎	0
𦩏	vv	舟隹	0
𦩍	vv	舟周	0
𦩌	vj	.	0
𦩌	vy	.	0
𦩋	vf	舟非	0
𦩈	vy	舟矣	0
𦩆	vw	舟我	0
𦩅	vh	舟旱	0
𦩃	vd	舟兑	0
𦨾	vh	舟亨	0
𦨼	vk	舟口	0
𦨼	vw	舟吴	0
𦨹	vw	舟危	0
𦨵	vx	舟行	0
𦨴	vt	舟同	0
𦨳	vw	舟吴	0
𦨲	vf	舟氾	0
𦨱	vy	舟聿	0
𦨰	vq	舟邛	0
𦨯	vu	舟舌	0
𦨮	vd	舟代	0
𦨭	vp	舟皮	0
𦨬	vy	舟永	0
𦨫	vp	舟平	0
𦨩	vl	舟龙	0
𦨦	jv	加舟	0
𦨦	vj	舟加	0
𦨥	vi	舟出	0
𦨤	vy	舟永	0
𦨤	yv	永舟	0
𦨣	vv	舟召	0
𦨢	vd	舟氐	0
𦨡	vf	舟弗	0
𦨞	vy	舟元	0
𦨜	vg	舟戈	0
𦨚	vq	舟犬	0
𦨙	vo	舟日	0
𦨖	vu	舟少	0
𦨓	vu	舟勺	0
𦨎	vq	舟七	0
𦨎	vv	.	0
𦨍	vd	舟丁	0
𦨋	vn	舟乃	0
𦨉	vd	舟刂	0
𦨈	vr	舟人	0
𦨇	vy	舟乙	0
𦧼	ul	舌闌	0
𦧺	ul	舌賴	0
𦧹	uy	.	0
𦧸	us	.	0
𦧸	ux	舍巽	0
𦧵	uu	舌舌	0
𦧴	ud	舌單	0
𦧲	ul	舌累	0
𦧱	ux	舌習	0
𦧯	ux	舌息	0
𦧮	uh	舌害	0
𦧬	tu	彖舌	0
𦧬	uh	.	0
𦧬	ut	舌彖	0
𦧥	du	沓舌	0
𦧥	ud	舌沓	0
𦧥	ut	.	0
𦧡	uy	舌炎	0
𦧡	yu	炎舌	0
𦧠	bu	帛舌	0
𦧠	ub	舌帛	0
𦧟	ut	.	0
𦧞	uq	舌呇	0
𦧝	uy	舌延	0
𦧛	uh	舌合	0
𦧚	uu	舌舌	0
𦧙	uv	舌朱	0
𦧘	ur	舌肉	0
𦧖	uk	舌口	0
𦧖	ut	.	0
𦧔	ug	舌瓜	0
𦧒	ug	舌古	0
𦧐	su	厶舌	0
𦧐	uj	.	0
𦧐	uu	舌十	0
𦧏	uj	舌井	0
𦧍	uv	舌爪	0
𦧍	vu	爪舌	0
𦧋	un	舌牛	0
𦧉	uv	舌支	0
𦧈	uj	舌今	0
𦧅	bx	八興	0
𦧅	xx	興興	0
𦦿	ye	嬰兒	0
𦦽	jl	.	0
𦦽	js	臼糸	0
𦦽	sj	糸臼	0
𦦹	jz	.	0
𦦳	yd	與兑	0
𦦱	ii	.	0
𦦱	ij	舂臼	0
𦦱	jj	臼臼	0
𦦣	jz	臼最	0
𦦢	ij	敞臼	0
𦦢	ji	臼敞	0
𦦜	iy	.	0
𦦜	jy	.	0
𦦛	xq	.	0
𦦘	ij	.	0
𦦗	mb	木冖	0
𦦗	xm	.	0
𦦕	ij	.	0
𦦕	jj	臼夾	0
𦦕	qj	千夾	0
𦦑	xf	.	0
𦦌	yv	舀召	0
𦦅	jz	臼奏	0
𦦄	jo	臼日	0
𦦄	jx	.	0
𦦄	oj	日臼	0
𦦃	ve	旨兒	0
𦥻	ji	臼垂	0
𦥱	jj	臼巾	0
𦥰	jg	臼光	0
𦥭	bj	.	0
𦥭	jc	臼屮	0
𦥭	jn	.	0
𦥬	jv	臼乍	0
𦥦	jm	臼末	0
𦥣	jy	臼尤	0
𦥝	jv	.	0
𦥗	jl	臼了	0
𦥐	xv	枲致	0
𦥏	vv	至至	0
𦥎	vv	至執	0
𦥍	vx	至夏	0
𦥊	vs	至孫	0
𦥉	uw	室吾	0
𦥂	tv	土至	0
𦥂	vg	.	0
𦥂	vk	至冂	0
𦤽	vn	至尼	0
𦤻	gv	瓜至	0
𦤻	vg	.	0
𦤹	vb	至不	0
𦤸	iv	川至	0
𦤸	vi	至川	0
𦤷	vj	至久	0
𦤬	ih	臭害	0
𦤫	zb	自鼻	0
𦤪	hi	曷臭	0
𦤩	zl	自廉	0
𦤨	im	臭皿	0
𦤨	iw	.	0
𦤨	zm	自皿	0
𦤧	in	臭柰	0
𦤦	ih	臭曷	0
𦤥	zx	自翔	0
𦤤	zh	自隺	0
𦤣	bi	孛臭	0
𦤢	bl	.	0
𦤢	jl	洎侖	0
𦤟	xi	囟臭	0
𦤚	ib	.	0
𦤚	id	臭丶	0
𦤚	zd	自丶	0
𦤙	gi	.	0
𦤙	ni	臬出	0
𦤘	zx	.	0
𦤖	zz	自卒	0
𦤕	ig	臭夬	0
𦤏	zt	自田	0
𦤎	zb	自本	0
𦤋	uz	尸自	0
𦤋	za	自丨	0
𦤊	zi	自丑	0
𦤈	zc	自从	0
𦤇	zf	自反	0
𦤂	zu	自殳	0
𦣾	zw	自兀	0
𦣻	ao	丆目	0
𦣻	ho	.	0
𦣻	za	.	0
𦣺	zu	.	0
𦣸	ij	.	0
𦣸	im	臣皿	0
𦣶	ib	臣八	0
𦣴	qq	.	0
𦣳	ij	臣焦	0
𦣯	ij	臣叚	0
𦣩	ia	臣丨	0
𦣩	ii	.	0
𦣨	ir	臣任	0
𦣧	ie	臣二	0
𦣦	ii	臣臣	0
𦣥	ib	臣必	0
𦣢	ik	臣冂	0
𦣢	iu	.	0
𦣜	oj	月疾	0
𦣛	ol	月戀	0
𦣘	on	月囊	0
𦣖	oj	月晶	0
𦣖	wj	亡晶	0
𦣒	oj	月矍	0
𦣍	og	月羹	0
𦣋	ol	.	0
𦣋	os	月糸	0
𦣇	ol	月羅	0
𦣅	oj	月爵	0
𦣂	of	月豐	0
𦣀	on	月聶	0
𦢿	oj	月冏	0
𦢿	os	.	0
𦢺	oj	月焦	0
𦢱	jf	君凡	0
𦢱	of	月凡	0
𦢯	ox	月興	0
𦢬	or	月蕊	0
𦢫	ol	月龍	0
𦢩	ox	月蕭	0
𦢧	om	月瞢	0
𦢙	oq	.	0
𦢔	oh	月慧	0
𦢒	ob	月貝	0
𦢐	os	月厶	0
𦢏	ol	.	0
𦢏	ot	月田	0
𦢎	og	月廣	0
𦢊	ob	月暴	0
𦢆	ry	.	0
𦢄	op	月裴	0
𦢃	oy	月言	0
𦢂	od	月大	0
𦡼	ry	.	0
𦡼	yr	疑肉	0
𦡻	oj	月几	0
𦡻	op	.	0
𦡺	bo	貝月	0
𦡺	ob	月貝	0
𦡹	ox	月㬎	0
𦡷	od	月對	0
𦡵	oh	.	0
𦡴	ou	月壽	0
𦡲	on	月寧	0
𦡱	od	月翟	0
𦡱	ov	.	0
𦡭	rj	.	0
𦡫	oy	月義	0
𦡪	od	月豆	0
𦡨	lp	林皮	0
𦡨	op	月皮	0
𦡧	oy	月業	0
𦡝	ra	肉愛	0
𦡙	ow	月夂	0
𦡙	oz	.	0
𦡖	os	月歲	0
𦡖	so	歲月	0
𦡕	ob	月雹	0
𦡐	oj	月建	0
𦡏	od	月電	0
𦡉	mo	盟月	0
𦡉	om	月盟	0
𦡆	ok	月窟	0
𦡅	oy	月酉	0
𦡄	od	月都	0
𦡃	ol	月里	0
𦡃	on	.	0
𦡂	od	月董	0
𦠿	oj	月韭	0
𦠿	oz	.	0
𦠾	oj	月戢	0
𦠻	of	月費	0
𦠺	vk	炙昆	0
𦠹	vv	炙炙	0
𦠸	od	月多	0
𦠸	oi	.	0
𦠷	cx	囱胥	0
𦠪	rr	人肉	0
𦠦	ou	月疏	0
𦠣	ow	月攵	0
𦠢	oj	月就	0
𦠞	bo	敝月	0
𦠞	ob	月敝	0
𦠜	oh	月華	0
𦠛	ot	月替	0
𦠚	oq	月喬	0
𦠖	ob	月包	0
𦠕	wr	亠肉	0
𦠓	io	厂月	0
𦠓	oh	月禾	0
𦠒	jo	厥月	0
𦠒	oj	月厥	0
𦠎	ob	.	0
𦠎	oq	月犬	0
𦠉	oy	月壹	0
𦠇	oc	月曾	0
𦠆	os	.	0
𦠆	ox	月巽	0
𦠅	ox	月尋	0
𦠄	oj	月幾	0
𦠂	nr	鳥肉	0
𦠁	vu	炙束	0
𦟳	oi	月巢	0
𦟱	os	月宿	0
𦟰	oc	.	0
𦟮	om	月莽	0
𦟪	ol	月連	0
𦟧	ok	月口	0
𦟧	yk	.	0
𦟤	ox	月羞	0
𦟣	ow	月夂	0
𦟠	oq	月戚	0
𦟟	om	月麻	0
𦟞	og	.	0
𦟞	oy	.	0
𦟜	oz	月責	0
𦟛	oy	月庸	0
𦟙	oh	月灬	0
𦟘	oy	月寅	0
𦟕	oh	月昏	0
𦟔	ov	月致	0
𦟐	om	月馬	0
𦟌	ov	月展	0
𦟈	oh	月害	0
𦟄	os	月桑	0
𦟃	oz	月牂	0
𦟂	om	月迷	0
𦞽	og	月骨	0
𦞵	og	月皋	0
𦞳	or	月容	0
𦞲	oi	月蚩	0
𦞱	rg	肉鬼	0
𦞮	on	月逆	0
𦞭	ow	月窊	0
𦞬	oq	.	0
𦞫	bo	宀月	0
𦞫	ob	月八	0
𦞨	og	月宫	0
𦞦	oh	月隺	0
𦞥	ot	月土	0
𦞤	oz	月宰	0
𦞣	oz	月蚤	0
𦞢	oh	.	0
𦞢	ou	月豕	0
𦞡	oy	月邕	0
𦞠	os	月隼	0
𦞟	om	月皿	0
𦞞	og	月干	0
𦞞	oh	.	0
𦞝	oq	月氣	0
𦞛	oc	月倉	0
𦞚	ox	月屑	0
𦞙	og	月鬼	0
𦞘	rj	肉建	0
𦞗	og	.	0
𦞗	os	月厶	0
𦞖	ok	月看	0
𦞕	oh	.	0
𦞌	oh	月恒	0
𦞈	oh	月侯	0
𦞇	oy	月禹	0
𦞆	ot	月土	0
𦞂	od	.	0
𦞂	oh	月合	0
𦞁	oz	月哉	0
𦝿	od	月点	0
𦝼	ol	月娄	0
𦝷	op	月屏	0
𦝴	os	月厶	0
𦝳	oi	.	0
𦝰	oc	.	0
𦝰	ox	月心	0
𦝮	oh	.	0
𦝮	oo	月日	0
𦝬	ot	月突	0
𦝪	ot	月土	0
𦝪	oy	.	0
𦝨	oj	月皆	0
𦝧	ou	月甚	0
𦝦	oo	月月	0
𦝥	oi	.	0
𦝥	oj	月臼	0
𦝤	ob	月並	0
𦝣	ok	月客	0
𦝢	og	月癸	0
𦝟	ol	月厘	0
𦝞	ot	月亭	0
𦝝	oh	月奂	0
𦝛	ow	月韋	0
𦝚	oy	月盈	0
𦝙	xr	昔肉	0
𦝖	oo	月月	0
𦝔	ov	月知	0
𦝒	oq	月取	0
𦝏	os	月厶	0
𦝀	on	月奈	0
𦜴	go	股月	0
𦜳	op	月朋	0
𦜲	oa	.	0
𦜲	oy	月云	0
𦜰	ov	月卓	0
𦜯	oh	月灬	0
𦜭	ob	月奔	0
𦜧	ob	月巴	0
𦜤	oo	月月	0
𦜣	ot	月土	0
𦜜	ir	臣肉	0
𦜜	rq	.	0
𦜛	oj	月九	0
𦜖	oy	月亞	0
𦜓	ox	月欣	0
𦜒	ow	月夂	0
𦜐	og	月官	0
𦜏	ol	月戾	0
𦜎	oi	月承	0
𦜍	of	月放	0
𦜋	ov	月制	0
𦜊	om	月木	0
𦜇	oq	月屈	0
𦜆	oh	月函	0
𦜄	ow	月夂	0
𦜃	od	月大	0
𦜃	ot	.	0
𦜁	rf	肉丰	0
𦛼	ob	月兵	0
𦛲	oj	月角	0
𦛱	og	月谷	0
𦛰	oq	月迄	0
𦛯	oy	月又	0
𦛯	uo	石月	0
𦛮	oe	月儿	0
𦛩	og	月告	0
𦛨	ol	月劳	0
𦛤	om	.	0
𦛣	oz	月走	0
𦛢	og	月国	0
𦛠	on	.	0
𦛠	ot	月土	0
𦛟	og	月更	0
𦛞	oy	月邑	0
𦛝	ry	.	0
𦛝	yr	余肉	0
𦛜	oh	月含	0
𦛚	ok	月口	0
𦛙	oi	月成	0
𦛘	oi	月赤	0
𦛗	ol	月吕	0
𦛖	og	月乚	0
𦛖	ov	.	0
𦛕	oj	月劫	0
𦛔	op	月疋	0
𦛓	oj	月臼	0
𦛏	oq	.	0
𦛏	ot	月土	0
𦛋	oj	月吉	0
𦛊	oc	月存	0
𦛈	oy	月曳	0
𦛇	jr	决肉	0
𦛅	ra	肉安	0
𦚼	oq	月曲	0
𦚸	og	月亘	0
𦚷	hr	合肉	0
𦚵	ox	月西	0
𦚱	ol	月老	0
𦚫	od	月大	0
𦚩	od	月朵	0
𦚨	fr	丰肉	0
𦚨	rq	.	0
𦚧	ox	月旬	0
𦚦	oi	月丞	0
𦚥	of	月缶	0
𦚣	og	月艮	0
𦚢	ob	月匕	0
𦚢	oy	.	0
𦚡	ox	月血	0
𦚞	ok	月匡	0
𦚝	yb	月冰	0
𦚔	ov	月召	0
𦚐	ot	月它	0
𦚏	lo	立月	0
𦚏	ol	月立	0
𦚊	oh	月号	0
𦚈	ou	月石	0
𦙻	om	月灭	0
𦙺	jo	加月	0
𦙺	oj	月加	0
𦙸	oy	月用	0
𦙶	og	月古	0
𦙴	ov	月主	0
𦙱	oc	月册	0
𦙯	do	代月	0
𦙯	od	月代	0
𦙮	ox	月穴	0
𦙫	ov	月正	0
𦙨	od	.	0
𦙨	og	月弓	0
𦙧	ru	肉少	0
𦙜	oe	月厄	0
𦙙	ou	月水	0
𦙔	ov	月爫	0
𦙔	vo	爫月	0
𦙉	oj	月几	0
𦙈	oc	.	0
𦙈	ou	月十	0
𦙇	or	.	0
𦙆	ou	月氏	0
𦙂	br	不肉	0
𦙂	rb	.	0
𦙀	of	月反	0
𦘿	oy	月又	0
𦘼	yo	.	0
𦘹	ou	月山	0
𦘸	oq	.	0
𦘶	oi	月川	0
𦘵	oj	月九	0
𦘴	oq	月七	0
𦘴	ov	.	0
𦘲	or	月入	0
𦘮	om	月乜	0
𦘪	oh	.	0
𦘩	ob	月八	0
𦘤	su	肅史	0
𦘙	yo	聿日	0
𦘔	yp	.	0
𦘒	ya	肀一	0
𦘒	yy	.	0
𦘐	el	耳麗	0
𦘍	eg	.	0
𦘍	eq	耳闋	0
𦘌	eh	耳昏	0
𦘌	je	金耳	0
𦘌	me	.	0
𦘊	el	耳歷	0
𦘂	em	耳綿	0
𦘁	ew	耳聞	0
𦗼	ej	.	0
𦗼	eq	耳僉	0
𦗼	qe	僉耳	0
𦗻	ep	耳品	0
𦗹	eq	耳僉	0
𦗵	ec	.	0
𦗵	em	耳木	0
𦗴	ed	耳當	0
𦗳	en	耳農	0
𦗲	ei	耳舛	0
𦗱	ei	耳成	0
𦗱	we	未耳	0
𦗮	es	.	0
𦗭	ep	耳彭	0
𦗭	pe	彭耳	0
𦗬	ej	耳間	0
𦗨	ec	耳毳	0
𦗧	ed	耳答	0
𦗥	be	敝耳	0
𦗥	eb	耳敝	0
𦗣	eh	耳黑	0
𦗢	eu	耳善	0
𦗡	eq	.	0
𦗡	et	耳覃	0
𦗜	ec	耳從	0
𦗛	eq	耳區	0
𦗗	ex	耳習	0
𦗖	el	.	0
𦗕	em	耳麻	0
𦗕	me	麻耳	0
𦗔	ei	耳巢	0
𦗓	el	耳鹿	0
𦗒	eg	耳郭	0
𦗑	ed	.	0
𦗑	eg	耳古	0
𦗐	eu	耳豕	0
𦗐	ey	.	0
𦗍	ep	耳旁	0
𦗋	er	耳容	0
𦗅	es	耳厶	0
𦗁	ev	耳真	0
𦗁	ve	真耳	0
𦗀	ev	耳真	0
𦖿	ed	.	0
𦖿	eh	耳合	0
𦖾	ej	耳兼	0
𦖽	eb	耳冖	0
𦖽	ey	.	0
𦖽	he	火耳	0
𦖼	eg	耳骨	0
𦖺	ez	耳兹	0
𦖸	ew	耳夂	0
𦖸	ez	.	0
𦖶	es	耳厶	0
𦖵	ey	耳爰	0
𦖲	ej	耳叚	0
𦖯	ew	耳爲	0
𦖭	ey	耳俞	0
𦖬	em	耳皿	0
𦖬	ex	.	0
𦖩	ed	耳大	0
𦖩	ee	而耳	0
𦖩	er	.	0
𦖧	en	耳女	0
𦖧	ey	.	0
𦖦	ey	耳頁	0
𦖤	ex	耳星	0
𦖢	ey	耳音	0
𦖠	ey	耳炎	0
𦖞	eh	耳昏	0
𦖞	he	昏耳	0
𦖝	ce	刺耳	0
𦖝	ec	耳刺	0
𦖔	ek	耳亏	0
𦖒	ez	耳卒	0
𦖐	ex	耳卸	0
𦖎	ej	耳今	0
𦖎	ek	.	0
𦖍	eg	耳果	0
𦖋	ei	耳垂	0
𦖊	eq	耳奇	0
𦖉	ew	耳罔	0
𦖈	ey	耳奄	0
𦖃	ej	耳見	0
𦖀	ef	耳孚	0
𦕽	eu	耳伸	0
𦕸	el	耳里	0
𦕷	eg	耳汞	0
𦕵	el	耳牢	0
𦕰	ed	耳朵	0
𦕯	ed	耳大	0
𦕬	ee	耳阝	0
𦕣	ey	耳延	0
𦕠	eg	耳共	0
𦕛	em	耳民	0
𦕙	ej	耳句	0
𦕖	ev	耳止	0
𦕓	eg	.	0
𦕒	ev	耳占	0
𦕏	ev	耳中	0
𦕉	eu	耳少	0
𦕉	ue	少耳	0
𦕈	eu	耳少	0
𦕆	ey	耳牙	0
𦕅	ea	耳卬	0
𦔿	et	耳天	0
𦔼	ew	.	0
𦔹	ei	耳叉	0
𦔸	eg	耳工	0
𦔷	ey	耳幺	0
𦔳	el	耳力	0
𦔰	ea	耳乛	0
𦔯	be	八耳	0
𦔯	eb	耳八	0
𦔮	eg	耳乚	0
𦔭	lm	耒靡	0
𦔬	lq	耒瞿	0
𦔫	ly	耒翼	0
𦔩	lb	.	0
𦔩	lh	耒灬	0
𦔧	ly	耒愚	0
𦔦	lh	耒會	0
𦔥	lg	.	0
𦔥	lx	耒幸	0
𦔣	lm	耒母	0
𦔠	lb	耒萆	0
𦔞	lw	耒攵	0
𦔜	ly	耒異	0
𦔛	lt	耒童	0
𦔖	ll	耒連	0
𦔔	lm	耒曼	0
𦔓	li	.	0
𦔓	ll	耒离	0
𦔎	lc	.	0
𦔎	lw	耒夂	0
𦔍	lc	耒寸	0
𦔍	lf	.	0
𦔌	lq	耒耆	0
𦔋	lr	耒茸	0
𦔉	lv	耒重	0
𦔈	lu	耒矢	0
𦔆	lf	.	0
𦔆	lt	耒田	0
𦔅	lt	耒突	0
𦔄	lu	耒省	0
𦔃	ly	耒英	0
𦔂	lu	耒是	0
𦓾	lj	.	0
𦓾	lq	耒囷	0
𦓽	lw	耒委	0
𦓼	lk	耒昆	0
𦓻	ly	耒易	0
𦓺	lv	耒争	0
𦓹	ll	耒來	0
𦓶	li	耒辰	0
𦓴	lx	耒肖	0
𦓳	lg	耒共	0
𦓲	lr	耒如	0
𦓱	lg	耒各	0
𦓰	lq	耒全	0
𦓯	lg	耒圭	0
𦓬	lp	耒平	0
𦓧	lb	耒八	0
𦓥	le	耒卩	0
𦓢	eq	而犬	0
𦓢	qe	犬而	0
𦓝	eu	而山	0
𦓝	vd	.	0
𦓖	er	而忍	0
𦓕	ey	而曳	0
𦓔	ee	而而	0
𦓓	ew	.	0
𦓑	ej	而九	0
𦓎	ed	而刂	0
𦓍	vr	者仁	0
𦓋	hh	.	0
𦓋	ll	老老	0
𦓈	lh	.	0
𦓈	ll	老老	0
𦓁	ly	.	0
𦒻	lv	耂占	0
𦒺	ly	老又	0
𦒶	lw	耂勿	0
𦒴	lu	老山	0
𦒰	td	泰翟	0
𦒰	tv	.	0
𦒧	hy	霍羽	0
𦒧	yh	羽霍	0
𦒦	yl	.	0
𦒟	by	.	0
𦒟	yj	羽臼	0
𦒟	yp	.	0
𦒝	gy	感羽	0
𦒝	yg	羽感	0
𦒜	dy	亶羽	0
𦒜	yd	羽亶	0
𦒘	xy	覀羽	0
𦒑	yj	.	0
𦒑	yy	羽矞	0
𦒐	yb	羽敝	0
𦒏	yy	羽堯	0
𦒎	yh	羽惠	0
𦒍	ty	童羽	0
𦒍	yt	羽童	0
𦒈	ry	人羽	0
𦒈	yc	羽艹	0
𦒈	yh	.	0
𦒆	yx	羽習	0
𦒅	yh	羽𦰩	0
𦒄	yh	羽彗	0
𦒁	yi	羽差	0
𦒀	qy	豈羽	0
𦒀	yq	羽豈	0
𦑿	yd	羽東	0
𦑾	yo	羽日	0
𦑼	yt	.	0
𦑼	yy	羽羽	0
𦑻	wy	韋羽	0
𦑻	yw	羽韋	0
𦑺	iy	差羽	0
𦑺	yi	羽差	0
𦑹	jy	臼羽	0
𦑹	yo	羽日	0
𦑸	xy	彳羽	0
𦑸	yw	羽攵	0
𦑸	yx	.	0
𦑶	yt	.	0
𦑶	yu	.	0
𦑵	yf	.	0
𦑲	sy	罒羽	0
𦑲	yb	羽八	0
𦑲	ys	.	0
𦑲	yt	.	0
𦑱	yh	羽隺	0
𦑯	yj	.	0
𦑩	yj	羽軍	0
𦑣	yi	.	0
𦑣	yj	羽臼	0
𦑡	uy	是羽	0
𦑡	yu	羽是	0
𦑠	yh	羽皇	0
𦑟	yh	羽訇	0
𦑞	yf	.	0
𦑞	yt	羽田	0
𦑝	vy	重羽	0
𦑝	yv	羽重	0
𦑜	gy	革羽	0
𦑜	yg	.	0
𦑛	yy	羽爰	0
𦑚	yh	.	0
𦑙	ty	彖羽	0
𦑙	yh	.	0
𦑙	yt	羽彖	0
𦑘	xy	咸羽	0
𦑘	yx	羽咸	0
𦑓	ay	丨羽	0
𦑓	yy	.	0
𦑒	by	.	0
𦑒	yg	羽干	0
𦑑	xy	心羽	0
𦑑	yx	.	0
𦑏	yv	羽隹	0
𦑎	yy	羽奄	0
𦑍	hy	或羽	0
𦑍	yh	羽或	0
𦑌	yh	羽或	0
𦑋	yz	羽卒	0
𦑋	zy	卒羽	0
𦑈	yj	.	0
𦑇	yt	.	0
𦑂	sy	厶羽	0
𦑂	yw	羽夂	0
𦑁	yw	羽夂	0
𦑀	ye	羽儿	0
𦑀	ym	.	0
𦐿	yt	羽廷	0
𦐾	uy	束羽	0
𦐾	yu	羽束	0
𦐽	yy	.	0
𦐺	xy	肖羽	0
𦐺	yx	羽肖	0
𦐹	yx	羽辛	0
𦐸	fy	否羽	0
𦐸	yf	羽否	0
𦐷	yc	羽册	0
𦐳	by	比羽	0
𦐳	yb	羽冖	0
𦐰	yg	羽圭	0
𦐨	yv	羽朱	0
𦐦	yg	羽各	0
𦐤	hy	亥羽	0
𦐤	yh	羽亥	0
𦐣	yv	羽朱	0
𦐡	fy	弗羽	0
𦐡	yf	羽弗	0
𦐠	yd	羽氐	0
𦐛	yj	羽句	0
𦐖	yv	羽只	0
𦐓	yy	羽友	0
𦐏	yj	羽及	0
𦐍	yg	羽夬	0
𦐌	yg	.	0
𦐉	cy	屮羽	0
𦐉	yy	.	0
𦐈	yf	羽分	0
𦐇	oy	日羽	0
𦐇	yo	.	0
𦐆	yb	羽巴	0
𦐅	yj	羽及	0
𦐄	ky	亢羽	0
𦐄	yk	羽亢	0
𦐁	yy	羽也	0
𦏿	uy	山羽	0
𦏻	yk	羽亏	0
𦏻	yx	.	0
𦏺	yg	羽工	0
𦏹	yg	羽干	0
𦏸	yy	羽也	0
𦏷	dy	大羽	0
𦏷	yd	羽大	0
𦏴	yy	羽于	0
𦏳	yg	羽乚	0
𦏮	yv	羊隹	0
𦏨	yb	羊八	0
𦏨	yh	.	0
𦏦	yg	羊敢	0
𦏥	yd	羊大	0
𦏤	yk	羊可	0
𦏢	ym	羊賣	0
𦏞	wy	亡羊	0
𦏞	yf	羊凡	0
𦏜	yy	與羊	0
𦏛	yc	.	0
𦏛	ym	羊木	0
𦏗	xg	.	0
𦏕	yu	羊蜀	0
𦏔	yx	羊喜	0
𦏑	yj	羊幾	0
𦏇	yy	羑羑	0
𦏆	yt	羊童	0
𦏅	yj	羊厥	0
𦏂	yk	羊口	0
𦏀	yj	羊見	0
𦏀	ym	.	0
𦎽	yx	羊莧	0
𦎼	yk	.	0
𦎹	yl	羊婁	0
𦎸	yz	羊責	0
𦎷	vy	執羊	0
𦎷	yv	羊執	0
𦎶	bu	丷矢	0
𦎵	yn	羊能	0
𦎲	yy	羊羽	0
𦎱	yh	羊害	0
𦎰	yg	羊骨	0
𦎯	ty	土羊	0
𦎯	yu	羊殳	0
𦎮	yu	羊殳	0
𦎭	yf	羊复	0
𦎨	my	眉羊	0
𦎨	ym	羊眉	0
𦎧	we	亠二	0
𦎦	my	矛羊	0
𦎦	yw	羊攵	0
𦎥	yj	羊皆	0
𦎣	yt	羊土	0
𦎣	yy	.	0
𦎢	yj	羊亟	0
𦎠	yj	羊居	0
𦎞	yr	羊乳	0
𦎝	on	.	0
𦎜	yi	.	0
𦎚	ru	入手	0
𦎚	yu	羊手	0
𦎘	yh	羊或	0
𦎕	bn	丷女	0
𦎓	ye	羊儿	0
𦎓	yl	.	0
𦎒	uy	身羊	0
𦎒	yu	羊身	0
𦎑	yl	羊吕	0
𦎐	yl	羊里	0
𦎏	yu	羊束	0
𦎎	yf	羊甫	0
𦎌	yh	羊含	0
𦎊	yb	羊八	0
𦎊	ym	.	0
𦎈	yj	羊角	0
𦎇	yu	羊豕	0
𦎄	ys	羊死	0
𦎁	yj	羊吉	0
𦍼	yg	羊亘	0
𦍺	yz	羊字	0
𦍹	dy	多羊	0
𦍹	yd	羊多	0
𦍸	bc	丷寸	0
𦍷	yp	羊皮	0
𦍵	yj	羊句	0
𦍴	ye	羊尔	0
𦍲	dy	歹羊	0
𦍱	yb	.	0
𦍱	yd	羊丶	0
𦍭	yw	羊瓦	0
𦍪	yv	.	0
𦍩	yg	羊古	0
𦍧	cy	此羊	0
𦍧	yc	羊此	0
𦍦	yi	羊出	0
𦍣	yt	羊屯	0
𦍙	dy	歹羊	0
𦍕	qy	犭羊	0
𦍕	yq	.	0
𦍒	yt	.	0
𦍑	qd	羌丶	0
𦍏	yr	羊人	0
𦍌	bw	丷王	0
𦍌	ct	.	0
𦍆	sy	罒袁	0
𦍅	wx	.	0
𦍄	sl	罒鹿	0
𦍁	sb	.	0
𦍁	ss	罒糸	0
𦍀	sn	罒難	0
𦌿	sl	罒麗	0
𦌾	sh	罒繯	0
𦌺	jq	.	0
𦌸	sh	.	0
𦌸	sq	罒欠	0
𦌷	sm	罒賣	0
𦌷	sy	.	0
𦌰	sq	罒綺	0
𦌬	sw	罒舞	0
𦌪	st	.	0
𦌪	sy	罒炎	0
𦌩	sy	罒又	0
𦌨	wh	网火	0
𦌧	su	罒剡	0
𦌦	sg	罒瓜	0
𦌥	sd	罒刂	0
𦌢	st	罒綈	0
𦌡	sm	罒黽	0
𦌟	sl	罒禄	0
𦌚	sd	罒奠	0
𦌗	si	罒欻	0
𦌕	sl	罒路	0
𦌔	ss	.	0
𦌔	sx	罒巽	0
𦌒	sl	.	0
𦌒	sx	罒小	0
𦌊	sq	罒欠	0
𦌊	su	.	0
𦌉	si	罒敕	0
𦌈	sj	罒接	0
𦌂	sy	.	0
𦌁	sl	罒婁	0
𦌀	sc	罒參	0
𦋿	sc	罒曹	0
𦋳	sg	罒罡	0
𦋰	sj	罒兼	0
𦋯	sg	罒瓜	0
𦋯	sy	.	0
𦋪	sy	罒延	0
𦋥	sy	罒約	0
𦋣	sh	.	0
𦋣	st	罒叹	0
𦋢	ky	冂俞	0
𦋡	sm	罒某	0
𦋞	sx	罒削	0
𦋓	sj	罒卷	0
𦋏	sl	罒录	0
𦋎	sy	罒炎	0
𦋋	sl	.	0
𦋋	sm	罒毛	0
𦋉	sf	罒服	0
𦋈	sj	罒戔	0
𦋆	sg	罒孤	0
𦋅	sg	罒圭	0
𦊿	sy	.	0
𦊾	sf	罒否	0
𦊽	su	罒豕	0
𦊼	sl	罒吕	0
𦊴	sh	罒合	0
𦊲	sg	罒各	0
𦊬	wy	.	0
𦊫	sg	罒光	0
𦊪	wh	网合	0
𦊧	nm	.	0
𦊦	ks	冂巳	0
𦊞	sm	.	0
𦊞	wm	网民	0
𦊜	sh	罒禾	0
𦊘	wh	网禾	0
𦊔	sy	罒又	0
𦊓	sl	罒令	0
𦊑	sm	罒卯	0
𦊐	sj	罒巨	0
𦊎	su	罒示	0
𦊌	ko	冂月	0
𦊌	oy	月又	0
𦊋	mw	.	0
𦊊	st	罒天	0
𦊇	bl	冖六	0
𦊅	bq	冖犬	0
𦊅	qe	犬儿	0
𦊄	sw	罒王	0
𦊃	sj	罒今	0
𦊂	sh	罒互	0
𦊁	sb	罒比	0
𦉹	su	罒勺	0
𦉳	ku	冂双	0
𦉬	sd	罒丁	0
𦉧	fx	缶獻	0
𦉧	xf	獻缶	0
𦉢	fk	缶口	0
𦉢	fl	.	0
𦉟	fi	缶齒	0
𦉝	fb	缶冖	0
𦉝	fj	.	0
𦉛	fd	缶丁	0
𦉙	fj	.	0
𦉘	fi	缶牚	0
𦉔	fb	缶巴	0
𦉔	vb	爫巴	0
𦉓	fn	缶鳥	0
𦉑	rh	𠂉乎	0
𦉐	fp	缶瓶	0
𦉎	fc	缶崔	0
𦉌	fh	缶乎	0
𦉋	rh	𠂉乎	0
𦉊	fc	缶寸	0
𦉉	fl	缶留	0
𦉆	fi	缶查	0
𦉂	fv	缶重	0
𦈻	fj	缶戔	0
𦈺	fv	缶周	0
𦈸	fh	缶或	0
𦈷	fe	缶儿	0
𦈷	fl	.	0
𦈶	ff	缶否	0
𦈵	fg	缶工	0
𦈵	fj	.	0
𦈲	fh	缶亥	0
𦈰	fg	缶圭	0
𦈬	cf	此缶	0
𦈬	fc	缶此	0
𦈩	fg	.	0
𦈨	fj	.	0
𦈨	fk	缶开	0
𦈧	fb	缶不	0
𦈦	fh	缶火	0
𦈥	fi	缶亍	0
𦈤	fq	.	0
𦈤	fy	.	0
𦈣	fx	.	0
𦈣	fy	.	0
𦈡	sx	纟需	0
𦈠	sy	.	0
𦈟	sj	纟禁	0
𦈞	sb	.	0
𦈝	ss	.	0
𦈜	sj	纟集	0
𦈛	sz	纟最	0
𦈚	sq	纟戚	0
𦈙	sn	纟聂	0
𦈘	sd	.	0
𦈗	sf	纟匪	0
𦈖	st	.	0
𦈕	sy	纟俞	0
𦈔	sg	纟骨	0
𦈓	sw	纟畏	0
𦈒	sx	纟枲	0
𦈑	sy	.	0
𦈐	sl	纟连	0
𦈏	sh	纟昏	0
𦈎	sd	纟单	0
𦈌	su	纟束	0
𦈋	sy	纟酉	0
𦈉	sj	纟军	0
𦈈	si	纟斥	0
𦈅	sd	糸疊	0
𦈅	sy	.	0
𦈃	sn	糸囊	0
𦇸	sh	.	0
𦇸	sj	糸敫	0
𦇵	ss	糸糸	0
𦇵	ys	幽絲	0
𦇳	sm	糸灭	0
𦇲	st	糸土	0
𦇱	sc	糸叢	0
𦇬	sy	糸龠	0
𦇪	su	糸戍	0
𦇧	sj	糸罽	0
𦇠	sh	糸蕙	0
𦇝	sy	糸縈	0
𦇛	sl	糸賴	0
𦇙	sj	糸舉	0
𦇘	sj	糸麇	0
𦇖	sp	糸頻	0
𦇔	sl	糸歷	0
𦇎	sc	糸蔥	0
𦇌	sd	糸丶	0
𦇋	sa	糸丨	0
𦇊	sh	糸輝	0
𦇉	sj	糸叚	0
𦇅	sb	糸貝	0
𦇄	sl	.	0
𦇄	st	糸田	0
𦇁	sf	糸敷	0
𦇀	sh	糸慧	0
𦆾	sl	素率	0
𦆻	sl	.	0
𦆸	sy	糸遙	0
𦆷	sz	糸再	0
𦆲	sl	糸廖	0
𦆭	sn	糸寧	0
𦆨	sl	糸厲	0
𦆦	sy	糸疑	0
𦆡	st	.	0
𦆟	sm	糸蒙	0
𦆞	sw	糸舞	0
𦆛	sw	糸夂	0
𦆒	sy	糸粤	0
𦆐	sy	糸幺	0
𦆌	sd	糸大	0
𦆋	sb	糸貝	0
𦆈	sj	糸雋	0
𦆆	sl	糸廉	0
𦆄	ss	糸瑟	0
𦆁	sf	糸凡	0
𦆁	ws	亡糸	0
𦆀	sx	糸羡	0
𦅿	sy	糸暈	0
𦅽	rs	亻糸	0
𦅽	sb	糸八	0
𦅼	sv	糸詹	0
𦅺	sm	糸皿	0
𦅸	vx	爫系	0
𦅷	sv	糸著	0
𦅶	sg	糸葛	0
𦅵	ss	糸歲	0
𦅥	sd	糸电	0
𦅠	sh	糸華	0
𦅟	sm	糸皿	0
𦅝	sv	糸着	0
𦅛	sc	糸寸	0
𦅘	sj	糸間	0
𦅔	hs	黑糸	0
𦅔	sh	糸黑	0
𦅑	sx	糸循	0
𦅏	se	糸而	0
𦅋	sx	糸心	0
𦅊	so	糸日	0
𦅈	sp	糸彭	0
𦅇	ss	糸喪	0
𦅆	sd	糸奠	0
𦅄	sw	糸攵	0
𦅃	sj	糸焦	0
𦅀	sx	糸尋	0
𦄽	sq	糸渠	0
𦄼	sx	糸須	0
𦄵	sx	糸悉	0
𦄰	sg	糸國	0
𦄯	sv	糸專	0
𦄯	vs	專糸	0
𦄫	ss	糸荽	0
𦄨	ss	糸糸	0
𦄧	sc	糸曹	0
𦄢	sy	糸庸	0
𦄜	su	糸示	0
𦄔	sv	糸窒	0
𦄓	sd	糸兜	0
𦄑	sh	糸彗	0
𦄐	sl	.	0
𦄏	su	糸梢	0
𦄍	su	糸爽	0
𦄌	su	.	0
𦄌	sw	糸丸	0
𦄋	sn	糸鳥	0
𦄊	sq	糸啓	0
𦄂	sd	糸帶	0
𦃽	sy	糸邕	0
𦃼	sm	糸冥	0
𦃺	sh	糸候	0
𦃹	sc	糸倉	0
𦃶	sv	糸隹	0
𦃳	sl	糸恋	0
𦃲	sj	糸家	0
𦃩	sw	糸夂	0
𦃤	sw	糸務	0
𦃤	ws	務糸	0
𦃢	ij	厂緊	0
𦃡	ss	糸糸	0
𦃝	sj	.	0
𦃝	ss	糸糸	0
𦃙	os	日糸	0
𦃙	sg	糸共	0
𦃘	sx	糸辛	0
𦃗	su	糸朔	0
𦃗	us	朔糸	0
𦃖	su	糸剡	0
𦃕	sx	糸心	0
𦃔	sg	糸鬲	0
𦃓	sl	糸留	0
𦃒	ss	糸祟	0
𦃋	sb	糸比	0
𦃋	sp	.	0
𦃊	sl	糸栗	0
𦃇	ss	糸虒	0
𦃄	sf	糸匪	0
𦂰	sy	糸又	0
𦂨	sb	糸百	0
𦂣	sy	糸幽	0
𦂢	sc	糸廾	0
𦂡	sn	.	0
𦂠	sj	.	0
𦂠	sx	糸小	0
𦂗	sx	糸削	0
𦂗	xs	削糸	0
𦂕	so	.	0
𦂕	sy	糸禺	0
𦂔	sm	糸勉	0
𦂒	sq	糸前	0
𦂑	sj	糸吉	0
𦂍	sr	糸若	0
𦂌	sf	糸封	0
𦂋	sm	糸木	0
𦂊	sf	.	0
𦂉	si	.	0
𦂉	sj	糸臼	0
𦂈	sv	糸胄	0
𦂇	sq	.	0
𦂇	sw	糸攵	0
𦂆	sh	糸回	0
𦂅	sx	糸枲	0
𦂄	sj	糸皆	0
𦂀	sd	糸度	0
𦁷	fg	.	0
𦁶	sg	糸庚	0
𦁳	sj	糸季	0
𦁲	sh	糸虎	0
𦁭	sy	糸又	0
𦁦	sd	糸店	0
𦁤	sn	糸念	0
𦁡	sb	糸卜	0
𦁙	sy	糸兖	0
𦁗	sb	糸步	0
𦁖	sv	糸宙	0
𦁕	sh	糸忽	0
𦁐	sq	糸屈	0
𦁏	sy	糸奄	0
𦁎	sx	糸昔	0
𦁍	sj	.	0
𦁍	sr	糸壬	0
𦁊	sg	糸卦	0
𦁉	sq	糸妾	0
𦁈	sk	糸空	0
𦁆	sv	.	0
𦁄	si	糸辰	0
𦀸	sm	.	0
𦀵	si	糸串	0
𦀬	sl	糸良	0
𦀨	sn	糸那	0
𦀣	sy	糸幺	0
𦀡	sw	糸吾	0
𦀠	sl	.	0
𦀝	sj	.	0
𦀜	sv	糸壯	0
𦀛	su	糸沙	0
𦀘	sb	糸坒	0
𦀖	sj	糸劫	0
𦀕	sy	糸邑	0
𦀔	sp	.	0
𦀓	sx	糸辛	0
𦀉	sd	糸朵	0
𦀈	sx	糸先	0
𦀅	sn	糸年	0
𦀄	sw	糸兀	0
𦀁	su	糸双	0
𥿿	sb	糸冖	0
𥿿	ws	亠糸	0
𥿼	se	糸儿	0
𥿺	sw	糸妄	0
𥿹	sy	糸亦	0
𥿷	sr	糸刃	0
𥿵	sm	糸牟	0
𥿵	sw	.	0
𥿰	sd	糸朵	0
𥿯	sp	.	0
𥿮	su	糸式	0
𥿫	sd	糸多	0
𥿩	cs	次糸	0
𥿩	sc	糸次	0
𥿨	sm	糸名	0
𥿧	sx	糸向	0
𥿦	sv	糸舟	0
𥿡	sn	糸尼	0
𥿞	st	糸他	0
𥿝	ds	代糸	0
𥿝	sd	糸代	0
𥿜	se	糸尔	0
𥿚	qs	切糸	0
𥿚	sq	糸切	0
𥿑	sc	糸艹	0
𥿎	sy	.	0
𥿍	sg	糸古	0
𥿋	sb	糸弁	0
𥿊	si	糸斥	0
𥿉	sm	糸末	0
𥿇	sp	糸疋	0
𥿆	ss	糸司	0
𥿅	su	糸矢	0
𥿄	sa	.	0
𥿄	sd	糸氐	0
𥿃	js	加糸	0
𥿃	sj	糸加	0
𥾼	sl	糸了	0
𥾹	su	糸手	0
𥾷	su	糸升	0
𥾶	so	糸月	0
𥾯	sd	.	0
𥾯	sg	糸弓	0
𥾮	sg	糸戈	0
𥾨	sq	糸气	0
𥾧	sk	糸冂	0
𥾧	su	.	0
𥾤	sx	.	0
𥾣	sv	糸支	0
𥾡	sy	糸匀	0
𥾝	sg	.	0
𥾝	sm	糸丏	0
𥾛	sq	糸切	0
𥾚	sr	糸冗	0
𥾕	sw	糸兀	0
𥾓	sg	糸个	0
𥾐	sy	糸弋	0
𥾍	sg	糸干	0
𥾌	sj	糸孑	0
𥾋	sn	糸乃	0
𥾊	sj	糸几	0
𥾉	sg	糸勹	0
𥾇	sl	糸了	0
𥾅	su	糸十	0
𥾂	ml	米靈	0
𥽿	mj	.	0
𥽹	mm	米木	0
𥽹	sm	粟木	0
𥽸	ml	.	0
𥽸	ms	米糸	0
𥽶	mh	.	0
𥽶	mj	米敫	0
𥽳	me	米耳	0
𥽰	mm	米糜	0
𥽯	mm	米面	0
𥽭	ml	米闌	0
𥽬	mx	米襄	0
𥽧	mr	米人	0
𥽧	vm	𥫗米	0
𥽥	mh	米霍	0
𥽟	my	米憂	0
𥽘	mm	米蔑	0
𥽗	ml	米樂	0
𥽒	mm	米木	0
𥽐	im	臣米	0
𥽐	mi	.	0
𥽐	ml	米侖	0
𥽏	im	臣米	0
𥽏	ms	米罒	0
𥽋	mq	米僉	0
𥽈	ml	.	0
𥽁	my	米飲	0
𥼼	mf	米敷	0
𥼻	mz	米資	0
𥼺	mx	米辛	0
𥼺	mz	.	0
𥼶	mg	.	0
𥼶	mx	米幸	0
𥼴	mj	米間	0
𥼰	md	米登	0
𥼮	mm	米米	0
𥼭	ml	.	0
𥼬	mm	米米	0
𥼫	mm	米米	0
𥼪	mo	米日	0
𥼩	mg	米貴	0
𥼨	mm	米米	0
𥼧	mg	米果	0
𥼦	mt	米田	0
𥼥	mh	米灬	0
𥼤	ms	米斯	0
𥼢	mb	米八	0
𥼡	mb	米比	0
𥼟	mv	.	0
𥼞	mh	米灬	0
𥼜	mf	米夫	0
𥼜	mp	.	0
𥼛	cm	毳米	0
𥼛	mc	米毳	0
𥼚	mj	米焦	0
𥼘	mj	米幾	0
𥼑	mm	米米	0
𥼏	mn	米牛	0
𥼎	mg	米卦	0
𥼋	mi	米厂	0
𥼋	wm	未米	0
𥼊	mb	米庳	0
𥼃	mz	米責	0
𥼂	mc	米崔	0
𥼁	ml	米率	0
𥼀	mq	米戚	0
𥻿	mi	.	0
𥻿	ml	米离	0
𥻾	mj	米及	0
𥻶	mq	米豈	0
𥻵	mu	米時	0
𥻴	mx	米夏	0
𥻴	xm	夏米	0
𥻮	mz	米宰	0
𥻬	mv	.	0
𥻬	my	米又	0
𥻫	bb	.	0
𥻩	mm	米冥	0
𥻨	ms	米索	0
𥻧	mj	米兼	0
𥻦	mu	米殺	0
𥻥	mg	米鬲	0
𥻤	mi	米芻	0
𥻞	mk	米客	0
𥻝	mv	米重	0
𥻗	mi	米查	0
𥻒	mm	米米	0
𥻑	mo	.	0
𥻍	mo	米日	0
𥻋	lb	.	0
𥻋	mb	米八	0
𥻉	mh	米曷	0
𥻇	mx	米咸	0
𥻄	mj	米皆	0
𥻀	mj	米咎	0
𥺷	mq	米屈	0
𥺵	mo	米月	0
𥺴	mn	米念	0
𥺭	mk	米亏	0
𥺥	my	米宜	0
𥺣	mi	米丑	0
𥺞	my	米育	0
𥺝	mv	米周	0
𥺜	mn	米泥	0
𥺜	nm	泥米	0
𥺚	mx	米析	0
𥺙	ml	.	0
𥺙	mw	米夂	0
𥺊	mg	米告	0
𥺉	md	米豆	0
𥺅	mu	米寿	0
𥺄	mx	米孝	0
𥺂	mj	米冏	0
𥺁	md	米丶	0
𥺀	md	米弟	0
𥹻	mc	.	0
𥹺	mg	.	0
𥹸	mb	米孛	0
𥹷	me	米儿	0
𥹷	ml	.	0
𥹶	mx	米肖	0
𥹵	mu	米束	0
𥹴	mb	米步	0
𥹳	mw	米完	0
𥹲	md	米兑	0
𥹱	my	米幼	0
𥹬	mk	米考	0
𥹫	mm	米米	0
𥹩	ms	米寺	0
𥹦	mx	米汛	0
𥹦	xm	汛米	0
𥹠	md	米多	0
𥹜	mj	米交	0
𥹛	mj	.	0
𥹚	mg	米亘	0
𥹖	mp	米皮	0
𥹔	mb	.	0
𥹓	mq	米去	0
𥹍	mn	米宁	0
𥹍	mv	.	0
𥹌	jm	加米	0
𥹌	mj	米加	0
𥹋	mt	米台	0
𥹊	ms	米四	0
𥹉	mn	.	0
𥹉	my	米又	0
𥹇	mb	米弁	0
𥹆	mn	米尼	0
𥹄	bm	卜米	0
𥹄	my	.	0
𥹂	mp	米丕	0
𥹁	mv	米乍	0
𥸺	mp	米片	0
𥸵	mt	米屯	0
𥸴	mg	.	0
𥸴	mm	米丏	0
𥸲	mg	米弓	0
𥸱	mj	米几	0
𥸯	mw	米万	0
𥸮	tm	土米	0
𥸬	me	米阝	0
𥸪	mr	米人	0
𥸩	my	米又	0
𥸧	md	米丁	0
𥸥	mg	.	0
𥸤	yy	籥頁	0
𥸣	vv	𥫗詹	0
𥸡	vg	竹贛	0
𥸟	vd	竹定	0
𥸞	vq	𥫗其	0
𥸛	vi	竹齪	0
𥸚	vd	竹覿	0
𥸗	vs	𥫗灑	0
𥸕	vs	竹糸	0
𥸌	vy	𥫗又	0
𥸉	vm	𥫗木	0
𥸈	vd	竹黨	0
𥷼	vz	𥫗足	0
𥷹	vv	竹竹	0
𥷳	vh	𥫗齕	0
𥷱	vf	𥫗覆	0
𥷮	vj	竹爵	0
𥷬	vv	𥫗隹	0
𥷫	vx	𥫗黠	0
𥷪	vj	𥫗韭	0
𥷩	vz	𥫗雜	0
𥷨	vn	𥫗聶	0
𥷥	vj	竹鞠	0
𥷡	vq	𥫗僉	0
𥷞	vb	𥫗八	0
𥷜	vf	𥫗風	0
𥷚	vh	𥫗訇	0
𥷙	vj	𥫗罽	0
𥷘	vv	𥫗擢	0
𥷕	vm	𥫗木	0
𥷔	vy	竹輿	0
𥷒	vl	𥫗歷	0
𥷑	jv	.	0
𥷊	vl	𥫗遼	0
𥷈	vt	竹橦	0
𥷇	vq	竹器	0
𥷆	vh	𥫗縠	0
𥷅	vh	竹火	0
𥷄	ve	竹爾	0
𥷁	vb	竹辦	0
𥷀	vy	竹燕	0
𥶿	vy	𥫗閻	0
𥶾	vl	竹隶	0
𥶽	vw	𥫗衛	0
𥶻	vs	竹隨	0
𥶹	vj	竹静	0
𥶷	vx	𥫗選	0
𥶶	vm	竹米	0
𥶤	vg	竹咼	0
𥶢	vu	竹氺	0
𥶜	vg	竹辜	0
𥶛	vd	竹踶	0
𥶚	vg	𥫗告	0
𥶗	vm	竹米	0
𥶔	vh	𥫗灬	0
𥶓	vb	𥫗罷	0
𥶑	vy	𥫗養	0
𥶐	vt	竹隤	0
𥶏	vd	竹調	0
𥶍	vh	竹緩	0
𥶌	vl	𥫗慮	0
𥶈	vv	𥫗皺	0
𥶇	vl	𥫗魯	0
𥶆	vl	𥫗閭	0
𥶅	vt	竹田	0
𥵺	vx	竹小	0
𥵸	vk	竹冂	0
𥵶	vu	𥫗舌	0
𥵯	va	𥫗乛	0
𥵬	vl	𥫗廖	0
𥵫	vj	竹聚	0
𥵪	vp	𥫗屏	0
𥵧	vj	𥫗盡	0
𥵦	vx	竹肖	0
𥵣	vd	𥫗端	0
𥵢	vd	𥫗對	0
𥵠	vu	竹殳	0
𥵟	vu	𥫗署	0
𥵞	vj	𥫗截	0
𥵝	vl	竹領	0
𥵜	vp	竹僕	0
𥵒	vj	竹見	0
𥵏	vq	竹全	0
𥵌	vn	竹鳥	0
𥵋	vc	𥫗册	0
𥵊	vh	𥫗會	0
𥵇	vr	𥫗瑞	0
𥵀	vf	𥫗方	0
𥴿	vk	𥫗口	0
𥴼	vy	𥫗業	0
𥴻	vq	𥫗搶	0
𥴵	vi	𥫗虫	0
𥴱	vh	𥫗灬	0
𥴯	vg	竹廆	0
𥴮	vb	竹搏	0
𥴭	vh	竹曷	0
𥴬	vp	竹辟	0
𥴫	vd	竹殿	0
𥴪	vy	𥫗遇	0
𥴩	vg	𥫗隔	0
𥴨	va	𥫗愛	0
𥴧	vu	𥫗豕	0
𥴤	vj	竹腱	0
𥴡	vd	𥫗豆	0
𥴠	vu	竹氺	0
𥴟	vw	𥫗委	0
𥴝	ve	竹阝	0
𥴖	vb	竹椑	0
𥴕	vy	竹猶	0
𥴒	vv	竹竹	0
𥴑	vu	竹生	0
𥴐	vg	竹工	0
𥴏	vh	𥫗灬	0
𥴎	vu	𥫗豕	0
𥴍	ve	𥫗二	0
𥴌	vm	𥫗木	0
𥴊	vg	𥫗敢	0
𥴈	vv	𥫗棧	0
𥴁	vt	𥫗土	0
𥳿	vy	𥫗逸	0
𥳾	vj	竹鈞	0
𥳽	vq	𥫗欺	0
𥳻	vd	𥫗毒	0
𥳺	vx	𥫗心	0
𥳸	vj	竹見	0
𥳶	vv	𥫗掌	0
𥳵	vs	𥫗色	0
𥳳	vt	𥫗提	0
𥳲	vy	竹昱	0
𥳱	vx	𥫗先	0
𥳰	vz	𥫗尊	0
𥳯	vc	𥫗棤	0
𥳬	vh	竹黑	0
𥳫	vo	𥫗月	0
𥳪	zs	辶算	0
𥳥	vn	竹甯	0
𥳣	vz	竹最	0
𥳢	vd	竹奠	0
𥳡	vb	𥫗賁	0
𥳠	vh	𥫗虎	0
𥳟	vj	𥫗進	0
𥳞	vi	𥫗舛	0
𥳝	vx	𥫗心	0
𥳜	vy	𥫗陽	0
𥳚	vr	𥫗然	0
𥳗	vx	竹須	0
𥳖	vb	𥫗棓	0
𥳕	vu	竹舒	0
𥳔	vs	𥫗隋	0
𥳒	vj	𥫗減	0
𥳐	vk	竹開	0
𥳏	vj	𥫗幾	0
𥳎	vi	.	0
𥳎	vq	𥫗蛩	0
𥳍	vx	竹尋	0
𥳌	vl	竹隆	0
𥳊	vf	竹發	0
𥳉	vd	竹都	0
𥳈	vc	竹毳	0
𥳇	vf	𥫗復	0
𥳆	vb	竹敝	0
𥲷	ve	𥫗二	0
𥲴	vo	竹目	0
𥲱	vh	竹淮	0
𥲰	vu	𥫗豕	0
𥲪	vi	竹厂	0
𥲧	vl	𥫗梨	0
𥲥	vh	𥫗盒	0
𥲣	vj	𥫗斤	0
𥲢	vl	竹林	0
𥲡	vx	𥫗心	0
𥲠	vw	𥫗望	0
𥲟	vd	𥫗釣	0
𥲜	vm	竹皿	0
𥲛	vf	𥫗付	0
𥲚	vc	𥫗淙	0
𥲕	vz	𥫗紫	0
𥲑	vm	𥫗曼	0
𥲐	vw	竹梧	0
𥲎	vl	竹陸	0
𥲍	vc	𥫗曹	0
𥲋	vx	𥫗衒	0
𥲊	vl	𥫗聊	0
𥲉	vh	𥫗乎	0
𥲈	vr	𥫗入	0
𥲇	vb	𥫗冖	0
𥲆	vt	竹通	0
𥲄	vd	竹淡	0
𥲁	vw	𥫗瓦	0
𥲀	vi	竹巢	0
𥱽	vq	竹圈	0
𥱻	vt	𥫗途	0
𥱹	vm	𥫗莫	0
𥱸	vq	𥫗區	0
𥱷	vt	竹貪	0
𥱶	vu	𥫗爽	0
𥱵	vx	竹習	0
𥱨	vs	𥫗素	0
𥱧	vq	𥫗秦	0
𥱦	vd	𥫗斗	0
𥱤	vx	竹修	0
𥱣	dc	答从	0
𥱢	vd	竹代	0
𥱡	vw	竹戊	0
𥱝	vj	𥫗匠	0
𥱜	vk	𥫗框	0
𥱗	vw	竹戊	0
𥱕	js	箕厶	0
𥱕	vs	竹厶	0
𥱓	vk	𥫗口	0
𥱑	vs	竹厶	0
𥱏	vy	.	0
𥱍	vf	𥫗凡	0
𥱊	vx	竹席	0
𥱉	vl	竹狼	0
𥱂	bu	筆水	0
𥱁	vd	𥫗大	0
𥱀	vw	𥫗洿	0
𥰼	vs	竹索	0
𥰻	vk	𥫗口	0
𥰶	vh	𥫗害	0
𥰳	vw	𥫗丸	0
𥰲	vh	𥫗烘	0
𥰱	vz	竹蚤	0
𥰰	uc	筮廾	0
𥰰	vc	竹廾	0
𥰮	vg	𥫗哿	0
𥰭	vi	𥫗差	0
𥰪	vu	竹手	0
𥰨	vu	竹剡	0
𥰧	vy	竹倚	0
𥰦	vj	竹屐	0
𥰥	vx	竹奚	0
𥰣	vl	竹留	0
𥰢	vu	𥫗扇	0
𥰞	vs	𥫗叟	0
𥰝	vx	𥫗息	0
𥰜	vt	𥫗桃	0
𥰛	vf	竹浮	0
𥰙	vw	竹攵	0
𥰖	vj	竹見	0
𥰓	vw	竹戊	0
𥰌	vx	𥫗炫	0
𥰅	vp	竹洴	0
𥰃	vj	𥫗軍	0
𥯸	vv	𥫗柱	0
𥯳	vk	竹亏	0
𥯮	vy	𥫗臾	0
𥯬	vd	𥫗大	0
𥯪	vz	𥫗奏	0
𥯩	vv	竹斫	0
𥯨	vs	𥫗思	0
𥯦	vj	𥫗建	0
𥯥	vj	竹臼	0
𥯤	vw	𥫗韋	0
𥯢	vt	𥫗亭	0
𥯡	vp	竹毗	0
𥯟	vb	竹拜	0
𥯞	vz	竹子	0
𥯝	vt	𥫗突	0
𥯜	vw	𥫗畏	0
𥯚	vk	竹恪	0
𥯙	vj	𥫗勁	0
𥯘	vy	𥫗耶	0
𥯖	vd	𥫗度	0
𥯕	vw	𥫗勿	0
𥯔	vy	竹禹	0
𥯑	vt	𥫗土	0
𥯃	vy	竹奄	0
𥮾	vc	𥫗参	0
𥮹	vr	𥫗人	0
𥮳	vy	竹亞	0
𥮰	vh	竹弧	0
𥮯	fd	符大	0
𥮬	vy	𥫗易	0
𥮨	vx	𥫗心	0
𥮥	vx	𥫗析	0
𥮤	vl	竹隶	0
𥮣	vm	𥫗木	0
𥮝	vq	竹屈	0
𥮘	vn	竹念	0
𥮗	vm	竹米	0
𥮖	vv	𥫗直	0
𥮒	vv	竹沾	0
𥮐	vv	𥫗周	0
𥮏	vd	竹典	0
𥮎	vc	竹廾	0
𥮍	vr	竹壬	0
𥮂	vk	𥫗口	0
𥭾	vi	𥫗串	0
𥭴	vx	𥫗辛	0
𥭭	vz	𥫗坐	0
𥭥	vi	𥫗虫	0
𥭡	vv	竹志	0
𥭠	vw	竹吾	0
𥭞	vo	𥫗月	0
𥭜	vj	𥫗忌	0
𥭚	vk	𥫗口	0
𥭘	vx	竹希	0
𥭖	vu	竹勺	0
𥭔	vd	𥫗刂	0
𥭓	vv	𥫗灼	0
𥭒	vd	竹囤	0
𥭑	vq	𥫗求	0
𥭐	vc	𥫗寸	0
𥭌	vv	𥫗宅	0
𥭋	vd	𥫗多	0
𥭉	vh	𥫗会	0
𥭈	vx	竹向	0
𥬼	vw	𥫗刎	0
𥬴	vy	竹羊	0
𥬳	vc	𥫗此	0
𥬲	vd	竹朵	0
𥬱	vi	竹充	0
𥬯	vk	竹考	0
𥬮	vj	𥫗江	0
𥬭	vl	𥫗列	0
𥬬	vk	竹冂	0
𥬫	vi	𥫗舛	0
𥬪	vr	竹戎	0
𥬤	vq	𥫗巧	0
𥬢	vz	𥫗左	0
𥬝	vb	竹白	0
𥬕	vr	𥫗冉	0
𥬔	vq	𥫗去	0
𥬓	vy	𥫗幼	0
𥬒	vd	竹丶	0
𥬐	vu	𥫗申	0
𥬎	vm	竹末	0
𥬍	vx	𥫗仙	0
𥬉	vg	竹勾	0
𥬈	vc	竹从	0
𥬆	vj	𥫗井	0
𥬅	vo	𥫗月	0
𥬄	vu	竹手	0
𥬂	ve	𥫗儿	0
𥬀	vy	𥫗云	0
𥫽	vu	𥫗氏	0
𥫼	vd	竹丹	0
𥫹	vb	𥫗冖	0
𥫸	vu	𥫗水	0
𥫷	vj	𥫗九	0
𥫵	vt	𥫗太	0
𥫴	vu	竹市	0
𥫳	vf	𥫗方	0
𥫲	vc	竹廾	0
𥫱	vt	𥫗屯	0
𥫰	vl	竹六	0
𥫯	vv	𥫗中	0
𥫨	vi	𥫗川	0
𥫢	vi	𥫗叉	0
𥫟	vj	𥫗己	0
𥫞	vz	竹子	0
𥫝	vy	竹弋	0
𥫜	vi	𥫗乂	0
𥫛	vs	竹厶	0
𥫙	vd	竹丁	0
𥫗	gg	.	0
𥫗	vd	.	0
𥫖	ly	立爻	0
𥫖	vy	章爻	0
𥫒	lx	立心	0
𥫒	vx	章心	0
𥫏	jx	竟夏	0
𥫎	ty	童員	0
𥫋	il	出立	0
𥫋	ll	立立	0
𥫅	lo	立日	0
𥫅	ls	.	0
𥫅	sy	糸昱	0
𥫃	ly	立義	0
𥫂	xt	旬童	0
𥪼	jj	.	0
𥪻	el	耳立	0
𥪻	le	.	0
𥪵	iq	.	0
𥪵	ln	立女	0
𥪵	qq	千妾	0
𥪴	vj	.	0
𥪲	lj	立絜	0
𥪱	lx	立旋	0
𥪱	xl	旋立	0
𥪯	ly	立堯	0
𥪫	ld	立多	0
𥪧	lv	立真	0
𥪦	lx	立奚	0
𥪢	tb	童八	0
𥪠	lj	立軍	0
𥪜	lt	立亭	0
𥪚	lf	立复	0
𥪘	lu	立甚	0
𥪒	lc	立艹	0
𥪏	lq	立取	0
𥪍	lw	立委	0
𥪌	lt	立忝	0
𥪋	ll	立录	0
𥪊	lq	立屈	0
𥪆	lq	立求	0
𥪂	lj	立夾	0
𥪁	lp	.	0
𥪀	lf	立甫	0
𥩲	lh	立亥	0
𥩱	lf	立伐	0
𥩮	lj	立句	0
𥩫	lj	立甲	0
𥩤	lk	立可	0
𥩣	lv	立主	0
𥩢	lq	立且	0
𥩡	ld	立丶	0
𥩡	ly	.	0
𥩝	lu	立手	0
𥩜	lp	立片	0
𥩙	lb	立巴	0
𥩗	lw	立兀	0
𥩖	lb	立卜	0
𥩔	xl	穴靈	0
𥩏	xn	穴鳥	0
𥩌	kk	空空	0
𥩌	xk	穴空	0
𥩈	xg	穴咼	0
𥩆	xx	穴興	0
𥩀	xt	穴橐	0
𥨿	xj	穴激	0
𥨻	xl	穴歷	0
𥨹	xl	穴黎	0
𥨸	xg	穴咼	0
𥨦	xy	穴又	0
𥨝	xy	穴又	0
𥨜	jt	弆突	0
𥨚	xm	穴卯	0
𥨕	xx	穴惺	0
𥨒	xs	.	0
𥨒	xy	穴又	0
𥨐	xd	穴刂	0
𥨐	xg	.	0
𥨎	xq	.	0
𥨎	xt	穴覃	0
𥨍	xf	穴復	0
𥨌	xl	.	0
𥨂	xw	穴攵	0
𥨀	xq	穴强	0
𥧷	xd	穴呆	0
𥧲	xj	.	0
𥧱	xy	穴庸	0
𥧰	xh	穴瓠	0
𥧮	xd	.	0
𥧮	xg	穴古	0
𥧭	xm	穴曼	0
𥧬	xj	穴堅	0
𥧫	xl	穴郎	0
𥧧	xm	穴皿	0
𥧥	xl	穴留	0
𥧣	xi	穴茶	0
𥧡	xg	穴貢	0
𥧙	xw	穴未	0
𥧕	xl	穴流	0
𥧔	bq	.	0
𥧔	xq	穴氣	0
𥧓	xm	穴馬	0
𥧒	xg	.	0
𥧒	xr	穴冉	0
𥧑	xv	穴真	0
𥧏	xv	穴者	0
𥧍	xd	穴旦	0
𥧋	xp	穴屏	0
𥧇	xk	穴科	0
𥧆	xo	.	0
𥧆	xy	穴禺	0
𥧃	xb	穴丙	0
𥧁	xz	穴总	0
𥦷	xh	穴泓	0
𥦶	dx	.	0
𥦶	xj	穴臼	0
𥦱	xt	穴兔	0
𥦨	xj	穴金	0
𥦣	xg	.	0
𥦢	xx	穴邪	0
𥦟	xd	穴典	0
𥦞	xq	.	0
𥦞	xy	穴又	0
𥦝	xl	穴林	0
𥦜	xp	穴朋	0
𥦚	bj	北究	0
𥦘	xf	穴孚	0
𥦖	xj	.	0
𥦔	xk	穴坎	0
𥦓	xm	穴米	0
𥦍	xc	穴廾	0
𥦍	xg	.	0
𥦌	xn	穴弄	0
𥦊	xz	穴坐	0
𥦅	xe	穴阝	0
𥦅	xn	.	0
𥦃	xi	.	0
𥦃	xm	穴木	0
𥦁	xy	穴甬	0
𥦀	xj	穴見	0
𥥿	xh	穴火	0
𥥾	xo	穴月	0
𥥾	xy	穴肙	0
𥥽	xq	穴求	0
𥥹	xy	.	0
𥥸	xy	穴余	0
𥥷	xd	穴豆	0
𥥶	xt	穴廷	0
𥥵	xy	穴羊	0
𥥴	xy	穴衣	0
𥥳	xv	穴舟	0
𥥱	xs	穴死	0
𥥰	xu	穴戍	0
𥥭	xk	穴口	0
𥥬	xx	穴心	0
𥥩	xx	穴向	0
𥥧	xl	穴老	0
𥥥	xl	穴吏	0
𥥡	xg	穴共	0
𥥠	xw	穴危	0
𥥟	xw	穴瓦	0
𥥝	xy	穴用	0
𥥛	xb	.	0
𥥛	xd	穴丶	0
𥥙	xg	穴功	0
𥥗	xd	穴电	0
𥥏	xk	穴冂	0
𥥍	xb	穴丷	0
𥥌	xu	穴失	0
𥥋	xl	穴令	0
𥥊	xm	穴皿	0
𥥈	xh	穴弘	0
𥥅	xk	穴孔	0
𥥂	xf	穴夫	0
𥥀	xl	穴六	0
𥤼	xu	穴水	0
𥤻	xb	穴比	0
𥤺	xu	穴手	0
𥤹	xx	.	0
𥤹	xy	穴爻	0
𥤸	xy	穴元	0
𥤷	xb	穴冖	0
𥤷	xy	.	0
𥤵	xg	.	0
𥤴	xj	.	0
𥤴	xk	穴开	0
𥤳	xj	.	0
𥤱	xg	穴干	0
𥤰	xc	穴廾	0
𥤩	xw	穴亡	0
𥤨	xn	穴女	0
𥤦	xy	穴又	0
𥤥	xq	穴七	0
𥤤	xj	穴几	0
𥤣	xl	穴了	0
𥤟	hy	禾鹽	0
𥤞	hl	禾靈	0
𥤜	hk	禾口	0
𥤜	hl	.	0
𥤙	hy	禾又	0
𥤘	hj	禾矍	0
𥤗	hd	禾黨	0
𥤐	hl	禾壘	0
𥤋	hn	禾聶	0
𥤋	nh	聶禾	0
𥤊	hg	.	0
𥤊	hv	禾隹	0
𥤂	hm	禾馬	0
𥤂	hn	.	0
𥣺	ht	禾土	0
𥣸	hd	禾豆	0
𥣸	lj	.	0
𥣴	hh	禾慧	0
𥣰	hf	禾方	0
𥣰	hm	.	0
𥣯	hy	禾憂	0
𥣮	hj	禾節	0
𥣬	hl	.	0
𥣬	ht	禾田	0
𥣫	hm	禾蔑	0
𥣩	hg	禾戈	0
𥣧	xg	秀貴	0
𥣥	lq	.	0
𥣤	hq	禾泉	0
𥣤	lq	.	0
𥣟	hx	禾舄	0
𥣝	hh	禾禾	0
𥣛	hm	禾蒙	0
𥣙	hj	禾聚	0
𥣘	hy	禾厭	0
𥣗	hn	禾寧	0
𥣎	hd	禾豆	0
𥣌	hy	禾用	0
𥣋	hu	禾蜀	0
𥣈	hy	禾業	0
𥣆	hh	禾禾	0
𥣄	hy	禾粤	0
𥢽	hc	禾粲	0
𥢻	hj	禾禁	0
𥢹	hj	禾敫	0
𥢸	hg	禾葛	0
𥢷	hd	禾當	0
𥢶	hh	禾會	0
𥢲	hi	禾成	0
𥢲	li	.	0
𥢯	hr	禾然	0
𥢨	hc	禾孱	0
𥢧	hi	.	0
𥢧	ho	禾日	0
𥢦	hh	禾灬	0
𥢥	hc	禾曾	0
𥢢	hg	禾貴	0
𥢔	hv	禾卓	0
𥢒	hl	禾勞	0
𥢑	hj	禾咎	0
𥢏	hq	.	0
𥢏	ht	禾覃	0
𥢎	hz	禾尊	0
𥢍	hg	禾辜	0
𥢌	hf	禾番	0
𥢊	hb	禾賁	0
𥢊	hp	.	0
𥢇	hu	禾束	0
𥡽	hw	禾夂	0
𥡵	hv	禾專	0
𥡮	hj	禾加	0
𥡮	tj	土加	0
𥡭	iw	垂委	0
𥡬	hc	禾從	0
𥡪	hy	禾翌	0
𥡧	hc	.	0
𥡧	hq	禾且	0
𥡦	hd	.	0
𥡦	hg	禾古	0
𥡤	hh	禾灬	0
𥡣	hj	禾堇	0
𥡢	hl	禾率	0
𥡠	hu	禾爽	0
𥡟	hi	禾舂	0
𥡝	bb	秉秉	0
𥡜	hl	禾累	0
𥡕	hu	禾閃	0
𥡒	he	禾耳	0
𥡒	hj	.	0
𥡉	wd	委兑	0
𥡈	hv	禾追	0
𥡅	hg	禾皋	0
𥡁	me	.	0
𥡀	fh	弗禾	0
𥡀	fl	.	0
𥡀	hh	禾禾	0
𥠽	hv	禾致	0
𥠺	hw	.	0
𥠹	hj	禾桀	0
𥠷	hl	禾留	0
𥠶	hf	禾匪	0
𥠴	hi	禾鬯	0
𥠳	hg	禾骨	0
𥠲	hl	禾栗	0
𥠱	hs	禾虒	0
𥠫	hs	禾司	0
𥠣	ht	禾亭	0
𥠡	hc	.	0
𥠡	hx	禾心	0
𥠟	hh	皇禾	0
𥠜	hw	禾勿	0
𥠜	hy	.	0
𥠘	hq	禾泉	0
𥠓	hm	禾木	0
𥠍	hu	禾生	0
𥠍	hv	.	0
𥠋	he	禾耳	0
𥠋	hj	.	0
𥠊	hr	禾柔	0
𥠉	hz	禾則	0
𥠈	hj	禾即	0
𥠅	hh	禾奂	0
𥠄	hd	禾耑	0
𥠃	hy	禾幽	0
𥠁	hg	禾咼	0
𥠀	hx	禾星	0
𥟿	dw	多委	0
𥟾	hk	禾苦	0
𥟽	hw	禾屋	0
𥟶	hw	禾宛	0
𥟪	hm	禾芼	0
𥟥	hj	禾戔	0
𥟣	hq	禾妾	0
𥟡	hz	禾宗	0
𥟠	ho	禾日	0
𥟚	hm	.	0
𥟘	hy	禾易	0
𥟗	hb	.	0
𥟕	hq	禾芡	0
𥟔	hd	禾大	0
𥟓	hg	禾官	0
𥟒	hv	禾叕	0
𥟎	hj	.	0
𥟎	hl	禾力	0
𥟍	hf	禾非	0
𥟇	hq	禾求	0
𥟅	hj	.	0
𥟅	qr	千人	0
𥟃	bh	卜禾	0
𥟃	hk	禾口	0
𥞼	ho	禾月	0
𥞻	he	禾儿	0
𥞺	hz	禾足	0
𥞵	hj	禾夾	0
𥞴	hg	禾告	0
𥞲	hb	禾别	0
𥞯	hp	禾平	0
𥞪	hm	禾米	0
𥞩	hb	禾并	0
𥞧	hx	禾行	0
𥞢	hi	禾舛	0
𥞡	hd	禾吊	0
𥞠	hl	禾老	0
𥞜	hj	.	0
𥞛	hd	禾朵	0
𥞚	hr	禾如	0
𥞘	hc	禾存	0
𥞔	hm	禾民	0
𥞒	ht	禾它	0
𥞏	hx	禾兄	0
𥞎	hb	禾布	0
𥞍	hk	禾可	0
𥞋	hq	禾去	0
𥞊	hw	禾未	0
𥞅	hc	禾此	0
𥞄	hp	禾片	0
𥞃	hi	禾出	0
𥞁	hu	禾申	0
𥝿	hj	禾加	0
𥝾	hj	.	0
𥝹	hj	禾斤	0
𥝸	hu	禾水	0
𥝵	hj	禾介	0
𥝰	hm	禾木	0
𥝮	hh	.	0
𥝨	hb	.	0
𥝨	hd	禾丶	0
𥝧	hb	禾巴	0
𥝦	hi	禾丑	0
𥝥	hj	禾及	0
𥝠	hy	.	0
𥝟	ht	禾土	0
𥝘	hx	禾夕	0
𥝗	hy	禾已	0
𥝖	hq	禾乞	0
𥝕	hw	禾亡	0
𥝔	hj	禾孑	0
𥝒	hb	禾卜	0
𥝑	hk	.	0
𥝍	ha	禾一	0
𥝋	rx	.	0
𥝊	xy	.	0
𥝄	rg	.	0
𥝄	ry	.	0
𥝂	oe	.	0
𥝂	ye	禺厄	0
𥝀	yy	禹也	0
𥜾	sx	厶凶	0
𥜾	uk	上冂	0
𥜶	uk	示夔	0
𥜵	uj	示矍	0
𥜴	uj	.	0
𥜴	uq	示騫	0
𥜲	uj	示繭	0
𥜰	ul	示麗	0
𥜮	uj	示君	0
𥜭	ua	示丨	0
𥜬	uw	示王	0
𥜫	un	示囡	0
𥜦	ux	.	0
𥜥	uj	示冀	0
𥜢	uj	示君	0
𥜝	uj	示頡	0
𥜚	uy	示憂	0
𥜙	ju	漸示	0
𥜙	uj	示漸	0
𥜗	ux	示需	0
𥜖	uu	束示	0
𥜖	uy	示矣	0
𥜓	uj	示監	0
𥜒	uy	示厭	0
𥜐	um	示黽	0
𥜏	uh	示灬	0
𥜎	us	示嗇	0
𥜌	ua	示奥	0
𥜋	uq	示僉	0
𥜄	su	糸示	0
𥜄	us	.	0
𥜄	uw	示攵	0
𥜃	ug	.	0
𥜃	ux	示幸	0
𥜂	bx	匕夏	0
𥜂	ux	示夏	0
𥜁	ul	示联	0
𥛸	uh	示惠	0
𥛷	ui	示舛	0
𥛶	uu	示善	0
𥛵	uh	示華	0
𥛱	up	示彭	0
𥛰	ul	.	0
𥛰	ux	示小	0
𥛯	uj	.	0
𥛯	uy	示矞	0
𥛫	ul	示梁	0
𥛩	uy	示庾	0
𥛨	ux	示徙	0
𥛧	ul	示累	0
𥛥	uv	示專	0
𥛟	um	示覓	0
𥛞	ul	示鹿	0
𥛝	uf	示逢	0
𥛜	uc	.	0
𥛚	ud	.	0
𥛚	ug	示古	0
𥛘	ub	示畢	0
𥛑	ur	示辱	0
𥛐	uh	示盍	0
𥛅	ul	示留	0
𥛂	uo	示月	0
𥚿	un	示女	0
𥚾	uw	示夂	0
𥚾	uz	.	0
𥚻	ud	示耑	0
𥚹	ub	示扁	0
𥚷	uw	示胃	0
𥚱	uy	示音	0
𥚩	ux	示胥	0
𥚦	uh	.	0
𥚦	uu	示矢	0
𥚠	ux	示享	0
𥚛	uk	示昆	0
𥚚	uh	示虎	0
𥚋	sw	祟兀	0
𥚊	ul	.	0
𥚊	ut	示土	0
𥚉	uz	示甾	0
𥚂	uj	.	0
𥚂	uw	示夂	0
𥚀	uf	示孚	0
𥙿	ug	示谷	0
𥙾	ux	示秀	0
𥙹	uq	示求	0
𥙶	ug	示干	0
𥙵	um	示免	0
𥙴	ug	示更	0
𥙰	ut	示土	0
𥙮	uu	示豕	0
𥙬	ux	示肖	0
𥙨	ud	示朵	0
𥙦	ru	如示	0
𥙦	ur	示如	0
𥙣	ux	示旬	0
𥙡	ud	示丹	0
𥙟	ue	示耳	0
𥙞	ug	示圭	0
𥙝	ux	示先	0
𥙙	ud	示吊	0
𥙗	uk	示口	0
𥙔	ua	示安	0
𥙑	ug	示光	0
𥙎	up	.	0
𥙋	ui	示出	0
𥙉	ut	示台	0
𥙇	ut	示它	0
𥙆	ux	示玄	0
𥙁	ut	.	0
𥙁	uy	示也	0
𥙀	uz	示左	0
𥘴	up	示平	0
𥘮	uj	示句	0
𥘬	uf	示弗	0
𥘫	uk	示可	0
𥘦	wu	.	0
𥘥	uu	示升	0
𥘤	uu	示少	0
𥘡	uh	示互	0
𥘙	uh	示火	0
𥘘	ud	示丹	0
𥘗	uo	示日	0
𥘒	uy	示弋	0
𥘏	ug	示干	0
𥘍	ld	礼丶	0
𥘍	ud	示丶	0
𥘌	uj	示几	0
𥘋	ul	示力	0
𥘊	uj	示丩	0
𥘄	uy	石鬱	0
𥘁	ul	石蘿	0
𥗿	ul	石羅	0
𥗾	un	石囊	0
𥗽	ul	石覽	0
𥗻	uy	石譽	0
𥗺	ul	石蘭	0
𥗶	ug	石鬼	0
𥗶	xu	香石	0
𥗵	ul	.	0
𥗵	uu	石石	0
𥗮	uq	石闕	0
𥗭	uz	石雜	0
𥗬	ul	石壘	0
𥗫	uq	石瞿	0
𥗪	uj	.	0
𥗦	uv	石鍾	0
𥗢	ux	石羡	0
𥗟	ub	.	0
𥗟	uy	石言	0
𥗝	ux	石襄	0
𥗛	qu	錢石	0
𥗛	uq	石錢	0
𥗙	ux	石學	0
𥗔	ud	石蕩	0
𥗓	ul	石賴	0
𥗒	uq	石親	0
𥗑	ub	石冖	0
𥗋	ub	石暴	0
𥗊	ui	石齒	0
𥗁	uv	石箸	0
𥗀	ul	石蓼	0
𥖿	um	石賣	0
𥖾	uu	石適	0
𥖼	ul	石慮	0
𥖻	uu	石數	0
𥖶	ub	石賓	0
𥖵	ux	石心	0
𥖵	uy	.	0
𥖲	uu	石壽	0
𥖮	uc	石翠	0
𥖭	uq	石齊	0
𥖬	uj	石几	0
𥖬	up	.	0
𥖫	ju	吉石	0
𥖫	ug	.	0
𥖫	up	石皮	0
𥖪	uh	.	0
𥖪	uv	.	0
𥖪	uy	石又	0
𥖨	uc	.	0
𥖨	um	石木	0
𥖤	ug	石過	0
𥖢	uy	石葉	0
𥖠	uu	石蜀	0
𥖞	ug	石艮	0
𥖞	uk	.	0
𥖞	vu	豸石	0
𥖝	ul	石廉	0
𥖜	uj	石禁	0
𥖙	uj	石戢	0
𥖘	uk	石戡	0
𥖐	ud	石隊	0
𥖏	ug	石貫	0
𥖍	lu	.	0
𥖈	uj	石几	0
𥖄	ux	石羡	0
𥖁	uz	石尊	0
𥕿	fu	番石	0
𥕿	uf	石番	0
𥕾	ue	石儿	0
𥕽	pu	彭石	0
𥕽	up	石彭	0
𥕼	uy	石酉	0
𥕻	uw	石無	0
𥕹	uc	石毳	0
𥕸	uz	石最	0
𥕶	us	石斯	0
𥕵	ug	石敢	0
𥕲	uj	石厥	0
𥕱	up	石彭	0
𥕰	ux	石虚	0
𥕯	us	石宿	0
𥕮	ul	石离	0
𥕭	uy	石爻	0
𥕪	uz	石子	0
𥕦	ug	石衮	0
𥕥	uq	石區	0
𥕣	ud	石得	0
𥕢	uc	石曹	0
𥕡	ul	石聊	0
𥕠	uo	石日	0
𥕙	uu	石生	0
𥕘	ui	石巢	0
𥕗	cu	艹石	0
𥕗	ub	石冖	0
𥕖	ug	石郭	0
𥕓	um	石莫	0
𥕑	uc	.	0
𥕑	uq	石且	0
𥕐	ud	.	0
𥕐	ug	石古	0
𥕏	ug	石國	0
𥕎	uk	石康	0
𥕍	ul	石婁	0
𥕋	us	石叟	0
𥕉	uc	石厝	0
𥕈	ud	石歹	0
𥕇	ui	石乂	0
𥕆	uh	石禾	0
𥕂	uj	石脊	0
𥕁	uj	.	0
𥕀	uw	石翁	0
𥔿	uy	石舀	0
𥔽	ud	.	0
𥔽	uh	石合	0
𥔼	tu	土石	0
𥔼	uu	石殳	0
𥔻	uu	石神	0
𥔹	ux	石夏	0
𥔶	us	石厶	0
𥔴	uu	石生	0
𥔲	ue	.	0
𥔲	uk	石亏	0
𥔱	uu	石扇	0
𥔯	uh	石回	0
𥔮	uq	石虔	0
𥔭	ub	石貝	0
𥔭	us	.	0
𥔫	uc	.	0
𥔫	ur	石人	0
𥔪	ui	石川	0
𥔩	uk	石砍	0
𥔥	uw	石夂	0
𥔣	uj	石姜	0
𥔢	uy	石臾	0
𥔡	ux	石香	0
𥔜	ux	石香	0
𥔛	uy	石爰	0
𥔙	uy	石苑	0
𥔗	ud	石耑	0
𥔒	ug	石冠	0
𥔑	us	.	0
𥔑	uy	石又	0
𥔏	au	丨石	0
𥔏	ut	石田	0
𥔍	uq	石秋	0
𥔌	un	石女	0
𥔊	uv	石至	0
𥔉	uy	石又	0
𥔇	uk	.	0
𥔇	um	石名	0
𥔄	ut	石土	0
𥔂	uh	石恆	0
𥔁	uf	.	0
𥔁	ut	石田	0
𥔀	uh	石訇	0
𥓾	ui	.	0
𥓾	uj	石臼	0
𥓻	uw	石夂	0
𥓻	uz	.	0
𥓲	uz	石甾	0
𥓰	uq	石穹	0
𥓬	du	到石	0
𥓫	ud	石到	0
𥓪	ut	石土	0
𥓧	nu	牛石	0
𥓧	un	石牛	0
𥓣	ur	石冗	0
𥓟	ud	石吊	0
𥓛	uy	.	0
𥓘	uy	石易	0
𥓖	ug	石杲	0
𥓒	ud	.	0
𥓒	uj	石臼	0
𥓑	uu	石刹	0
𥓐	uj	.	0
𥓐	uy	.	0
𥓍	uu	叔石	0
𥓌	uq	石羌	0
𥓈	uu	石十	0
𥓇	uv	石止	0
𥓇	ux	.	0
𥓇	xu	夕石	0
𥓆	uu	石石	0
𥓃	ud	.	0
𥓃	ut	石条	0
𥓂	uh	石含	0
𥒾	uw	石吾	0
𥒻	ub	石别	0
𥒹	ud	石丶	0
𥒷	ub	石邦	0
𥒶	ux	石系	0
𥒵	uy	石邑	0
𥒳	dk	宕亢	0
𥒲	uy	石矣	0
𥒱	ux	石形	0
𥒰	uf	石甫	0
𥒮	uw	石尾	0
𥒭	uz	石足	0
𥒬	us	石宋	0
𥒫	uf	石孚	0
𥒪	ul	石牢	0
𥒨	ux	石心	0
𥒧	ub	石卜	0
𥒢	ul	.	0
𥒡	ui	石丞	0
𥒞	uy	石羊	0
𥒜	ub	石冰	0
𥒛	us	石厶	0
𥒘	ux	石旬	0
𥒗	us	石厶	0
𥒖	uh	石后	0
𥒕	uz	石自	0
𥒓	uv	石至	0
𥒏	uy	石臾	0
𥒁	uv	石州	0
𥒀	uw	.	0
𥒀	uy	石于	0
𥑿	uy	石有	0
𥑾	uh	石卉	0
𥑼	fu	伐石	0
𥑼	uf	石伐	0
𥑻	ux	石先	0
𥑺	un	.	0
𥑹	uk	石夸	0
𥑸	uv	石舟	0
𥑶	ul	石耒	0
𥑵	ud	.	0
𥑴	uy	石衣	0
𥑳	ur	石戎	0
𥑱	gu	工石	0
𥑱	ud	石刀	0
𥑰	uz	石左	0
𥑯	ug	.	0
𥑯	uk	石冂	0
𥑬	uc	石册	0
𥑫	ux	石穴	0
𥑥	uu	石生	0
𥑢	ub	石布	0
𥑡	uu	石术	0
𥑡	uv	.	0
𥑟	tu	土石	0
𥑟	uk	石冂	0
𥑚	ur	石人	0
𥑘	uw	石未	0
𥑖	ub	石必	0
𥑔	ug	石瓜	0
𥑓	ua	石丨	0
𥑒	ue	.	0
𥑒	ux	石小	0
𥑑	uy	石幼	0
𥑐	uj	石甲	0
𥑏	uu	石史	0
𥑎	uh	.	0
𥑎	uk	石口	0
𥑋	uk	.	0
𥑋	uu	石圣	0
𥑈	ud	石丁	0
𥑈	ut	.	0
𥑇	uu	石失	0
𥑅	uj	石九	0
𥑀	ub	石冖	0
𥐿	ud	石斗	0
𥐾	ug	石勾	0
𥐽	um	石毛	0
𥐻	ug	石冈	0
𥐹	uj	石井	0
𥐸	uy	石允	0
𥐵	up	石匹	0
𥐰	uq	石区	0
𥐯	uy	石云	0
𥐭	uw	石午	0
𥐬	uq	石气	0
𥐩	uy	石匀	0
𥐣	ui	石川	0
𥐟	ui	.	0
𥐟	uy	石义	0
𥐞	uw	石亡	0
𥐜	uj	石九	0
𥐚	ub	石卜	0
𥐙	ub	石八	0
𥐖	ak	丆口	0
𥐕	ug	石乚	0
𥐓	ug	.	0
𥐓	uv	矢隹	0
𥐑	uy	矢嬰	0
𥐊	uj	矢敫	0
𥐂	uy	矢禺	0
𥐁	uf	矢夫	0
𥐁	up	.	0
𥐀	us	矢斯	0
𥏹	ug	矢高	0
𥏷	ut	.	0
𥏰	ub	矢匕	0
𥏰	yb	尹匕	0
𥏯	vz	知早	0
𥏮	uy	矢音	0
𥏫	uw	矢勿	0
𥏫	uy	.	0
𥏪	uj	矢皆	0
𥏨	uv	矢周	0
𥏥	uv	矢卓	0
𥏤	uk	矢亏	0
𥏡	uq	矢妾	0
𥏠	ub	矢卑	0
𥏝	uy	矢亞	0
𥏜	uq	矢奇	0
𥏙	uj	矢卷	0
𥏘	uq	矢屈	0
𥏗	ux	矢秀	0
𥏖	uy	矢矣	0
𥏕	uh	矢宏	0
𥏓	uc	矢廾	0
𥏓	ug	.	0
𥏒	uw	矢吾	0
𥏎	ut	矢廷	0
𥏊	uy	矢羽	0
𥏈	fu	凡矢	0
𥏈	uy	矢幺	0
𥏇	hu	火矢	0
𥏇	ue	矢二	0
𥏅	uz	矢早	0
𥏄	ub	矢百	0
𥎺	uv	矢兆	0
𥎹	uv	矢至	0
𥎸	ux	矢玄	0
𥎴	ut	矢田	0
𥎱	ub	.	0
𥎱	ud	矢丶	0
𥎰	uq	矢去	0
𥎮	uf	矢反	0
𥎤	mc	矛爨	0
𥎣	mc	矛竄	0
𥎢	mh	矛灬	0
𥎡	mq	矛瞿	0
𥎟	mv	矛章	0
𥎛	mk	矛匱	0
𥎘	mx	矛需	0
𥎗	my	矛與	0
𥎖	me	矛爾	0
𥎕	ju	.	0
𥎕	jx	.	0
𥎕	yu	矞戍	0
𥎕	yx	矞戌	0
𥎔	ml	.	0
𥎓	md	矛豆	0
𥎓	ml	.	0
𥎑	mc	.	0
𥎑	mo	矛日	0
𥎐	ji	.	0
𥎐	yi	矞出	0
𥎎	mj	矛解	0
𥎍	mz	矛責	0
𥎌	mf	矛逢	0
𥎋	mc	.	0
𥎋	mx	矛心	0
𥎊	mj	矛堇	0
𥎈	my	矛酉	0
𥎆	mh	矛害	0
𥎅	mt	.	0
𥎅	mu	.	0
𥎃	mq	矛氣	0
𥎂	mr	矛茸	0
𥎀	my	矛頁	0
𥍼	my	矛英	0
𥍻	mn	矛女	0
𥍻	my	.	0
𥍺	mw	矛夂	0
𥍺	mz	.	0
𥍹	mj	矛建	0
𥍸	mu	矛施	0
𥍷	mc	.	0
𥍷	mx	矛心	0
𥍴	my	矛易	0
𥍳	ri	柔丑	0
𥍲	rn	柔内	0
𥍱	mg	矛告	0
𥍯	mj	.	0
𥍯	my	矛又	0
𥍮	mf	矛丰	0
𥍭	mv	矛折	0
𥍬	mj	.	0
𥍬	mw	矛夂	0
𥍫	ml	矛良	0
𥍪	mv	矛豸	0
𥍨	mw	矛危	0
𥍣	mh	矛号	0
𥍟	mu	矛殳	0
𥍞	mr	矛刃	0
𥍝	ma	矛一	0
𥍝	my	.	0
𥍚	ob	目變	0
𥍙	ox	目小	0
𥍔	ol	.	0
𥍓	oy	目嚴	0
𥍋	oj	目冏	0
𥍋	os	.	0
𥍉	on	目聶	0
𥍆	ox	目燮	0
𥍃	os	目雖	0
𥍁	go	歸目	0
𥍁	og	目歸	0
𥍀	oj	目韭	0
𥍀	oq	.	0
𥌿	ol	目隸	0
𥌾	oy	目應	0
𥌽	oy	目嬰	0
𥌼	ok	目口	0
𥌼	ol	.	0
𥌻	ol	目闌	0
𥌺	oy	目龠	0
𥌳	oo	目日	0
𥌱	cm	艹眠	0
𥌱	om	目民	0
𥌰	oy	目遺	0
𥌯	om	目甍	0
𥌮	ol	目歷	0
𥌭	ox	目縣	0
𥌪	ox	.	0
𥌩	od	目德	0
𥌨	ol	.	0
𥌨	oy	目頁	0
𥌤	ol	目隶	0
𥌢	ol	目寮	0
𥌠	ol	目慮	0
𥌟	ou	.	0
𥌟	oy	目余	0
𥌟	uo	上目	0
𥌞	of	目樊	0
𥌛	ol	目黎	0
𥌚	om	目賣	0
𥌘	oo	目目	0
𥌔	om	目買	0
𥌓	ou	目署	0
𥌐	ol	.	0
𥌐	ox	目心	0
𥌏	mm	眉冥	0
𥌍	ov	.	0
𥌍	oy	目又	0
𥌊	ox	目辛	0
𥌊	xo	辛目	0
𥌈	oj	目監	0
𥌈	om	.	0
𥌆	ou	目壽	0
𥌅	oy	目厭	0
𥌅	yo	厭目	0
𥌄	bo	卜目	0
𥌄	oy	目又	0
𥌃	oe	目爾	0
𥌂	of	目方	0
𥌁	ox	目㬎	0
𥌀	oi	目察	0
𥋿	oh	目赫	0
𥋾	od	目董	0
𥋯	oy	目言	0
𥋮	oy	目言	0
𥋩	bo	宀目	0
𥋩	oy	目又	0
𥋨	oy	目麀	0
𥋧	ou	目煞	0
𥋥	jt	.	0
𥋥	ot	目兔	0
𥋤	og	目甘	0
𥋤	oi	.	0
𥋤	uo	尚目	0
𥋣	oj	目賈	0
𥋢	oo	目目	0
𥋡	og	目弓	0
𥋟	oy	目義	0
𥋝	om	目黽	0
𥋜	my	眉又	0
𥋜	oy	目又	0
𥋛	ou	目蜀	0
𥋙	oy	目業	0
𥋖	ox	目虚	0
𥋌	os	目散	0
𥋊	oq	目喬	0
𥋉	oe	目耳	0
𥋈	oy	目堯	0
𥋈	yo	堯目	0
𥋇	ov	目掌	0
𥋆	od	目敦	0
𥋁	od	目电	0
𥊿	oy	目又	0
𥊽	sd	罒弟	0
𥊼	oi	目牚	0
𥊺	om	目木	0
𥊸	ox	目心	0
𥊶	or	目然	0
𥊴	oz	目最	0
𥊯	oj	目絜	0
𥊮	oh	目畫	0
𥊭	oz	目尊	0
𥊬	oj	目戢	0
𥊫	og	目貫	0
𥊪	ow	目爲	0
𥊧	ok	.	0
𥊧	ou	目殳	0
𥊧	uo	声目	0
𥊔	ou	目商	0
𥊓	oi	.	0
𥊒	of	目逢	0
𥊑	om	目曼	0
𥊌	oi	目巢	0
𥊊	ou	目十	0
𥊉	oa	.	0
𥊉	oh	目合	0
𥊈	ol	目梨	0
𥊇	io	臣目	0
𥊇	od	目丶	0
𥊇	oi	.	0
𥊀	oc	目參	0
𥉿	oj	目見	0
𥉿	om	.	0
𥉾	ol	.	0
𥉽	ok	目康	0
𥉼	ox	目梟	0
𥉻	oj	目祭	0
𥉺	ov	目窒	0
𥉹	ol	目累	0
𥉸	oj	目堅	0
𥉷	oq	目戚	0
𥉶	ol	目鹿	0
𥉵	mo	麻目	0
𥉵	om	目麻	0
𥉴	om	目密	0
𥉳	ol	目留	0
𥉰	oy	目舀	0
𥉡	ox	目夕	0
𥉠	ow	目務	0
𥉠	wo	務目	0
𥉟	ob	目般	0
𥉝	od	.	0
𥉝	oy	.	0
𥉜	oq	目秦	0
𥉛	oy	目宴	0
𥉙	oq	目耆	0
𥉘	os	目虒	0
𥉖	oh	目恚	0
𥉕	od	目丶	0
𥉕	om	.	0
𥉔	go	耿目	0
𥉔	og	目耿	0
𥉓	om	目皿	0
𥉒	og	.	0
𥉒	on	目臬	0
𥉑	oh	目隺	0
𥉐	ox	目奚	0
𥉌	od	.	0
𥉌	oh	目合	0
𥉋	ou	目氺	0
𥉊	om	目馬	0
𥉈	ox	目脩	0
𥉇	og	.	0
𥉇	or	目冉	0
𥉆	ou	.	0
𥉆	oy	目又	0
𥉆	uo	上目	0
𥉅	og	目鬲	0
𥉄	og	目骨	0
𥉃	no	能目	0
𥉃	on	目能	0
𥉁	jg	.	0
𥉁	oa	目丨	0
𥉀	ob	目八	0
𥉀	ot	.	0
𥉀	ou	.	0
𥈿	og	目貢	0
𥈾	oy	目窅	0
𥈽	bo	宀目	0
𥈽	ob	目八	0
𥈽	os	.	0
𥈼	bo	般目	0
𥈼	ob	目般	0
𥈻	ot	目土	0
𥈸	mj	.	0
𥈸	or	目人	0
𥈸	ur	十人	0
𥈷	ou	目示	0
𥈷	uo	十目	0
𥈮	of	目方	0
𥈬	oo	.	0
𥈬	oy	目禺	0
𥈩	ox	目巷	0
𥈨	od	目段	0
𥈤	ob	目卜	0
𥈟	os	.	0
𥈝	ox	目心	0
𥈜	fj	.	0
𥈛	om	.	0
𥈛	oo	目目	0
𥈚	or	目人	0
𥈚	oz	.	0
𥈙	ol	目剌	0
𥈘	oj	.	0
𥈘	ox	目小	0
𥈗	oy	目頁	0
𥈖	on	.	0
𥈖	oy	目羊	0
𥈕	ox	.	0
𥈓	og	目咼	0
𥈒	oc	目廾	0
𥈑	oh	.	0
𥈏	jy	.	0
𥈋	oy	目禹	0
𥈊	oi	.	0
𥈊	oj	目臼	0
𥈉	oh	目奂	0
𥈈	jh	.	0
𥈈	oh	目灬	0
𥈇	od	目大	0
𥈇	or	.	0
𥈆	om	目冒	0
𥈄	ox	目巷	0
𥈃	oy	目又	0
𥈂	oj	目亟	0
𥇿	oh	目或	0
𥇳	ov	目帚	0
𥇲	bo	波目	0
𥇲	ob	目波	0
𥇰	oh	目忽	0
𥇯	ow	目勿	0
𥇭	ov	目知	0
𥇨	bo	卜目	0
𥇨	oh	目火	0
𥇦	ox	目析	0
𥇢	ov	目斩	0
𥇠	oo	目目	0
𥇠	wj	.	0
𥇠	wo	夂目	0
𥇟	ol	目力	0
𥇟	ox	.	0
𥇞	ot	目土	0
𥇜	ox	目享	0
𥇛	dj	.	0
𥇛	do	大目	0
𥇛	oo	目目	0
𥇚	oq	目奇	0
𥇙	ho	或目	0
𥇙	oh	目或	0
𥇘	oj	.	0
𥇘	oq	目囷	0
𥇗	oj	目届	0
𥇖	fo	非目	0
𥇖	of	目非	0
𥇕	ov	目制	0
𥇔	oi	目長	0
𥇓	od	目定	0
𥇒	oq	目妾	0
𥇑	ol	目兩	0
𥇏	og	.	0
𥇏	oj	目炅	0
𥇎	om	目弥	0
𥇍	ov	目卓	0
𥇌	od	.	0
𥇉	oq	目羌	0
𥇇	ou	目沙	0
𥇆	om	目米	0
𥇄	oo	目目	0
𥆼	ol	目里	0
𥆷	oj	.	0
𥆷	oy	目又	0
𥆶	ou	目手	0
𥆲	os	.	0
𥆲	ou	目山	0
𥆱	oc	目岑	0
𥆯	ob	目坒	0
𥆧	or	目闰	0
𥆦	ow	目尪	0
𥆥	oz	目走	0
𥆣	jy	.	0
𥆣	oy	目又	0
𥆡	oh	目含	0
𥆟	od	目兑	0
𥆞	as	丨罒	0
𥆝	ou	目沙	0
𥆝	uo	沙目	0
𥆜	ow	目往	0
𥆛	oy	目役	0
𥆛	yo	役目	0
𥆚	ow	目汪	0
𥆙	om	目尨	0
𥆘	ob	目貝	0
𥆗	dp	大攴	0
𥆗	op	目攴	0
𥆖	od	目豆	0
𥆔	ox	目孝	0
𥆑	ot	目廷	0
𥆌	oj	目角	0
𥆉	ou	目殳	0
𥆉	oy	.	0
𥆅	jo	吉目	0
𥆅	oj	目吉	0
𥅾	op	.	0
𥅽	ho	合目	0
𥅽	oh	目合	0
𥅻	oi	目充	0
𥅺	os	目色	0
𥅸	ov	.	0
𥅸	oy	.	0
𥅷	ow	目亠	0
𥅷	ub	.	0
𥅷	uo	少目	0
𥅵	ov	.	0
𥅴	oj	目夹	0
𥅬	oy	目云	0
𥅪	ou	目收	0
𥅨	og	目亘	0
𥅧	ox	目血	0
𥅦	ol	目耒	0
𥅡	oe	目而	0
𥅠	oh	目后	0
𥅟	oj	目交	0
𥅞	ou	目式	0
𥅘	oe	目尔	0
𥅗	op	目皮	0
𥅔	oq	目丘	0
𥅓	ot	.	0
𥅒	ok	目凵	0
𥅑	oy	.	0
𥅌	oy	.	0
𥅌	vo	中目	0
𥅉	oe	目二	0
𥅈	ol	目立	0
𥅆	or	目冉	0
𥅅	oj	目击	0
𥅄	no	奴目	0
𥅄	on	目奴	0
𥅂	ot	目他	0
𥅁	ov	目乍	0
𥄿	or	.	0
𥄽	od	目丶	0
𥄼	og	目瓜	0
𥄻	ot	目它	0
𥄹	ob	目包	0
𥄸	om	目卯	0
𥄷	oj	目巨	0
𥄶	os	目司	0
𥄵	ou	目术	0
𥄵	ov	.	0
𥄴	ox	目穴	0
𥄲	os	.	0
𥄲	so	罒目	0
𥄱	fo	弗目	0
𥄱	of	目弗	0
𥄫	oj	目及	0
𥄨	oi	目丑	0
𥄦	ok	目亢	0
𥄟	fo	分目	0
𥄟	of	目分	0
𥄝	ou	目山	0
𥄜	oj	.	0
𥄜	ou	目十	0
𥄛	oy	目予	0
𥄘	bo	八目	0
𥄘	oa	目乛	0
𥄘	ob	.	0
𥄗	ov	.	0
𥄖	ou	目十	0
𥄕	co	卝目	0
𥄕	oc	目卝	0
𥄕	og	.	0
𥄔	ok	目冂	0
𥄔	ou	.	0
𥄓	bo	不目	0
𥄓	ob	目不	0
𥄒	oh	目化	0
𥄑	of	目夫	0
𥄎	op	目攴	0
𥄎	ow	.	0
𥄍	oj	目介	0
𥄋	on	目内	0
𥄈	lo	六目	0
𥄈	ol	目六	0
𥄇	ou	目氏	0
𥄇	uo	氏目	0
𥄁	oi	目乂	0
𥃿	og	目工	0
𥃾	ot	目土	0
𥃽	og	目工	0
𥃺	ow	目兀	0
𥃹	oi	目川	0
𥃸	oy	目也	0
𥃵	of	目凡	0
𥃴	ou	目十	0
𥃴	ox	.	0
𥃰	ow	目亠	0
𥃰	wo	亠目	0
𥃮	or	目入	0
𥃮	ro	入目	0
𥃫	oy	目又	0
𥃪	ou	目十	0
𥃩	ob	目匕	0
𥃨	ob	目卜	0
𥃧	oj	目丩	0
𥃤	og	目乚	0
𥃣	gg	盖盖	0
𥃣	mg	皿盖	0
𥃢	md	皿丶	0
𥃠	ly	魯益	0
𥃟	mk	皿口	0
𥃟	um	声皿	0
𥃜	my	.	0
𥃗	jm	餞皿	0
𥃗	mj	皿餞	0
𥃕	hg	.	0
𥃔	mj	皿臼	0
𥃒	mq	皿錢	0
𥃒	qm	錢皿	0
𥃐	my	皿又	0
𥃐	wm	亠皿	0
𥃌	ml	皿來	0
𥃌	mx	.	0
𥃌	xm	辛皿	0
𥃀	my	皿又	0
𥃀	wm	亠皿	0
𥂼	mt	皿彖	0
𥂼	vm	爪皿	0
𥂸	my	皿楊	0
𥂸	ym	楊皿	0
𥂵	dm	氵皿	0
𥂰	gm	酤皿	0
𥂰	mg	皿酤	0
𥂯	cm	艹皿	0
𥂯	mt	皿坦	0
𥂫	cm	殘皿	0
𥂫	mc	皿殘	0
𥂪	ms	皿散	0
𥂪	sm	散皿	0
𥂨	yh	羽盒	0
𥂧	my	皿右	0
𥂦	dm	敦皿	0
𥂦	md	皿敦	0
𥂥	md	.	0
𥂤	mj	.	0
𥂣	gm	郭皿	0
𥂣	mg	皿郭	0
𥂢	am	敖皿	0
𥂞	my	皿爻	0
𥂛	mt	皿田	0
𥂛	ym	聿皿	0
𥂙	ms	.	0
𥂓	mm	皿麻	0
𥂒	ms	.	0
𥂋	mt	皿涂	0
𥂋	tm	涂皿	0
𥂆	mq	皿浅	0
𥂆	qm	浅皿	0
𥂅	mx	皿巷	0
𥂅	xm	巷皿	0
𥂃	xm	彳皿	0
𥂂	mm	矛皿	0
𥁹	lm	林皿	0
𥁹	ml	皿林	0
𥁸	jm	卷皿	0
𥁸	mj	皿卷	0
𥁵	dm	氵皿	0
𥁵	im	.	0
𥁵	mv	皿中	0
𥁲	mu	皿沙	0
𥁲	um	沙皿	0
𥁯	mz	皿足	0
𥁯	zm	足皿	0
𥁮	my	皿攸	0
𥁮	ym	攸皿	0
𥁥	jm	己皿	0
𥁥	mj	皿己	0
𥁢	qm	乔皿	0
𥁡	mw	皿污	0
𥁠	hm	火皿	0
𥁠	me	皿二	0
𥁟	lm	列皿	0
𥁟	ml	皿列	0
𥁕	mq	皿囚	0
𥁒	my	皿幼	0
𥁒	ym	幼皿	0
𥁑	bm	必皿	0
𥁑	mb	皿必	0
𥁐	mt	皿台	0
𥁐	tm	台皿	0
𥁎	my	皿用	0
𥁎	ym	用皿	0
𥁇	dm	斗皿	0
𥁇	md	皿斗	0
𥁆	my	皿牙	0
𥁆	ym	牙皿	0
𥁃	mw	皿亡	0
𥁃	wm	亡皿	0
𥁂	jm	孑皿	0
𥁂	mj	皿孑	0
𥁁	gm	工皿	0
𥁁	mg	皿工	0
𥀾	gx	.	0
𥀻	gq	.	0
𥀻	jq	吉戚	0
𥀻	pq	皮戚	0
𥀺	pl	.	0
𥀺	ps	皮糸	0
𥀺	sp	糸皮	0
𥀹	pj	皮繭	0
𥀵	lp	盧皮	0
𥀵	pl	皮盧	0
𥀲	pm	皮賣	0
𥀱	gp	廣皮	0
𥀱	pg	皮廣	0
𥀰	pl	.	0
𥀮	np	腦皮	0
𥀮	pn	皮腦	0
𥀮	po	.	0
𥀭	px	皮需	0
𥀬	py	皮厭	0
𥀬	yp	厭皮	0
𥀫	px	皮需	0
𥀥	pg	皮葛	0
𥀣	pb	皮冖	0
𥀣	px	.	0
𥀠	pg	皮貴	0
𥀝	ps	皮宿	0
𥀛	pc	皮曹	0
𥀙	pp	皮皮	0
𥀙	rp	肉皮	0
𥀘	pp	皮皮	0
𥀘	yp	羽皮	0
𥀖	ph	皮回	0
𥀔	lp	鹿皮	0
𥀔	pl	.	0
𥀓	lp	留皮	0
𥀓	pl	皮留	0
𥀐	pr	皮人	0
𥀐	up	十皮	0
𥀏	pm	皮木	0
𥀏	wp	亠皮	0
𥀈	ip	.	0
𥀈	pj	皮臼	0
𥀈	qp	千皮	0
𥀅	bp	北皮	0
𥀅	pe	皮儿	0
𥀃	hp	侯皮	0
𥀃	ph	皮侯	0
𥀂	fp	封皮	0
𥀂	pf	皮封	0
𥀁	pv	皮者	0
𥀁	vp	者皮	0
𤿾	bp	卑皮	0
𤿾	pb	皮卑	0
𤿽	pt	.	0
𤿼	pu	皮尚	0
𤿼	up	尚皮	0
𤿷	pd	.	0
𤿷	pj	皮臼	0
𤿶	dp	典皮	0
𤿶	pd	皮典	0
𤿵	pv	皮叕	0
𤿵	vp	叕皮	0
𤿴	lp	录皮	0
𤿴	pl	皮录	0
𤿳	ip	臣皮	0
𤿳	pq	.	0
𤿳	py	皮又	0
𤿭	pf	皮甫	0
𤿫	dp	兑皮	0
𤿫	pd	皮兑	0
𤿩	gp	告皮	0
𤿩	pg	皮告	0
𤿨	px	皮肖	0
𤿧	hp	旱皮	0
𤿧	ph	皮旱	0
𤿣	pg	皮干	0
𤿣	up	山皮	0
𤿡	pw	皮危	0
𤿡	wp	危皮	0
𤿠	jp	吉皮	0
𤿠	pj	皮吉	0
𤿟	px	皮旬	0
𤿟	xp	旬皮	0
𤿞	gp	古皮	0
𤿞	pg	皮古	0
𤿚	pq	皮且	0
𤿚	qp	且皮	0
𤿙	cp	此皮	0
𤿙	pc	皮此	0
𤿘	pg	.	0
𤿘	pv	皮召	0
𤿘	vp	召皮	0
𤿗	pm	皮末	0
𤿖	mp	末皮	0
𤿖	pm	皮末	0
𤿖	pw	.	0
𤿕	mp	民皮	0
𤿕	pm	皮民	0
𤿓	px	.	0
𤿓	py	皮爻	0
𤿓	yp	爻皮	0
𤿒	pn	皮内	0
𤿑	pw	.	0
𤿐	kp	开皮	0
𤿐	pj	.	0
𤿐	pk	皮开	0
𤿏	np	内皮	0
𤿏	pn	皮内	0
𤿎	bp	比皮	0
𤿎	pb	皮比	0
𤿋	pc	皮才	0
𤿈	pu	皮勺	0
𤿇	pd	皮刀	0
𤿆	pd	皮丁	0
𤿅	bl	白靈	0
𤿀	bz	白贊	0
𤾿	bv	白兆	0
𤾿	xv	夕兆	0
𤾽	bj	白即	0
𤾺	hd	皇單	0
𤾵	bb	白弊	0
𤾳	uh	書皇	0
𤾲	hb	皇本	0
𤾲	hg	皇皋	0
𤾮	by	白遠	0
𤾭	hu	皇書	0
𤾬	bm	白蒙	0
𤾫	bd	白翟	0
𤾫	bv	.	0
𤾦	bi	.	0
𤾥	bc	白曾	0
𤾣	bf	白夫	0
𤾣	bp	.	0
𤾢	bd	白登	0
𤾠	bd	白單	0
𤾝	bm	白麻	0
𤾛	bp	白票	0
𤾚	bn	白臬	0
𤾒	br	白冗	0
𤾒	tr	.	0
𤾑	bg	白甘	0
𤾎	bn	白牛	0
𤾋	bq	百千	0
𤾉	bw	白勿	0
𤾉	by	.	0
𤾈	bj	白軍	0
𤾅	bf	白非	0
𤾄	bg	.	0
𤾄	bo	白日	0
𤾄	tb	天白	0
𤾂	bw	白宛	0
𤾀	bz	白责	0
𤽿	bn	白念	0
𤽼	bv	白隹	0
𤽺	bl	白录	0
𤽹	bb	白卑	0
𤽳	bo	白日	0
𤽲	bn	白男	0
𤽱	bz	白足	0
𤽯	bu	白寿	0
𤽦	bf	白缶	0
𤽥	bg	白各	0
𤽤	bc	白此	0
𤽤	cb	此白	0
𤽣	bb	必白	0
𤽡	bg	白瓜	0
𤽕	bw	.	0
𤽓	be	白二	0
𤽐	bp	白攴	0
𤽏	bb	白比	0
𤽌	bk	白冂	0
𤽌	bu	.	0
𤽊	bb	白比	0
𤽉	bf	白分	0
𤽈	bh	白火	0
𤽅	bw	白兀	0
𤽃	bi	白川	0
𤽁	bu	白十	0
𤼺	du	癶殳	0
𤼶	dl	登力	0
𤼱	cw	艹夂	0
𤼱	dw	癶夂	0
𤼮	dk	.	0
𤼭	di	癶虫	0
𤼢	bh	疒歡	0
𤼜	bk	.	0
𤼚	bi	疒蠆	0
𤼙	bl	.	0
𤼙	bs	疒糸	0
𤼘	bl	疒羸	0
𤼗	bz	疒足	0
𤼒	bj	疒冏	0
𤼒	bs	.	0
𤼑	bg	疒骨	0
𤼐	bg	.	0
𤼏	bl	.	0
𤼏	bq	疒欠	0
𤼍	bx	疒香	0
𤼍	lx	.	0
𤼌	by	疒翼	0
𤼋	bj	疒韭	0
𤼋	bq	.	0
𤼈	bx	疒興	0
𤼅	bq	疒器	0
𤼃	bl	疒龍	0
𤼂	bx	疒憲	0
𤼁	bm	疒瞢	0
𤼀	bs	疒穌	0
𤻿	bg	.	0
𤻿	bm	疒木	0
𤻹	bi	疒虫	0
𤻷	bp	疒盤	0
𤻶	bb	疒編	0
𤻱	bl	疒慮	0
𤻦	bg	疒戈	0
𤻟	bm	疒夢	0
𤻞	be	疒爾	0
𤻝	bn	疒寧	0
𤻜	bg	疒蓋	0
𤻙	bh	.	0
𤻙	bv	.	0
𤻙	by	疒又	0
𤻘	by	.	0
𤻖	bb	疒鼻	0
𤻌	bg	疒過	0
𤻇	bi	疒楚	0
𤻆	bw	疒頑	0
𤻅	ba	疒愛	0
𤻄	bs	疒遂	0
𤻃	bu	疒暑	0
𤻂	bg	.	0
𤻂	bx	疒幸	0
𤺾	ba	疒奥	0
𤺼	bl	疒勠	0
𤺻	bj	疒雋	0
𤺺	bd	疒亶	0
𤺷	bj	疒極	0
𤺫	br	.	0
𤺫	bx	疒心	0
𤺪	bu	疒善	0
𤺩	bu	疒勝	0
𤺧	bc	疒曾	0
𤺧	nc	.	0
𤺥	bd	疒答	0
𤺢	bs	疒森	0
𤺗	bd	疒刂	0
𤺗	bu	.	0
𤺖	bm	疒閔	0
𤺕	bf	疒費	0
𤺔	bu	疒貰	0
𤺓	bb	疒敝	0
𤺐	bh	疒曷	0
𤺏	bf	疒番	0
𤺎	bx	疒舄	0
𤺌	bd	疒登	0
𤺊	bs	疒斯	0
𤺉	bw	疒爲	0
𤺇	bb	疒扁	0
𤺅	bs	.	0
𤺅	by	疒又	0
𤺄	bt	疒童	0
𤺃	bg	.	0
𤺀	by	疒衣	0
𤹿	by	疒魚	0
𤹸	bs	疒思	0
𤹸	bx	.	0
𤹷	bn	疒鳥	0
𤹵	bv	疒專	0
𤹴	bl	疒婪	0
𤹴	ln	.	0
𤹴	mn	.	0
𤹲	bg	.	0
𤹪	bq	疒區	0
𤹩	bs	.	0
𤹩	bv	疒隹	0
𤹨	bl	疒連	0
𤹦	bb	.	0
𤹦	bh	疒回	0
𤹥	bk	.	0
𤹥	bu	疒殳	0
𤹣	bh	疒乎	0
𤹢	be	疒而	0
𤹡	bc	.	0
𤹡	bq	疒且	0
𤹞	bd	.	0
𤹞	bg	疒古	0
𤹝	bb	疒畢	0
𤹜	bg	疒宫	0
𤹛	bx	疒心	0
𤹐	bl	疒烈	0
𤹎	bh	疒灬	0
𤹌	bu	疒師	0
𤹋	bm	疒民	0
𤹊	bi	疒虫	0
𤹈	bj	疒几	0
𤹇	bh	.	0
𤹇	bt	疒台	0
𤹅	bm	疒木	0
𤸼	bw	疒烏	0
𤸻	bn	.	0
𤸻	bu	疒手	0
𤸹	bu	疒剡	0
𤸸	by	疒益	0
𤸷	bj	疒巾	0
𤸵	bc	疒寸	0
𤸵	bf	.	0
𤸴	bs	疒索	0
𤸳	bq	疒豈	0
𤸲	bv	疒烝	0
𤸱	bg	.	0
𤸱	bh	疒盍	0
𤸯	bs	疒桑	0
𤸮	bx	疒屑	0
𤸬	bu	疒衰	0
𤸫	by	疒員	0
𤸪	bq	疒挈	0
𤸦	bm	疒孖	0
𤸦	bn	.	0
𤸤	bu	疒食	0
𤸡	by	疒英	0
𤸛	bs	疒思	0
𤸗	bq	疒犬	0
𤸖	ba	疒哀	0
𤸓	bv	疒致	0
𤸒	bo	.	0
𤸒	by	疒禺	0
𤸑	bf	疒复	0
𤸏	bn	疒柰	0
𤸎	bh	疒曷	0
𤸊	bd	疒怠	0
𤸉	bs	.	0
𤸈	bq	疒酋	0
𤸆	bw	疒韋	0
𤸅	bh	.	0
𤸅	bo	疒日	0
𤸁	bh	.	0
𤸁	bt	疒彖	0
𤸀	bx	疒胥	0
𤷿	bq	.	0
𤷿	bt	疒突	0
𤷾	bq	.	0
𤷽	bq	疒卻	0
𤷼	bx	疒相	0
𤷻	bn	.	0
𤷻	bx	疒囟	0
𤷹	bj	疒及	0
𤷷	bm	疒皿	0
𤷪	bm	疒孟	0
𤷪	nm	.	0
𤷦	bj	疒京	0
𤷤	by	疒肴	0
𤷢	bj	疒具	0
𤷡	bh	疒虎	0
𤷟	bl	疒拉	0
𤷝	by	疒岳	0
𤷙	bc	疒寸	0
𤷙	bd	.	0
𤷘	bv	疒卓	0
𤷗	bb	.	0
𤷗	be	疒儿	0
𤷖	bl	.	0
𤷖	bw	疒夂	0
𤷕	bc	疒采	0
𤷔	bl	疒侖	0
𤷓	bx	疒欣	0
𤷒	bb	疒卑	0
𤷑	bj	疒咎	0
𤷏	bj	.	0
𤷏	br	疒壬	0
𤷎	bb	.	0
𤷎	bf	疒阜	0
𤷍	bq	疒其	0
𤷌	bq	.	0
𤷌	by	疒又	0
𤷉	bj	疒亟	0
𤷈	bn	疒奈	0
𤷈	nn	.	0
𤷇	bh	疒或	0
𤷆	bd	疒東	0
𤷅	be	疒兒	0
𤷄	bj	疒卷	0
𤷃	bj	疒戔	0
𤷂	bf	疒肥	0
𤷀	bw	疒尪	0
𤶸	bn	疒那	0
𤶸	nn	.	0
𤶴	bu	疒身	0
𤶳	bg	疒告	0
𤶲	bi	疒呈	0
𤶱	bi	疒串	0
𤶰	bm	疒皿	0
𤶮	bh	.	0
𤶫	bt	疒条	0
𤶪	be	疒二	0
𤶩	bq	疒求	0
𤶨	bb	疒匕	0
𤶧	by	疒员	0
𤶦	bn	疒弄	0
𤶤	by	疒又	0
𤶠	by	疒余	0
𤶜	bv	疒壯	0
𤶛	by	疒邑	0
𤶚	bn	.	0
𤶚	bt	疒土	0
𤶘	by	疒言	0
𤶖	bf	疒孚	0
𤶕	bt	疒吞	0
𤶓	bo	疒日	0
𤶋	bs	疒色	0
𤶈	bx	疒西	0
𤶃	bv	疒兆	0
𤶁	bl	疒老	0
𤶀	bj	疒交	0
𤵾	bv	疒宅	0
𤵽	ba	疒艾	0
𤵼	bx	疒向	0
𤵻	bx	疒兇	0
𤵹	bj	疒吉	0
𤵸	bj	.	0
𤵯	be	疒儿	0
𤵮	bh	疒火	0
𤵭	bj	疒甲	0
𤵬	bb	.	0
𤵬	bd	疒丶	0
𤵦	bv	疒札	0
𤵥	bh	疒禾	0
𤵠	bm	疒卯	0
𤵟	bt	.	0
𤵟	by	疒又	0
𤵞	bt	疒土	0
𤵝	bm	疒母	0
𤵜	be	疒尔	0
𤵛	bp	疒丕	0
𤵘	bb	疒必	0
𤵒	bw	疒文	0
𤵐	bw	疒勿	0
𤵎	bj	疒几	0
𤵋	bh	.	0
𤵊	bt	疒屯	0
𤵉	bt	疒太	0
𤵈	by	疒予	0
𤵇	bf	疒分	0
𤵄	bs	疒厶	0
𤵂	bx	疒心	0
𤵀	bj	.	0
𤴿	br	.	0
𤴾	bj	疒斤	0
𤴽	bj	疒今	0
𤴼	bq	疒欠	0
𤴻	bq	疒犬	0
𤴱	bq	疒七	0
𤴱	bv	.	0
𤴯	bw	疒丸	0
𤴪	bj	疒几	0
𤴨	by	疒又	0
𤴧	ba	.	0
𤴧	bi	疒乂	0
𤴦	bj	疒九	0
𤴥	by	疒乙	0
𤴣	pb	.	0
𤴣	pp	疋辟	0
𤴢	pv	疋執	0
𤴢	vp	執疋	0
𤴠	jp	將疋	0
𤴠	pj	疋將	0
𤴟	dp	帶疋	0
𤴟	pd	疋帶	0
𤴙	cp	囱疋	0
𤴙	pc	疋囱	0
𤴘	ry	.	0
𤴍	dv	.	0
𤴉	dd	疊丁	0
𤴉	td	田丁	0
𤴀	jy	.	0
𤴀	ty	田堯	0
𤳾	ty	.	0
𤳵	jj	甲甲	0
𤳴	tk	田可	0
𤳳	tt	田田	0
𤳲	ty	.	0
𤳲	zy	.	0
𤳯	zu	甾庶	0
𤳪	ty	田厭	0
𤳪	yt	厭田	0
𤳦	ld	.	0
𤳦	td	田大	0
𤳥	jl	.	0
𤳥	tl	田林	0
𤳤	zx	甾奚	0
𤳡	ti	田成	0
𤳡	wt	未田	0
𤳠	tx	田旬	0
𤳝	td	.	0
𤳝	tl	田利	0
𤳙	tw	田菀	0
𤳘	ud	申登	0
𤳖	fq	番去	0
𤳕	tv	田粥	0
𤳕	vt	粥田	0
𤳓	ly	列異	0
𤳎	tz	田責	0
𤳊	zb	甾并	0
𤳉	th	田𦰩	0
𤳈	tu	.	0
𤳅	jj	甲甲	0
𤳃	yx	由奚	0
𤳂	th	田禾	0
𤳂	tl	.	0
𤲺	tx	田奚	0
𤲸	tz	田兹	0
𤲸	zt	兹田	0
𤲶	nn	男男	0
𤲰	jm	甲冒	0
𤲭	tt	田田	0
𤲬	td	田大	0
𤲬	tr	.	0
𤲩	ty	田炎	0
𤲨	tj	田卷	0
𤲠	tz	田卒	0
𤲞	rt	人田	0
𤲞	tm	田米	0
𤲚	td	田東	0
𤲗	it	臣田	0
𤲗	tq	.	0
𤲗	ty	田又	0
𤲖	tt	田忝	0
𤲕	tl	田侖	0
𤲓	tl	田來	0
𤲒	tb	田并	0
𤲑	zn	甾宁	0
𤲑	zv	.	0
𤲏	tj	田究	0
𤲉	to	田日	0
𤲈	tm	田免	0
𤱿	tq	田丌	0
𤱿	ub	十畀	0
𤱾	zg	甾夬	0
𤱽	zf	甾夫	0
𤱻	ti	田臣	0
𤱺	gt	共田	0
𤱺	tg	田共	0
𤱹	zd	甾丁	0
𤱸	st	厶田	0
𤱸	tu	田水	0
𤱷	tl	田力	0
𤱷	tx	.	0
𤱵	ht	火田	0
𤱵	te	田二	0
𤱴	ta	田一	0
𤱴	ty	.	0
𤱩	tv	田兆	0
𤱨	tg	田共	0
𤱧	td	田朵	0
𤱣	rj	冉甲	0
𤱡	yy	甬也	0
𤱠	tv	田召	0
𤱟	ti	田出	0
𤱝	tq	.	0
𤱜	th	田禾	0
𤱛	th	田禾	0
𤱚	ty	.	0
𤱙	tb	田本	0
𤱕	tm	田民	0
𤱐	tp	田疋	0
𤱎	ty	田幼	0
𤱍	tp	田皮	0
𤱌	tq	田且	0
𤱋	jr	.	0
𤱇	ft	父田	0
𤱇	tf	田父	0
𤱅	tn	田内	0
𤱃	tm	田木	0
𤰾	to	田月	0
𤰽	tp	田片	0
𤰻	ct	艹田	0
𤰻	ty	.	0
𤰺	bt	不田	0
𤰺	tb	田不	0
𤰹	th	田火	0
𤰳	tt	天田	0
𤰬	tu	田少	0
𤰪	tf	田分	0
𤰩	ty	田予	0
𤰦	tq	田七	0
𤰦	tv	.	0
𤰡	tw	田亡	0
𤰠	tg	田干	0
𤰟	tg	田干	0
𤰝	ti	.	0
𤰚	jt	九田	0
𤰚	tj	田九	0
𤰙	jt	九田	0
𤰙	tj	田九	0
𤰑	sf	厶凡	0
𤰑	yf	用凡	0
𤰌	yy	用用	0
𤰈	yg	用勹	0
𤰅	wy	夂用	0
𤰅	yw	用夂	0
𤰂	ux	生襄	0
𤯼	mu	蒙生	0
𤯼	um	生蒙	0
𤯻	um	生蒙	0
𤯹	bu	丷生	0
𤯹	uu	生豕	0
𤯸	uj	生筋	0
𤯷	uu	生舜	0
𤯪	ux	生秀	0
𤯦	iu	初生	0
𤯥	ru	如生	0
𤯥	ur	生如	0
𤯡	ub	生贝	0
𤯡	uc	.	0
𤯜	ul	生力	0
𤯚	ub	生不	0
𤯘	ud	生斗	0
𤯖	uj	.	0
𤯖	ur	生人	0
𤯕	un	生女	0
𤯔	au	一生	0
𤯐	gy	甘閻	0
𤯌	gm	甘麻	0
𤯌	mg	麻甘	0
𤯇	gy	甘炎	0
𤯄	gu	甘氏	0
𤮽	gg	甘干	0
𤮼	gy	甘弋	0
𤮳	wg	.	0
𤮱	nw	聶瓦	0
𤮱	wn	瓦聶	0
𤮰	ws	.	0
𤮯	cw	崔瓦	0
𤮯	wc	.	0
𤮯	wj	瓦臼	0
𤮭	wi	.	0
𤮭	wt	瓦兔	0
𤮪	bc	北廾	0
𤮪	wc	瓦廾	0
𤮩	wx	.	0
𤮧	wl	瓦盧	0
𤮜	dw	亶瓦	0
𤮜	wd	瓦亶	0
𤮚	lw	雷瓦	0
𤮚	wl	瓦雷	0
𤮙	hw	虍瓦	0
𤮙	wd	瓦豆	0
𤮙	wx	.	0
𤮘	wd	瓦豆	0
𤮕	bw	敝瓦	0
𤮕	wb	瓦敝	0
𤮐	wz	瓦尊	0
𤮏	hw	黄瓦	0
𤮏	wh	瓦黄	0
𤮎	sw	厶瓦	0
𤮎	wl	.	0
𤮎	ws	瓦糸	0
𤮍	wv	瓦專	0
𤮌	wj	瓦接	0
𤮋	gw	國瓦	0
𤮋	wg	瓦國	0
𤮊	wk	瓦康	0
𤮆	wx	瓦虚	0
𤭽	ws	瓦祟	0
𤭼	ow	日瓦	0
𤭼	wt	.	0
𤭼	wy	瓦羽	0
𤭻	gw	哥瓦	0
𤭻	wg	瓦哥	0
𤭴	uw	世瓦	0
𤭴	wm	瓦木	0
𤭴	wy	.	0
𤭱	hw	胡瓦	0
𤭱	wh	瓦胡	0
𤭮	vw	重瓦	0
𤭮	wv	瓦重	0
𤭬	gw	缸瓦	0
𤭬	wg	瓦缸	0
𤭫	wg	.	0
𤭩	uw	声瓦	0
𤭩	ws	瓦厶	0
𤭩	wu	.	0
𤭧	jw	皆瓦	0
𤭧	wj	瓦皆	0
𤭥	nw	拈瓦	0
𤭥	wn	瓦拈	0
𤭤	rw	乳瓦	0
𤭤	wr	瓦乳	0
𤭢	wz	瓦卒	0
𤭠	iw	臣瓦	0
𤭠	wq	.	0
𤭠	wy	瓦又	0
𤭟	fw	阜瓦	0
𤭟	wb	.	0
𤭟	wf	瓦阜	0
𤭞	wx	瓦享	0
𤭞	xw	享瓦	0
𤭜	hw	禾瓦	0
𤭜	wl	.	0
𤭛	wg	瓦岡	0
𤭙	wh	瓦含	0
𤭕	sw	厶瓦	0
𤭕	we	瓦儿	0
𤭔	iw	車瓦	0
𤭔	wi	.	0
𤭒	dw	丶瓦	0
𤭒	lw	良瓦	0
𤭑	ww	瓦吾	0
𤭍	wb	瓦八	0
𤭍	wm	.	0
𤭌	dw	弟瓦	0
𤭌	wd	瓦弟	0
𤭉	ww	亡瓦	0
𤭈	vw	兆瓦	0
𤭂	vw	舟瓦	0
𤭂	wv	.	0
𤬿	gw	圭瓦	0
𤬿	wg	瓦圭	0
𤬾	dw	朵瓦	0
𤬾	wd	瓦朵	0
𤬷	iw	出瓦	0
𤬷	wi	瓦出	0
𤬶	wy	瓦用	0
𤬶	yw	用瓦	0
𤬵	dw	氐瓦	0
𤬵	wd	瓦氐	0
𤬳	wg	.	0
𤬱	ww	瓦勿	0
𤬯	wj	瓦今	0
𤬭	wb	瓦不	0
𤬫	wu	瓦十	0
𤬫	wx	.	0
𤬪	tw	土瓦	0
𤬪	wt	瓦土	0
𤬩	wy	瓦弋	0
𤬩	yw	弋瓦	0
𤬨	wf	瓦凡	0
𤬧	wu	瓦十	0
𤬦	wb	.	0
𤬥	gy	瓜衣	0
𤬥	wy	亠衣	0
𤬠	gg	.	0
𤬠	gv	瓜隹	0
𤬝	gg	瓜鬲	0
𤬝	hg	虍瓜	0
𤬛	gl	瓜盧	0
𤬛	lg	盧瓜	0
𤬙	gg	瓜咼	0
𤬘	gd	瓜豆	0
𤬘	gx	.	0
𤬘	hg	虍瓜	0
𤬖	gx	瓜系	0
𤬕	ge	瓜儿	0
𤬔	gf	瓜缶	0
𤬔	gy	.	0
𤬓	gj	瓜兼	0
𤬓	jg	兼瓜	0
𤬒	gm	瓜皿	0
𤬐	gb	瓜冖	0
𤬐	gy	.	0
𤬐	hg	火瓜	0
𤬏	gl	瓜婁	0
𤬏	lg	婁瓜	0
𤬍	gf	瓜缶	0
𤬍	vg	爫瓜	0
𤬌	gh	.	0
𤬌	gt	瓜彖	0
𤬌	tg	彖瓜	0
𤬋	gg	瓜咼	0
𤬅	gi	瓜長	0
𤬃	gk	瓜口	0
𤬃	gp	.	0
𤬃	lg	立瓜	0
𤬂	gu	瓜叔	0
𤬂	ug	叔瓜	0
𤬁	gg	果瓜	0
𤫽	gj	瓜見	0
𤫻	bg	步瓜	0
𤫻	gb	瓜步	0
𤫺	gx	瓜系	0
𤫹	gl	.	0
𤫹	gr	瓜人	0
𤫹	lg	六瓜	0
𤫷	gb	瓜贝	0
𤫷	gc	.	0
𤫷	ug	十瓜	0
𤫶	gj	瓜吉	0
𤫵	gu	瓜舌	0
𤫲	gl	瓜令	0
𤫲	lg	令瓜	0
𤫱	gj	瓜句	0
𤫱	jg	句瓜	0
𤫮	go	瓜月	0
𤫬	gf	瓜丰	0
𤫫	fg	分瓜	0
𤫫	gf	瓜分	0
𤫩	wl	王靈	0
𤫨	wg	王鬲	0
𤫣	wx	.	0
𤫣	wy	王甗	0
𤫞	wb	王貝	0
𤫝	wv	王止	0
𤫜	sy	糸玉	0
𤫛	wp	王裴	0
𤫕	wn	.	0
𤫕	ww	王夂	0
𤫐	wh	王還	0
𤫉	wx	王燮	0
𤫄	wh	王衡	0
𤫃	wh	王蕙	0
𤫁	wy	王螢	0
𤪽	wo	王目	0
𤪼	wl	王蓮	0
𤪵	wq	王欠	0
𤪳	wh	王慧	0
𤪮	wi	王廛	0
𤪪	wv	王篆	0
𤪨	ww	王文	0
𤪧	wf	王鳳	0
𤪥	wn	王寧	0
𤪤	wr	王榮	0
𤪡	jy	君玉	0
𤪡	yj	.	0
𤪠	wx	王熏	0
𤪟	wp	王僕	0
𤪞	ww	王夊	0
𤪛	wz	王卒	0
𤪚	wj	王截	0
𤪘	wj	王嘉	0
𤪑	wm	王蒙	0
𤪎	yy	.	0
𤪍	wq	.	0
𤪌	wq	王綦	0
𤪋	iy	臣玉	0
𤪄	wy	王罨	0
𤩾	wt	王田	0
𤩽	wx	王献	0
𤩼	wo	王月	0
𤩷	wo	王目	0
𤩶	wy	王業	0
𤩳	wb	王賁	0
𤩲	wg	王葛	0
𤩱	dy	殿玉	0
𤩱	yd	.	0
𤩮	wu	王殳	0
𤩭	wh	王號	0
𤩪	wx	王象	0
𤩨	wc	.	0
𤩨	wx	王心	0
𤩦	wj	王絜	0
𤩢	wy	.	0
𤩠	wx	王喜	0
𤩞	ww	王夊	0
𤩝	wq	王喬	0
𤩛	wz	王最	0
𤩚	wu	王殳	0
𤩙	wx	王心	0
𤩕	wu	王善	0
𤩔	wt	王童	0
𤩏	wi	王程	0
𤩎	wj	王間	0
𤩊	wy	王堯	0
𤩅	wj	.	0
𤩄	ws	.	0
𤩄	wx	王巽	0
𤩂	wl	王勞	0
𤨻	tw	土王	0
𤨻	wk	王口	0
𤨵	wc	王參	0
𤨬	wg	王古	0
𤨪	wm	王木	0
𤨩	wx	王羞	0
𤨧	wp	王票	0
𤨢	wh	王𦰩	0
𤨟	wq	王戚	0
𤨙	yl	.	0
𤨗	yy	卣玉	0
𤨖	wh	王扈	0
𤨒	we	王恩	0
𤨑	wd	.	0
𤨑	wh	王合	0
𤨐	yy	舀玉	0
𤨎	wj	王家	0
𤨊	wx	王奚	0
𤨈	wa	王丨	0
𤨆	wh	王晃	0
𤨄	ws	王素	0
𤨂	wy	王有	0
𤧿	wv	王斋	0
𤧾	ws	王色	0
𤧼	wg	王高	0
𤧶	wx	王夏	0
𤧴	wg	王恭	0
𤧱	wg	王各	0
𤧭	wp	王旁	0
𤧬	ey	耳玉	0
𤧫	wv	王追	0
𤧩	ny	.	0
𤧦	yq	玉秋	0
𤧥	py	珀玉	0
𤧣	wj	王建	0
𤧠	yi	玉虫	0
𤧛	wd	王帝	0
𤧚	wc	.	0
𤧙	wy	王臾	0
𤧘	wx	王香	0
𤧕	wt	王土	0
𤧕	wy	.	0
𤧔	wm	王勉	0
𤧐	wq	王秋	0
𤧌	wy	王苑	0
𤧊	wk	王奎	0
𤧈	wx	王巷	0
𤧇	wx	王相	0
𤦹	wv	王貞	0
𤦵	wn	王女	0
𤦮	wv	王治	0
𤦬	wn	王念	0
𤦪	wd	王東	0
𤦦	bw	玢王	0
𤦤	we	王兒	0
𤦙	wh	王花	0
𤦗	wu	王水	0
𤦔	wj	王卷	0
𤦒	hw	或王	0
𤦒	wh	王或	0
𤦑	wy	王又	0
𤦐	wg	王圭	0
𤦏	wh	王忽	0
𤦎	wl	王侖	0
𤦆	wj	王臼	0
𤦃	ly	來玉	0
𤦃	yl	.	0
𤦀	ym	.	0
𤥿	wy	王夜	0
𤥽	wy	王於	0
𤥻	wy	王延	0
𤥹	xy	秀玉	0
𤥷	mt	.	0
𤥷	tp	土攴	0
𤥷	wt	王土	0
𤥵	wj	王夾	0
𤥰	we	王儿	0
𤥰	wm	.	0
𤥮	wk	王口	0
𤥭	wi	王車	0
𤥨	wu	王豕	0
𤥦	wd	王丶	0
𤥥	wy	王又	0
𤥣	wk	王克	0
𤥢	wg	王告	0
𤥡	wq	王弃	0
𤥝	wx	王孝	0
𤥙	wy	王又	0
𤥗	wy	.	0
𤥔	ys	.	0
𤥓	hy	合玉	0
𤥓	yh	.	0
𤥒	wx	王西	0
𤥐	wj	王吉	0
𤥌	we	王阝	0
𤥈	wj	王巾	0
𤥁	wm	王名	0
𤤺	wy	王曳	0
𤤸	wd	王朵	0
𤤷	wd	.	0
𤤶	gy	巩玉	0
𤤶	yg	.	0
𤤲	hj	玒几	0
𤤱	wy	王又	0
𤤮	wd	王冬	0
𤤬	wy	王幼	0
𤤫	ww	王外	0
𤤩	wt	.	0
𤤩	wy	王也	0
𤤧	wy	王由	0
𤤦	wt	王田	0
𤤥	wu	王失	0
𤤝	wb	王丙	0
𤤗	wn	王尼	0
𤤒	wb	.	0
𤤒	wd	王丶	0
𤤑	we	王卩	0
𤤑	wq	.	0
𤤐	wi	王斥	0
𤤋	ty	天玉	0
𤤋	yy	.	0
𤤊	wd	王刀	0
𤤆	wj	王斤	0
𤤄	wu	王殳	0
𤤂	wy	王予	0
𤣾	ws	王厶	0
𤣼	ny	内玉	0
𤣼	yn	.	0
𤣻	wy	王又	0
𤣹	wy	王尹	0
𤣸	wv	王丈	0
𤣷	wn	王女	0
𤣶	yu	玉山	0
𤣵	wy	.	0
𤣲	wu	王十	0
𤣲	wx	.	0
𤣱	wy	王已	0
𤣰	wt	王土	0
𤣯	wq	王七	0
𤣯	wv	.	0
𤣮	wq	王乞	0
𤣬	jy	九玉	0
𤣬	yj	.	0
𤣨	xh	玄曷	0
𤣠	ql	犭吕	0
𤣠	qq	.	0
𤣟	ql	犭覽	0
𤣞	qd	犭黨	0
𤣙	qv	犭政	0
𤣘	mv	冥猪	0
𤣖	qf	犭豐	0
𤣑	qj	犭冏	0
𤣑	qs	.	0
𤣏	hq	虍犬	0
𤣏	qy	犬魚	0
𤣎	qy	犭嬰	0
𤣌	qx	犭學	0
𤣈	qc	犭从	0
𤣆	ql	.	0
𤣅	hq	霍犬	0
𤣅	qh	犬霍	0
𤣃	ql	犭魯	0
𤣂	qt	犬田	0
𤣂	tq	田犬	0
𤢼	qu	犭適	0
𤢺	qj	犭頡	0
𤢹	ql	.	0
𤢹	qt	犭田	0
𤢶	qq	犭窮	0
𤢵	ql	犭厲	0
𤢴	ql	犭樂	0
𤢮	qq	犭犬	0
𤢭	qh	犭豪	0
𤢨	qh	犭蒿	0
𤢦	qx	犭心	0
𤢦	qy	.	0
𤢣	qb	.	0
𤢡	qu	犭鼠	0
𤢟	qg	.	0
𤢟	qx	犭幸	0
𤢘	qs	犭素	0
𤢗	ql	犭雷	0
𤢖	qc	.	0
𤢕	qg	.	0
𤢕	qx	犬幸	0
𤢕	sq	罒犬	0
𤢓	qj	.	0
𤢒	qh	犭灬	0
𤢒	qj	.	0
𤢐	qy	犭雍	0
𤢏	qd	犭亶	0
𤢎	qd	犭當	0
𤢋	qy	.	0
𤢊	ql	犭路	0
𤢄	qi	犭敞	0
𤢂	qs	犭粟	0
𤢁	ql	犭吕	0
𤢀	qx	犭喜	0
𤡿	dq	答犬	0
𤡿	qd	犬答	0
𤡾	eq	惡犬	0
𤡾	qe	犬惡	0
𤡶	qu	犭十	0
𤡴	kq	口犬	0
𤡴	qi	犬虫	0
𤡳	qw	犭攵	0
𤡲	qk	犭開	0
𤡱	qg	犭貴	0
𤡰	qb	犭斑	0
𤡯	qx	犭舄	0
𤡮	qh	犬灬	0
𤡮	qr	犭然	0
𤡭	qp	犭彭	0
𤡬	qy	犭壹	0
𤡪	qs	犭隋	0
𤡨	qs	犭絲	0
𤡧	qr	.	0
𤡧	qx	犭心	0
𤡥	qx	犭閒	0
𤡤	qe	犭而	0
𤡣	qx	犭虚	0
𤡢	qi	.	0
𤡢	ql	犭离	0
𤡡	qr	犭人	0
𤡟	qh	犭患	0
𤡝	qf	.	0
𤡜	gq	甘犬	0
𤡜	qr	犬肉	0
𤡖	qv	犭這	0
𤡕	qn	犭鳥	0
𤡔	qx	犭梟	0
𤡓	qg	犭國	0
𤡐	qc	犭曹	0
𤡏	qw	犭攵	0
𤡏	qy	.	0
𤡋	qr	犭軟	0
𤡊	ql	犭鹿	0
𤡇	qh	犭毫	0
𤡆	qc	犭從	0
𤡃	qq	犭欠	0
𤡃	qu	.	0
𤡂	ql	犭累	0
𤠿	qj	犭堅	0
𤠽	qq	犭戚	0
𤠼	qk	.	0
𤠼	qu	犬殳	0
𤠼	uq	士犬	0
𤠺	qb	犭畢	0
𤠶	qv	犭真	0
𤠯	qt	犭唐	0
𤠮	qi	犭芻	0
𤠭	qu	犭射	0
𤠫	ql	犭栗	0
𤠪	qg	犬国	0
𤠪	qi	.	0
𤠧	qd	犭刂	0
𤠤	qh	犭荒	0
𤠢	iq	串犬	0
𤠢	qd	犬丶	0
𤠠	qu	犭衰	0
𤠟	qd	.	0
𤠝	qi	犭差	0
𤠚	qs	犭素	0
𤠙	qg	犭哥	0
𤠘	qz	犭蚤	0
𤠖	qg	犭高	0
𤠓	qx	犭奚	0
𤠐	qt	.	0
𤠐	qy	犭羽	0
𤠎	qc	.	0
𤠎	qw	犭夂	0
𤠍	qb	犭般	0
𤠌	qi	犭柴	0
𤠋	ql	犭娄	0
𤠊	qx	犬宣	0
𤠊	xq	宣犬	0
𤠉	qy	犭英	0
𤠈	qy	犭舁	0
𤠇	qg	犭革	0
𤠀	qh	.	0
𤠀	qt	犭叹	0
𤟿	qx	犭宣	0
𤟾	qd	犭帝	0
𤟼	qh	犭訇	0
𤟷	qw	犭歪	0
𤟲	qj	犭姜	0
𤟪	qt	犭突	0
𤟪	qx	犬穴	0
𤟧	qs	犭思	0
𤟦	qd	犭大	0
𤟦	qr	.	0
𤟥	qu	犭是	0
𤟤	qj	犭軍	0
𤟣	qy	犭盈	0
𤟢	dq	盾犬	0
𤟢	qd	犬盾	0
𤟠	qx	犭胥	0
𤟟	qy	犭音	0
𤟞	jq	交犬	0
𤟞	qj	.	0
𤟞	qk	犬口	0
𤟝	qj	犭巾	0
𤟚	qy	犭又	0
𤟘	ql	犭录	0
𤟖	qc	犭采	0
𤟓	cq	艹犬	0
𤟓	qj	犬巾	0
𤟓	qm	.	0
𤟑	qh	犬户	0
𤟑	ql	犭戾	0
𤟎	qq	犭屈	0
𤟍	qy	犭易	0
𤟉	qa	犭岸	0
𤟇	qy	犭炎	0
𤟆	qu	犭刹	0
𤟅	qd	.	0
𤟅	qj	犭臼	0
𤟃	qj	.	0
𤟀	qz	犬皂	0
𤟀	zq	皂犬	0
𤞿	qa	犬犴	0
𤞶	qh	犭罕	0
𤞴	qj	犭角	0
𤞳	qg	.	0
𤞳	qk	犭口	0
𤞲	qf	犭孚	0
𤞰	qq	犭求	0
𤞮	qx	.	0
𤞭	qj	犭見	0
𤞥	qd	犭呆	0
𤞤	qy	犭严	0
𤞡	qx	犭邪	0
𤞠	qu	犭杀	0
𤞟	qd	犭豆	0
𤞞	qg	犭谷	0
𤞛	qv	犬壯	0
𤞛	vq	壯犬	0
𤞚	qx	犭肖	0
𤞗	qj	犭件	0
𤞑	qh	犭回	0
𤞌	qv	犭宅	0
𤞋	qz	犭早	0
𤞊	ql	犭列	0
𤞉	qu	犭戍	0
𤞈	qq	犭丘	0
𤞇	qg	犭圭	0
𤞂	qv	犭至	0
𤝿	qk	犭匡	0
𤝽	qy	犭聿	0
𤝻	qd	犭多	0
𤝹	qv	犭朱	0
𤝸	qm	犭米	0
𤝷	qj	.	0
𤝳	qy	犭伊	0
𤝲	qw	犭吴	0
𤝱	qy	犭因	0
𤝰	qh	犭合	0
𤝯	qf	犭伏	0
𤝯	qr	犬亻	0
𤝮	aq	丨犬	0
𤝮	qz	.	0
𤝭	qc	犭此	0
𤝬	qd	犭氐	0
𤝧	qv	.	0
𤝟	qf	犬弗	0
𤝞	qu	犭术	0
𤝞	qv	.	0
𤝛	qt	犭它	0
𤝚	qu	犭申	0
𤝘	qh	犭乎	0
𤝖	qv	犭只	0
𤝕	qm	犭母	0
𤝔	qf	犭付	0
𤝓	qv	犭占	0
𤝒	qi	犭出	0
𤝐	qh	犭号	0
𤝎	qu	犭水	0
𤝍	qo	犭日	0
𤝉	qy	犭予	0
𤝈	qu	犭殳	0
𤝅	qg	犭公	0
𤝄	qm	犭毛	0
𤝂	qp	.	0
𤜾	qe	犭二	0
𤜾	qj	.	0
𤜼	qy	犭匀	0
𤜻	qb	犭比	0
𤜹	qq	犬欠	0
𤜷	qh	犭互	0
𤜵	qj	.	0
𤜵	qk	犭开	0
𤜲	qk	犬冂	0
𤜲	qu	.	0
𤜲	uq	十犬	0
𤜱	qb	犭巴	0
𤜰	qj	犭今	0
𤜯	qj	犭及	0
𤜮	qc	犭寸	0
𤜬	qu	犭山	0
𤜫	qi	犭叉	0
𤜪	qw	犭亡	0
𤜧	qj	犬巾	0
𤜦	qf	犭凡	0
𤜤	qv	.	0
𤜣	qy	犭也	0
𤜢	qu	犭十	0
𤜢	qx	.	0
𤜡	qe	犭阝	0
𤜟	qj	犭丩	0
𤜞	qb	犭八	0
𤜝	qj	犭几	0
𤜜	ql	犭力	0
𤜙	nl	牛靈	0
𤜘	mn	魔牛	0
𤜘	nm	牛魔	0
𤜖	nl	.	0
𤜖	ns	牛糸	0
𤜕	nx	牛相	0
𤜕	tx	土相	0
𤜔	nm	牛米	0
𤜔	on	日牛	0
𤜓	ne	牛二	0
𤜐	nc	牛藏	0
𤜍	ng	.	0
𤜍	nv	牛隹	0
𤜋	ny	牛言	0
𤜊	ny	牛言	0
𤜉	ny	牛嬰	0
𤜇	ni	.	0
𤜇	nt	牛兔	0
𤜆	nl	牛龍	0
𤜄	nb	牛八	0
𤜄	nh	.	0
𤜂	nw	牛衛	0
𤜂	wn	衛牛	0
𤜁	mg	牟感	0
𤜀	ny	牛羊	0
𤛻	nc	.	0
𤛷	ns	牛嗇	0
𤛲	nw	牛嵬	0
𤛱	nb	牛冖	0
𤛱	nx	.	0
𤛮	nl	牛勞	0
𤛭	nn	牛牛	0
𤛭	yy	.	0
𤛬	nm	牛買	0
𤛪	nl	牛老	0
𤛧	nx	牛尋	0
𤛦	nj	牛厥	0
𤛥	nh	牛黄	0
𤛣	nh	.	0
𤛣	nx	牛翕	0
𤛢	nc	牛曾	0
𤛝	ns	牛宿	0
𤛜	nd	牛刂	0
𤛛	nx	牛脩	0
𤛚	nu	牛豕	0
𤛚	yu	.	0
𤛙	am	丨牟	0
𤛙	ns	牛厶	0
𤛘	nm	牛莽	0
𤛗	kn	.	0
𤛗	nu	牛殳	0
𤛗	un	声牛	0
𤛖	ni	.	0
𤛕	nn	牛牛	0
𤛑	ny	牛庸	0
𤛐	nq	牛區	0
𤛏	nc	.	0
𤛏	nq	牛且	0
𤛎	mn	敏牛	0
𤛎	nm	牛敏	0
𤛍	nc	牛崔	0
𤛊	nx	牛習	0
𤛉	ns	牛厶	0
𤛄	ne	牛耳	0
𤛄	nj	.	0
𤛁	nw	.	0
𤚽	nf	.	0
𤚵	nk	牛口	0
𤚲	nu	牛殳	0
𤚲	tn	土牛	0
𤚱	ng	牛骨	0
𤚰	np	牛旁	0
𤚯	ni	牛臭	0
𤚭	nf	牛缶	0
𤚭	ny	.	0
𤚬	nc	牛倉	0
𤚫	nt	牛唐	0
𤚪	nb	牛比	0
𤚪	np	.	0
𤚩	nq	牛秦	0
𤚤	nm	牛眉	0
𤚣	ng	牛圭	0
𤚢	nd	牛帝	0
𤚡	nd	牛度	0
𤚟	nd	牛待	0
𤚝	nh	牛皇	0
𤚚	nd	牛毒	0
𤚙	nh	牛奂	0
𤚗	nx	牛宣	0
𤚔	ns	.	0
𤚔	ny	牛又	0
𤚓	mw	牧文	0
𤚓	nw	牛文	0
𤚑	nu	牛射	0
𤚏	nv	牛重	0
𤚎	ny	牛俞	0
𤚍	ni	牛蚩	0
𤚋	nn	牛念	0
𤚊	nm	牛木	0
𤚉	nq	牛取	0
𤚉	qn	取牛	0
𤚅	mm	牟牟	0
𤚀	nc	牛采	0
𤙾	nb	牛并	0
𤙽	nu	牛尚	0
𤙼	nl	牛力	0
𤙼	yn	有牛	0
𤙻	jn	卷牛	0
𤙻	nj	牛卷	0
𤙺	ne	牛儿	0
𤙺	wn	亠牛	0
𤙷	nz	牛宗	0
𤙶	ny	.	0
𤙵	nv	牛隹	0
𤙴	nv	牛卓	0
𤙱	nu	牛舍	0
𤙰	nd	.	0
𤙭	nf	牛甫	0
𤙬	nw	牛吴	0
𤙫	nd	牛旦	0
𤙩	nm	牛每	0
𤙧	nj	牛見	0
𤙤	nf	牛孚	0
𤙣	hn	含牛	0
𤙣	nh	牛含	0
𤙡	nx	牛辛	0
𤙟	in	初牛	0
𤙟	ni	牛初	0
𤙞	nb	牛坒	0
𤙝	ny	牛邑	0
𤙛	ny	牛余	0
𤙙	nw	牛危	0
𤙘	nu	牛收	0
𤙘	un	收牛	0
𤙖	nh	牛合	0
𤙕	ni	牛虫	0
𤙔	nv	牛兆	0
𤙒	nl	牛力	0
𤙒	nx	.	0
𤙏	nq	.	0
𤙏	tm	土牟	0
𤙎	np	牛皮	0
𤙌	nn	牛尼	0
𤙋	mn	么牛	0
𤙋	nb	牛冖	0
𤙋	ny	.	0
𤙇	nj	牛甲	0
𤙅	nb	牛布	0
𤙄	jn	加牛	0
𤙄	nj	牛加	0
𤘾	np	牛平	0
𤘽	nj	牛句	0
𤘼	nr	牛冉	0
𤘻	nr	牛人	0
𤘺	nj	牛几	0
𤘺	nr	.	0
𤘹	np	牛丕	0
𤘸	nt	.	0
𤘸	ny	牛又	0
𤘷	nj	牛几	0
𤘶	nu	牛手	0
𤘵	no	牛日	0
𤘵	on	日牛	0
𤘲	nq	牛犬	0
𤘭	nh	牛火	0
𤘫	nt	牛屯	0
𤘪	nd	牛丹	0
𤘧	nn	牛牛	0
𤘦	nj	牛介	0
𤘤	bn	比牛	0
𤘤	nb	牛比	0
𤘣	nb	牛冖	0
𤘣	ny	.	0
𤘢	nb	牛不	0
𤘡	nj	牛今	0
𤘠	nt	牛天	0
𤘟	nr	.	0
𤘝	nf	牛分	0
𤘜	ny	牛尤	0
𤘙	nn	牛女	0
𤘘	nk	牛口	0
𤘗	nm	牛乜	0
𤘖	nd	牛丁	0
𤘔	na	牛一	0
𤘔	ny	.	0
𤘔	yn	.	0
𤘌	yq	牙奇	0
𤘊	yb	牙邠	0
𤘇	yv	牙占	0
𤘆	yy	牙牙	0
𤘅	yz	牙子	0
𤘃	pl	片歷	0
𤘀	pu	片壽	0
𤗿	pt	片臺	0
𤗾	pd	片當	0
𤗽	py	片葉	0
𤗼	ps	片嗇	0
𤗻	pv	片詹	0
𤗺	pb	.	0
𤗺	pp	片辟	0
𤗸	pp	.	0
𤗷	pl	.	0
𤗵	pf	片夫	0
𤗵	pp	.	0
𤗴	pg	片貴	0
𤗳	pf	片發	0
𤗰	pc	片曹	0
𤗯	pc	片崔	0
𤗮	pz	片責	0
𤗭	ph	片乎	0
𤗬	pl	片婁	0
𤗫	pi	.	0
𤗫	pl	片离	0
𤗪	pl	片率	0
𤗨	px	片習	0
𤗧	pg	片鬼	0
𤗢	ps	片虒	0
𤗞	pt	片亭	0
𤗜	pj	片叚	0
𤗛	pj	片柬	0
𤗚	pf	.	0
𤗚	pt	片田	0
𤗙	pi	.	0
𤗘	pu	片是	0
𤗓	pi	片承	0
𤗏	pk	片口	0
𤗏	pp	.	0
𤗎	py	片奄	0
𤗍	pw	片宛	0
𤗈	pq	片妾	0
𤗇	pk	片空	0
𤗃	pf	片甫	0
𤗁	pz	片足	0
𤗀	pl	片良	0
𤖿	pu	片氏	0
𤖽	px	片向	0
𤖼	pp	.	0
𤖻	pd	片多	0
𤖺	pl	片列	0
𤖷	pp	片皮	0
𤖵	pj	片句	0
𤖳	pp	片平	0
𤖱	ph	片禾	0
𤖰	py	片又	0
𤖮	pg	片勾	0
𤖭	pf	片分	0
𤖬	pu	片殳	0
𤖪	py	片也	0
𤖦	pl	爿靈	0
𤖢	pl	爿歷	0
𤖞	pj	爿戢	0
𤖝	pv	爿詹	0
𤖛	jd	將旦	0
𤖛	jq	將且	0
𤖘	pb	爿賁	0
𤖘	pp	.	0
𤖗	ps	.	0
𤖗	pv	爿止	0
𤖖	ph	爿黄	0
𤖓	pz	爿責	0
𤖒	ps	爿桑	0
𤖇	pg	爿果	0
𤖆	pj	爿戔	0
𤖀	pf	爿丰	0
𤕾	pq	爿求	0
𤕽	pb	.	0
𤕷	pv	爿兆	0
𤕯	pu	爿水	0
𤕭	py	爿又	0
𤕦	ky	口爻	0
𤕦	xl	.	0
𤕢	nw	女攵	0
𤕢	yn	爻女	0
𤕡	dy	大爻	0
𤕟	xp	.	0
𤕞	xv	.	0
𤕞	yn	爻宁	0
𤕝	xw	.	0
𤕛	fu	父手	0
𤕚	fw	.	0
𤕘	fw	父夂	0
𤕗	fy	父又	0
𤕒	fk	父可	0
𤕍	vu	爫十	0
𤕊	vq	爪且	0
𤕊	vx	.	0
𤕇	tt	妥妥	0
𤕄	vo	爪日	0
𤕄	yo	舀日	0
𤕀	va	爫安	0
𤔸	vc	爫寸	0
𤔶	vd	爪當	0
𤔴	vj	爫即	0
𤔫	vm	爫曼	0
𤔨	mv	麻爪	0
𤔨	vm	爪麻	0
𤔣	vs	爫叟	0
𤔟	vb	爪布	0
𤔟	vw	.	0
𤔟	wv	文爪	0
𤔝	vo	.	0
𤔝	vy	爪禺	0
𤔝	yv	禺爪	0
𤔚	hv	户爪	0
𤔚	vh	.	0
𤔚	vu	爪水	0
𤔙	vv	爪爪	0
𤔖	gv	果爪	0
𤔖	vg	爪果	0
𤔓	vx	爫兄	0
𤔑	vl	爪吕	0
𤔎	jv	吉爪	0
𤔎	vj	爪吉	0
𤔋	vj	爪巨	0
𤔊	vu	爫士	0
𤔉	vt	爪田	0
𤔅	vu	爪失	0
𤔂	vy	爫又	0
𤔀	vn	爪奴	0
𤓿	vy	爫又	0
𤓾	vv	爫丈	0
𤓻	vt	爫天	0
𤓷	va	.	0
𤓵	vx	爪夕	0
𤓯	xb	.	0
𤓨	yx	燕雪	0
𤓦	hh	火黑	0
𤓤	hi	火處	0
𤓤	ih	處火	0
𤓝	hy	火龠	0
𤓚	hh	火灬	0
𤓕	hh	火火	0
𤓔	hd	火大	0
𤓓	hl	火羅	0
𤓎	hz	火贊	0
𤓃	hj	火簡	0
𤒿	jh	堇灬	0
𤒻	hd	火闒	0
𤒻	ht	.	0
𤒹	hh	火華	0
𤒷	hx	火薟	0
𤒫	hk	火亏	0
𤒩	hy	火翼	0
𤒨	hy	火營	0
𤒦	hl	火斂	0
𤒝	hz	.	0
𤒜	hh	或灬	0
𤒚	hn	火濃	0
𤒘	hd	火篤	0
𤒕	zh	澡灬	0
𤒔	hf	火縛	0
𤒐	hl	火林	0
𤒏	vh	隹灬	0
𤒎	hx	火學	0
𤒍	hh	火火	0
𤒍	qh	曲火	0
𤒉	hh	或灬	0
𤑿	hh	火灬	0
𤑿	hl	.	0
𤑹	hx	火幸	0
𤑹	zg	.	0
𤑹	zx	災幸	0
𤑸	hj	火見	0
𤑸	hl	.	0
𤑷	hy	火閹	0
𤑳	hx	火蕭	0
𤑰	nh	鮎灬	0
𤑦	hu	火適	0
𤑣	hb	火丙	0
𤑞	hl	火蓮	0
𤑜	gh	弓灬	0
𤑘	ht	火滕	0
𤑘	th	滕火	0
𤑗	vi	炙巢	0
𤑕	hh	.	0
𤑓	hq	火乞	0
𤑓	lq	.	0
𤑓	yq	炎乞	0
𤑐	fh	福火	0
𤑐	hf	火福	0
𤑄	bh	貝灬	0
𤑄	yh	.	0
𤑃	vj	炙兼	0
𤐶	hh	火豪	0
𤐲	hu	火手	0
𤐱	eh	而火	0
𤐱	hl	.	0
𤐱	hw	火瓦	0
𤐰	hh	.	0
𤐰	hv	.	0
𤐰	hy	火又	0
𤐩	hg	火蓋	0
𤐣	hd	火鼎	0
𤐙	hb	.	0
𤐔	hu	火是	0
𤐔	yu	.	0
𤐐	hv	火詹	0
𤐏	hh	禾火	0
𤐏	hj	火己	0
𤐎	ho	火日	0
𤐌	hy	火葉	0
𤐇	hd	火電	0
𤐅	dh	冫灬	0
𤐄	hj	火煎	0
𤐀	hj	.	0
𤐀	hy	.	0
𤏿	ho	火目	0
𤏿	hx	.	0
𤏿	ih	臣火	0
𤏽	hx	火辛	0
𤏻	hy	火又	0
𤏸	hv	火著	0
𤏶	hy	火麀	0
𤏲	hv	火着	0
𤏱	hq	火取	0
𤏱	hz	.	0
𤏰	hb	火敝	0
𤏜	hw	火爲	0
𤏜	wh	爲火	0
𤏘	hh	火惑	0
𤏗	hs	火森	0
𤏓	hy	火粤	0
𤏅	jh	就灬	0
𤏄	jh	湔灬	0
𤎶	hw	火爲	0
𤎲	hl	火量	0
𤎱	hj	火雋	0
𤎯	ch	曾火	0
𤎯	hc	火曾	0
𤎭	hh	火回	0
𤎭	yh	炎回	0
𤎭	yl	.	0
𤎧	gh	弓火	0
𤎧	hi	.	0
𤎧	hk	火口	0
𤎥	by	帛炎	0
𤎤	lu	勞少	0
𤎣	ha	.	0
𤎣	hy	火奄	0
𤎘	dh	刀灬	0
𤎘	dy	.	0
𤎗	ch	艹灬	0
𤎖	hk	火康	0
𤎌	ht	火堂	0
𤎄	hy	火焉	0
𤍽	uh	.	0
𤍼	hc	火艹	0
𤍻	nh	女灬	0
𤍵	hj	火將	0
𤍵	jh	將火	0
𤍳	xj	小焦	0
𤍱	xh	雪灬	0
𤍮	gh	規火	0
𤍮	hg	火規	0
𤍭	hd	火丶	0
𤍬	hy	火业	0
𤍪	hg	火郭	0
𤍦	ho	火月	0
𤍦	lo	炉月	0
𤍤	hv	火章	0
𤍣	hk	火堃	0
𤍠	vh	執灬	0
𤍟	ph	票灬	0
𤍜	hc	火參	0
𤍖	hv	火斬	0
𤍕	hy	火酉	0
𤍓	hy	火野	0
𤍓	yh	野火	0
𤍒	hi	火巢	0
𤍐	ht	火推	0
𤍁	uh	殺灬	0
𤍀	hx	火向	0
𤍀	yx	.	0
𤌿	hj	火疾	0
𤌾	gh	高火	0
𤌷	hh	火恚	0
𤌴	hj	火桀	0
𤌧	hs	火桑	0
𤌤	hx	火夏	0
𤌢	hd	火大	0
𤌡	hy	火夭	0
𤌜	hk	火口	0
𤌜	yk	炎口	0
𤌚	hh	火茴	0
𤌙	ht	.	0
𤌙	hy	火羽	0
𤌔	rh	肉灬	0
𤌐	hg	火干	0
𤌐	hh	.	0
𤌏	hw	火翁	0
𤌎	hm	火門	0
𤌎	hv	.	0
𤌎	yh	.	0
𤌍	hh	火隺	0
𤌌	hj	火井	0
𤌌	yj	.	0
𤌋	hg	火鬼	0
𤌊	zh	宰灬	0
𤌇	hs	火巳	0
𤌇	ih	臣火	0
𤌇	yh	.	0
𤌃	ho	火月	0
𤋭	hx	火香	0
𤋫	hu	火屾	0
𤋨	hi	火丑	0
𤋧	oh	月灬	0
𤋦	hh	火灬	0
𤋦	qh	秋灬	0
𤋢	hy	火約	0
𤋝	hj	火巨	0
𤋝	oh	月火	0
𤋙	hm	火苗	0
𤋘	hs	火思	0
𤋓	hy	火又	0
𤋒	fh	丰灬	0
𤋏	hl	火娄	0
𤋎	hq	火前	0
𤋎	qh	前火	0
𤋌	bh	丷灬	0
𤋋	hd	火大	0
𤋅	hs	火巳	0
𤋂	ch	艹火	0
𤋂	hs	火罒	0
𤋁	yh	.	0
𤊿	hi	.	0
𤊿	hj	火臼	0
𤊾	ch	卝火	0
𤊾	hc	.	0
𤊾	hm	.	0
𤊾	ho	火目	0
𤊽	hu	.	0
𤊼	yg	炎甘	0
𤊻	hm	火冒	0
𤊶	hl	火剌	0
𤊵	hj	火即	0
𤊴	hh	火砉	0
𤊲	hn	.	0
𤊲	hx	火囟	0
𤊞	hi	火長	0
𤊖	hs	火三	0
𤊐	hu	火受	0
𤊏	hp	火朋	0
𤊏	ph	朋火	0
𤊍	hj	火芥	0
𤊌	ih	串灬	0
𤊆	hw	火亠	0
𤊆	xh	覀火	0
𤊁	vh	沾灬	0
𤊀	hx	火学	0
𤉽	dh	店灬	0
𤉼	hj	火卷	0
𤉹	hh	或火	0
𤉸	hj	火居	0
𤉶	hy	火肴	0
𤉴	ho	火日	0
𤉫	ht	火天	0
𤉪	hy	火於	0
𤉨	hh	或火	0
𤉦	hw	火委	0
𤉥	dh	多灬	0
𤉤	hb	.	0
𤉤	he	火儿	0
𤉙	hj	火君	0
𤉐	ih	出灬	0
𤉏	oh	目灬	0
𤉎	hu	火劭	0
𤉎	uh	劭火	0
𤉍	hl	火牢	0
𤉌	hl	火利	0
𤉌	lh	利火	0
𤉈	hl	火吕	0
𤉂	wh	尾灬	0
𤈿	qh	求灬	0
𤈾	dh	氵火	0
𤈾	hq	火欠	0
𤈹	uy	山炎	0
𤈸	hl	火力	0
𤈷	hq	火佥	0
𤈶	hy	火员	0
𤈴	hy	火卣	0
𤈴	yh	卣火	0
𤈫	hy	火又	0
𤈫	uy	尸又	0
𤈩	hy	火羊	0
𤈩	yh	羊火	0
𤈧	hy	火役	0
𤈦	hw	火尾	0
𤈥	hb	火匕	0
𤈙	hy	火夷	0
𤈘	hl	火列	0
𤈔	th	土灬	0
𤈐	hv	火朱	0
𤈍	hx	火向	0
𤈋	hj	火几	0
𤈄	hj	火吉	0
𤈂	uh	十灬	0
𤇾	hb	火冖	0
𤇾	yb	.	0
𤇽	hr	火戎	0
𤇴	ih	臣灬	0
𤇳	hx	火戌	0
𤇰	fh	伐火	0
𤇰	hf	火伐	0
𤇮	hf	火乏	0
𤇠	hh	乎灬	0
𤇞	hj	火加	0
𤇞	jh	加火	0
𤇜	hm	火民	0
𤇖	hy	.	0
𤇕	hh	禾灬	0
𤇌	hg	火古	0
𤇊	hp	火平	0
𤇄	hu	火闪	0
𤇃	hl	火厉	0
𤆾	he	火二	0
𤆾	hr	.	0
𤆼	hn	火宁	0
𤆼	hv	.	0
𤆺	hk	火孔	0
𤆵	hb	火巴	0
𤆴	ht	.	0
𤆴	hy	.	0
𤆴	sh	厶火	0
𤆳	hy	火又	0
𤆰	hm	火木	0
𤆰	mh	木火	0
𤆮	hf	火夫	0
𤆬	hm	.	0
𤆬	mh	毛灬	0
𤆤	hr	火冗	0
𤆣	hj	火及	0
𤆡	hw	火乌	0
𤆞	hw	火勿	0
𤆝	hp	火攴	0
𤆝	hw	.	0
𤆜	hs	火三	0
𤆛	bh	卜灬	0
𤆙	hj	.	0
𤆖	ah	丨灬	0
𤆑	hi	火川	0
𤆏	hk	火亏	0
𤆏	hx	.	0
𤆏	hy	.	0
𤆍	hd	火大	0
𤆇	hb	火匕	0
𤆄	hn	火乃	0
𤆃	hs	火厶	0
𤆃	sh	厶火	0
𤆂	ha	火一	0
𤆂	hy	.	0
𤆀	db	氵驫	0
𤅹	dd	氵大	0
𤅸	dy	氵鹽	0
𤅵	ds	氵髓	0
𤅲	dm	氵馬	0
𤅱	dg	氵蠱	0
𤅰	dy	氵籥	0
𤅨	dy	氵又	0
𤅣	dm	.	0
𤅗	dy	氵言	0
𤅓	dy	氵頁	0
𤅒	dx	氵心	0
𤅑	dr	氵壤	0
𤅐	dq	氵豈	0
𤅐	yq	.	0
𤅎	dm	氵顢	0
𤅋	dd	氵竇	0
𤅊	dx	氵獻	0
𤅇	ds	氵糸	0
𤅃	dl	氵簾	0
𤄽	dx	氵璽	0
𤄺	db	氵邊	0
𤄸	dh	氵火	0
𤄷	dl	氵羅	0
𤄶	dy	氵藥	0
𤄴	db	氵貝	0
𤄳	ux	水先	0
𤄳	xu	先水	0
𤄬	dj	氵雞	0
𤄫	df	氵番	0
𤄧	py	浿言	0
𤄥	dx	沓㬎	0
𤄥	tx	.	0
𤄡	do	氵日	0
𤄜	df	氵番	0
𤄛	dt	氵魋	0
𤄖	dz	氵雜	0
𤄔	dg	氵戈	0
𤄓	dc	.	0
𤄓	dj	氵聚	0
𤄑	di	.	0
𤄑	dp	氵攴	0
𤄏	dg	氵鯀	0
𤄎	dd	.	0
𤄄	mj	沐鳩	0
𤄁	dv	氵蟄	0
𤄀	dy	氵又	0
𤃿	df	氵伐	0
𤃽	dw	氵鮪	0
𤃼	dr	氵肉	0
𤃻	du	刀水	0
𤃻	ud	.	0
𤃻	ut	水田	0
𤃺	dt	氵田	0
𤃷	da	.	0
𤃷	dy	氵音	0
𤃶	dd	氵磴	0
𤃵	db	.	0
𤃲	dv	氵縶	0
𤃮	dv	.	0
𤃭	dj	氵焦	0
𤃬	dg	.	0
𤃫	dh	氵薨	0
𤃪	dx	氵戲	0
𤃩	dk	氵口	0
𤃩	dl	.	0
𤃨	dm	氵面	0
𤃦	dj	氵間	0
𤃓	dv	氵止	0
𤃋	db	氵貝	0
𤃉	dx	氵心	0
𤃆	dh	氵寰	0
𤃅	dt	氵曇	0
𤃀	dl	氵隶	0
𤂿	dx	氵選	0
𤂼	uz	.	0
𤂺	dl	.	0
𤂹	dj	.	0
𤂹	dx	氵蕈	0
𤂷	de	氵閼	0
𤂶	dl	.	0
𤂶	dv	氵隹	0
𤂲	dh	氵黄	0
𤂱	dl	氵黎	0
𤂮	dn	氵鳥	0
𤂤	db	氵犇	0
𤂠	kq	溘去	0
𤂕	dy	氵沅	0
𤂓	db	氵八	0
𤂐	dx	氵賢	0
𤂏	dh	氵灬	0
𤂊	dj	氵斤	0
𤂆	fh	浮虎	0
𤂃	jy	.	0
𤂁	dn	氵牛	0
𤂀	mt	滿天	0
𤁿	dw	氵胃	0
𤁽	do	氵目	0
𤁽	dy	.	0
𤁹	dh	.	0
𤁹	di	氵赤	0
𤁵	dl	氵閭	0
𤁳	dv	氵霅	0
𤁱	dc	氵蔡	0
𤁰	di	氵亍	0
𤁯	dl	.	0
𤁮	do	.	0
𤁮	dq	氵區	0
𤁫	dy	氵頁	0
𤁪	dk	.	0
𤁪	dy	氵頁	0
𤁧	di	氵齒	0
𤁦	dw	氵瓦	0
𤁦	dx	.	0
𤁦	lw	.	0
𤁥	dn	氵輦	0
𤁣	db	氵罷	0
𤁡	dd	.	0
𤁡	dt	氵覃	0
𤁗	dm	氵綿	0
𤁒	dy	氵疑	0
𤁏	dj	氵耤	0
𤁆	da	氵哀	0
𤁁	dn	氵牛	0
𤀻	dm	氵木	0
𤀺	dj	氵嘉	0
𤀸	dy	氵魚	0
𤀷	jy	津育	0
𤀰	dg	氵高	0
𤀫	db	.	0
𤀫	dx	氵辛	0
𤀪	dp	氵頗	0
𤀩	iu	臣水	0
𤀩	us	水罒	0
𤀨	dy	氵窬	0
𤀦	du	氵石	0
𤀤	ds	氵算	0
𤀣	dh	.	0
𤀣	dy	氵爰	0
𤀠	dx	氵熙	0
𤀝	de	氵阝	0
𤀝	se	.	0
𤀑	dn	.	0
𤀌	dy	.	0
𤀊	dg	氵艮	0
𤀊	dk	.	0
𤀉	dg	氵干	0
𤀁	bm	白淼	0
𣿻	dx	氵小	0
𣿹	dy	氵圓	0
𣿴	dw	氵勿	0
𣿱	dh	氵灬	0
𣿯	dv	氵支	0
𣿪	dd	氵道	0
𣿤	dj	氵久	0
𣿣	dm	氵皿	0
𣿟	dy	氵又	0
𣿞	dl	氵裏	0
𣿝	df	氵葑	0
𣿓	dz	氵罪	0
𣿒	dx	氵辛	0
𣿒	dz	.	0
𣿐	dz	氵賊	0
𣿎	dj	.	0
𣿌	de	氵遏	0
𣿊	lw	.	0
𣿉	dy	氵詣	0
𣿈	ds	氵窣	0
𣿇	dn	.	0
𣿇	dr	氵稔	0
𣿆	df	氵鳧	0
𣿅	dd	氵董	0
𣿀	pu	浦氺	0
𣾷	dq	氵喬	0
𣾳	dh	氵化	0
𣾲	ds	氵厶	0
𣾱	dt	氵太	0
𣾦	dv	氵掌	0
𣾤	dh	氵灬	0
𣾜	dm	氵淼	0
𣾜	uu	水水	0
𣾍	dl	氵联	0
𣾊	dy	氵元	0
𣾇	dd	氵奠	0
𣽿	di	氵程	0
𣽺	dk	氵亏	0
𣽸	dj	氵窖	0
𣽷	dc	氵赐	0
𣽴	dk	氵喟	0
𣽳	dj	氵几	0
𣽳	lj	.	0
𣽲	dq	氵牽	0
𣽰	dh	.	0
𣽰	du	氵舌	0
𣽰	vu	.	0
𣽭	dm	氵皿	0
𣽫	dc	.	0
𣽫	dx	氵心	0
𣽨	vu	舟氺	0
𣽦	dx	.	0
𣽥	dg	.	0
𣽥	dh	氵頇	0
𣽤	dc	氵策	0
𣽡	db	氵博	0
𣽟	dk	氵款	0
𣽝	jf	江風	0
𣽛	dd	氵答	0
𣽚	di	.	0
𣽚	do	氵日	0
𣽖	dj	氵戔	0
𣽕	do	.	0
𣽕	ds	氵厶	0
𣽒	du	氵貰	0
𣽎	dg	.	0
𣽌	dk	.	0
𣽌	dq	氵欠	0
𣽊	dj	.	0
𣽈	de	氵而	0
𣽆	dv	氵筑	0
𣽅	dg	氵聒	0
𣼽	dl	氵朗	0
𣼧	dl	氵率	0
𣼠	dj	氵几	0
𣼟	ud	.	0
𣼞	dk	.	0
𣼚	dd	氵聃	0
𣼕	dc	氵艹	0
𣼎	dq	氵雀	0
𣼌	do	氵月	0
𣼋	dq	氵欠	0
𣻿	du	氵莘	0
𣻼	dh	氵毫	0
𣻶	dt	氵土	0
𣻳	dq	氵頃	0
𣻱	dv	氵晝	0
𣻮	qi	.	0
𣻮	qu	泉山	0
𣻮	uu	水山	0
𣻬	dm	氵米	0
𣻢	dt	氵通	0
𣻡	dl	氵莨	0
𣻠	dx	氵斜	0
𣻟	di	氵臣	0
𣻜	df	氵符	0
𣻛	di	氵舂	0
𣻚	du	氵術	0
𣻘	du	氵梢	0
𣻖	dn	.	0
𣻖	dt	氵兔	0
𣻕	dm	氵麻	0
𣻒	dj	.	0
𣻒	dl	氵令	0
𣻑	du	氵殺	0
𣻐	dc	.	0
𣻐	dq	氵且	0
𣻏	dx	氵梟	0
𣻌	du	氵水	0
𣻌	uw	水王	0
𣻇	dt	氵退	0
𣺽	db	氵罢	0
𣺼	dd	氵党	0
𣺹	dv	氵展	0
𣺳	dd	氵刂	0
𣺰	du	氵哨	0
𣺮	dt	氵套	0
𣺭	db	氵丙	0
𣺬	dh	氵荒	0
𣺪	uy	水員	0
𣺩	uu	朔水	0
𣺦	dy	氵又	0
𣺡	dy	.	0
𣺗	dh	氵火	0
𣺕	dx	氵軒	0
𣺔	dd	氵豆	0
𣺐	du	氵失	0
𣺏	dk	氵冂	0
𣺊	dj	氵家	0
𣺈	dy	氵倚	0
𣺂	dy	氵晏	0
𣺀	dx	氵夕	0
𣹶	dw	氵夂	0
𣹶	dz	.	0
𣹵	dg	氵乚	0
𣹵	dn	.	0
𣹲	dx	氵辛	0
𣹱	dh	.	0
𣹱	dq	氵欠	0
𣹯	ds	.	0
𣹯	dx	氵兮	0
𣹮	dp	.	0
𣹬	tu	土水	0
𣹬	uu	水殳	0
𣹪	dm	氵旄	0
𣹩	dx	氵脅	0
𣹧	dv	氵窄	0
𣹥	dq	氵倩	0
𣹡	dq	氵耆	0
𣹠	dy	氵冤	0
𣹟	dg	氵貢	0
𣹞	dv	氵冢	0
𣹝	dq	.	0
𣹜	dj	氵即	0
𣹛	uh	水皇	0
𣹚	dc	氵廾	0
𣹕	dl	氵律	0
𣹒	dt	氵田	0
𣹑	ds	氵虽	0
𣹐	dn	氵女	0
𣹋	df	.	0
𣹇	uk	沙可	0
𣹂	dd	氵段	0
𣸿	dx	氵兄	0
𣸾	dd	氵点	0
𣸼	dd	氵丶	0
𣸸	du	氵氺	0
𣸸	ut	水天	0
𣸴	mg	沐宄	0
𣸮	dy	氵云	0
𣸥	dy	氵彦	0
𣸤	df	氵方	0
𣸣	db	氵贲	0
𣸢	db	氵毖	0
𣸠	dl	氵列	0
𣸝	dg	.	0
𣸝	dy	氵羽	0
𣸛	dx	氵削	0
𣸚	du	.	0
𣸙	ds	.	0
𣸘	dt	氵它	0
𣸘	dy	.	0
𣸗	uw	水攵	0
𣸗	wu	未水	0
𣸖	dg	氵干	0
𣸒	dt	.	0
𣸐	ul	.	0
𣸏	dn	.	0
𣸏	du	氵手	0
𣸎	dk	.	0
𣸎	dy	氵又	0
𣸋	dq	氵畎	0
𣸊	da	.	0
𣸊	dy	氵云	0
𣸉	dt	.	0
𣸉	dy	氵羊	0
𣸇	db	氵便	0
𣸆	di	.	0
𣸄	dz	氵昝	0
𣸃	du	氵术	0
𣸃	dv	.	0
𣸀	dh	氵虺	0
𣷿	do	氵月	0
𣷾	dg	氵軌	0
𣷶	dy	氵幺	0
𣷱	du	氵使	0
𣷫	df	氵放	0
𣷪	dv	氵主	0
𣷩	dq	.	0
𣷡	dv	氵忠	0
𣷠	dm	氵明	0
𣷞	dm	氵木	0
𣷜	uw	水攵	0
𣷘	uu	水水	0
𣷓	dh	氵和	0
𣷒	dq	氵全	0
𣷐	db	氵卜	0
𣷎	do	氵月	0
𣷇	dh	氵灬	0
𣷄	dg	氵庚	0
𣷃	dl	氵力	0
𣷀	dd	氵店	0
𣶶	dc	氵采	0
𣶱	dv	氵知	0
𣶰	da	氵阿	0
𣶯	dm	氵門	0
𣶬	dj	氵亟	0
𣶫	dy	氵诣	0
𣶩	dh	氵画	0
𣶦	dd	.	0
𣶤	dk	氵口	0
𣶣	dv	.	0
𣶡	dd	氵歹	0
𣶞	dr	氵冉	0
𣶝	dj	.	0
𣶝	dq	氵坥	0
𣶘	dd	氵多	0
𣶒	pa	.	0
𣶐	dp	.	0
𣶏	dy	.	0
𣶍	dv	氵狀	0
𣶌	iw	.	0
𣶋	dv	氵炙	0
𣶊	dm	氵陌	0
𣶈	dw	氵罔	0
𣶆	dq	氵穹	0
𣵼	dg	氵干	0
𣵻	dt	氵陀	0
𣵺	dt	.	0
𣵸	dj	氵几	0
𣵷	dh	氵邯	0
𣵱	dk	.	0
𣵱	dr	氵壬	0
𣵮	db	氵邦	0
𣵪	dv	氵助	0
𣵦	dd	氵甸	0
𣵢	dr	.	0
𣵡	dh	氵旱	0
𣵟	du	氵水	0
𣵟	ud	水大	0
𣵞	dt	氵吞	0
𣵜	da	氵岙	0
𣵛	dx	氵秀	0
𣵚	dx	氵小	0
𣵙	dp	氵片	0
𣵘	dy	氵元	0
𣵈	dg	氵丐	0
𣵇	dj	氵究	0
𣵆	dj	氵几	0
𣵄	di	氵床	0
𣵃	dd	氵刂	0
𣴽	de	.	0
𣴽	dh	氵火	0
𣴼	dm	.	0
𣴨	db	.	0
𣴨	do	氵目	0
𣴥	dk	氵狂	0
𣴣	dv	氵壯	0
𣴢	dz	氵皁	0
𣴟	de	氵儿	0
𣴟	dm	.	0
𣴞	db	氵坌	0
𣴛	dr	氵戎	0
𣴙	dd	氵多	0
𣴘	dd	氵大	0
𣴖	dx	氵夕	0
𣴓	dj	氵件	0
𣴈	dd	氵刂	0
𣴁	dy	.	0
𣴀	dd	氵刀	0
𣳿	dy	氵宇	0
𣳺	du	氵山	0
𣳸	dx	氵兇	0
𣳲	dj	.	0
𣳲	dz	氵子	0
𣳭	db	.	0
𣳭	dy	氵又	0
𣳬	df	氵缶	0
𣳩	dc	氵次	0
𣳦	dx	氵囟	0
𣳤	dt	氵土	0
𣳣	uk	水尻	0
𣳠	dm	氵母	0
𣳟	dp	氵疋	0
𣳜	df	氵犯	0
𣳑	du	氵申	0
𣳐	hn	汇女	0
𣳏	dy	氵又	0
𣳎	dp	氵丕	0
𣳊	dt	氵土	0
𣳇	dz	氵左	0
𣳃	du	氵士	0
𣳀	du	氵十	0
𣲾	dk	.	0
𣲾	du	氵圣	0
𣲽	dj	氵几	0
𣲽	dr	.	0
𣲷	dn	.	0
𣲷	dy	氵又	0
𣲷	uy	.	0
𣲶	dj	氵九	0
𣲵	dv	氵只	0
𣲳	dp	氵叵	0
𣲲	dh	氵禾	0
𣲱	hu	火水	0
𣲱	uh	水火	0
𣲭	dm	氵毛	0
𣲩	db	氵巴	0
𣲧	dh	氵火	0
𣲦	uu	水少	0
𣲥	dd	氵丹	0
𣲤	dj	氵介	0
𣲢	di	氵乂	0
𣲡	dj	.	0
𣲜	ju	井水	0
𣲜	uj	水井	0
𣲚	dr	氵仁	0
𣲘	dm	.	0
𣲘	dw	氵无	0
𣲗	dw	氵韦	0
𣲒	dl	氵仂	0
𣲑	dh	.	0
𣲋	dw	氵夊	0
𣲉	ux	水下	0
𣲆	dj	氵己	0
𣲄	dj	.	0
𣲂	ui	.	0
𣲀	dp	.	0
𣱾	dl	氵了	0
𣱽	dn	氵乃	0
𣱼	dd	氵刀	0
𣱻	uj	水几	0
𣱺	ub	水八	0
𣱶	db	氵卜	0
𣱳	ua	水一	0
𣱲	uy	.	0
𣱫	qf	.	0
𣱫	qt	气田	0
𣱧	qv	气重	0
𣱦	qp	气盆	0
𣱤	qh	气虎	0
𣱠	ql	气立	0
𣱟	qt	气田	0
𣱗	ql	气力	0
𣱓	ud	氏丶	0
𣱓	xd	.	0
𣱐	dt	氐土	0
𣱐	dy	.	0
𣱐	ut	氏土	0
𣱍	su	罒氏	0
𣱍	uj	氏九	0
𣱍	us	.	0
𣱉	ym	云民	0
𣱈	mb	民巴	0
𣱂	bm	變毛	0
𣱂	mb	毛變	0
𣱀	ml	毛羅	0
𣰿	lm	麗毛	0
𣰿	ml	毛麗	0
𣰼	mn	毛聶	0
𣰻	mg	.	0
𣰺	mg	.	0
𣰺	mp	毛皮	0
𣰺	ym	壹毛	0
𣰷	mj	毛韭	0
𣰷	mq	.	0
𣰶	mx	毛襄	0
𣰬	mm	毛賣	0
𣰩	mi	毛巢	0
𣰨	bm	賓毛	0
𣰨	mb	毛賓	0
𣰦	mj	毛監	0
𣰥	mm	毛蒙	0
𣰣	hm	回毛	0
𣰣	mh	毛回	0
𣰡	mj	.	0
𣰡	mk	毛冂	0
𣰠	mx	.	0
𣰞	mv	.	0
𣰜	mj	毛几	0
𣰜	mp	.	0
𣰛	gm	蓋毛	0
𣰛	mg	毛蓋	0
𣰚	ms	毛算	0
𣰘	mv	.	0
𣰘	vm	真毛	0
𣰕	mc	.	0
𣰏	mw	毛嵬	0
𣰌	gm	葛毛	0
𣰌	mg	毛葛	0
𣰋	mj	.	0
𣰈	mj	毛幾	0
𣰇	mj	.	0
𣰃	me	毛而	0
𣯼	ms	毛粟	0
𣯼	sm	粟毛	0
𣯻	bm	賁毛	0
𣯻	mb	毛賁	0
𣯻	mp	.	0
𣯹	mq	毛喬	0
𣯹	qm	喬毛	0
𣯸	mq	毛渠	0
𣯶	mc	毛參	0
𣯵	md	.	0
𣯵	mg	毛古	0
𣯵	wm	亠毛	0
𣯴	mb	毛畢	0
𣯱	mp	毛陪	0
𣯯	mc	毛崔	0
𣯭	mu	.	0
𣯭	mw	毛丸	0
𣯬	mm	毛莽	0
𣯪	mx	毛徙	0
𣯩	mm	.	0
𣯩	mr	毛入	0
𣯨	cm	從毛	0
𣯨	mc	毛從	0
𣯧	mc	毛崔	0
𣯤	mi	.	0
𣯜	ms	毛叟	0
𣯚	md	.	0
𣯙	mc	毛倉	0
𣯗	mc	毛厝	0
𣯔	mr	毛容	0
𣯐	mo	毛目	0
𣯏	mr	毛茸	0
𣯎	mm	毛皿	0
𣯎	mw	.	0
𣯎	om	日毛	0
𣯍	ms	毛隼	0
𣯌	ms	毛娑	0
𣯋	mc	.	0
𣯋	mr	毛辱	0
𣯆	mq	毛耆	0
𣯆	qm	耆毛	0
𣯅	im	厂毛	0
𣯅	mi	.	0
𣯅	my	毛炎	0
𣯄	mn	毛女	0
𣯃	mz	毛咨	0
𣯀	mm	毛冒	0
𣮿	mm	面毛	0
𣮾	mm	毛米	0
𣮾	mu	.	0
𣮾	um	士毛	0
𣮽	ms	毛糸	0
𣮹	mu	毛首	0
𣮬	ms	.	0
𣮬	my	毛又	0
𣮫	mj	毛叚	0
𣮪	mr	毛柔	0
𣮧	bm	並毛	0
𣮧	mb	毛並	0
𣮦	mn	毛奈	0
𣮦	nm	奈毛	0
𣮢	mx	毛享	0
𣮡	mb	毛奔	0
𣮝	fm	丰毛	0
𣮝	mf	毛丰	0
𣮛	mq	毛青	0
𣮗	mh	毛回	0
𣮕	gm	勹毛	0
𣮕	mm	毛米	0
𣮓	mm	毛木	0
𣮐	mb	毛卑	0
𣮏	mj	毛戔	0
𣮎	mk	毛昆	0
𣮍	mq	毛妾	0
𣮌	mj	.	0
𣮊	dm	旦毛	0
𣮊	mc	毛寸	0
𣮊	md	.	0
𣮉	lm	來毛	0
𣮉	ml	毛來	0
𣮈	mq	毛屈	0
𣮈	qm	屈毛	0
𣮆	dm	兑毛	0
𣮄	mt	毛妥	0
𣮃	md	毛呆	0
𣮁	mx	毛秀	0
𣭻	mz	毛足	0
𣭻	zm	足毛	0
𣭺	mh	.	0
𣭹	mg	毛干	0
𣭹	my	.	0
𣭹	ym	夭毛	0
𣭷	bm	孛毛	0
𣭷	mb	毛孛	0
𣭳	mq	毛求	0
𣭲	my	毛甬	0
𣭲	ym	甬毛	0
𣭮	hm	火毛	0
𣭮	me	毛二	0
𣭪	mu	毛舌	0
𣭦	mi	毛虫	0
𣭤	mb	毛毕	0
𣭡	mx	毛先	0
𣭠	mr	毛如	0
𣭠	rm	如毛	0
𣭝	mh	毛合	0
𣭙	mn	毛尼	0
𣭘	fm	弗毛	0
𣭘	mf	毛弗	0
𣭗	my	毛又	0
𣭖	hm	号毛	0
𣭖	mh	毛号	0
𣭋	mj	毛加	0
𣭇	mm	毛母	0
𣭆	mt	毛台	0
𣭀	mb	毛包	0
𣬿	mv	毛乍	0
𣬽	mw	毛戊	0
𣬼	mp	毛皮	0
𣬻	lm	了毛	0
𣬻	md	毛丶	0
𣬻	mi	.	0
𣬺	mu	毛生	0
𣬺	um	生毛	0
𣬹	lm	令毛	0
𣬹	ml	毛令	0
𣬸	mv	毛召	0
𣬸	vm	召毛	0
𣬷	bm	巴毛	0
𣬶	mb	毛巴	0
𣬵	fm	方毛	0
𣬴	mq	毛欠	0
𣬳	mn	毛牛	0
𣬮	mp	毛匹	0
𣬬	mj	毛及	0
𣬫	mj	毛介	0
𣬪	mk	毛冂	0
𣬪	mu	.	0
𣬪	um	十毛	0
𣬩	fm	分毛	0
𣬩	mf	毛分	0
𣬨	mj	毛久	0
𣬠	mj	毛几	0
𣬝	ml	毛了	0
𣬛	ge	乚二	0
𣬙	bj	比竞	0
𣬙	lj	立竞	0
𣬘	bc	比廾	0
𣬘	bv	.	0
𣬕	bw	比吾	0
𣬕	iw	.	0
𣬐	iu	.	0
𣬏	bb	北比	0
𣬏	bp	.	0
𣬏	bs	比罒	0
𣬎	bg	比夬	0
𣬎	ig	.	0
𣬍	bm	比苗	0
𣬍	mb	苗比	0
𣬉	bx	比囟	0
𣬆	bf	比反	0
𣬂	bg	比干	0
𣬀	lm	來母	0
𣬀	mi	母成	0
𣫹	jd	甲毒	0
𣫶	xd	小毒	0
𣫴	gm	圭母	0
𣫳	wc	毋册	0
𣫱	ym	.	0
𣫪	th	土會	0
𣫪	uh	殳會	0
𣫧	lu	藶殳	0
𣫧	ul	殳藶	0
𣫥	uk	殳康	0
𣫥	yk	医康	0
𣫣	kc	.	0
𣫣	ui	声虫	0
𣫠	un	殳鳥	0
𣫠	uu	十殳	0
𣫝	kk	.	0
𣫜	kv	.	0
𣫜	uv	声卓	0
𣫙	kg	.	0
𣫙	ug	声杲	0
𣫔	td	土丶	0
𣫔	ud	殳丶	0
𣫒	kj	.	0
𣫒	ug	殳工	0
𣫐	uu	壽殳	0
𣫎	tu	土束	0
𣫎	uu	殳束	0
𣫍	qu	僉殳	0
𣫍	uq	殳僉	0
𣫌	uu	.	0
𣫉	tn	土乃	0
𣫉	un	殳乃	0
𣫇	uu	殳示	0
𣫀	ku	口殳	0
𣫀	tu	土殳	0
𣫀	uu	.	0
𣪹	uu	.	0
𣪸	uu	.	0
𣪶	cu	參殳	0
𣪶	uc	殳參	0
𣪯	gu	宫殳	0
𣪯	ug	殳宫	0
𣪮	uz	殳宰	0
𣪭	au	丨殳	0
𣪭	uo	殳目	0
𣪪	bu	疒殳	0
𣪪	ub	.	0
𣪪	uk	殳口	0
𣪨	td	土大	0
𣪨	ud	殳大	0
𣪧	bu	白殳	0
𣪧	uf	殳方	0
𣪠	iu	車殳	0
𣪠	uk	殳凵	0
𣪜	gu	乖殳	0
𣪜	ug	殳乖	0
𣪌	ud	殳豆	0
𣪉	uk	.	0
𣪇	gu	古殳	0
𣪇	ug	殳古	0
𣪄	uq	殳欠	0
𣪂	ud	殳丹	0
𣪁	dz	歹贊	0
𣪀	dd	歹顛	0
𣩽	dx	歹襄	0
𣩺	db	歹匕	0
𣩹	dh	.	0
𣩷	dy	歹魚	0
𣩴	qs	强死	0
𣩱	dg	歹蓋	0
𣩰	dd	歹翟	0
𣩰	dv	.	0
𣩯	dx	歹㬎	0
𣩮	dh	歹會	0
𣩭	ys	欲死	0
𣩫	dy	歹業	0
𣩪	ds	歹歲	0
𣩩	db	.	0
𣩧	du	歹善	0
𣩢	dl	.	0
𣩢	dx	歹小	0
𣩡	dz	歹最	0
𣩠	ds	歹斯	0
𣩟	dd	歹登	0
𣩜	dj	歹竟	0
𣩛	dq	歹區	0
𣩚	dd	.	0
𣩚	dv	歹占	0
𣩙	dy	歹焉	0
𣩘	dv	歹專	0
𣩕	dy	歹魚	0
𣩔	dg	歹貫	0
𣩓	di	歹巢	0
𣩒	dc	歹曹	0
𣩑	dc	歹崔	0
𣩏	dl	歹鹿	0
𣩊	dj	歹桀	0
𣩈	di	歹差	0
𣩅	dg	歹高	0
𣩄	dg	.	0
𣩀	db	歹扁	0
𣨿	dj	歹軍	0
𣨾	dx	歹星	0
𣨼	dd	歹带	0
𣨺	dg	歹骨	0
𣨶	dh	.	0
𣨶	dt	歹彖	0
𣨳	dg	歹䢼	0
𣨲	dd	歹度	0
𣨫	dv	歹隹	0
𣨪	dg	歹果	0
𣨥	dp	歹朋	0
𣨤	dh	歹或	0
𣨣	dj	歹京	0
𣨢	dq	歹屈	0
𣨡	dy	歹岳	0
𣨠	dx	歹芯	0
𣨟	dy	歹易	0
𣨞	df	歹奉	0
𣨝	dy	歹於	0
𣨜	dy	歹夜	0
𣨛	dz	歹卒	0
𣨙	dw	歹委	0
𣨘	da	.	0
𣨗	dx	歹析	0
𣨔	db	歹伯	0
𣨓	dg	歹告	0
𣨎	dz	歹坐	0
𣨍	dj	歹角	0
𣨋	dv	歹折	0
𣨊	dp	歹片	0
𣨊	dv	.	0
𣨉	dh	歹亨	0
𣨇	dy	.	0
𣨅	dc	歹寸	0
𣨅	dl	.	0
𣨄	dh	歹合	0
𣨂	dv	歹至	0
𣨀	bs	不死	0
𣧿	dl	歹列	0
𣧾	dg	歹艮	0
𣧽	du	歹山	0
𣧼	dw	歹危	0
𣧺	de	歹二	0
𣧹	de	歹耳	0
𣧷	dd	歹朵	0
𣧵	dx	歹戌	0
𣧳	dg	歹各	0
𣧲	dm	歹米	0
𣧱	dc	歹册	0
𣧬	dj	歹句	0
𣧩	dd	歹冬	0
𣧧	db	.	0
𣧧	dd	歹丶	0
𣧦	db	歹布	0
𣧥	dy	歹幼	0
𣧤	dk	歹可	0
𣧣	dm	歹末	0
𣧡	dd	歹丶	0
𣧡	dy	.	0
𣧝	dq	歹囚	0
𣧜	db	歹巴	0
𣧛	dh	歹火	0
𣧚	do	歹月	0
𣧙	du	歹手	0
𣧗	dy	歹尤	0
𣧖	dj	.	0
𣧒	dk	.	0
𣧏	dp	歹攴	0
𣧏	dw	.	0
𣧎	dg	歹夬	0
𣧍	dn	歹内	0
𣧌	dg	歹戈	0
𣧊	di	歹丑	0
𣧈	du	歹山	0
𣧄	di	.	0
𣧃	dq	歹七	0
𣧃	dv	.	0
𣧂	dd	歹大	0
𣦼	dy	歹又	0
𣦲	vl	止立	0
𣦯	vl	.	0
𣦭	su	歲屾	0
𣦬	si	.	0
𣦫	sy	歲印	0
𣦪	vx	.	0
𣦪	vy	止又	0
𣦪	yv	又止	0
𣦩	vg	.	0
𣦩	vp	止皮	0
𣦧	si	歲出	0
𣦦	sm	歲目	0
𣦦	so	歲目	0
𣦥	vy	正堯	0
𣦢	vb	.	0
𣦡	vv	止著	0
𣦠	vt	止屠	0
𣦜	vq	止喬	0
𣦖	vb	卓步	0
𣦐	vg	止罡	0
𣦏	vy	.	0
𣦏	wu	.	0
𣦏	wy	.	0
𣦌	vg	止癸	0
𣦉	vu	止省	0
𣦇	vf	止复	0
𣥾	vd	止沓	0
𣥾	vt	.	0
𣥼	vk	止口	0
𣥼	vl	.	0
𣥻	vl	.	0
𣥺	dz	丶足	0
𣥺	vk	止口	0
𣥹	vu	止叔	0
𣥷	vv	止中	0
𣥳	vy	止余	0
𣥰	vp	止攴	0
𣥯	vy	止有	0
𣥮	vg	止圭	0
𣥨	cj	此及	0
𣥥	cq	此千	0
𣥤	vt	止田	0
𣥣	vp	止皮	0
𣥡	vm	止毛	0
𣥞	vj	止井	0
𣥐	vc	止从	0
𣥊	vw	止亡	0
𣥊	wv	亡止	0
𣥇	vu	止十	0
𣥇	vx	.	0
𣥃	vg	止乚	0
𣤿	gq	鰥欠	0
𣤺	qu	.	0
𣤷	qm	欠木	0
𣤷	qu	.	0
𣤷	uq	士欠	0
𣤶	qc	.	0
𣤶	qm	欠黽	0
𣤶	tq	土欠	0
𣤵	qy	欠嬰	0
𣤵	yq	嬰欠	0
𣤴	qx	欠戲	0
𣤴	xq	戲欠	0
𣤳	qb	欠彼	0
𣤳	qv	.	0
𣤳	vq	直欠	0
𣤲	qe	欠噩	0
𣤱	qi	.	0
𣤱	qt	欠兔	0
𣤰	lq	樂欠	0
𣤰	ql	欠樂	0
𣤯	mq	賣欠	0
𣤯	qm	欠賣	0
𣤭	qs	欠糸	0
𣤭	xq	咸欠	0
𣤪	qj	欠金	0
𣤪	yq	羽欠	0
𣤩	dq	翟欠	0
𣤩	qd	欠翟	0
𣤩	qv	.	0
𣤨	cq	艹欠	0
𣤨	qh	.	0
𣤨	qy	欠又	0
𣤤	lq	廉欠	0
𣤤	ql	欠廉	0
𣤢	iq	車欠	0
𣤢	qj	.	0
𣤢	qu	欠殳	0
𣤡	qa	欠奥	0
𣤞	oq	日欠	0
𣤞	qb	欠並	0
𣤝	bq	卜欠	0
𣤝	qo	欠日	0
𣤘	qs	欠斯	0
𣤘	sq	斯欠	0
𣤖	iq	車欠	0
𣤖	uq	.	0
𣤕	qy	欠酉	0
𣤕	uq	双欠	0
𣤔	iq	厂欠	0
𣤔	qy	欠俞	0
𣤓	bq	卜欠	0
𣤓	qd	欠丶	0
𣤎	qx	欠逍	0
𣤎	qz	.	0
𣤎	xq	逍欠	0
𣤌	qk	欠口	0
𣤌	qv	.	0
𣤌	vq	叕欠	0
𣤋	lq	婁欠	0
𣤋	ql	欠婁	0
𣤊	qx	欠習	0
𣤊	xq	習欠	0
𣤈	qz	欠責	0
𣤇	hq	隺欠	0
𣤇	qh	欠隺	0
𣤅	jh	居欢	0
𣤃	bn	匕乃	0
𣤃	qn	欠乃	0
𣤁	qy	欠彧	0
𣤁	yq	彧欠	0
𣣿	qt	欠台	0
𣣿	qu	.	0
𣣿	tq	土欠	0
𣣺	qx	欠夏	0
𣣺	xq	夏欠	0
𣣹	hq	盍欠	0
𣣹	qg	.	0
𣣹	qh	欠盍	0
𣣸	qr	欠人	0
𣣸	qy	.	0
𣣷	iq	蚩欠	0
𣣷	qi	欠蚩	0
𣣶	hq	害欠	0
𣣶	qh	欠害	0
𣣴	qb	欠八	0
𣣴	qs	.	0
𣣴	qt	.	0
𣣴	sq	罒欠	0
𣣳	qf	欠缶	0
𣣳	qy	.	0
𣣳	vq	爫欠	0
𣣲	qx	欠脅	0
𣣲	xq	脅欠	0
𣣭	qk	.	0
𣣭	qu	欠厙	0
𣣭	uq	厙欠	0
𣣫	qq	酋欠	0
𣣩	dq	大欠	0
𣣩	qo	欠日	0
𣣩	qx	.	0
𣣣	qg	欠共	0
𣣣	uq	尸欠	0
𣣡	qh	.	0
𣣡	qu	欠矢	0
𣣠	hq	侯欠	0
𣣠	qh	欠侯	0
𣣟	kq	客欠	0
𣣟	qk	欠客	0
𣣞	jq	軍欠	0
𣣞	qj	欠軍	0
𣣝	jq	即欠	0
𣣝	qj	欠即	0
𣣜	gq	.	0
𣣜	ql	欠力	0
𣣜	sq	糸欠	0
𣣛	qh	欠火	0
𣣚	qy	欠奄	0
𣣚	yq	奄欠	0
𣣗	qu	欠示	0
𣣗	uq	山欠	0
𣣖	hq	函欠	0
𣣖	qh	欠函	0
𣣒	jq	斤欠	0
𣣒	qo	欠日	0
𣣑	bq	必欠	0
𣣑	qm	.	0
𣣑	qt	欠土	0
𣣏	hq	昏欠	0
𣣏	qh	欠昏	0
𣣎	qy	欠育	0
𣣎	yq	育欠	0
𣣌	sc	死次	0
𣣋	ql	.	0
𣣊	cq	此欠	0
𣣊	qk	欠口	0
𣣊	qz	.	0
𣣉	eq	兒欠	0
𣣉	qe	欠兒	0
𣣈	nq	念欠	0
𣣈	qn	欠念	0
𣢼	bq	白欠	0
𣢼	qb	欠匕	0
𣢻	qu	欠水	0
𣢻	uq	上欠	0
𣢺	hq	含欠	0
𣢺	qh	欠含	0
𣢹	lq	耒欠	0
𣢷	gq	各欠	0
𣢷	qg	欠各	0
𣢶	qv	欠至	0
𣢶	vq	至欠	0
𣢴	qr	.	0
𣢳	aq	丨欠	0
𣢳	ql	欠力	0
𣢲	bq	八欠	0
𣢲	qb	.	0
𣢲	qj	欠今	0
𣢰	qu	.	0
𣢯	qu	欠舌	0
𣢯	uq	舌欠	0
𣢭	iq	厂欠	0
𣢭	qu	欠水	0
𣢬	qq	.	0
𣢫	cq	屮欠	0
𣢫	qf	.	0
𣢫	qw	欠王	0
𣢪	qw	欠危	0
𣢪	wq	危欠	0
𣢨	qh	欠后	0
𣢦	lq	立欠	0
𣢦	ql	欠立	0
𣢥	qq	丘欠	0
𣢤	qv	欠占	0
𣢤	vq	占欠	0
𣢡	qu	欠生	0
𣢡	uq	生欠	0
𣢠	bq	必欠	0
𣢠	qb	欠必	0
𣢟	qg	欠甘	0
𣢞	nq	尼欠	0
𣢞	qn	欠尼	0
𣢝	lq	令欠	0
𣢝	ql	欠令	0
𣢜	qy	欠幼	0
𣢜	yq	幼欠	0
𣢛	qy	欠乙	0
𣢚	qg	欠瓜	0
𣢗	jq	甲欠	0
𣢗	qj	欠甲	0
𣢖	hq	户欠	0
𣢖	qh	欠户	0
𣢕	aq	丆欠	0
𣢕	qj	.	0
𣢔	qy	.	0
𣢓	cq	廿欠	0
𣢓	qc	欠廿	0
𣢒	qu	欠少	0
𣢐	qq	欠欠	0
𣢏	fq	分欠	0
𣢏	qf	欠分	0
𣢎	qu	欠氏	0
𣢍	qx	欠兮	0
𣢌	qy	.	0
𣢋	bq	比欠	0
𣢋	qb	欠比	0
𣢊	qw	欠勿	0
𣢊	wq	勿欠	0
𣢉	hq	化欠	0
𣢉	qh	欠化	0
𣢇	qj	欠己	0
𣢅	qw	欠亡	0
𣢄	qy	欠幺	0
𣢂	qu	欠尸	0
𣢁	qu	欠尸	0
𣡾	gg	果果	0
𣡾	ii	.	0
𣡽	mm	木木	0
𣡻	qv	權隹	0
𣡶	my	木鹽	0
𣡲	mx	木顯	0
𣡰	rg	人果	0
𣡰	rr	.	0
𣡮	mc	木寸	0
𣡭	md	木疊	0
𣡩	mw	木彎	0
𣡧	ml	木罍	0
𣡠	mm	木曼	0
𣡟	ma	木一	0
𣡞	mi	.	0
𣡗	gg	果果	0
𣡗	gi	.	0
𣡕	ll	林林	0
𣡕	ml	木林	0
𣡔	mk	木匱	0
𣡒	mq	木勸	0
𣡑	mj	木即	0
𣡐	mj	木冏	0
𣡎	mq	木秦	0
𣡋	me	木爾	0
𣡊	my	木藝	0
𣡉	sa	桑奥	0
𣠼	mj	.	0
𣠺	mq	木僉	0
𣠹	ms	.	0
𣠹	mz	木纂	0
𣠸	mg	木關	0
𣠷	mj	木繭	0
𣠴	mw	木文	0
𣠭	mi	.	0
𣠣	mx	木心	0
𣠠	ml	木壘	0
𣠞	mn	木聶	0
𣠞	nm	聶木	0
𣠜	mh	木火	0
𣠚	ml	木留	0
𣠏	xz	枲最	0
𣠎	xy	枲堯	0
𣠊	mn	木年	0
𣠉	mm	木篾	0
𣠇	mx	木薟	0
𣠁	lu	栗生	0
𣠁	mu	木生	0
𣟽	xl	枲勞	0
𣟼	xj	枲焦	0
𣟺	ml	木斂	0
𣟹	ms	.	0
𣟸	mm	木麋	0
𣟵	mx	木戲	0
𣟴	mu	.	0
𣟳	mh	木還	0
𣟲	mx	木鮮	0
𣟰	my	木輿	0
𣟤	my	木穎	0
𣟣	mf	木丰	0
𣟠	mx	木縣	0
𣟝	mw	木我	0
𣟚	mj	木兼	0
𣟙	mx	木選	0
𣟘	mf	木缶	0
𣟘	um	十木	0
𣟖	mm	木磨	0
𣟓	my	木頁	0
𣟑	ic	橙寸	0
𣟐	md	木翟	0
𣟐	mv	.	0
𣟏	mk	木口	0
𣟏	um	十木	0
𣟌	ml	木隶	0
𣟋	mq	木褰	0
𣟊	mm	木馬	0
𣟊	mn	.	0
𣟉	mw	木衛	0
𣟉	wm	衛木	0
𣟈	ld	林刂	0
𣟈	md	木刂	0
𣟇	mm	木皿	0
𣟆	ml	木遼	0
𣟄	mt	木橐	0
𣟂	mk	木寬	0
𣟁	md	木墮	0
𣟀	mp	木蓬	0
𣞶	mn	木輦	0
𣞴	lj	梨居	0
𣞳	mk	木靠	0
𣞰	js	柬桑	0
𣞯	mj	木韭	0
𣞭	mw	木夂	0
𣞡	mw	木夂	0
𣞟	xv	枲真	0
𣞝	mi	.	0
𣞝	mx	木心	0
𣞜	mc	木丛	0
𣞙	js	吉桑	0
𣞙	mu	木双	0
𣞙	vs	.	0
𣞘	ml	.	0
𣞗	ml	木劉	0
𣞔	mq	木欠	0
𣞔	mt	.	0
𣞓	ml	木鹿	0
𣞒	mf	木敷	0
𣞑	mm	木甍	0
𣞐	mx	木寫	0
𣞌	mf	木方	0
𣞇	my	木言	0
𣞇	yy	言言	0
𣝽	mg	木敢	0
𣝸	mx	木席	0
𣝶	ms	木算	0
𣝱	mw	木戊	0
𣝫	mj	木截	0
𣝪	lc	林寸	0
𣝪	mc	木寸	0
𣝨	dm	氵木	0
𣝨	mn	木鳥	0
𣝦	mc	木翠	0
𣝣	mc	木寸	0
𣝡	my	木養	0
𣝞	ui	束巢	0
𣝝	ku	.	0
𣝝	uu	士束	0
𣝜	xb	枲扁	0
𣝚	em	而木	0
𣝚	ml	.	0
𣝚	mw	木瓦	0
𣝗	mg	木骨	0
𣝗	mj	.	0
𣝕	mj	木箋	0
𣝓	my	木厭	0
𣝒	mh	木盍	0
𣝒	mk	.	0
𣝒	mm	木木	0
𣝑	my	木與	0
𣝑	ym	與木	0
𣝐	mj	木臼	0
𣝐	um	十木	0
𣝏	mh	木蒿	0
𣝎	my	木炎	0
𣝍	mc	木寸	0
𣝍	mp	.	0
𣝌	mj	木緊	0
𣝋	mb	木八	0
𣝋	mt	.	0
𣝉	md	木對	0
𣝈	mj	木蒹	0
𣝇	mm	木木	0
𣝅	my	木疑	0
𣝂	mg	木鬼	0
𣝂	mh	.	0
𣝁	mb	木卑	0
𣜽	si	桑成	0
𣜼	mx	木鄉	0
𣜺	lb	林巴	0
𣜺	mb	木巴	0
𣜹	sd	桑弟	0
𣜯	mx	木萱	0
𣜭	mj	木煎	0
𣜬	ma	木愛	0
𣜨	xj	枲卷	0
𣜧	mq	木煢	0
𣜣	cy	.	0
𣜢	go	.	0
𣜟	mq	木僉	0
𣜟	qm	僉木	0
𣜗	mx	木秀	0
𣜖	md	木叠	0
𣜕	lx	林咸	0
𣜍	hm	號木	0
𣜍	mh	木號	0
𣜊	mv	木閘	0
𣜉	mv	木至	0
𣜇	mb	木貝	0
𣜄	mf	木凡	0
𣜄	wm	亡木	0
𣜂	mj	木韭	0
𣜂	mz	.	0
𣜁	mv	木隹	0
𣛾	ms	木厶	0
𣛾	vs	杼厶	0
𣛽	my	木亞	0
𣛻	md	木牒	0
𣛺	me	木卩	0
𣛺	mx	.	0
𣛹	mi	木遄	0
𣛸	mz	木賊	0
𣛷	mv	木盞	0
𣛶	mu	木煞	0
𣛵	mp	木皮	0
𣛵	mq	.	0
𣛴	mg	木感	0
𣛱	md	.	0
𣛱	mj	木臼	0
𣛮	mu	木盛	0
𣛫	mh	木火	0
𣛠	mm	木買	0
𣛟	mv	木掌	0
𣛚	mr	.	0
𣛚	mx	木心	0
𣛗	mg	木各	0
𣛗	ml	.	0
𣛕	gg	果果	0
𣛔	mj	.	0
𣛓	mi	木長	0
𣛑	mh	木火	0
𣛁	mm	木淼	0
𣛀	ml	木量	0
𣚽	mt	木替	0
𣚻	mm	某免	0
𣚺	wm	未母	0
𣚴	mp	木普	0
𣚲	my	木庾	0
𣚭	mj	木菊	0
𣚪	ma	木一	0
𣚪	mv	.	0
𣚪	my	.	0
𣚩	mq	.	0
𣚧	hm	号木	0
𣚧	mk	木冂	0
𣚦	mq	木强	0
𣚢	ms	木厶	0
𣚡	mf	木棐	0
𣚠	mv	木黹	0
𣚟	ms	.	0
𣚟	mv	木止	0
𣚝	my	木衣	0
𣚜	mc	.	0
𣚙	mj	木戔	0
𣚘	mj	木減	0
𣚖	ma	.	0
𣚖	my	木奄	0
𣚕	mq	木犬	0
𣚕	my	.	0
𣚔	mx	木舄	0
𣚓	my	.	0
𣚒	mb	.	0
𣚒	mp	木琶	0
𣚐	mh	木灬	0
𣚏	mo	木目	0
𣚏	wm	亠木	0
𣚎	ml	.	0
𣚎	ms	木糸	0
𣚌	mi	木啻	0
𣚋	mx	.	0
𣚊	me	木而	0
𣚆	mt	木屯	0
𣚄	ms	木斯	0
𣚄	sm	斯木	0
𣚃	mj	木絜	0
𣚁	mz	木貲	0
𣚀	mz	木觜	0
𣙿	mf	木費	0
𣙼	mc	.	0
𣙼	mx	木辛	0
𣙼	tm	台木	0
𣙻	mq	木取	0
𣙻	mz	.	0
𣙷	mm	木莽	0
𣙶	my	.	0
𣙵	mc	木寸	0
𣙵	md	.	0
𣙴	mg	木谷	0
𣙱	mg	木笱	0
𣙰	ns	尼桑	0
𣙤	jm	减木	0
𣙤	mj	木减	0
𣙢	mq	木圈	0
𣙟	mi	木常	0
𣙛	mo	木月	0
𣙗	vm	執木	0
𣙇	dm	堆木	0
𣙇	md	木堆	0
𣘿	mh	木合	0
𣘿	xm	穴木	0
𣘻	mt	木荼	0
𣘻	mu	.	0
𣘹	my	木寅	0
𣘷	mj	木笺	0
𣘴	my	木银	0
𣘲	mz	木梓	0
𣘱	md	木得	0
𣘬	mi	木厂	0
𣘬	wm	未木	0
𣘫	dh	呆虎	0
𣘪	ml	木聊	0
𣘨	me	.	0
𣘨	mk	木可	0
𣘨	my	.	0
𣘧	mf	木符	0
𣘦	mu	木殳	0
𣘦	my	.	0
𣘦	ym	医木	0
𣘥	mb	木閉	0
𣘤	mj	木祭	0
𣘣	mi	木脣	0
𣘠	mg	.	0
𣘟	jm	假木	0
𣘟	mj	木假	0
𣘞	my	木酉	0
𣘝	mq	.	0
𣘝	ms	.	0
𣘛	md	木兜	0
𣘚	ml	木率	0
𣘙	mb	木部	0
𣘘	mu	木莘	0
𣘘	mx	.	0
𣘗	mn	木匿	0
𣘖	mx	木梟	0
𣘎	ms	木厶	0
𣘀	mx	木修	0
𣗼	my	木員	0
𣗻	xu	枲失	0
𣗺	xg	枲古	0
𣗹	my	木恙	0
𣗸	mb	木比	0
𣗸	xm	囟木	0
𣗶	mt	.	0
𣗵	mg	木罡	0
𣗭	my	.	0
𣗬	mi	木臭	0
𣗞	uu	十束	0
𣗕	mt	木土	0
𣗔	mt	木退	0
𣗐	my	木郢	0
𣗍	mq	木其	0
𣗋	md	木党	0
𣗉	mx	木向	0
𣗈	ma	木案	0
𣗁	uv	石柘	0
𣖿	mb	木貝	0
𣖾	my	木用	0
𣖼	ms	.	0
𣖼	mx	木兮	0
𣖻	mm	木皿	0
𣖹	mn	.	0
𣖹	mu	木手	0
𣖸	mx	木辛	0
𣖷	mj	木脊	0
𣖵	mz	木座	0
𣖳	mq	.	0
𣖱	mw	木夂	0
𣖰	mb	木比	0
𣖰	mp	.	0
𣖯	mx	木心	0
𣖮	ma	木盎	0
𣖭	mt	木土	0
𣖬	mj	.	0
𣖬	mq	木欠	0
𣖫	mh	.	0
𣖪	mm	木木	0
𣖩	mu	木水	0
𣖨	mc	木茈	0
𣖨	mi	.	0
𣖦	mu	木世	0
𣖦	ym	予木	0
𣖥	mu	木手	0
𣖤	lt	來台	0
𣖣	mk	木凵	0
𣖔	mh	木厚	0
𣖐	mp	木迫	0
𣖍	mw	木歪	0
𣖊	md	木刂	0
𣖉	mm	木木	0
𣖉	ms	.	0
𣖆	mq	.	0
𣖆	mz	木子	0
𣖄	im	.	0
𣖄	mj	木臼	0
𣖄	qm	千木	0
𣕾	lb	林必	0
𣕼	mn	木乃	0
𣕼	um	身木	0
𣕹	mb	木卜	0
𣕳	mm	木米	0
𣕫	mu	木士	0
𣕫	um	士木	0
𣕨	mt	木田	0
𣕧	mj	木架	0
𣕦	mx	木相	0
𣕣	mg	木古	0
𣕣	um	十木	0
𣕢	mh	木化	0
𣕞	mj	木姜	0
𣕝	mt	木土	0
𣕗	ml	木老	0
𣕔	km	括木	0
𣕔	mk	木括	0
𣕎	mm	木木	0
𣕍	md	木大	0
𣕌	mk	.	0
𣕌	mw	木攵	0
𣕉	mg	木苟	0
𣕇	mx	木削	0
𣕅	mb	木包	0
𣕄	mj	木扃	0
𣕃	mo	.	0
𣕃	my	木禺	0
𣕁	mw	木娃	0
𣕁	wm	娃木	0
𣔽	gm	癸木	0
𣔽	mg	木癸	0
𣔼	mg	木竿	0
𣔻	mt	木突	0
𣔺	mm	木冒	0
𣔹	mh	.	0
𣔸	mb	.	0
𣔸	mr	木人	0
𣔷	ma	木丨	0
𣔷	mg	.	0
𣔶	mf	木范	0
𣔵	mi	.	0
𣔲	mj	木迥	0
𣔱	ms	.	0
𣔱	my	木又	0
𣔯	my	木雨	0
𣔮	mk	.	0
𣔬	mc	木廾	0
𣔫	mg	木圭	0
𣔪	mg	木乖	0
𣔛	mw	木兀	0
𣔚	fm	服木	0
𣔙	mx	木欣	0
𣔗	xf	枲凡	0
𣔗	xu	枲十	0
𣔗	xx	.	0
𣔓	mb	木彼	0
𣔐	mb	.	0
𣔐	me	木儿	0
𣔌	mt	木条	0
𣔆	mq	木邱	0
𣓻	mb	木表	0
𣓹	me	木阝	0
𣓹	qe	㭕阝	0
𣓷	mk	木口	0
𣓷	td	土呆	0
𣓴	lj	林介	0
𣓧	ms	木厶	0
𣓧	um	十木	0
𣓥	dm	氵木	0
𣓥	mm	木矛	0
𣓣	mc	木屮	0
𣓝	cm	艹木	0
𣓝	mb	木冖	0
𣓛	mb	木匕	0
𣓗	mh	.	0
𣓗	mo	木日	0
𣓕	lq	.	0
𣓕	ls	林厶	0
𣓕	ms	木厶	0
𣓔	mg	.	0
𣓔	mm	弥木	0
𣓒	mu	木芟	0
𣓐	my	木油	0
𣓏	lm	林木	0
𣓏	ml	木林	0
𣓌	mj	木咎	0
𣓋	mb	.	0
𣓋	mp	木芘	0
𣓊	mu	木事	0
𣓉	mj	.	0
𣓉	my	.	0
𣓈	ml	木兩	0
𣓆	mj	.	0
𣓆	mr	木壬	0
𣓅	mh	.	0
𣓅	mm	木木	0
𣓃	mr	木芮	0
𣓀	mx	木辛	0
𣓀	xm	辛木	0
𣒿	dm	氵木	0
𣒿	mq	木欠	0
𣒼	my	木攸	0
𣒻	mt	木土	0
𣒹	mn	木女	0
𣒸	mw	木尪	0
𣒷	gh	.	0
𣒱	mi	木吹	0
𣒥	mo	木月	0
𣒠	wq	未曲	0
𣒗	mq	木却	0
𣒖	mk	木克	0
𣒕	dm	氵木	0
𣒕	ml	木六	0
𣒔	mj	木究	0
𣒎	mu	木山	0
𣒍	mh	木何	0
𣒋	mt	木土	0
𣒊	my	木又	0
𣒊	um	石木	0
𣒇	mt	木秃	0
𣒆	mk	木壳	0
𣒆	mq	.	0
𣒆	mr	.	0
𣒄	mx	木些	0
𣒃	my	木役	0
𣒂	me	木卩	0
𣑿	ms	木巳	0
𣑼	cr	屮人	0
𣑺	mi	木虫	0
𣑹	mj	木巾	0
𣑸	mt	木同	0
𣑬	mz	木早	0
𣑩	mh	木回	0
𣑧	tm	土木	0
𣑦	gm	巩木	0
𣑦	mg	木巩	0
𣑤	mx	木匈	0
𣑟	mq	木千	0
𣑝	mt	木团	0
𣑚	mu	木双	0
𣑉	mz	木自	0
𣑇	ms	木糸	0
𣑆	ms	木厶	0
𣑃	dm	氵木	0
𣑃	mf	木凡	0
𣑂	mk	.	0
𣑁	mi	木充	0
𣐿	my	木衣	0
𣐺	mu	.	0
𣐺	ur	十人	0
𣐸	mk	木口	0
𣐵	mi	木臣	0
𣐯	im	出木	0
𣐯	mi	木出	0
𣐮	mq	木囚	0
𣐮	qm	囚木	0
𣐬	mt	木田	0
𣐫	ml	.	0
𣐫	mu	木水	0
𣐫	ym	.	0
𣐤	mj	木旧	0
𣐣	mu	木少	0
𣐙	mx	木玄	0
𣐘	mt	木汀	0
𣐓	me	木二	0
𣐓	mr	.	0
𣐑	mc	木此	0
𣐏	mn	.	0
𣐏	my	木又	0
𣐎	mw	木瓦	0
𣐋	md	木丶	0
𣐋	my	.	0
𣐊	mk	木尻	0
𣐆	mq	木切	0
𣐅	mr	木壬	0
𣐃	em	厄木	0
𣐃	me	木厄	0
𣐂	my	木云	0
𣏾	mg	木戈	0
𣏺	mk	木孔	0
𣏷	km	冂木	0
𣏷	my	木又	0
𣏶	mu	木水	0
𣏴	mr	木仁	0
𣏱	my	.	0
𣏫	ml	木力	0
𣏪	mu	木双	0
𣏥	ml	木六	0
𣏣	mb	木卞	0
𣏡	mb	木卜	0
𣏠	mx	.	0
𣏠	my	木爻	0
𣏟	pp	.	0
𣏟	ue	十儿	0
𣏞	my	木尤	0
𣏚	mu	木氏	0
𣏗	my	木予	0
𣏗	ym	予木	0
𣏖	my	木引	0
𣏔	mv	木止	0
𣏑	mj	木巾	0
𣏎	my	木丫	0
𣏀	md	木刂	0
𣎻	km	冂木	0
𣎻	mk	木冂	0
𣎸	ml	木了	0
𣎵	cr	屮人	0
𣎵	ir	.	0
𣎵	kr	凵人	0
𣎴	xr	.	0
𣎴	yg	.	0
𣎴	yr	.	0
𣎳	ue	十儿	0
𣎲	od	月黨	0
𣎱	ou	月矢	0
𣎮	ox	月羲	0
𣎫	ot	月團	0
𣎧	oj	月炅	0
𣎟	ox	月尋	0
𣎛	oj	.	0
𣎛	oy	月矞	0
𣎚	oh	月黑	0
𣎗	ox	月心	0
𣎔	ox	月現	0
𣎓	ox	月旋	0
𣎑	ok	月宽	0
𣎇	om	月冒	0
𣎆	mf	.	0
𣎅	oh	月曷	0
𣎄	oh	月恆	0
𣍾	oy	月雨	0
𣍼	ov	月周	0
𣍼	vo	周月	0
𣍺	ou	月生	0
𣍸	ko	冂月	0
𣍸	om	月米	0
𣍴	os	月巳	0
𣍰	oj	月夹	0
𣍯	oj	月军	0
𣍧	oi	月出	0
𣍦	ox	月兄	0
𣍛	gi	更車	0
𣍛	gy	.	0
𣍛	oy	.	0
𣍚	ul	書綾	0
𣍖	cd	曹東	0
𣍒	dt	沓土	0
𣍒	ot	日土	0
𣍐	wh	勿會	0
𣍏	gi	更差	0
𣍌	do	歹日	0
𣍌	od	日歹	0
𣍉	og	日郭	0
𣍇	gq	更取	0
𣍆	ko	.	0
𣍆	ou	日殳	0
𣍆	uo	声日	0
𣌾	ud	申東	0
𣌻	oa	日丨	0
𣌸	oj	日即	0
𣌷	ot	日土	0
𣌳	oy	日幺	0
𣌳	yo	幺日	0
𣌲	oa	日丨	0
𣌱	qu	曲少	0
𣌯	oj	日机	0
𣌬	oy	.	0
𣌫	ob	日北	0
𣌨	uy	申匀	0
𣌧	co	册日	0
𣌥	of	日分	0
𣌤	ou	日少	0
𣌢	ox	日小	0
𣌠	ii	春春	0
𣌠	oi	日春	0
𣌟	ol	日靈	0
𣌞	py	普養	0
𣌜	xl	星歷	0
𣌚	dj	旦景	0
𣌚	oj	日景	0
𣌙	oh	日闞	0
𣌗	oj	日矍	0
𣌓	og	.	0
𣌓	ov	日隹	0
𣌏	dy	旦又	0
𣌏	oy	日又	0
𣌎	uw	是微	0
𣌍	on	日聶	0
𣌅	ml	.	0
𣌅	ol	日歷	0
𣌄	ol	日力	0
𣌃	om	日皿	0
𣌃	wm	五皿	0
𣋿	ow	.	0
𣋺	om	日賣	0
𣋹	ob	日弊	0
𣋶	oq	日窮	0
𣋵	ol	日樂	0
𣋳	ob	.	0
𣋳	oh	日灬	0
𣋲	ol	.	0
𣋮	ok	日亏	0
𣋮	xk	星亏	0
𣋬	ou	日壽	0
𣋫	jo	漸日	0
𣋫	oj	日漸	0
𣋪	ob	日賓	0
𣋤	oa	日一	0
𣋣	oj	日監	0
𣋢	oj	日兢	0
𣋡	om	日蒙	0
𣋟	om	日麽	0
𣋞	og	日蓋	0
𣋙	od	日殿	0
𣋘	oh	日會	0
𣋖	oz	日罪	0
𣋕	if	春奉	0
𣋔	od	日電	0
𣋒	ok	日葵	0
𣋏	on	日農	0
𣋍	of	日肥	0
𣋋	om	日黽	0
𣋊	od	日亶	0
𣋉	oa	日奥	0
𣋈	oc	日艹	0
𣋈	uo	尚日	0
𣋄	xx	昔享	0
𣊺	oj	日間	0
𣊷	yy	易易	0
𣊶	ob	日敝	0
𣊳	oh	日灬	0
𣊲	ow	日無	0
𣊱	of	日分	0
𣊰	oy	.	0
𣊰	uy	.	0
𣊯	oy	日雲	0
𣊮	oe	日二	0
𣊮	xo	幸日	0
𣊭	ii	昌昌	0
𣊫	ii	昌昌	0
𣊫	oo	日曰	0
𣊧	mm	明明	0
𣊟	og	日敢	0
𣊞	oi	日欻	0
𣊝	om	日木	0
𣊘	oy	日魚	0
𣊖	jd	晶大	0
𣊔	co	艹日	0
𣊔	ob	日冖	0
𣊑	io	處日	0
𣊑	oi	日處	0
𣊐	oi	日晨	0
𣊏	od	日旦	0
𣊃	ow	日務	0
𣊁	ao	敖日	0
𣊁	oa	日敖	0
𣉿	oc	日曹	0
𣉾	oq	日區	0
𣉯	ot	日涂	0
𣉯	to	涂日	0
𣉮	ov	日真	0
𣉪	oh	日荒	0
𣉩	ob	日八	0
𣉩	oy	.	0
𣉩	yo	亞日	0
𣉨	og	日鬼	0
𣉧	ox	日笑	0
𣉦	oa	日丨	0
𣉥	oy	日殷	0
𣉤	ox	日訓	0
𣉣	oo	日日	0
𣉣	yo	永日	0
𣉡	ht	旱廷	0
𣉝	yr	易戎	0
𣉜	ou	日殺	0
𣉛	oj	日斤	0
𣉚	oz	日牂	0
𣉘	no	能日	0
𣉘	on	日能	0
𣉗	oa	日盎	0
𣉖	oh	.	0
𣉕	os	日桑	0
𣉔	oz	日蚤	0
𣉒	oh	日隺	0
𣉌	ow	日胃	0
𣉆	ou	日是	0
𣉅	oz	日奏	0
𣉄	fu	丰是	0
𣉂	oy	日弇	0
𣉁	or	日冉	0
𣉀	oy	日又	0
𣈾	on	日牛	0
𣈽	om	日木	0
𣈼	of	日風	0
𣈻	oz	日哉	0
𣈺	oy	.	0
𣈹	oy	日垚	0
𣈸	om	日美	0
𣈷	oh	日皇	0
𣈵	oy	日臾	0
𣈯	oy	日俞	0
𣈮	ou	日食	0
𣈬	ot	日彖	0
𣈥	oy	日俞	0
𣈢	ob	日卑	0
𣈡	uv	是丈	0
𣈠	og	.	0
𣈎	ou	日杀	0
𣈍	oy	日宜	0
𣈋	oy	日夜	0
𣈊	mo	牧日	0
𣈊	om	日牧	0
𣈈	oj	日斤	0
𣈇	bm	不明	0
𣈅	lo	林日	0
𣈅	ol	日林	0
𣈄	oc	日采	0
𣈃	or	日乳	0
𣈂	mr	明壬	0
𣈁	og	日杲	0
𣈀	ok	日昆	0
𣇿	oy	日杳	0
𣇽	ov	日叕	0
𣇼	oz	日宗	0
𣇸	or	日人	0
𣇶	ob	日冖	0
𣇶	yo	羽日	0
𣇴	ml	明六	0
𣇳	oq	日其	0
𣇲	oh	日昏	0
𣇰	ol	日林	0
𣇬	oq	日穹	0
𣇫	og	日果	0
𣇨	od	.	0
𣇧	ov	日炙	0
𣇦	oi	日垂	0
𣇢	ob	.	0
𣇢	oe	日儿	0
𣇙	bo	白日	0
𣇙	oe	日儿	0
𣇙	om	.	0
𣇖	og	日工	0
𣇖	oo	日日	0
𣇕	ow	日我	0
𣇔	of	日丰	0
𣇒	oi	日呈	0
𣇑	ja	旧丨	0
𣇑	oa	日丨	0
𣇐	oi	日赤	0
𣇏	ox	日杏	0
𣇎	og	日弓	0
𣇍	oj	日夾	0
𣇌	ov	日志	0
𣇋	od	日兑	0
𣇇	yd	延旦	0
𣇆	os	日宋	0
𣇁	og	日工	0
𣆽	dd	旦丁	0
𣆽	dt	.	0
𣆽	od	日丁	0
𣆵	oj	.	0
𣆵	oy	.	0
𣆴	oy	日延	0
𣆳	og	日更	0
𣆲	oj	.	0
𣆲	oy	日又	0
𣆨	je	旧二	0
𣆨	oe	日二	0
𣆦	ov	日朱	0
𣆣	oi	日虫	0
𣆟	cd	此旦	0
𣆛	ox	日覀	0
𣆛	xo	覀日	0
𣆚	od	日多	0
𣆙	oh	日汗	0
𣆘	ol	日吏	0
𣆗	oh	日合	0
𣆖	oe	日儿	0
𣆖	oh	.	0
𣆕	lo	力日	0
𣆕	ol	日力	0
𣆕	ox	.	0
𣆔	ov	日舟	0
𣆒	ou	日戍	0
𣆑	co	册日	0
𣆑	oc	日册	0
𣆐	ol	日卢	0
𣆍	og	日乚	0
𣆌	xo	夕日	0
𣆈	ow	日戊	0
𣆅	of	日乏	0
𣆃	dy	旦匀	0
𣆁	op	日疋	0
𣆁	po	疋日	0
𣅾	or	日冉	0
𣅾	ro	冉日	0
𣅻	oh	.	0
𣅻	ok	日口	0
𣅺	oy	日幼	0
𣅷	ox	日兄	0
𣅰	go	丐日	0
𣅰	og	日丐	0
𣅮	ou	日升	0
𣅭	od	日丶	0
𣅬	ob	日匕	0
𣅫	on	日牛	0
𣅪	ob	日比	0
𣅩	oa	日丨	0
𣅩	uo	尸日	0
𣅨	ow	日王	0
𣅨	wo	王日	0
𣅥	oh	日互	0
𣅤	oq	日犬	0
𣅡	og	日夬	0
𣅟	ob	日冖	0
𣅟	oy	.	0
𣅝	oy	日又	0
𣅚	on	日内	0
𣅓	on	日女	0
𣅒	oq	日七	0
𣅑	bo	.	0
𣅑	oy	.	0
𣅍	ow	.	0
𣅉	or	日刃	0
𣅄	oz	日廴	0
𣅃	ob	日卜	0
𣅂	ow	日亠	0
𣄿	od	日丁	0
𣄻	oy	日乙	0
𣄺	aw	丆爲	0
𣄺	jw	.	0
𣄸	ag	丆咼	0
𣄸	jg	.	0
𣄴	aj	丆京	0
𣄴	jj	.	0
𣄲	aw	丆危	0
𣄲	jw	.	0
𣄱	ag	丆圭	0
𣄱	jg	.	0
𣄰	ak	丆可	0
𣄰	jk	.	0
𣄮	ak	丆口	0
𣄮	jk	.	0
𣄧	fy	方遺	0
𣄠	fb	.	0
𣄠	fq	方犬	0
𣄟	fy	.	0
𣄝	fj	.	0
𣄜	fg	方貴	0
𣄙	fh	方晃	0
𣄗	fy	方異	0
𣄕	fy	方音	0
𣄓	fb	方笔	0
𣄑	fy	方奄	0
𣄏	fb	方畚	0
𣄎	fc	方寸	0
𣄎	ff	.	0
𣄍	fu	方是	0
𣄌	fb	方貝	0
𣄋	fp	方珀	0
𣄋	pf	珀方	0
𣄉	fy	方酉	0
𣄅	fk	方口	0
𣄄	fq	方芹	0
𣄂	fy	.	0
𣃾	fy	方奄	0
𣃽	fd	方多	0
𣃺	fg	方谷	0
𣃹	fm	方民	0
𣃸	fb	方宀	0
𣃸	of	日方	0
𣃵	fu	方申	0
𣃳	fn	.	0
𣃳	fy	方又	0
𣃮	fu	方氏	0
𣃭	fj	方介	0
𣃬	fu	方升	0
𣃫	fd	方吊	0
𣃧	fo	方日	0
𣃡	fx	方玄	0
𣃝	fy	方央	0
𣃜	df	斗方	0
𣃜	fd	方斗	0
𣃛	fh	方火	0
𣃘	fg	方个	0
𣃗	fd	方刀	0
𣃓	jd	斤單	0
𣃓	kj	口斤	0
𣃑	jv	斤箸	0
𣃍	js	斤算	0
𣃉	jd	斤當	0
𣃈	jv	斤著	0
𣃈	vj	著斤	0
𣃅	jt	斤兔	0
𣃄	jj	斤菁	0
𣂿	jf	斤伐	0
𣂿	sj	罒斤	0
𣂽	gj	國斤	0
𣂽	jg	斤國	0
𣂻	jq	斤區	0
𣂻	qj	區斤	0
𣂵	jh	.	0
𣂵	jt	斤彖	0
𣂵	tj	彖斤	0
𣂴	jt	斤亭	0
𣂳	jt	斤亭	0
𣂳	tj	亭斤	0
𣂮	jy	斤俞	0
𣂮	yj	俞斤	0
𣂬	gf	勹缶	0
𣂬	jf	斤缶	0
𣂥	ij	厂斤	0
𣂥	jv	斤兆	0
𣂤	jo	斤月	0
𣂤	jp	.	0
𣂤	oj	月斤	0
𣂞	dj	丶斤	0
𣂞	lj	良斤	0
𣂝	jx	斤向	0
𣂜	ij	臣斤	0
𣂜	ji	斤臣	0
𣂛	jv	斤朱	0
𣂛	vj	朱斤	0
𣂗	jj	井斤	0
𣂖	jj	.	0
𣂓	jt	斤土	0
𣂒	jl	斤力	0
𣂊	dw	斗尉	0
𣂉	dd	.	0
𣂉	dg	斗古	0
𣂉	wd	亠斗	0
𣂈	db	斗冖	0
𣂈	hd	火斗	0
𣂇	df	斗非	0
𣂆	dp	斗旁	0
𣂆	pd	旁斗	0
𣂅	do	斗月	0
𣂅	ld	立斗	0
𣂄	dg	斗咼	0
𣂄	gd	咼斗	0
𣂁	dt	.	0
𣂁	dv	斗兆	0
𣂁	gd	广斗	0
𣁻	dc	斗寸	0
𣁹	dy	斗酉	0
𣁸	ds	斗厶	0
𣁸	id	镸斗	0
𣁷	dc	斗寸	0
𣁷	dl	.	0
𣁷	vd	爫斗	0
𣁵	dy	斗羊	0
𣁵	yd	羊斗	0
𣁴	dh	斗合	0
𣁴	hd	合斗	0
𣁳	du	斗舌	0
𣁳	ud	舌斗	0
𣁰	dj	斗斤	0
𣁯	dy	斗元	0
𣁮	df	斗丰	0
𣁮	fd	丰斗	0
𣁭	dg	斗乚	0
𣁩	md	木丶	0
𣁩	wd	文丶	0
𣁨	wp	文拍	0
𣁨	yw	頁文	0
𣁧	hw	火文	0
𣁧	wh	文火	0
𣁦	bq	斌全	0
𣁥	wj	文監	0
𣁤	iw	春文	0
𣁤	ww	文文	0
𣁢	bw	敝文	0
𣁢	wb	文敝	0
𣁡	wp	文票	0
𣁠	wy	文庸	0
𣁟	wi	文厂	0
𣁟	ww	未文	0
𣁜	mw	曼文	0
𣁜	wm	文曼	0
𣁛	ww	未攵	0
𣁚	wj	文即	0
𣁘	wg	文咼	0
𣁗	tw	炭文	0
𣁗	wt	文炭	0
𣁖	uw	十文	0
𣁖	wz	文早	0
𣁕	ww	文文	0
𣁒	cw	廿文	0
𣁒	wr	文人	0
𣁑	wv	文住	0
𣁐	wj	文見	0
𣁌	wz	文早	0
𣁉	bw	必文	0
𣁉	wb	文必	0
𣁈	wb	文包	0
𣁇	wv	文正	0
𣁆	wb	文必	0
𣁃	wb	文八	0
𣁂	wx	文小	0
𣁂	xw	小文	0
𣁁	rw	人文	0
𣁁	wr	文人	0
𣀿	xw	夕攵	0
𣀽	bt	敝田	0
𣀻	pu	攴屬	0
𣀻	up	屬攴	0
𣀻	wu	.	0
𣀷	lp	麗攴	0
𣀷	pl	攴麗	0
𣀷	wl	.	0
𣀶	pz	攴贊	0
𣀶	wz	.	0
𣀶	zp	贊攴	0
𣀴	iy	.	0
𣀳	nw	聶攵	0
𣀳	wn	.	0
𣀯	wm	.	0
𣀫	gw	.	0
𣀫	mp	麻攴	0
𣀫	pg	攴甘	0
𣀧	lp	林攴	0
𣀧	pv	攴隹	0
𣀧	wl	.	0
𣀥	lp	歷攴	0
𣀥	pl	攴歷	0
𣀥	wl	.	0
𣀣	bp	觱攴	0
𣀣	pb	攴觱	0
𣀣	wb	.	0
𣀢	hw	火攵	0
𣀞	lp	慮攴	0
𣀞	pl	攴慮	0
𣀞	wl	.	0
𣀝	lp	樂攴	0
𣀝	pl	攴樂	0
𣀝	wl	.	0
𣀜	wl	.	0
𣀘	uw	壽攵	0
𣀔	ps	攴算	0
𣀔	sp	算攴	0
𣀔	ws	.	0
𣀓	wu	.	0
𣀒	jp	聚攴	0
𣀒	pj	攴聚	0
𣀒	wj	.	0
𣀐	wz	.	0
𣀐	zw	自攵	0
𣀏	wi	.	0
𣀍	pu	攴水	0
𣀍	up	十攴	0
𣀌	kw	口攵	0
𣀆	qw	羣攵	0
𣀅	vw	黹攵	0
𣀄	wj	.	0
𣀃	lp	廉攴	0
𣀃	pl	攴廉	0
𣀃	wl	.	0
𣀂	pd	攴豆	0
𣀂	qp	曲攴	0
𣀂	wl	.	0
𣀁	pv	攴詹	0
𣀁	vp	詹攴	0
𣀁	wv	.	0
𣀀	lp	雷攴	0
𣀀	pl	攴雷	0
𣀀	wl	.	0
𢿽	iw	牚攵	0
𢿸	cp	策攴	0
𢿸	cw	.	0
𢿸	pc	攴策	0
𢿶	rw	睿攵	0
𢿵	tw	棠攵	0
𢿰	tw	土攵	0
𢿭	hv	户卓	0
𢿧	wt	.	0
𢿦	wi	.	0
𢿤	dp	登攴	0
𢿤	pd	攴登	0
𢿤	wd	.	0
𢿣	py	攴堯	0
𢿣	wy	.	0
𢿣	yp	堯攴	0
𢿢	wl	.	0
𢿡	bp	卜攴	0
𢿡	pb	攴貝	0
𢿞	wl	.	0
𢿝	bp	卜攴	0
𢿝	ps	攴厶	0
𢿜	mw	曼攵	0
𢿚	pu	攴山	0
𢿚	wx	.	0
𢿚	yp	又攴	0
𢿗	uw	山攵	0
𢿏	pp	票攴	0
𢿏	wp	.	0
𢿎	bp	白攴	0
𢿎	py	.	0
𢿎	wg	.	0
𢿈	cp	參攴	0
𢿈	pc	攴參	0
𢿈	wc	.	0
𢾿	gp	鬲攴	0
𢾿	gw	.	0
𢾿	pg	攴鬲	0
𢾽	gp	乖攴	0
𢾽	pr	攴人	0
𢾺	fw	匪攵	0
𢾺	wf	.	0
𢾳	cw	草攵	0
𢾳	wc	.	0
𢾲	wr	.	0
𢾱	pb	攴比	0
𢾱	wp	.	0
𢾱	xp	囟攴	0
𢾬	ip	产攴	0
𢾬	ph	攴火	0
𢾫	ip	蚩攴	0
𢾫	pi	攴蚩	0
𢾫	wi	.	0
𢾪	ws	.	0
𢾩	hp	盍攴	0
𢾩	ph	攴盍	0
𢾩	wg	.	0
𢾧	pv	攴烝	0
𢾧	vp	烝攴	0
𢾧	wv	.	0
𢾦	wi	.	0
𢾣	uw	世攵	0
𢾡	tw	炭攵	0
𢾟	bw	白攵	0
𢾔	og	目夬	0
𢾔	pg	攴夬	0
𢾔	xg	.	0
𢾒	bp	宀攴	0
𢾒	pk	攴口	0
𢾑	py	攴音	0
𢾑	wy	.	0
𢾑	yp	音攴	0
𢾐	ws	.	0
𢾎	wi	.	0
𢾊	pt	攴亭	0
𢾊	tp	亭攴	0
𢾊	wt	.	0
𢾇	wf	.	0
𢾆	wj	.	0
𢾅	wd	.	0
𢾄	wy	.	0
𢾄	yw	俞攵	0
𢾃	bp	卜攴	0
𢾃	pr	攴人	0
𢾃	wt	.	0
𢾁	ww	.	0
𢾀	pv	攴者	0
𢾀	vp	者攴	0
𢾀	wv	.	0
𢽾	xw	.	0
𢽹	hw	昏攵	0
𢽸	uw	山攵	0
𢽸	wb	.	0
𢽴	aw	丆攵	0
𢽴	iw	.	0
𢽩	pp	攴朋	0
𢽩	wp	.	0
𢽨	hp	忽攴	0
𢽨	ph	攴忽	0
𢽨	wh	.	0
𢽧	pv	攴周	0
𢽧	vp	周攴	0
𢽧	wv	.	0
𢽦	kp	空攴	0
𢽦	pk	攴空	0
𢽦	wk	.	0
𢽢	wm	.	0
𢽝	pv	攴隹	0
𢽝	vp	隹攴	0
𢽝	wv	.	0
𢽜	np	尿攴	0
𢽜	pn	攴尿	0
𢽜	wn	.	0
𢽚	wi	.	0
𢽗	wu	.	0
𢽖	jw	.	0
𢽖	py	攴又	0
𢽕	jp	見攴	0
𢽕	pj	攴見	0
𢽕	wj	.	0
𢽔	qw	芎攵	0
𢽓	uw	士攵	0
𢽒	ww	亠攵	0
𢽑	bw	丷攵	0
𢽐	xw	肖攵	0
𢽍	gw	告攵	0
𢽇	kw	匚攵	0
𢽇	wk	.	0
𢽄	pt	攴廷	0
𢽄	tp	廷攴	0
𢽄	wt	.	0
𢽃	cp	屮攴	0
𢽃	pw	攴王	0
𢽃	wu	.	0
𢽂	pl	攴良	0
𢽂	wl	.	0
𢼼	px	攴肖	0
𢼼	wx	.	0
𢼼	xp	肖攴	0
𢼺	pv	攴折	0
𢼺	vp	折攴	0
𢼺	wv	.	0
𢼹	fp	甫攴	0
𢼹	pf	攴甫	0
𢼹	wf	.	0
𢼷	wy	.	0
𢼵	hw	亥攵	0
𢼵	wh	.	0
𢼳	kw	匡攵	0
𢼲	pv	攴朱	0
𢼲	vp	朱攴	0
𢼲	wv	.	0
𢼱	kp	冂攴	0
𢼱	pr	攴人	0
𢼰	pq	攴曲	0
𢼰	qp	曲攴	0
𢼰	wq	.	0
𢼫	iw	乂攵	0
𢼫	ww	.	0
𢼩	bp	并攴	0
𢼩	pb	攴并	0
𢼩	wb	.	0
𢼦	gp	共攴	0
𢼦	pg	攴共	0
𢼦	wg	.	0
𢼤	pu	攴舌	0
𢼤	up	舌攴	0
𢼤	wu	.	0
𢼣	jp	吉攴	0
𢼣	pj	攴吉	0
𢼣	wj	.	0
𢼠	wb	.	0
𢼟	cp	屮攴	0
𢼟	pw	攴王	0
𢼟	wf	.	0
𢼟	wk	.	0
𢼛	wg	.	0
𢼚	hw	户攵	0
𢼙	xw	兄攵	0
𢼓	jw	甲攵	0
𢼑	wj	.	0
𢼐	bp	冖攴	0
𢼐	pf	攴凡	0
𢼌	bp	包攴	0
𢼌	pb	攴包	0
𢼌	wb	.	0
𢼋	uw	十攵	0
𢼊	tw	它攵	0
𢼊	wt	.	0
𢼉	wt	.	0
𢼇	yw	匀攵	0
𢼃	wg	.	0
𢼁	wu	.	0
𢼀	pr	攴冗	0
𢼀	rp	冗攴	0
𢼀	wr	.	0
𢻿	po	攴月	0
𢻿	wo	.	0
𢻼	pb	攴冖	0
𢻼	wy	.	0
𢻹	bw	比攵	0
𢻹	wb	.	0
𢻸	py	攴匀	0
𢻸	wy	.	0
𢻸	yp	匀攴	0
𢻷	bp	巴攴	0
𢻷	pb	攴巴	0
𢻷	wb	.	0
𢻶	jp	今攴	0
𢻶	pj	攴今	0
𢻶	wj	.	0
𢻵	pk	攴冂	0
𢻵	up	十攴	0
𢻵	wu	.	0
𢻮	wj	.	0
𢻫	wy	.	0
𢻪	vq	支器	0
𢻨	tv	天支	0
𢻨	vj	支韭	0
𢻨	zv	.	0
𢻤	vq	支喬	0
𢻣	ov	日支	0
𢻣	vu	支十	0
𢻢	dv	大支	0
𢻢	lv	.	0
𢻢	vx	支小	0
𢻡	sv	罒支	0
𢻡	vi	支呈	0
𢻠	gv	雇支	0
𢻠	vg	支雇	0
𢻟	bv	宀支	0
𢻟	vy	支炎	0
𢻜	hv	害支	0
𢻜	vh	支害	0
𢻚	vs	支桑	0
𢻙	vx	支枲	0
𢻙	xv	枲支	0
𢻘	vg	支圭	0
𢻗	iv	.	0
𢻗	qv	千支	0
𢻗	vj	支臼	0
𢻖	uv	是支	0
𢻖	vu	支是	0
𢻔	gv	果支	0
𢻔	vg	支果	0
𢻓	vx	支享	0
𢻓	xv	享支	0
𢻑	vy	支炎	0
𢻑	yv	炎支	0
𢻐	qv	羌支	0
𢻐	vq	支羌	0
𢻋	vl	支吕	0
𢻉	hv	亥支	0
𢻉	vh	支亥	0
𢻇	mv	名支	0
𢻇	vm	支名	0
𢻆	hv	合支	0
𢻆	vh	支合	0
𢻅	vq	支曲	0
𢻂	fv	缶支	0
𢻂	vf	支缶	0
𢻀	uv	尸支	0
𢻀	ve	支二	0
𢺿	uv	世支	0
𢺿	vu	支世	0
𢺽	vy	支爻	0
𢺽	xv	.	0
𢺽	yv	爻支	0
𢺼	jv	斤支	0
𢺼	vj	支斤	0
𢺺	vf	支分	0
𢺹	fv	分支	0
𢺹	vf	支分	0
𢺸	vv	支支	0
𢺷	uv	十支	0
𢺷	vk	支冂	0
𢺷	vu	.	0
𢺵	bv	匕支	0
𢺵	vb	支匕	0
𢺴	fy	扌鬱	0
𢺳	fm	扌蠻	0
𢺲	fu	扌史	0
𢺰	fl	扌靈	0
𢺯	fw	扌彎	0
𢺮	fj	扌見	0
𢺭	ft	扌聽	0
𢺫	fd	扌定	0
𢺪	fi	扌辰	0
𢺩	fh	扌轟	0
𢺨	fi	扌蠢	0
𢺧	fi	扌乂	0
𢺥	fy	扌又	0
𢺡	fu	扌屬	0
𢺟	fi	扌羼	0
𢺞	fb	扌霸	0
𢺚	ft	扌童	0
𢺙	fl	扌籃	0
𢺘	fy	扌嚴	0
𢺑	fl	扌羸	0
𢺐	fy	扌藝	0
𢺏	fp	扌攀	0
𢺏	uf	手樊	0
𢺉	fi	扌蠆	0
𢺈	fl	.	0
𢺈	fs	扌糸	0
𢺇	fy	扌藥	0
𢺆	fl	扌立	0
𢺅	fq	扌僉	0
𢺄	fg	扌關	0
𢹽	fz	扌簪	0
𢹼	fz	扌雜	0
𢹻	fy	扌頁	0
𢹺	fd	扌簞	0
𢹹	fl	扌藍	0
𢹷	fe	扌額	0
𢹶	fh	扌灬	0
𢹳	fm	扌皿	0
𢹲	fj	扌君	0
𢹮	fl	扌壘	0
𢹩	fu	扌霜	0
𢹥	fy	扌壓	0
𢹢	fy	扌異	0
𢹡	fd	扌蹈	0
𢹠	fy	扌业	0
𢹝	fk	扌口	0
𢹝	fl	.	0
𢹛	fx	扌鮮	0
𢹚	fx	.	0
𢹚	fy	扌又	0
𢹙	fm	扌面	0
𢹘	fq	扌擎	0
𢹖	fg	扌馘	0
𢹔	ff	扌糞	0
𢹓	fv	扌齋	0
𢹒	fx	扌燮	0
𢹑	fv	.	0
𢹏	uy	手輿	0
𢹏	yu	輿手	0
𢹍	fx	扌戲	0
𢹋	fx	扌血	0
𢹃	fy	扌穎	0
𢹂	fs	.	0
𢹁	ju	金手	0
𢹁	uh	手虎	0
𢹀	fq	扌欠	0
𢸿	ff	扌篚	0
𢸾	fx	扌興	0
𢸽	ff	扌丰	0
𢸼	fj	扌錦	0
𢸻	fy	扌又	0
𢸺	fj	扌蕉	0
𢸹	ft	扌条	0
𢸸	ft	扌頭	0
𢸷	fx	扌選	0
𢸴	fy	扌閻	0
𢸳	fx	扌蕭	0
𢸭	lu	龍手	0
𢸭	ul	手龍	0
𢸫	fs	扌穌	0
𢸨	ft	扌橐	0
𢸦	fy	扌遺	0
𢸥	fc	扌篡	0
𢸣	fm	扌馬	0
𢸣	fn	.	0
𢸙	fu	扌審	0
𢸘	fl	扌寮	0
𢸗	fg	扌虢	0
𢸖	fg	扌瓜	0
𢸕	ff	扌丰	0
𢸔	fp	扌盤	0
𢸓	fm	扌暮	0
𢸒	fx	扌賢	0
𢸑	fd	扌敵	0
𢸐	fn	扌鳥	0
𢸏	fj	扌軍	0
𢸎	fk	扌寬	0
𢸍	fv	扌震	0
𢸁	ux	手興	0
𢸁	xu	興手	0
𢸀	fl	扌隶	0
𢷿	fg	扌戈	0
𢷾	fq	.	0
𢷾	fx	扌心	0
𢷻	ft	扌彖	0
𢷻	fy	.	0
𢷺	fm	扌賣	0
𢷹	fi	扌廛	0
𢷸	fv	扌徵	0
𢷶	fl	扌劉	0
𢷮	fd	扌對	0
𢷫	fy	扌遙	0
𢷪	fk	扌魁	0
𢷩	fy	扌筵	0
𢷨	fu	扌手	0
𢷨	uu	手手	0
𢷧	fp	扌頗	0
𢷦	fi	扌車	0
𢷢	fv	扌鄣	0
𢷠	fx	扌熏	0
𢷟	fp	扌疐	0
𢷞	fg	扌蓋	0
𢷙	fk	扌箜	0
𢷗	fj	扌聚	0
𢷖	fj	.	0
𢷖	fy	扌幺	0
𢷕	fm	扌貌	0
𢷔	fy	扌旖	0
𢷑	fx	扌㬎	0
𢷍	fx	扌心	0
𢷍	fy	.	0
𢷉	fm	扌毛	0
𢷇	fb	扌八	0
𢷅	fl	扌路	0
𢷃	fu	扌市	0
𢶶	fy	扌意	0
𢶴	fc	扌慈	0
𢶱	fm	扌木	0
𢶰	fc	扌葱	0
𢶯	fw	扌萬	0
𢶮	fm	扌馬	0
𢶭	fb	扌包	0
𢶬	ff	扌丰	0
𢶫	fu	扌聖	0
𢶪	fz	扌載	0
𢶩	fg	扌戈	0
𢶨	fh	扌火	0
𢶧	fl	扌廉	0
𢶣	fd	扌叠	0
𢶡	ju	敫手	0
𢶓	fz	.	0
𢶒	fh	扌會	0
𢶑	fn	.	0
𢶑	fy	扌衣	0
𢶍	fj	扌韭	0
𢶍	fz	.	0
𢶌	fu	扌沙	0
𢶋	fi	扌呈	0
𢶉	fb	扌雹	0
𢶇	fq	扌煢	0
𢶅	fu	扌筮	0
𢶃	ff	扌煩	0
𢶁	fa	扌丨	0
𢶀	fz	扌罪	0
𢵿	bu	白手	0
𢵿	up	手攴	0
𢵼	fy	扌越	0
𢵮	fy	扌矞	0
𢵧	fj	扌間	0
𢵥	uu	稍手	0
𢵣	fe	扌惡	0
𢵠	ju	角手	0
𢵟	fb	扌貝	0
𢵞	ff	扌扉	0
𢵝	fm	扌猫	0
𢵜	fb	扌犇	0
𢵛	fc	扌菜	0
𢵚	ft	扌貼	0
𢵙	ff	扌棻	0
𢵘	ft	扌萄	0
𢵗	fj	扌菊	0
𢵖	fb	扌包	0
𢵕	fn	扌牛	0
𢵔	fc	扌孱	0
𢵓	fp	扌彭	0
𢵒	fi	扌超	0
𢵑	fl	扌联	0
𢵐	qq	掮犬	0
𢵌	fd	扌隊	0
𢵊	fd	扌豆	0
𢵈	fu	扌善	0
𢵂	fb	扌卜	0
𢴾	fb	扌悲	0
𢴳	tu	湯手	0
𢴳	ut	手湯	0
𢴲	fj	扌絜	0
𢴱	fl	.	0
𢴱	fs	扌糸	0
𢴰	fj	扌幾	0
𢴯	fk	扌口	0
𢴮	fx	扌虚	0
𢴭	uj	.	0
𢴬	fb	扌斑	0
𢴪	fk	扌款	0
𢴩	fb	扌筆	0
𢴨	fi	扌啻	0
𢴧	fe	扌貳	0
𢴦	fx	扌項	0
𢴢	fb	扌賁	0
𢴢	fp	.	0
𢴠	fi	.	0
𢴠	fo	扌日	0
𢴚	fn	扌匿	0
𢴒	fp	扌烹	0
𢴈	fd	扌笪	0
𢴆	fq	扌清	0
𢴅	fh	扌毫	0
𢴂	fb	扌匾	0
𢴁	fh	扌𦰩	0
𢳾	fd	扌動	0
𢳽	fu	扌双	0
𢳼	fj	扌交	0
𢳻	fy	扌又	0
𢳺	fm	扌敏	0
𢳹	hf	护甫	0
𢳸	fy	.	0
𢳷	fm	扌皿	0
𢳵	fb	扌卜	0
𢳴	fg	扌戈	0
𢳳	fl	扌侖	0
𢳲	fb	扌波	0
𢳱	fd	扌蛋	0
𢳰	fi	扌虫	0
𢳯	fi	扌敕	0
𢳮	fj	扌斤	0
𢳭	fu	扌石	0
𢳬	fx	扌雪	0
𢳫	fv	扌張	0
𢳪	fs	扌速	0
𢳩	fy	.	0
𢳨	fi	扌虫	0
𢳧	fk	扌康	0
𢳥	fz	扌造	0
𢳤	fy	扌衣	0
𢳢	fj	扌見	0
𢳟	ft	扌通	0
𢳚	fx	扌梟	0
𢳙	ft	扌窕	0
𢳓	fy	扌友	0
𢳑	fl	扌莨	0
𢳌	fg	扌乚	0
𢳋	fb	扌庳	0
𢳈	uz	手族	0
𢳈	zu	族手	0
𢳇	fz	扌族	0
𢳆	fa	扌敖	0
𢳄	fx	扌旋	0
𢳃	fy	扌焉	0
𢳂	fb	扌畢	0
𢳁	gf	.	0
𢳁	gu	广手	0
𢳁	uf	手非	0
𢳀	fm	扌麻	0
𢲾	fb	扌閉	0
𢲼	fv	扌窒	0
𢲸	fd	扌丶	0
𢲸	fl	.	0
𢲷	fj	扌交	0
𢲶	fq	扌且	0
𢲵	fc	扌曹	0
𢲴	uw	手尉	0
𢲴	wu	尉手	0
𢲰	fi	.	0
𢲰	fx	扌旬	0
𢲫	fm	扌馬	0
𢲩	fj	扌級	0
𢲢	fi	扌除	0
𢲡	fn	扌拿	0
𢲡	uh	手合	0
𢲔	fb	扌班	0
𢲒	uu	手扇	0
𢲑	fx	扌笑	0
𢲐	fu	扌師	0
𢲏	fo	扌目	0
𢲎	fq	扌犬	0
𢲍	fo	扌月	0
𢲌	fu	扌射	0
𢲋	fy	扌晏	0
𢲊	fl	扌荔	0
𢲈	fj	扌屐	0
𢲇	fh	扌禾	0
𢲆	fw	扌攵	0
𢲅	fd	扌电	0
𢲄	fd	扌帶	0
𢲃	fv	扌哲	0
𢲂	fv	扌朕	0
𢲁	fw	扌瓦	0
𢱾	fb	.	0
𢱾	fh	扌火	0
𢱽	fy	扌怨	0
𢱷	fj	.	0
𢱷	fy	扌又	0
𢱮	fm	扌皿	0
𢱨	fw	扌紊	0
𢱧	fb	扌比	0
𢱧	fp	.	0
𢱦	ft	扌剔	0
𢱤	fs	扌送	0
𢱣	fj	扌脊	0
𢱢	fs	扌索	0
𢱡	fb	扌貝	0
𢱡	fs	.	0
𢱟	fi	扌蚩	0
𢱕	fd	扌耷	0
𢱔	fp	扌盆	0
𢱑	fv	扌爪	0
𢱍	fm	扌勉	0
𢱌	fj	扌架	0
𢱋	fd	扌度	0
𢱉	fw	扌歪	0
𢱈	fj	扌叚	0
𢱆	fz	扌咨	0
𢱄	fy	扌又	0
𢱁	fm	扌苜	0
𢰿	uo	手目	0
𢰾	fd	扌怠	0
𢰽	fj	扌急	0
𢰼	fq	扌犬	0
𢰺	fb	扌八	0
𢰹	fy	扌約	0
𢰸	fg	扌咼	0
𢰷	fd	扌点	0
𢰶	fy	扌英	0
𢰵	fy	扌于	0
𢰴	fg	扌故	0
𢰳	fy	扌要	0
𢰲	fm	扌眉	0
𢰱	fu	扌手	0
𢰱	ud	手癶	0
𢰰	ff	扌丰	0
𢰯	fd	扌丶	0
𢰮	fh	扌胡	0
𢰭	fy	扌勇	0
𢰬	fd	扌丶	0
𢰫	fv	扌兆	0
𢰪	fk	扌口	0
𢰩	fz	扌兹	0
𢰧	fz	扌子	0
𢰦	fi	扌春	0
𢰢	fu	扌首	0
𢰡	fh	扌侯	0
𢰙	fc	扌寸	0
𢰙	vc	.	0
𢰘	fc	扌廾	0
𢰐	fc	扌寸	0
𢰍	fh	扌火	0
𢰌	fx	扌心	0
𢰊	fc	扌寸	0
𢰇	fs	.	0
𢰆	ff	扌苻	0
𢯾	fm	扌冒	0
𢯽	fj	扌苴	0
𢯼	fy	扌衍	0
𢯺	fy	扌禹	0
𢯹	fg	扌革	0
𢯷	fw	扌韋	0
𢯶	fu	扌室	0
𢯵	fg	扌夬	0
𢯵	fj	.	0
𢯴	fy	.	0
𢯳	fl	.	0
𢯳	fy	扌又	0
𢯲	un	.	0
𢯰	fl	扌律	0
𢯮	fw	扌胃	0
𢯭	fd	.	0
𢯭	fj	扌巾	0
𢯫	fd	扌段	0
𢯩	fz	扌則	0
𢯦	fl	扌來	0
𢯣	uu	手水	0
𢯞	fw	扌武	0
𢯙	fv	扌知	0
𢯎	fy	扌肴	0
𢯋	ff	扌斧	0
𢯊	fd	扌的	0
𢯆	fj	扌戔	0
𢯅	fl	.	0
𢯅	ft	扌土	0
𢯄	hu	户手	0
𢯄	uw	手攵	0
𢯃	fe	扌卩	0
𢯂	ft	扌兔	0
𢯁	fh	扌灬	0
𢯀	fb	扌北	0
𢮿	fg	扌乖	0
𢮾	fb	扌匕	0
𢮽	fp	扌攴	0
𢮼	fq	扌邱	0
𢮻	fq	扌芩	0
𢮺	fw	扌兀	0
𢮹	fa	扌岸	0
𢮸	fd	扌大	0
𢮷	ff	扌芳	0
𢮶	fu	扌矢	0
𢮵	fi	扌昌	0
𢮴	fj	扌九	0
𢮳	fy	扌雨	0
𢮲	fj	扌几	0
𢮱	fz	扌宗	0
𢮰	fk	扌刻	0
𢮯	fy	扌衣	0
𢮮	fy	.	0
𢮛	fs	扌厶	0
𢮚	fh	扌昊	0
𢮐	fu	扌尚	0
𢮏	up	.	0
𢮍	fq	扌穹	0
𢮌	fj	扌劼	0
𢮊	fv	.	0
𢮊	fy	扌軋	0
𢮉	fv	扌兆	0
𢮇	fm	.	0
𢮄	fh	.	0
𢮄	fm	扌木	0
𢮃	hu	禾手	0
𢮃	ul	.	0
𢮂	fx	扌弦	0
𢮁	fy	扌於	0
𢭪	fk	扌克	0
𢭧	fg	.	0
𢭧	fi	扌出	0
𢭦	fx	扌孝	0
𢭥	ue	手二	0
𢭥	uj	.	0
𢭣	fb	扌丷	0
𢭢	fz	扌作	0
𢭡	fj	扌甲	0
𢭠	fu	扌矢	0
𢭟	fv	扌助	0
𢭞	fc	扌岑	0
𢭝	fr	扌忍	0
𢭜	fk	扌壳	0
𢭛	fd	扌丹	0
𢭚	fm	扌皿	0
𢭙	fq	扌却	0
𢭘	fv	扌主	0
𢭗	fl	扌良	0
𢭖	hq	护乞	0
𢭕	fj	扌究	0
𢭏	fu	扌寿	0
𢭎	fj	.	0
𢭈	fu	扌山	0
𢭆	fx	扌秀	0
𢭅	fh	扌火	0
𢭄	fj	扌忌	0
𢭃	fd	扌豆	0
𢭂	fl	扌牢	0
𢭁	fx	扌系	0
𢬿	fj	扌戒	0
𢬾	fx	扌希	0
𢬼	fd	扌囤	0
𢬼	ft	.	0
𢬷	fk	扌口	0
𢬶	fj	.	0
𢬶	fy	扌又	0
𢬵	fq	扌弃	0
𢬴	fg	扌乚	0
𢬴	fv	.	0
𢬳	ft	扌秃	0
𢬲	fh	扌何	0
𢬱	fj	扌劫	0
𢬬	ij	.	0
𢬫	id	承丁	0
𢬩	ff	扌伐	0
𢬤	fk	扌匡	0
𢬢	fd	扌吊	0
𢬛	uu	手手	0
𢬙	uy	手羽	0
𢬙	yu	羽手	0
𢬘	fs	扌色	0
𢬗	fl	扌耒	0
𢬖	fq	扌企	0
𢬕	fe	扌二	0
𢬔	fx	扌血	0
𢬓	fi	扌舛	0
𢬒	fb	扌匕	0
𢬑	fq	扌曲	0
𢬐	fx	扌旭	0
𢬏	fu	扌双	0
𢬎	fg	扌亘	0
𢬍	fy	扌厌	0
𢬌	fd	扌丶	0
𢬋	ft	扌土	0
𢬊	fm	扌米	0
𢬉	fb	扌匕	0
𢬈	fg	扌关	0
𢬇	fu	扌守	0
𢬅	fj	扌尖	0
𢬂	fv	扌庄	0
𢬀	fk	扌扛	0
𢫿	fs	扌厶	0
𢫻	fd	扌丢	0
𢫸	fw	扌吴	0
𢫷	fb	扌巴	0
𢫵	fz	扌早	0
𢫴	cu	次手	0
𢫴	uc	手次	0
𢫲	fj	扌今	0
𢫲	fq	.	0
𢫰	iu	舛手	0
𢫰	ui	手舛	0
𢫯	ff	扌伏	0
𢫭	fr	扌肉	0
𢫬	fu	扌杀	0
𢫫	fy	扌聿	0
𢫨	fr	扌戎	0
𢫧	fv	扌州	0
𢫦	fb	扌百	0
𢫢	fu	扌水	0
𢫝	fd	扌冬	0
𢫕	fy	扌永	0
𢫔	fx	扌玄	0
𢫓	fn	扌奴	0
𢫐	fr	扌人	0
𢫏	fk	.	0
𢫏	fu	扌山	0
𢫎	fs	扌巳	0
𢫍	fc	扌匆	0
𢫌	ft	扌他	0
𢫋	ft	扌凸	0
𢫊	fd	扌对	0
𢫉	fh	扌夯	0
𢫈	fg	扌古	0
𢫇	fy	扌又	0
𢫆	fb	扌本	0
𢪾	fs	扌罒	0
𢪷	fo	扌目	0
𢪶	fh	扌号	0
𢪱	fw	扌勿	0
𢪭	fr	扌壬	0
𢪬	fk	扌孔	0
𢪪	fg	扌丐	0
𢪩	fy	扌又	0
𢪨	fr	扌冗	0
𢪧	fn	扌牛	0
𢪦	fb	扌匕	0
𢪥	uw	手勿	0
𢪣	fi	扌乂	0
𢪢	fd	扌丶	0
𢪡	fy	.	0
𢪠	fv	扌中	0
𢪟	fu	扌十	0
𢪞	fy	扌乙	0
𢪝	fj	扌井	0
𢪒	uu	手手	0
𢪏	fo	扌曰	0
𢪎	fh	扌化	0
𢪍	fj	.	0
𢪋	ff	扌丰	0
𢪈	fr	.	0
𢪇	pu	爿手	0
𢪇	up	手爿	0
𢪃	fq	扌切	0
𢩼	fy	扌幺	0
𢩻	fm	扌么	0
𢩻	fy	.	0
𢩹	fx	扌下	0
𢩸	uw	手夂	0
𢩷	uv	.	0
𢩵	fj	扌己	0
𢩳	fu	扌山	0
𢩲	fu	扌十	0
𢩱	fc	扌才	0
𢩰	fa	扌丨	0
𢩯	fg	.	0
𢩯	fy	.	0
𢩮	fy	扌弋	0
𢩨	fk	.	0
𢩢	hi	.	0
𢩢	ht	户兔	0
𢩡	hb	户八	0
𢩠	hq	.	0
𢩟	jb	夾扁	0
𢩞	hv	户爪	0
𢩘	hg	.	0
𢩘	hh	户盍	0
𢩖	hi	.	0
𢩕	hh	户户	0
𢩔	hy	户亞	0
𢩓	hx	户幸	0
𢩒	hf	户肥	0
𢩑	hl	.	0
𢩑	hw	户夂	0
𢩐	hu	户山	0
𢩏	hy	.	0
𢩎	hm	户汨	0
𢩈	hv	户至	0
𢩄	hv	户汁	0
𢩁	hj	户句	0
𢩀	hd	.	0
𢩀	hy	.	0
𢨿	hb	户丙	0
𢨽	hh	户乎	0
𢨼	hy	户业	0
𢨺	hm	户卯	0
𢨵	hw	户午	0
𢨳	hh	户户	0
𢨱	hg	户公	0
𢨰	hf	户父	0
𢨯	hh	户户	0
𢨮	hq	户千	0
𢨭	hn	户女	0
𢨬	hc	户廾	0
𢨫	ht	户土	0
𢨨	hr	户人	0
𢨦	hu	户十	0
𢨥	ha	户一	0
𢨡	gh	.	0
𢨡	gi	戈虫	0
𢨡	hg	禾戈	0
𢨠	gg	篙戈	0
𢨟	bx	卜咸	0
𢨝	cg	蔡戈	0
𢨝	gc	戈蔡	0
𢨜	gi	戈虫	0
𢨜	gk	.	0
𢨗	dg	大戈	0
𢨗	gm	戈馬	0
𢨖	cg	艹戈	0
𢨖	ga	.	0
𢨖	gf	戈伐	0
𢨖	gk	.	0
𢨕	gv	戈詹	0
𢨕	vg	詹戈	0
𢨔	gj	.	0
𢨔	gq	戈僉	0
𢨔	qg	僉戈	0
𢨒	gt	戈童	0
𢨒	tg	童戈	0
𢨆	gf	戈非	0
𢨅	gw	戈王	0
𢨄	gj	戈眷	0
𢨄	jg	眷戈	0
𢨂	gv	戈正	0
𢨁	gj	戈韭	0
𢧽	bg	卜戈	0
𢧽	gd	戈丶	0
𢧽	gl	.	0
𢧴	ag	敖戈	0
𢧴	ga	戈敖	0
𢧳	gy	戈庸	0
𢧳	yg	庸戈	0
𢧱	gs	戈桑	0
𢧱	sg	桑戈	0
𢧰	gy	.	0
𢧮	gj	.	0
𢧮	go	戈目	0
𢧮	og	目戈	0
𢧫	gy	戈亚	0
𢧫	og	日戈	0
𢧪	gt	戈唐	0
𢧪	tg	唐戈	0
𢧧	uj	束戒	0
𢧦	wy	戊要	0
𢧥	gj	戈兼	0
𢧥	jg	兼戈	0
𢧤	gd	戈大	0
𢧤	gi	.	0
𢧞	dv	冫舟	0
𢧝	bg	卜戈	0
𢧗	vj	占戔	0
𢧖	dg	.	0
𢧖	dj	丁戛	0
𢧓	wi	戊成	0
𢧑	zt	哉土	0
𢧏	gt	戈忝	0
𢧏	tg	忝戈	0
𢧎	ge	戈耳	0
𢧍	gu	戈示	0
𢧍	ug	上戈	0
𢧈	ag	丆戈	0
𢧈	gd	戈丶	0
𢧈	gi	.	0
𢧇	gw	戈夂	0
𢧅	gy	戈余	0
𢧅	yg	余戈	0
𢧃	gj	戈君	0
𢧃	jg	君戈	0
𢧂	gb	戈丷	0
𢧀	gh	戈旱	0
𢧀	hg	旱戈	0
𢦿	gi	戈辰	0
𢦿	ig	辰戈	0
𢦽	wv	戊召	0
𢦼	gv	戈爪	0
𢦼	zv	.	0
𢦺	gc	.	0
𢦸	gk	戈口	0
𢦸	gl	.	0
𢦸	kg	口戈	0
𢦴	gv	戈主	0
𢦲	wj	戊斤	0
𢦱	go	戈日	0
𢦰	gv	戈止	0
𢦯	gt	戈台	0
𢦯	tg	台戈	0
𢦮	gg	戈古	0
𢦤	gp	戈片	0
𢦤	pg	片戈	0
𢦟	gj	戈今	0
𢦚	ge	戈二	0
𢦚	gj	.	0
𢦕	gf	.	0
𢦕	gj	戈几	0
𢦒	ge	戈二	0
𢦑	yp	.	0
𢦏	gu	戈十	0
𢦎	gj	戈九	0
𢦎	jg	九戈	0
𢦌	ga	戈一	0
𢦌	gy	.	0
𢦌	yg	.	0
𢦊	ux	甚心	0
𢦊	xu	心甚	0
𢦈	xm	忄蠻	0
𢦇	xx	忄心	0
𢦅	xg	忄贛	0
𢥽	hx	黑心	0
𢥽	xt	.	0
𢥽	xv	心重	0
𢥸	xl	忄籃	0
𢥵	xy	心又	0
𢥳	xg	心哥	0
𢥰	vx	𥫗心	0
𢥰	xu	心壽	0
𢥭	yx	意夏	0
𢥬	xl	心麗	0
𢥫	xy	心韻	0
𢥫	yx	韻心	0
𢥥	xh	忄火	0
𢥤	ix	春心	0
𢥤	xy	心頁	0
𢥞	xi	忄蟲	0
𢥚	xj	心爵	0
𢥘	xj	忄冏	0
𢥘	xs	.	0
𢥔	vx	章息	0
𢥐	xm	心麋	0
𢥏	xy	忄營	0
𢥌	xx	心鮮	0
𢥋	xi	.	0
𢥋	xm	心免	0
𢥊	xj	忄見	0
𢥈	xl	心盧	0
𢥃	xv	忄諸	0
𢥂	xm	心馬	0
𢥂	xt	.	0
𢤾	xx	心學	0
𢤽	xx	忄興	0
𢤼	xj	忄蕉	0
𢤻	xx	心羲	0
𢤺	xh	忄蕙	0
𢤷	dx	篤心	0
𢤷	xd	心篤	0
𢤲	lx	龍心	0
𢤲	xl	心龍	0
𢤱	xl	心龍	0
𢤰	dx	歹心	0
𢤰	xj	心韭	0
𢤯	xj	心韭	0
𢤫	xj	忄舉	0
𢤩	xl	心歷	0
𢤧	xm	.	0
𢤦	xd	.	0
𢤥	jz	吉恣	0
𢤥	xc	心次	0
𢤤	xi	心憧	0
𢤚	xg	心戈	0
𢤘	mx	蔄心	0
𢤘	xm	心蔄	0
𢤗	xu	忄賞	0
𢤐	lx	劉心	0
𢤐	xl	心劉	0
𢤎	cx	撮心	0
𢤎	xc	心撮	0
𢤍	gx	甘心	0
𢤍	xq	心犬	0
𢤋	xb	.	0
𢤆	xl	忄厲	0
𢤄	xc	忄蔥	0
𢤂	xl	心黎	0
𢤁	rx	亻心	0
𢤁	xm	心木	0
𢤁	xq	.	0
𢣿	xl	心慮	0
𢣼	xi	忄察	0
𢣻	xl	心閭	0
𢣺	xj	心盡	0
𢣷	xd	心翟	0
𢣴	xh	忄火	0
𢣳	ru	.	0
𢣰	xy	心銀	0
𢣰	yx	銀心	0
𢣯	tx	土心	0
𢣯	xx	心小	0
𢣮	xw	心攵	0
𢣮	yx	晏心	0
𢣭	ex	爾心	0
𢣭	xe	心爾	0
𢣬	mx	木心	0
𢣬	xm	心木	0
𢣫	xx	心心	0
𢣫	yx	亦心	0
𢣪	vx	彰心	0
𢣪	xv	心彰	0
𢣩	xy	心銀	0
𢣨	xu	心爽	0
𢣤	xx	忄熏	0
𢣠	ox	月心	0
𢣠	xl	心留	0
𢣞	tw	土丸	0
𢣞	xw	心丸	0
𢣚	xe	心爾	0
𢣙	xw	心王	0
𢣘	wx	維心	0
𢣘	xw	心維	0
𢣗	xm	忄麽	0
𢣕	xy	心疑	0
𢣕	yx	疑心	0
𢣔	xf	忄方	0
𢣔	xm	.	0
𢣓	ex	而心	0
𢣓	xl	.	0
𢣓	xw	心瓦	0
𢣐	xb	心賓	0
𢣏	xg	心蓋	0
𢣎	xj	.	0
𢣎	xy	忄幺	0
𢣌	xw	忄夂	0
𢣋	px	葡心	0
𢣋	xp	心葡	0
𢣊	xo	忄目	0
𢣉	hx	号心	0
𢣉	xg	心官	0
𢣉	xh	.	0
𢣁	xx	忄心	0
𢢾	xz	忄資	0
𢢼	xp	心剽	0
𢢹	nx	牛心	0
𢢹	xn	.	0
𢢹	xx	心香	0
𢢷	mx	媽心	0
𢢷	xm	心媽	0
𢢶	jx	吉心	0
𢢶	xq	心欠	0
𢢵	xy	心源	0
𢢵	yx	源心	0
𢢴	xu	心煞	0
𢢳	xl	忄厘	0
𢢲	xy	忄葉	0
𢢱	xx	翛心	0
𢢰	xo	忄目	0
𢢮	xs	心厶	0
𢢞	ix	車心	0
𢢞	xj	.	0
𢢞	xu	心殳	0
𢢜	xy	心業	0
𢢚	xx	忄歇	0
𢢗	xu	忄蜀	0
𢢖	xg	心葛	0
𢢓	xy	心雍	0
𢢒	xs	忄窣	0
𢢑	xt	心田	0
𢢑	yx	攸心	0
𢢏	xp	心普	0
𢢎	xy	.	0
𢢍	xw	.	0
𢢌	xi	心敞	0
𢢂	xj	心結	0
𢢁	xc	心孱	0
𢡹	xd	.	0
𢡹	xv	心重	0
𢡹	xx	彳心	0
𢡵	ee	.	0
𢡵	en	而恧	0
𢡵	xe	.	0
𢡴	ux	十心	0
𢡴	xy	心予	0
𢡰	wx	.	0
𢡯	xu	心殳	0
𢡯	yx	肴心	0
𢡮	qx	欽心	0
𢡮	xq	心欽	0
𢡬	vx	止心	0
𢡬	xv	心止	0
𢡫	ix	椎心	0
𢡫	xi	心椎	0
𢡪	ix	镸心	0
𢡪	xu	心示	0
𢡩	xd	忄等	0
𢡨	xd	忄斗	0
𢡦	xk	心客	0
𢡤	xg	心干	0
𢡡	xx	忄心	0
𢡒	xv	心止	0
𢡑	gx	果心	0
𢡑	xk	.	0
𢡑	xw	心攵	0
𢡏	xd	心多	0
𢡏	xi	.	0
𢡎	xy	心遇	0
𢡍	xg	忄鬲	0
𢡍	xx	.	0
𢡉	xs	.	0
𢡈	sx	祟心	0
𢡈	xs	.	0
𢡈	xy	心又	0
𢡇	xg	忄辜	0
𢡅	xf	心棐	0
𢡃	lh	立患	0
𢡃	xy	.	0
𢡂	tx	湯心	0
𢡂	xt	心湯	0
𢡁	xh	.	0
𢡁	xx	忄翕	0
𢡀	xh	忄黑	0
𢠿	xw	忄爲	0
𢠽	xx	心象	0
𢠼	xm	忄買	0
𢠺	xf	忄發	0
𢠹	xs	心斯	0
𢠷	xx	忄項	0
𢠵	xi	忄敞	0
𢠳	xb	忄敝	0
𢠲	xf	心富	0
𢠮	xj	.	0
𢠮	xu	.	0
𢠭	xj	忄寂	0
𢠬	ux	尸心	0
𢠬	xu	.	0
𢠬	xy	心又	0
𢠫	xu	忄庶	0
𢠠	xk	心寇	0
𢠝	gx	國心	0
𢠝	xg	心國	0
𢠛	xj	心教	0
𢠚	tx	偷心	0
𢠚	xt	心偷	0
𢠙	ox	偶心	0
𢠙	xo	心偶	0
𢠘	mx	木心	0
𢠘	xm	心木	0
𢠗	lr	來忍	0
𢠖	mx	木心	0
𢠖	xm	心木	0
𢠕	xx	忄心	0
𢠔	jx	减心	0
𢠔	xj	心减	0
𢠓	kx	康心	0
𢠓	xk	心康	0
𢠒	mx	米心	0
𢠒	xv	心召	0
𢠑	xp	心品	0
𢠐	xy	忄魚	0
𢠏	xh	心盒	0
𢠎	xk	忄昆	0
𢠍	xc	心寸	0
𢠌	xq	心强	0
𢠋	xx	忄心	0
𢠊	xs	忄叄	0
𢠃	jx	猄心	0
𢠃	xj	心猄	0
𢠂	xi	忄敕	0
𢟿	xp	.	0
𢟾	xm	心毛	0
𢟵	xf	.	0
𢟴	xd	.	0
𢟴	xv	忄隹	0
𢟳	xl	忄率	0
𢟱	xu	忄氺	0
𢟰	xu	心豕	0
𢟰	xy	.	0
𢟯	tx	土心	0
𢟯	xu	.	0
𢟯	xw	心丸	0
𢟪	jx	既心	0
𢟪	xj	心既	0
𢟩	xh	忄彗	0
𢟨	xm	忄莽	0
𢟧	xd	心丶	0
𢟧	xl	.	0
𢟤	wx	未心	0
𢟤	xi	心厂	0
𢟣	xy	心羕	0
𢟢	xi	.	0
𢟢	xl	心离	0
𢟋	xv	心追	0
𢟊	xi	忄乘	0
𢟅	xx	修心	0
𢟂	rx	亻心	0
𢟂	xt	心条	0
𢟁	bx	般心	0
𢟁	xb	心般	0
𢟀	mx	馬心	0
𢟀	xm	心馬	0
𢞾	dx	冫心	0
𢞾	xw	心攵	0
𢞽	mx	敉心	0
𢞽	xm	心敉	0
𢞼	xj	心桀	0
𢞻	xj	心荐	0
𢞺	xg	心恭	0
𢞹	xd	忄大	0
𢞸	xu	心殳	0
𢞷	xd	忄电	0
𢞴	xe	心恩	0
𢞲	xv	心窄	0
𢞭	lx	留心	0
𢞭	xl	心留	0
𢞭	xm	.	0
𢞬	xw	心烏	0
𢞦	xo	忄日	0
𢞥	rx	入心	0
𢞥	xl	心林	0
𢞣	xu	.	0
𢞡	xg	.	0
𢞡	xr	忄冉	0
𢞠	xt	.	0
𢞠	xy	心羽	0
𢞟	xg	心高	0
𢞞	xm	心迷	0
𢞜	xx	心屑	0
𢞚	gx	耿心	0
𢞚	xg	心耿	0
𢞗	xb	心比	0
𢞗	xp	.	0
𢞖	xx	心笑	0
𢞕	xh	忄隺	0
𢞒	ux	殺心	0
𢞒	xu	心殺	0
𢞐	xh	心害	0
𢞏	xg	忄宫	0
𢞍	ix	臣心	0
𢞍	xj	心己	0
𢞋	rx	亻心	0
𢞋	xr	.	0
𢞋	xt	心吞	0
𢞉	dx	洞心	0
𢞉	xd	心洞	0
𢞇	xt	忄苔	0
𢞁	xf	忄風	0
𢞀	ix	刍心	0
𢞀	xw	心攵	0
𢝻	xg	.	0
𢝹	xd	忄大	0
𢝸	xg	心咼	0
𢝷	xj	心皆	0
𢝴	xx	忄心	0
𢝳	hx	洪心	0
𢝳	xh	心洪	0
𢝱	xm	心米	0
𢝱	xx	彳心	0
𢝯	kx	冂心	0
𢝯	xj	.	0
𢝯	xy	心言	0
𢝬	vx	者心	0
𢝬	xv	心者	0
𢝪	dx	段心	0
𢝪	xd	心段	0
𢝩	xc	心次	0
𢝩	xx	彳心	0
𢝦	bx	炳心	0
𢝦	xb	心炳	0
𢝥	xu	忄水	0
𢝤	xi	忄垂	0
𢝣	xi	心春	0
𢝡	xz	忄子	0
𢝠	xp	忄攴	0
𢝞	xy	心耶	0
𢝜	xt	忄亭	0
𢝖	ux	甚心	0
𢝖	xu	心甚	0
𢝓	xq	忄泉	0
𢝍	qx	怯心	0
𢝍	xq	心怯	0
𢝌	xm	心冒	0
𢝉	xd	忄耷	0
𢝈	xv	忄盅	0
𢝇	xh	忄砉	0
𢝆	xv	忄重	0
𢝅	jx	叚心	0
𢝅	xj	心叚	0
𢝂	xd	心毒	0
𢝁	xh	忄訇	0
𢝀	xt	心突	0
𢜿	xj	忄家	0
𢜽	xg	忄癸	0
𢜼	xi	.	0
𢜻	xi	.	0
𢜻	xr	忄冉	0
𢜸	xr	忄柔	0
𢜶	xs	.	0
𢜶	xy	心又	0
𢜵	xh	心侯	0
𢜴	xh	.	0
𢜳	xv	.	0
𢜳	xy	.	0
𢜲	xn	.	0
𢜲	xu	忄手	0
𢜱	xe	心耳	0
𢜱	xj	.	0
𢜰	xy	心弇	0
𢜯	mx	某心	0
𢜯	xm	心某	0
𢜮	xm	心某	0
𢜭	xq	心卻	0
𢜬	xd	忄度	0
𢜫	xu	心省	0
𢜪	xr	忄若	0
𢜩	xx	忄咸	0
𢜨	ux	世心	0
𢜨	xm	心木	0
𢜨	xy	.	0
𢜦	xx	心炘	0
𢜥	xj	忄咎	0
𢜣	mx	木心	0
𢜣	xp	心片	0
𢜣	xx	.	0
𢜟	xg	心岡	0
𢜛	xx	欣心	0
𢜗	xf	心奉	0
𢜒	lx	侖心	0
𢜒	xl	心侖	0
𢜑	ox	月心	0
𢜑	xw	心文	0
𢜐	xv	心隹	0
𢜏	mx	明心	0
𢜏	xm	心明	0
𢜎	fx	丰心	0
𢜎	xf	心丰	0
𢜌	vx	招心	0
𢜌	xv	心招	0
𢜊	gx	工心	0
𢜊	xo	心目	0
𢜆	fx	府心	0
𢜆	xf	心府	0
𢜅	lx	泠心	0
𢜅	xl	心泠	0
𢜂	gx	关心	0
𢜂	xy	心又	0
𢜁	xy	心以	0
𢛿	xu	忄昇	0
𢛾	xt	忄图	0
𢛽	xi	忄昌	0
𢛼	xu	心叔	0
𢛻	xo	忄月	0
𢛺	xb	心抱	0
𢛹	xe	忄儿	0
𢛸	xd	心定	0
𢛷	xf	忄房	0
𢛵	xv	忄争	0
𢛰	xb	忄並	0
𢛯	xh	忄画	0
𢛮	xm	心牧	0
𢛨	xy	忄於	0
𢛦	wx	勿心	0
𢛦	xq	心欠	0
𢛦	xx	.	0
𢛥	us	尸思	0
𢛟	xy	心亞	0
𢛞	xb	忄卑	0
𢛜	nx	泥心	0
𢛜	xn	心泥	0
𢛛	xw	忄往	0
𢛚	xi	心辰	0
𢛙	xq	忄穹	0
𢛘	xy	忄肴	0
𢛖	xg	.	0
𢛖	xx	心巷	0
𢛕	xj	.	0
𢛕	xq	心囷	0
𢛔	xd	心東	0
𢛓	lx	林心	0
𢛓	xl	心林	0
𢛒	xs	忄松	0
𢛎	xb	.	0
𢛎	xe	忄儿	0
𢛍	xv	忄知	0
𢛉	xi	忄垂	0
𢛆	xx	心弦	0
𢛄	xg	心圭	0
𢛄	xy	.	0
𢛃	jx	咎心	0
𢛃	xj	心咎	0
𢛁	vx	制心	0
𢛁	xv	心制	0
𢚻	xj	心介	0
𢚺	xt	忄吞	0
𢚮	xs	心三	0
𢚭	xp	.	0
𢚭	xu	忄水	0
𢚫	ax	丨心	0
𢚫	xy	心又	0
𢚪	ux	尸心	0
𢚪	xh	心火	0
𢚪	xu	.	0
𢚨	xh	心何	0
𢚥	xy	心玉	0
𢚥	yx	又心	0
𢚤	mx	木心	0
𢚤	xk	心口	0
𢚣	lx	了心	0
𢚣	xt	心叹	0
𢚢	gx	改心	0
𢚢	xg	心改	0
𢚡	qx	求心	0
𢚡	xq	心求	0
𢚠	sx	宋心	0
𢚠	xs	心宋	0
𢚟	hx	亨心	0
𢚟	xh	心亨	0
𢚞	bx	冖心	0
𢚞	xo	心目	0
𢚝	xy	心矣	0
𢚜	xt	心田	0
𢚛	xk	心克	0
𢚙	xz	忄子	0
𢚗	xs	忄宋	0
𢚒	ux	佘心	0
𢚒	xu	心佘	0
𢚑	dx	氵心	0
𢚑	xo	心月	0
𢚌	xf	忄父	0
𢚋	xm	.	0
𢚆	xv	心助	0
𢚅	xb	心扮	0
𢚄	xl	忄牢	0
𢚂	xz	忄坐	0
𢚁	xj	心忌	0
𢚀	xy	忄延	0
𢙿	xc	心岑	0
𢙾	xg	忄更	0
𢙼	xj	.	0
𢙺	xv	心志	0
𢙳	xv	心壯	0
𢙲	xl	忄吕	0
𢙱	xn	心弄	0
𢙯	bx	百心	0
𢙯	xb	心百	0
𢙮	xz	心在	0
𢙮	zx	在心	0
𢙥	xq	心囚	0
𢙣	xx	覀心	0
𢙠	xy	心伊	0
𢙠	yx	伊心	0
𢙞	ix	臣心	0
𢙞	xi	心臣	0
𢙝	xx	忄先	0
𢙜	xj	心巾	0
𢙛	xm	心名	0
𢙚	xs	忄色	0
𢙙	xj	心几	0
𢙘	xe	心耳	0
𢙗	xw	心妄	0
𢙓	xh	忄会	0
𢙐	xn	忄农	0
𢙇	xy	忄衣	0
𢙅	hx	合心	0
𢙅	xh	心合	0
𢙂	xa	.	0
𢙂	xm	心皿	0
𢙂	yx	.	0
𢙁	wx	污心	0
𢙁	xw	心污	0
𢘿	cx	屮心	0
𢘿	xc	心屮	0
𢘽	xy	心曳	0
𢘺	xm	忄米	0
𢘹	xu	心杀	0
𢘸	xj	.	0
𢘳	hx	禾心	0
𢘳	xh	心禾	0
𢘲	xy	心央	0
𢘲	yx	央心	0
𢘱	wx	戊心	0
𢘱	xw	心戊	0
𢘯	tx	它心	0
𢘯	xt	心它	0
𢘟	xk	心可	0
𢘞	ex	尔心	0
𢘞	xe	心尔	0
𢘝	xe	忄尔	0
𢘚	id	忱丶	0
𢘚	xd	心丶	0
𢘗	xv	心中	0
𢘑	av	一忠	0
𢘑	xv	.	0
𢘍	fx	弗心	0
𢘍	xf	心弗	0
𢘌	xh	心弘	0
𢘋	dx	代心	0
𢘋	xd	心代	0
𢘊	xu	忄申	0
𢘉	xj	忄甲	0
𢘇	dx	旦心	0
𢘇	xd	心旦	0
𢘅	mx	矛心	0
𢘅	xm	心矛	0
𢘄	xq	忄囚	0
𢘃	xm	忄母	0
𢘀	xb	.	0
𢗿	xm	忄末	0
𢗻	lx	六心	0
𢗻	xl	心六	0
𢗺	bw	必亡	0
𢗹	xj	心斤	0
𢗵	xk	心孔	0
𢗴	xx	忄兮	0
𢗳	xm	心毛	0
𢗲	xf	心夫	0
𢗰	xx	心心	0
𢗯	ox	月心	0
𢗯	xo	心月	0
𢗭	ox	日心	0
𢗭	xo	心日	0
𢗫	bx	不心	0
𢗫	xb	心不	0
𢗪	ux	氏心	0
𢗪	xu	心氏	0
𢗩	xt	心土	0
𢗨	ux	水心	0
𢗨	xu	心水	0
𢗧	qx	切心	0
𢗧	xq	心切	0
𢗦	mx	木心	0
𢗦	xm	心木	0
𢗥	xy	.	0
𢗥	yx	弋心	0
𢗤	fx	夫心	0
𢗤	xf	心夫	0
𢗣	ax	丨心	0
𢗣	xy	.	0
𢗢	xu	忄升	0
𢗡	xw	忄攵	0
𢗠	xq	心切	0
𢗞	xs	心厶	0
𢗝	xh	心互	0
𢗜	xi	心尺	0
𢗛	xu	心十	0
𢗙	xg	心丐	0
𢗎	xu	心殳	0
𢗊	jx	介心	0
𢗊	xj	心介	0
𢗉	xn	心内	0
𢗈	bd	必丁	0
𢗄	xx	心下	0
𢗂	xv	.	0
𢗀	xk	心口	0
𢖿	xx	心小	0
𢖺	xy	忄弋	0
𢖷	xg	忄工	0
𢖵	xn	心女	0
𢖴	qx	乞心	0
𢖴	xq	心乞	0
𢖳	xy	心于	0
𢖬	xb	心匕	0
𢖬	xh	.	0
𢖫	dx	刀心	0
𢖫	xd	心刀	0
𢖩	dd	丶丶	0
𢖧	xn	彳囊	0
𢖦	xj	彳矍	0
𢖤	xt	彳題	0
𢖠	xy	彳嬰	0
𢖟	xy	彳繇	0
𢖝	xj	彳韭	0
𢖝	xq	.	0
𢖛	hx	.	0
𢖛	xh	彳黑	0
𢖗	uc	束從	0
𢖓	xl	彳履	0
𢖑	xb	彳貝	0
𢖑	xz	.	0
𢖐	xb	.	0
𢖏	xm	彳賣	0
𢖋	xb	彳畀	0
𢖊	xi	.	0
𢖈	xd	彳翟	0
𢖈	xv	.	0
𢖇	xj	.	0
𢖆	xj	彳解	0
𢖅	xy	彳言	0
𢖄	xw	彳攵	0
𢖂	xt	彳同	0
𢖁	xe	彳阝	0
𢕾	xb	.	0
𢕼	xq	.	0
𢕻	xv	彳詹	0
𢕺	xs	彳歲	0
𢕷	xw	彳爲	0
𢕳	ts	徒司	0
𢕲	xw	彳攵	0
𢕯	xq	.	0
𢕯	xt	彳覃	0
𢕮	xi	彳啻	0
𢕭	xg	彳敢	0
𢕬	xs	.	0
𢕬	xv	彳止	0
𢕫	xk	彳款	0
𢕪	xq	彳喬	0
𢕨	xf	彳方	0
𢕦	xl	彳良	0
𢕤	xo	彳月	0
𢕣	xw	彳攵	0
𢕢	xr	彳軟	0
𢕡	xi	彳敕	0
𢕠	xg	彳关	0
𢕟	xa	彳敖	0
𢕞	xx	彳心	0
𢕚	xc	彳寸	0
𢕚	xd	.	0
𢕙	xm	彳猛	0
𢕘	xc	彳崔	0
𢕖	xq	.	0
𢕖	xs	.	0
𢕕	xc	彳參	0
𢕔	xv	彳章	0
𢕓	xq	彳區	0
𢕑	xl	彳率	0
𢕐	xx	彳旋	0
𢕎	xa	彳一	0
𢕎	xy	.	0
𢕋	xw	行完	0
𢕉	xi	彳虫	0
𢕅	xf	彳方	0
𢕀	xv	彳直	0
𢔿	xv	彳針	0
𢔾	xu	彳殳	0
𢔽	xs	彳寺	0
𢔼	xw	彳攵	0
𢔻	xj	彳家	0
𢔶	xd	.	0
𢔴	xw	彳郚	0
𢔳	xz	彳蚤	0
𢔲	xl	.	0
𢔱	xq	彳卻	0
𢔰	xm	彳眉	0
𢔫	xf	彳凡	0
𢔪	xv	彳者	0
𢔨	xc	彳寸	0
𢔧	xp	彳屏	0
𢔥	xw	彳胃	0
𢔤	xv	彳貞	0
𢔣	xi	.	0
𢔣	xj	彳臼	0
𢔢	xy	彳俞	0
𢔡	xj	彳皆	0
𢔠	xv	彳支	0
𢔟	xr	彳柔	0
𢔞	xj	彳九	0
𢔛	xx	彳幸	0
𢔔	xj	彳亟	0
𢔑	xj	彳卷	0
𢔏	xu	彳受	0
𢔋	xs	彳松	0
𢔊	xv	彳知	0
𢔈	xh	彳函	0
𢔇	xf	彳缶	0
𢔇	xt	.	0
𢔆	xq	彳泣	0
𢔅	xd	彳東	0
𢔂	xy	彳奄	0
𢔁	xl	.	0
𢔁	xw	彳夂	0
𢓿	xx	彳心	0
𢓺	xb	彳卜	0
𢓹	xw	彳攵	0
𢓵	xx	彳秀	0
𢓲	xw	彳吾	0
𢓱	xf	彳丰	0
𢓰	xt	彳妥	0
𢓯	xk	彳狂	0
𢓮	xx	彳肖	0
𢓬	xx	彳希	0
𢓨	xy	彳因	0
𢓧	xd	彳地	0
𢓥	xg	彳光	0
𢓣	xb	彳贝	0
𢓣	xc	.	0
𢓢	xk	彳夸	0
𢓡	xy	彳夷	0
𢓟	xv	彳州	0
𢓞	xi	彳丞	0
𢓝	xv	彳兆	0
𢓜	xg	彳各	0
𢓙	xr	彳人	0
𢓘	xd	彳冬	0
𢓗	xc	彳此	0
𢓖	xp	彳丕	0
𢓕	xv	彳占	0
𢓔	xl	彳立	0
𢓒	xr	彳冉	0
𢓎	xh	.	0
𢓍	xt	彳天	0
𢓋	xa	彳卬	0
𢓇	xn	彳内	0
𢓆	xy	彳元	0
𢓄	xj	.	0
𢓄	xk	彳开	0
𢓀	xy	彳弋	0
𢒾	xj	彳丩	0
𢒹	pg	.	0
𢒷	xp	.	0
𢒶	yx	彦象	0
𢒲	wx	亠徙	0
𢒱	ps	.	0
𢒰	yy	有彧	0
𢒯	pk	.	0
𢒩	px	.	0
𢒞	pj	.	0
𢒝	ji	几臣	0
𢒔	pi	.	0
𢒒	pf	.	0
𢒑	pc	.	0
𢒐	pz	.	0
𢒍	pf	.	0
𢒉	pq	.	0
𢒆	px	.	0
𢑹	hy	彗亞	0
𢑢	oj	日巾	0
𢑠	xy	𫜹也	0
𢑖	xj	彐甲	0
𢑓	jf	彑父	0
𢑍	gt	弓田	0
𢑈	gx	弓系	0
𢑈	gy	.	0
𢑇	gj	弓舊	0
𢑆	gg	.	0
𢑅	gg	弓弓	0
𢐿	gx	弓襄	0
𢐾	gg	.	0
𢐵	gs	弓虽	0
𢐲	gf	弓番	0
𢐲	gg	弓弓	0
𢐰	gx	弓需	0
𢐮	gt	弓田	0
𢐫	vj	粥今	0
𢐪	gn	弓農	0
𢐩	mi	弭虫	0
𢐦	gb	.	0
𢐦	gp	弓辟	0
𢐦	pg	辟弓	0
𢐣	gx	弓象	0
𢐢	gw	弓翁	0
𢐟	gq	弓喬	0
𢐞	gc	弓曾	0
𢐚	gg	弓國	0
𢐘	gv	弓張	0
𢐗	gy	弓魚	0
𢐖	gc	弓廾	0
𢐔	gc	弓從	0
𢐒	gb	弓崩	0
𢐐	gg	.	0
𢐎	gj	弓兼	0
𢐍	gw	弓攵	0
𢐊	gp	弓旁	0
𢐉	go	弓日	0
𢐆	gg	.	0
𢐆	gl	弓吕	0
𢐄	gh	.	0
𢐄	gt	弓彖	0
𢐃	gb	弓扁	0
𢐂	gu	弓是	0
𢏺	gb	弓丙	0
𢏺	gg	弓弓	0
𢏹	gd	弓定	0
𢏷	gq	弓屈	0
𢏳	gb	弓并	0
𢏰	gv	弓争	0
𢏯	gh	弓虎	0
𢏮	ga	弓丨	0
𢏭	ge	弓儿	0
𢏭	gl	.	0
𢏫	gv	弓支	0
𢏪	fg	扶弓	0
𢏪	gf	弓扶	0
𢏧	gj	弓角	0
𢏦	gy	弓矣	0
𢏤	gj	.	0
𢏤	gw	弓夂	0
𢏞	gi	弓丞	0
𢏝	gg	弓弓	0
𢏜	gd	弓多	0
𢏙	gy	弓羊	0
𢏗	gj	.	0
𢏕	gt	弓同	0
𢏎	gs	弓四	0
𢏍	gs	弓巳	0
𢏋	gt	弓它	0
𢏊	gp	弓平	0
𢏆	gg	弓古	0
𢏅	gh	弓火	0
𢏄	gy	弓引	0
𢏃	gb	弓冖	0
𢏀	gd	弓丶	0
𢎿	gw	弓攵	0
𢎾	gt	弓天	0
𢎼	gv	弓支	0
𢎻	gy	弓予	0
𢎹	gg	弓夬	0
𢎵	fu	.	0
𢎴	gd	弓大	0
𢎭	gj	弓巾	0
𢎪	gj	弓几	0
𢎥	ge	弓二	0
𢎡	gf	.	0
𢎠	gu	.	0
𢎙	hh	.	0
𢎖	yq	.	0
𢎕	yi	.	0
𢎔	wh	武曷	0
𢎎	gg	戈工	0
𢎎	su	厶式	0
𢎎	yu	.	0
𢎌	gd	甘代	0
𢎋	gx	戈杏	0
𢎋	xy	杏弋	0
𢎋	yx	.	0
𢎉	gv	戈竹	0
𢎉	yv	弋竹	0
𢎈	go	戈目	0
𢎈	yo	弋目	0
𢎆	gv	戈至	0
𢎆	yv	弋至	0
𢎄	gk	戈可	0
𢎄	ky	可弋	0
𢎄	yk	.	0
𢎃	go	戈日	0
𢎃	yo	弋日	0
𢎂	gr	戈人	0
𢎂	yb	.	0
𢎂	yr	弋人	0
𢎀	go	戈月	0
𢎀	yo	弋月	0
𢍿	py	爿弋	0
𢍿	yp	.	0
𢍼	gy	.	0
𢍼	ya	.	0
𢍼	yy	.	0
𢍴	ci	廾臣	0
𢍳	ac	丆廾	0
𢍳	co	廾目	0
𢍱	cj	.	0
𢍰	cg	.	0
𢍭	ab	凹弁	0
𢍭	cb	廾弁	0
𢍫	hj	.	0
𢍤	cd	廾电	0
𢍤	dc	大廾	0
𢍟	ck	廾口	0
𢍚	ub	十畀	0
𢍕	cj	廾卷	0
𢍕	jc	卷廾	0
𢍓	co	廾目	0
𢍓	wc	亠廾	0
𢍑	cb	廾伯	0
𢍏	cb	.	0
𢍏	cm	廾米	0
𢍎	cg	廾告	0
𢍈	cs	廾死	0
𢍇	cy	廾圯	0
𢍇	yc	圯廾	0
𢍆	cq	.	0
𢍂	cz	廾自	0
𢍂	zc	自廾	0
𢍁	yc	由廾	0
𢌹	cl	.	0
𢌹	cs	廾厶	0
𢌹	sc	厶廾	0
𢌷	cn	廾内	0
𢌷	nc	内廾	0
𢌶	cm	廾木	0
𢌶	mc	木廾	0
𢌳	cd	廾丶	0
𢌲	cu	廾山	0
𢌲	uc	山廾	0
𢌫	zo	廴目	0
𢌪	zv	廴正	0
𢌩	zt	廴土	0
𢌨	zo	廴目	0
𢌦	tw	廷攵	0
𢌦	zw	廴攵	0
𢌥	zi	廴呈	0
𢌣	zz	廴作	0
𢌢	zf	廴丰	0
𢌠	zf	廴甫	0
𢌟	zy	廴羽	0
𢌜	ze	廴二	0
𢌚	zu	廴山	0
𢌙	zq	廴千	0
𢌗	zu	廴十	0
𢌖	gx	广心	0
𢌕	gg	.	0
𢌔	gl	广靈	0
𢌏	gv	广隹	0
𢌍	gj	广兼	0
𢌈	gl	广離	0
𢌄	gq	广瞿	0
𢌀	gd	.	0
𢌀	gy	广衣	0
𢋿	gv	广齋	0
𢋼	gx	广戲	0
𢋻	gl	广斂	0
𢋹	gl	广林	0
𢋸	gj	广冀	0
𢋷	gl	广賴	0
𢋶	gz	广子	0
𢋵	gj	广菌	0
𢋲	gb	广八	0
𢋲	mb	麻八	0
𢋫	gb	广貝	0
𢋩	gw	广瓦	0
𢋥	gn	广鳥	0
𢋤	gw	广夂	0
𢋤	mw	麻夂	0
𢋣	gy	广憂	0
𢋡	gl	广魯	0
𢋝	gm	廆木	0
𢋚	mk	.	0
𢋚	mo	麻月	0
𢋚	ob	月冖	0
𢋘	gw	广維	0
𢋗	dh	丶火	0
𢋖	gx	广辛	0
𢋕	gu	广示	0
𢋔	gl	广奩	0
𢋒	gh	.	0
𢋒	gv	.	0
𢋒	gy	广又	0
𢋎	mu	麻示	0
𢋍	gb	广貝	0
𢋈	gs	广稣	0
𢋇	gg	.	0
𢋇	gx	广幸	0
𢋆	gx	广歆	0
𢋅	gq	广欠	0
𢋅	gy	.	0
𢋄	gj	广雋	0
𢋃	gd	广亶	0
𢋂	gu	广暑	0
𢊻	gx	.	0
𢊻	yx	庾小	0
𢊹	gb	广貝	0
𢊸	gh	广禾	0
𢊲	gs	广森	0
𢊱	gb	广賁	0
𢊱	gp	.	0
𢊯	gw	广爲	0
𢊮	gg	广貴	0
𢊬	gu	广示	0
𢊧	gy	广魚	0
𢊦	gy	广欲	0
𢊥	gi	广常	0
𢊤	gd	广丶	0
𢊣	gp	广票	0
𢊢	my	麻于	0
𢊡	gj	广見	0
𢊠	mk	麻口	0
𢊟	gb	广八	0
𢊞	gu	广山	0
𢊜	gv	广張	0
𢊛	gc	广崔	0
𢊚	gx	广徙	0
𢊙	tj	.	0
𢊘	gu	广殳	0
𢊘	gy	.	0
𢊗	gm	广莫	0
𢊖	gu	广深	0
𢊕	gc	.	0
𢊕	gx	广心	0
𢊓	go	广日	0
𢊒	gx	.	0
𢊏	gq	广挈	0
𢊋	gw	广夊	0
𢊊	gd	广电	0
𢊇	gy	广衣	0
𢊅	gv	广追	0
𢊄	gv	.	0
𢊄	gy	广又	0
𢊀	gs	广虒	0
𢉿	gm	广馬	0
𢉼	go	庚月	0
𢉼	gy	庚月	0
𢉺	gq	广且	0
𢉵	gu	广屾	0
𢉲	gy	广言	0
𢉰	gt	广土	0
𢉯	gb	广貝	0
𢉮	gu	广甚	0
𢉭	gs	.	0
𢉩	gy	广音	0
𢉨	gl	广剌	0
𢉧	gm	广苜	0
𢉦	gj	广軍	0
𢉥	gh	广曷	0
𢉤	gj	广架	0
𢉢	gh	广胡	0
𢉞	gb	广扁	0
𢉝	gw	广畏	0
𢉜	gv	广者	0
𢉚	gr	广乳	0
𢉘	gy	广炎	0
𢉗	gj	广亟	0
𢉕	gt	广兔	0
𢉓	gg	广乚	0
𢉑	gq	广青	0
𢉐	gh	广灬	0
𢉏	gy	广友	0
𢉍	gh	广灬	0
𢉌	gu	广叔	0
𢉋	go	广月	0
𢉊	gl	广立	0
𢉉	gt	广土	0
𢉆	gj	广建	0
𢉅	gj	广金	0
𢉃	gu	广舍	0
𢉂	gg	广官	0
𢉁	gp	广朋	0
𢈾	gq	广取	0
𢈽	gj	广戔	0
𢈼	gz	广卒	0
𢈻	gj	.	0
𢈻	gy	.	0
𢈹	gb	.	0
𢈸	gn	广念	0
𢈶	gh	广虎	0
𢈵	gk	广空	0
𢈴	gj	广京	0
𢈲	gh	.	0
𢈯	gu	广身	0
𢈪	gw	广吾	0
𢈨	gb	广步	0
𢈤	gj	广甲	0
𢈢	gi	广串	0
𢈡	gj	.	0
𢈡	gw	广夂	0
𢈠	gu	广束	0
𢈝	gq	广求	0
𢈜	gv	广壯	0
𢈛	gk	广困	0
𢈚	gl	广吕	0
𢈙	gj	广夾	0
𢈕	gp	.	0
𢈓	gy	广有	0
𢈒	ga	广艾	0
𢈑	gf	广分	0
𢈐	gj	广几	0
𢈏	gb	广八	0
𢈎	gg	广共	0
𢈍	gm	广米	0
𢈋	go	广月	0
𢈋	gy	广䏍	0
𢈉	gt	广同	0
𢈈	gh	广合	0
𢈇	gx	广先	0
𢈆	gv	广召	0
𢈄	gy	.	0
𢈁	gk	广口	0
𢈀	gy	广业	0
𢇿	gi	广出	0
𢇾	gg	广甘	0
𢇽	gy	广又	0
𢇸	gu	广世	0
𢇷	gb	.	0
𢇷	gd	广丶	0
𢇶	gt	广田	0
𢇵	gn	.	0
𢇵	gy	广又	0
𢇴	gb	广布	0
𢇳	gp	广皮	0
𢇲	gh	广禾	0
𢇰	gy	广允	0
𢇬	gy	广友	0
𢇫	gf	广乏	0
𢇪	gf	广反	0
𢇨	gh	.	0
𢇧	gb	广冖	0
𢇧	gy	.	0
𢇦	gr	广壬	0
𢇥	gc	.	0
𢇥	gu	广十	0
𢇤	gu	广水	0
𢇟	gw	广兀	0
𢇞	gk	广口	0
𢇛	gg	广干	0
𢇚	gy	广也	0
𢇙	gy	广弋	0
𢇘	gn	广女	0
𢇗	gx	广下	0
𢇕	yy	幽幽	0
𢇐	yx	幺象	0
𢇎	yj	幺掎	0
𢇋	yh	幺曷	0
𢇊	ua	邵丨	0
𢇊	ya	幺丨	0
𢇇	yg	.	0
𢇁	yh	幺灬	0
𢆽	mu	.	0
𢆽	yu	幺少	0
𢆻	yj	幺几	0
𢆺	ya	.	0
𢆺	yg	幺乚	0
𢆺	yy	.	0
𢆹	yy	幺云	0
𢆸	yy	幺幺	0
𢆷	yu	幺少	0
𢆶	yy	幺幺	0
𢆵	yd	幺刁	0
𢆴	yd	.	0
𢆴	yl	幺了	0
𢆰	ya	幺一	0
𢆯	ya	幺丨	0
𢆯	yu	.	0
𢆮	pc	平藏	0
𢆦	gd	干東	0
𢆦	hd	.	0
𢆦	sd	罒東	0
𢆤	jn	卷年	0
𢆣	by	并夜	0
𢆢	xb	夕并	0
𢆡	rn	乳年	0
𢆟	yb	由并	0
𢆞	gu	干束	0
𢆞	ju	.	0
𢆜	gh	干曷	0
𢆜	hg	曷干	0
𢆚	ku	开束	0
𢆙	dg	刀干	0
𢆙	gg	干干	0
𢆓	bp	不平	0
𢆒	gg	干干	0
𢆒	ug	上干	0
𢆐	ge	干二	0
𢆏	wu	午十	0
𢆉	bg	丷干	0
𢆉	gb	干丷	0
𢆂	jd	巾刂	0
𢆂	ju	.	0
𢆀	jq	巾全	0
𢅾	jl	巾羅	0
𢅼	jn	.	0
𢅼	jw	巾夂	0
𢅻	ju	巾雙	0
𢅺	ux	書席	0
𢅹	jy	巾龠	0
𢅶	jd	巾丶	0
𢅰	jd	.	0
𢅰	je	巾兒	0
𢅯	jf	巾奮	0
𢅮	jx	.	0
𢅮	jy	巾炎	0
𢅮	tj	土巾	0
𢅭	jl	巾賴	0
𢅫	jh	巾慧	0
𢅪	jq	.	0
𢅪	jx	巾心	0
𢅩	jb	巾罷	0
𢅥	ji	.	0
𢅤	jg	巾蓋	0
𢅣	jt	巾臺	0
𢅡	jj	巾監	0
𢅠	jy	巾厭	0
𢅠	yj	厭巾	0
𢅟	jy	巾疑	0
𢅞	bl	帛录	0
𢅝	dj	殿巾	0
𢅝	jd	巾殿	0
𢅜	vv	帚帚	0
𢅚	jp	巾剽	0
𢅘	jr	巾冗	0
𢅗	jg	巾過	0
𢅖	jl	巾廉	0
𢅕	js	巾遂	0
𢅒	jd	巾亶	0
𢅑	ju	巾煞	0
𢅏	jl	巾廉	0
𢅎	jj	巾敫	0
𢅋	jc	巾曾	0
𢅊	jw	巾無	0
𢅉	be	帛儿	0
𢅉	bm	.	0
𢅉	je	巾儿	0
𢅇	jm	巾毛	0
𢅇	um	山毛	0
𢅁	fb	孚帛	0
𢅀	jq	.	0
𢅀	jt	巾覃	0
𢄽	je	巾貳	0
𢄼	jx	巾須	0
𢄼	xj	須巾	0
𢄺	jj	巾焦	0
𢄹	jq	巾喬	0
𢄸	jz	巾最	0
𢄷	jl	.	0
𢄶	jh	巾畫	0
𢄵	jx	巾象	0
𢄳	ju	巾奢	0
𢄱	jl	巾連	0
𢄧	jz	巾族	0
𢄧	zj	族巾	0
𢄦	jn	巾鳥	0
𢄤	jv	巾斬	0
𢄤	vj	斬巾	0
𢄣	jh	巾彗	0
𢄢	ju	.	0
𢄡	ji	巾厂	0
𢄡	wj	未巾	0
𢄠	jq	巾區	0
𢄟	jt	巾通	0
𢄜	jh	.	0
𢄚	jx	巾夕	0
𢄙	jy	巾員	0
𢄗	bh	.	0
𢄔	rd	𠂉帶	0
𢄓	jw	巾烏	0
𢄐	jm	.	0
𢄏	bj	宀巾	0
𢄏	jb	巾八	0
𢄏	js	.	0
𢄎	jp	巾旁	0
𢄍	jg	.	0
𢄌	ju	巾殺	0
𢄋	jy	.	0
𢄊	jg	巾鬼	0
𢄈	jy	巾音	0
𢄇	bg	帛勾	0
𢄅	jm	巾灭	0
𢄄	cq	屮且	0
𢄄	jq	巾且	0
𢃾	jd	巾大	0
𢃽	jy	巾要	0
𢃻	aj	丆巾	0
𢃻	jf	巾反	0
𢃺	bj	帛及	0
𢃸	jq	巾秋	0
𢃴	jl	巾剌	0
𢃴	lj	剌巾	0
𢃳	vb	帚巴	0
𢃲	jg	巾革	0
𢃱	jm	巾某	0
𢃰	ju	巾是	0
𢃯	jg	巾癸	0
𢃮	jm	巾面	0
𢃭	jc	.	0
𢃬	jq	巾前	0
𢃩	jj	巾卷	0
𢃦	jg	巾果	0
𢃥	ij	臣巾	0
𢃥	jq	.	0
𢃥	jy	巾又	0
𢃢	jq	巾青	0
𢃡	jy	巾易	0
𢃠	jt	巾图	0
𢃟	jx	巾昔	0
𢃞	jv	巾帚	0
𢃜	jv	巾直	0
𢃘	hj	户巾	0
𢃘	jw	巾攵	0
𢃗	jh	巾函	0
𢃕	jd	巾沓	0
𢃕	jt	.	0
𢃐	jk	巾空	0
𢃏	jz	巾宗	0
𢃎	jh	巾或	0
𢃍	jb	巾卑	0
𢃇	jl	巾里	0
𢃄	jb	巾冖	0
𢃄	uj	世巾	0
𢃃	jv	巾助	0
𢃃	vj	助巾	0
𢃀	jw	巾巫	0
𢂼	jv	巾折	0
𢂼	vj	折巾	0
𢂺	dj	歹巾	0
𢂺	jc	.	0
𢂺	jy	巾又	0
𢂹	je	巾儿	0
𢂹	jm	.	0
𢂶	jj	巾冏	0
𢂱	jo	巾月	0
𢂱	jy	巾肙	0
𢂨	jf	.	0
𢂨	jj	巾几	0
𢂤	ub	.	0
𢂤	ud	十丶	0
𢂣	jc	巾存	0
𢂢	jl	巾老	0
𢂡	jg	巾亘	0
𢂠	je	巾儿	0
𢂠	wj	亡巾	0
𢂝	jy	巾曳	0
𢂘	jq	巾全	0
𢂗	jy	巾印	0
𢂗	yj	印巾	0
𢂕	jw	巾危	0
𢂔	jg	巾共	0
𢂒	jy	巾夷	0
𢂑	ju	巾式	0
𢂐	jl	巾力	0
𢂐	jx	.	0
𢂏	uk	十冂	0
𢂏	uu	.	0
𢂍	jz	.	0
𢂊	jy	巾幼	0
𢂈	jq	巾且	0
𢂆	jf	巾付	0
𢂄	jx	巾玄	0
𢂃	jv	巾乍	0
𢂁	jj	巾句	0
𢂀	jf	巾弗	0
𢁿	jv	巾正	0
𢁾	jv	巾召	0
𢁽	jb	巾必	0
𢁼	jn	巾宁	0
𢁼	jv	.	0
𢁻	jb	巾布	0
𢁹	jq	.	0
𢁷	jg	巾公	0
𢁶	jy	巾又	0
𢁲	jy	巾允	0
𢁱	jy	巾夭	0
𢁮	jj	巾今	0
𢁬	jv	巾爪	0
𢁪	jg	巾夬	0
𢁩	jn	巾内	0
𢁧	jq	巾欠	0
𢁢	jk	巾亏	0
𢁢	jx	.	0
𢁢	jy	.	0
𢁠	jg	巾弓	0
𢁟	jx	巾夕	0
𢁟	xj	夕巾	0
𢁝	jj	巾巾	0
𢁜	jc	巾寸	0
𢁘	jp	.	0
𢁗	jg	巾干	0
𢁖	jd	巾大	0
𢁕	ju	巾勺	0
𢁓	jh	.	0
𢁒	jj	巾几	0
𢁏	jg	.	0
𢁈	su	巳是	0
𢁈	us	是巳	0
𢁇	ib	承巴	0
𢁆	dj	帝己	0
𢁄	su	巳矢	0
𢁂	qs	其巳	0
𢁂	sq	巳其	0
𢁁	as	丆巳	0
𢁁	is	.	0
𢁁	sd	巳丶	0
𢁀	gb	共包	0
𢀼	gb	共巴	0
𢀶	gj	弓己	0
𢀵	jj	己己	0
𢀤	gd	工段	0
𢀢	gj	工見	0
𢀡	zz	左左	0
𢀟	gd	工刀	0
𢀟	yg	幺工	0
𢀜	ge	工二	0
𢀜	gj	.	0
𢀛	gk	工口	0
𢀙	gj	工丩	0
𢀘	gu	.	0
𢀘	xj	.	0
𢀘	yq	.	0
𢀗	ag	亅乚	0
𢀗	gg	工乚	0
𢀕	gg	.	0
𢀍	jy	景邕	0
𢀌	ii	巢巢	0
𢀄	fy	丰邕	0
𢀁	ib	.	0
𡿿	ih	.	0
𡿾	iv	.	0
𡿺	ix	.	0
𡿯	io	.	0
𡿩	im	.	0
𡿧	ia	.	0
𡿥	uy	山鬱	0
𡿤	ck	卝口	0
𡿤	uk	山口	0
𡿡	ul	山靈	0
𡿠	ul	山鱗	0
𡿟	uw	山夂	0
𡿝	un	山囊	0
𡿛	um	山木	0
𡿙	uj	.	0
𡿙	un	山鳥	0
𡿗	un	山蘖	0
𡿖	un	山齧	0
𡿓	ud	山黨	0
𡿏	ul	山羅	0
𡿎	ul	山離	0
𡿍	uz	山贊	0
𡿋	ui	山蠆	0
𡿊	nu	難山	0
𡿊	un	山難	0
𡿉	cu	艹山	0
𡿉	ul	.	0
𡿉	ut	山田	0
𡿇	ul	山羅	0
𡿄	uc	山藏	0
𡿂	il	崇里	0
𡿂	ul	山里	0
𡾾	ug	山鬼	0
𡾾	uw	.	0
𡾽	uz	山繒	0
𡾼	uu	山雙	0
𡾻	uz	山臧	0
𡾶	uy	山應	0
𡾲	ux	山薛	0
𡾱	um	山彌	0
𡾰	uj	山蹇	0
𡾮	ux	山鮮	0
𡾨	uh	.	0
𡾦	ux	山辛	0
𡾥	ux	山縣	0
𡾤	uz	山子	0
𡾢	ux	山憲	0
𡾞	ux	山羲	0
𡾜	uh	山霍	0
𡾛	ub	山并	0
𡾙	ue	山噩	0
𡾖	ug	山鬼	0
𡾖	uk	.	0
𡾕	ut	屾湯	0
𡾓	uc	山層	0
𡾒	ul	山樂	0
𡾌	ub	.	0
𡾌	uh	山灬	0
𡾋	ul	.	0
𡾊	ut	山田	0
𡾉	um	山摩	0
𡾇	ug	山廣	0
𡾅	ul	山慮	0
𡾂	uy	.	0
𡽼	um	.	0
𡽼	ur	山人	0
𡽻	uj	山漸	0
𡽶	ub	山鼻	0
𡽴	uz	山臧	0
𡽳	uj	山監	0
𡽲	ub	山榜	0
𡽱	uj	山截	0
𡽰	uw	山維	0
𡽯	uv	山種	0
𡽮	uv	山蒸	0
𡽨	uj	山聚	0
𡽧	ey	.	0
𡽧	uy	山堯	0
𡽣	uy	山厭	0
𡽢	ud	山翟	0
𡽢	uv	.	0
𡽠	up	山頗	0
𡽝	uh	山蒿	0
𡽜	ly	.	0
𡽜	uy	山言	0
𡽛	ud	山碓	0
𡽙	ux	山歇	0
𡽖	uj	山解	0
𡽏	dm	耑免	0
𡽎	uq	山鉗	0
𡽍	ud	山豆	0
𡽌	gu	鼓山	0
𡽌	ug	山鼓	0
𡽋	ul	山禄	0
𡽊	ud	山當	0
𡽉	uq	山齊	0
𡽆	uv	山真	0
𡽅	uy	山運	0
𡽂	ug	山鼓	0
𡽁	uz	.	0
𡼿	uk	山窟	0
𡼾	uh	山會	0
𡼽	uy	山飲	0
𡼼	ui	山朝	0
𡼱	uw	山圍	0
𡼮	uj	山景	0
𡼬	ut	山覃	0
𡼪	ud	山答	0
𡼩	uj	山景	0
𡼨	um	山木	0
𡼧	ux	山犀	0
𡼦	uw	山攵	0
𡼢	ux	山尋	0
𡼠	uj	山幾	0
𡼛	ug	山戈	0
𡼚	kk	口口	0
𡼚	uk	山口	0
𡼘	ut	.	0
𡼖	du	敦山	0
𡼖	ud	山敦	0
𡼓	ud	山奠	0
𡼎	ux	山喜	0
𡼊	ul	.	0
𡼊	us	山糸	0
𡼉	du	動山	0
𡼉	ud	山動	0
𡼄	uv	山窒	0
𡼃	up	山婆	0
𡼂	ul	山鹿	0
𡼁	ui	.	0
𡼁	ul	山离	0
𡻹	uf	山丰	0
𡻸	uj	山基	0
𡻷	uq	山戚	0
𡻶	um	山玫	0
𡻵	up	山品	0
𡻳	ug	山郭	0
𡻱	ul	山累	0
𡻰	uj	山祭	0
𡻯	uu	山爽	0
𡻮	uh	山扈	0
𡻭	ul	山累	0
𡻬	uz	山族	0
𡻫	up	山品	0
𡻪	ul	.	0
𡻩	um	山曼	0
𡻨	ug	山衮	0
𡻧	ui	.	0
𡻧	uu	豉山	0
𡻤	mu	麻山	0
𡻤	um	山麻	0
𡻣	uy	山移	0
𡻢	uy	山圉	0
𡻡	uy	山酉	0
𡻠	uu	山庶	0
𡻟	um	山莫	0
𡻞	ub	山畢	0
𡻝	ui	山巢	0
𡻚	uk	山康	0
𡻙	ug	山郭	0
𡻘	uh	.	0
𡻑	uv	山冢	0
𡻐	uw	山翁	0
𡻎	cn	.	0
𡻌	ui	山辰	0
𡻊	uh	山盍	0
𡻈	uq	山秦	0
𡻇	uy	.	0
𡻆	uu	山十	0
𡻅	ud	山島	0
𡻄	uu	山時	0
𡻃	ug	山貢	0
𡻂	ub	山百	0
𡻁	us	山叟	0
𡺽	uj	山晋	0
𡺺	ug	山躬	0
𡺸	uq	山耆	0
𡺷	ux	山夏	0
𡺵	ui	山豺	0
𡺴	uk	.	0
𡺯	uf	山缶	0
𡺯	uy	.	0
𡺮	ef	.	0
𡺭	ug	山貢	0
𡺫	uy	山舀	0
𡺨	uw	山韋	0
𡺧	iu	刍山	0
𡺧	uw	山攵	0
𡺤	uf	山風	0
𡺡	uy	山盈	0
𡺠	uj	山軍	0
𡺟	ux	山宣	0
𡺜	up	.	0
𡺜	uw	山瓦	0
𡺛	ub	.	0
𡺘	uq	山秋	0
𡺗	uk	山看	0
𡺖	uy	山幽	0
𡺕	ul	山力	0
𡺔	uu	是山	0
𡺓	uj	山皆	0
𡺒	ud	山丶	0
𡺑	um	山木	0
𡺑	uy	.	0
𡺐	uv	山者	0
𡺏	uq	山欠	0
𡺎	ud	山丶	0
𡺍	uv	山重	0
𡺌	uh	山奂	0
𡺋	uy	山頁	0
𡺊	uo	山目	0
𡺈	uy	山音	0
𡺇	ud	.	0
𡺅	uj	山建	0
𡺀	uk	山客	0
𡹾	ub	山昺	0
𡹼	ey	.	0
𡹼	uy	山言	0
𡹹	hu	胡山	0
𡹹	uh	山胡	0
𡹸	uc	.	0
𡹸	ux	山心	0
𡹷	uj	山降	0
𡹶	un	山女	0
𡹶	uy	.	0
𡹵	uh	山侯	0
𡹲	ux	山胥	0
𡹰	um	山茅	0
𡹯	uh	山回	0
𡹭	uu	山室	0
𡹬	ug	山咼	0
𡹪	uj	山亟	0
𡹩	iu	臣山	0
𡹩	uq	.	0
𡹩	uy	山又	0
𡹨	uy	山又	0
𡹥	ut	山土	0
𡹣	ua	山阿	0
𡹢	uj	山近	0
𡹙	uv	山帚	0
𡹘	hu	户山	0
𡹘	uw	山攵	0
𡹖	uy	.	0
𡹕	ux	.	0
𡹓	un	山念	0
𡹎	uo	山目	0
𡹉	uq	山歧	0
𡹇	ul	山林	0
𡹄	uy	山亞	0
𡹂	ud	山丁	0
𡹀	uw	山攵	0
𡸿	uu	山山	0
𡸾	um	山黾	0
𡸽	uv	山直	0
𡸼	uk	山坤	0
𡸻	uj	山介	0
𡸺	uq	山青	0
𡸹	uy	山雨	0
𡸲	uy	山軋	0
𡸰	uf	山房	0
𡸮	ul	山录	0
𡸫	ub	山并	0
𡸪	uu	山事	0
𡸨	uq	山取	0
𡸦	ud	山大	0
𡸥	uw	山宛	0
𡸤	uj	.	0
𡸤	uq	山戕	0
𡸣	ue	山兒	0
𡸟	uz	山甾	0
𡸞	ud	.	0
𡸜	uv	山直	0
𡸛	uh	.	0
𡸛	uq	山欠	0
𡸘	uq	山取	0
𡸗	uv	.	0
𡸗	uy	山軋	0
𡸕	uq	山穹	0
𡸔	ug	.	0
𡸔	uw	山王	0
𡸓	cr	屮人	0
𡸑	uy	山易	0
𡸐	uf	山分	0
𡸎	uj	山即	0
𡸌	uv	山住	0
𡸉	ul	山利	0
𡸈	uy	.	0
𡸃	uq	山佥	0
𡸂	uy	山余	0
𡸀	uj	山冏	0
𡷿	uz	山足	0
𡷽	uu	山束	0
𡷼	um	山木	0
𡷼	uu	山山	0
𡷻	uu	山山	0
𡷺	cu	艹山	0
𡷺	uc	.	0
𡷺	ux	山小	0
𡷸	ux	山孝	0
𡷷	un	山尿	0
𡷶	uu	山十	0
𡷵	ud	山呆	0
𡷴	uc	山岑	0
𡷳	uy	.	0
𡷲	uk	山坑	0
𡷱	uw	山尾	0
𡷰	ui	山辰	0
𡷯	uw	山巫	0
𡷫	ui	山成	0
𡷪	ut	屾天	0
𡷨	ug	山工	0
𡷨	uj	.	0
𡷥	gu	告山	0
𡷥	ug	山告	0
𡷤	uw	山吴	0
𡷢	uw	山忘	0
𡷡	uo	山月	0
𡷡	uy	山肙	0
𡷠	ut	山投	0
𡷟	un	山弄	0
𡷞	uj	山忌	0
𡷝	ug	山乚	0
𡷝	uv	.	0
𡷜	ev	.	0
𡷜	uv	山主	0
𡷛	uh	山旱	0
𡷘	ub	山别	0
𡷗	uw	山完	0
𡷖	ui	山車	0
𡷕	uw	山尾	0
𡷓	uc	山廾	0
𡷓	ug	.	0
𡷑	uc	山次	0
𡷐	ug	山艮	0
𡷏	uy	山聿	0
𡷎	uy	山宇	0
𡷍	uj	山江	0
𡷋	ud	.	0
𡷈	uu	山屾	0
𡷄	uw	山王	0
𡷃	uy	山云	0
𡷂	um	山名	0
𡷁	uw	山文	0
𡷀	gu	光山	0
𡷀	ug	山光	0
𡶿	ux	山小	0
𡶾	ub	山百	0
𡶽	ui	山丞	0
𡶼	ux	山西	0
𡶻	uz	山字	0
𡶹	uk	山亏	0
𡶵	ug	山共	0
𡶴	ui	山产	0
𡶲	ud	山朵	0
𡶱	us	山厶	0
𡶯	ux	山囟	0
𡶭	ux	山刑	0
𡶫	ud	.	0
𡶪	uu	石山	0
𡶦	uq	山丘	0
𡶥	uj	山加	0
𡶤	yu	.	0
𡶣	uw	山夂	0
𡶢	ux	山兄	0
𡶠	ru	𠂉山	0
𡶠	uy	.	0
𡶞	ud	山冬	0
𡶝	uk	山口	0
𡶛	uk	山卡	0
𡶚	ut	山田	0
𡶙	uw	山戊	0
𡶘	mu	民山	0
𡶘	um	山民	0
𡶗	um	山民	0
𡶕	pu	疋山	0
𡶕	up	山疋	0
𡶔	uw	山戊	0
𡶑	ug	山甘	0
𡶐	uj	山加	0
𡶏	ui	山出	0
𡶎	uw	山未	0
𡶌	uu	山石	0
𡶋	uk	山尻	0
𡶉	uf	山乏	0
𡶈	uu	山史	0
𡶆	up	山叵	0
𡶅	up	山叵	0
𡶄	ub	山包	0
𡶃	uy	山乙	0
𡶂	ee	.	0
𡶂	ue	山二	0
𡵻	uk	山亢	0
𡵶	uw	山勿	0
𡵶	wu	勿山	0
𡵳	uf	山分	0
𡵬	um	山木	0
𡵫	up	山片	0
𡵪	uy	.	0
𡵪	xu	夕山	0
𡵩	uv	山止	0
𡵩	vu	止山	0
𡵨	up	山攴	0
𡵧	uy	山元	0
𡵦	us	山厶	0
𡵣	nu	牛山	0
𡵣	un	山牛	0
𡵞	uf	山丰	0
𡵜	un	山牛	0
𡵛	uf	山父	0
𡵚	uj	山介	0
𡵙	ua	山卬	0
𡵘	uh	山户	0
𡵗	ud	山大	0
𡵖	uh	山火	0
𡵕	ud	山丹	0
𡵓	ug	.	0
𡵒	us	山巳	0
𡵑	ru	刃山	0
𡵑	ur	山刃	0
𡵍	uw	山亡	0
𡵍	wu	亡山	0
𡵌	ui	山叉	0
𡵉	uw	山兀	0
𡵈	uy	山尢	0
𡵇	uz	山子	0
𡵅	ui	山川	0
𡵃	ug	山干	0
𡵂	uj	山几	0
𡵀	uw	山亡	0
𡴷	iu	乂山	0
𡴷	ui	山乂	0
𡴶	ua	山丨	0
𡴱	uj	.	0
𡴯	uy	山乙	0
𡴭	uy	山乙	0
𡴣	tv	屯争	0
𡴙	cz	屮皁	0
𡴔	cd	屮丶	0
𡴆	cl	屮六	0
𡴅	cj	屮巾	0
𡳾	kg	.	0
𡳸	ul	尸歷	0
𡳷	uf	尸覆	0
𡳴	uc	尸廿	0
𡳴	wu	亡尸	0
𡳲	uy	尸禺	0
𡳲	wy	尾禺	0
𡳱	ww	尾萬	0
𡳮	uj	尸積	0
𡳭	ns	尼桑	0
𡳭	us	尸桑	0
𡳦	uu	尸声	0
𡳦	wu	尾声	0
𡳞	ui	尸舛	0
𡳞	ul	.	0
𡳚	ug	尸國	0
𡳘	ur	尸人	0
𡳗	ug	尸工	0
𡳗	wu	尾尸	0
𡳖	wh	尾花	0
𡳕	wf	尾非	0
𡳔	wc	尾参	0
𡳓	wz	尾宗	0
𡳑	uy	.	0
𡳏	uj	尸句	0
𡳏	vj	.	0
𡳊	wn	尾弄	0
𡳆	uc	.	0
𡳆	uq	尸且	0
𡳄	ub	.	0
𡳄	uh	尸回	0
𡳂	uq	尸豈	0
𡲿	uy	尸曳	0
𡲼	wh	尾亥	0
𡲹	un	尸女	0
𡲸	wm	尾米	0
𡲰	ux	尸徐	0
𡲮	ub	尸比	0
𡲮	up	.	0
𡲭	wy	尾曳	0
𡲬	ui	尸出	0
𡲪	wy	尾孕	0
𡲨	wq	尾去	0
𡲧	ww	尾未	0
𡲣	uj	尸降	0
𡲢	uj	尸茄	0
𡲚	uq	尸酋	0
𡲗	ui	尸出	0
𡲕	uy	尸曳	0
𡲓	uf	尸丰	0
𡲍	uy	尸幼	0
𡲋	uy	尸又	0
𡲋	wy	尾又	0
𡲊	wo	尾月	0
𡲊	wy	尾月	0
𡲉	wo	尾日	0
𡲈	ww	尾文	0
𡲆	uv	尸支	0
𡲅	uv	尸枝	0
𡲄	ue	尸二	0
𡲀	uk	尸空	0
𡱾	uq	尸取	0
𡱽	uh	尸忽	0
𡱼	ug	尸果	0
𡱷	ug	尸乚	0
𡱷	uv	.	0
𡱳	uu	尸沙	0
𡱰	uu	尸豕	0
𡱯	un	尸弄	0
𡱮	iy	.	0
𡱮	uy	.	0
𡱭	wg	尾干	0
𡱬	wz	尾子	0
𡱫	uw	尸我	0
𡱪	uv	尸忮	0
𡱣	uy	尸予	0
𡱝	uy	尸羊	0
𡱜	uv	尸兆	0
𡱛	iu	尺失	0
𡱚	uu	尸升	0
𡱙	uu	尸收	0
𡱘	ug	尸光	0
𡱗	us	尸厶	0
𡱖	uv	尸朱	0
𡱔	uo	尸日	0
𡱑	uo	尸月	0
𡱑	uy	尸䏍	0
𡱐	uy	尸夷	0
𡱌	ug	尸亘	0
𡱊	uu	尸水	0
𡱉	yy	尹尹	0
𡱇	uv	尸占	0
𡱆	ub	尸丙	0
𡱅	uq	尸去	0
𡱄	ud	尸丶	0
𡱁	uu	尸矢	0
𡰿	uw	尸夂	0
𡰾	uz	.	0
𡰽	uy	尸尤	0
𡰲	uu	尸尸	0
𡰰	ie	尺卩	0
𡰰	ue	尸卩	0
𡰯	uj	尸巾	0
𡰫	ui	尸叉	0
𡰪	uk	尸口	0
𡰨	ud	尸丁	0
𡰦	ur	尸人	0
𡰥	ue	尸二	0
𡰢	yj	尢冏	0
𡰠	wl	.	0
𡰠	yl	尤羸	0
𡰞	wg	.	0
𡰞	wv	兀隹	0
𡰝	wg	.	0
𡰝	yv	尤隹	0
𡰚	ly	.	0
𡰚	my	米尤	0
𡰚	yi	尤舛	0
𡰙	dy	奠尤	0
𡰙	yd	尤奠	0
𡰖	wu	.	0
𡰖	yu	尤是	0
𡰒	wt	.	0
𡰒	yt	尤童	0
𡰑	wq	.	0
𡰑	yq	尢喬	0
𡰐	xy	虚尤	0
𡰎	wn	.	0
𡰎	yn	尤鳥	0
𡰍	ly	婁尢	0
𡰍	yl	尤婁	0
𡰌	wl	.	0
𡰌	yl	尤婁	0
𡰋	wc	.	0
𡰋	yc	尢崔	0
𡰆	wg	.	0
𡰆	yn	尤臬	0
𡰅	wg	兀骨	0
𡰂	bw	八畏	0
𡰁	wv	兀重	0
𡰀	wn	.	0
𡰀	yu	尢手	0
𡯿	wf	.	0
𡯿	yf	尤負	0
𡯽	wx	.	0
𡯼	gy	丐尤	0
𡯼	yh	尤灬	0
𡯷	wp	.	0
𡯵	ww	.	0
𡯵	yw	尢委	0
𡯴	wv	.	0
𡯴	yv	尤卓	0
𡯳	wp	.	0
𡯳	yk	尤口	0
𡯱	bb	八匕	0
𡯱	wb	.	0
𡯰	wj	.	0
𡯯	yg	尤共	0
𡯬	yb	尢八	0
𡯫	wm	.	0
𡯩	wx	.	0
𡯩	yx	尢肖	0
𡯨	wz	.	0
𡯨	yz	尢坐	0
𡯦	yd	尤朵	0
𡯥	wi	.	0
𡯥	yi	尤虫	0
𡯢	wu	.	0
𡯢	yu	尤舌	0
𡯙	wo	.	0
𡯙	yo	尢日	0
𡯘	wf	.	0
𡯘	yf	尤反	0
𡯒	bo	八日	0
𡯒	wo	.	0
𡯑	bu	八水	0
𡯑	wu	.	0
𡯐	wm	.	0
𡯐	ym	尢木	0
𡯏	wd	.	0
𡯏	yd	尤斗	0
𡯋	wg	.	0
𡯋	yg	尢干	0
𡯉	wy	.	0
𡯉	yy	尢又	0
𡯈	wr	.	0
𡯈	yr	尤人	0
𡯇	wd	.	0
𡯆	ys	尤厶	0
𡯅	wy	兀又	0
𡯄	wl	.	0
𡯄	yl	尢力	0
𡮿	iu	.	0
𡮼	iu	臣少	0
𡮻	ju	監少	0
𡮴	uq	少其	0
𡮴	xq	小其	0
𡮰	gx	广小	0
𡮰	xh	小禾	0
𡮦	cu	曹少	0
𡮞	hu	害少	0
𡮝	dy	.	0
𡮚	xv	小周	0
𡮙	nx	能小	0
𡮙	xn	小能	0
𡮖	xj	小几	0
𡮐	xx	小小	0
𡮏	uu	少少	0
𡮏	xu	小少	0
𡮎	kj	亢京	0
𡮃	ux	十小	0
𡮃	xk	小口	0
𡭿	uv	尚之	0
𡭾	xr	小乳	0
𡭸	ut	少同	0
𡭷	xu	小豕	0
𡭵	dj	丶甲	0
𡭳	xe	小二	0
𡭳	yx	.	0
𡭮	xy	小有	0
𡭭	xl	小吏	0
𡭨	ox	目小	0
𡭨	xo	小目	0
𡭥	wu	勿少	0
𡭣	xu	小少	0
𡭢	xm	小木	0
𡭞	xh	小火	0
𡭛	xc	小廾	0
𡭘	nx	乃小	0
𡭘	xn	小乃	0
𡭖	lb	了八	0
𡭔	ad	.	0
𡭔	xc	.	0
𡭐	cs	寸厶	0
𡭐	vv	.	0
𡭇	vn	專内	0
𡭅	cf	寸分	0
𡭅	xc	享寸	0
𡭂	cd	寸旦	0
𡭂	uc	束寸	0
𡭂	ud	.	0
𡬿	cq	寸區	0
𡬿	qc	區寸	0
𡬸	ci	.	0
𡬵	ct	寸土	0
𡬵	cy	.	0
𡬵	xc	覀寸	0
𡬳	cs	寸罒	0
𡬳	cv	.	0
𡬳	vc	爫寸	0
𡬲	ci	.	0
𡬫	cv	.	0
𡬫	vc	舟寸	0
𡬩	ce	寸儿	0
𡬩	oc	日寸	0
𡬥	ce	寸二	0
𡬥	kc	冂寸	0
𡬣	cx	寸兄	0
𡬣	xc	兄寸	0
𡬢	cm	寸矛	0
𡬢	mc	矛寸	0
𡬙	bz	宀則	0
𡬘	bd	宀丶	0
𡬘	lk	.	0
𡬘	yk	羽寬	0
𡬗	ny	寧壹	0
𡬖	by	宀炎	0
𡬕	bl	宀老	0
𡬔	bj	宀金	0
𡬓	bj	.	0
𡬐	by	宀宜	0
𡬐	yy	宜宜	0
𡬏	bb	宀宝	0
𡬎	bq	宀羌	0
𡬍	bm	宀米	0
𡬌	bm	宀瞢	0
𡬊	by	宀夭	0
𡬉	ds	盾塞	0
𡬇	bb	宀不	0
𡬆	bm	宀懵	0
𡬄	bu	宀水	0
𡬂	fz	富則	0
𡬁	bx	.	0
𡬀	bw	宀王	0
𡫿	bj	宀金	0
𡫽	bn	宀女	0
𡫺	by	宀又	0
𡫹	bx	宀咸	0
𡫹	mx	宓咸	0
𡫸	nj	寧吉	0
𡫵	bh	宀禾	0
𡫴	hx	害咸	0
𡫲	hk	害客	0
𡫯	bl	宀歷	0
𡫬	br	宀人	0
𡫪	bp	宀攴	0
𡫧	bo	宀目	0
𡫦	wr	宛辱	0
𡫥	kk	客客	0
𡫤	bn	宀女	0
𡫣	bf	宀敷	0
𡫢	bo	宀耦	0
𡫠	bi	宀徹	0
𡫟	bd	宀大	0
𡫗	bm	宀木	0
𡫕	bh	宀灬	0
𡫔	bo	宀目	0
𡫎	bw	宀攵	0
𡫍	bm	宀面	0
𡫌	bm	宀募	0
𡫋	bd	宀豆	0
𡫊	bx	宀辛	0
𡫈	bq	宀犬	0
𡫇	bx	宀心	0
𡫆	bs	宀嗇	0
𡫃	bt	宀天	0
𡫂	bj	宀絹	0
𡫁	bj	宀見	0
𡫁	bq	.	0
𡫀	bj	宀敫	0
𡪺	bd	宀登	0
𡪸	al	安厘	0
𡪷	bv	宀帚	0
𡪶	by	宀炎	0
𡪵	bp	宀攴	0
𡪵	bq	.	0
𡪳	bj	宀見	0
𡪱	bb	.	0
𡪱	bq	宀犬	0
𡪰	bh	.	0
𡪮	bc	宀廾	0
𡪭	ba	宀哀	0
𡪬	be	宀阝	0
𡪫	bo	宀日	0
𡪪	bd	宀大	0
𡪩	by	宀堯	0
𡪧	bm	宀木	0
𡪠	bc	宀曾	0
𡪚	bn	宀女	0
𡪙	am	安明	0
𡪗	bh	宀合	0
𡪒	bt	宀田	0
𡪋	bn	宀女	0
𡪉	bl	宀聊	0
𡪈	bj	宀基	0
𡪅	bz	.	0
𡪁	bh	宀含	0
𡩾	bq	宀區	0
𡩽	bm	宀尨	0
𡩸	bh	宀号	0
𡩶	yy	宜央	0
𡩳	bt	宀土	0
𡩱	bk	宀亏	0
𡩰	zm	宗卯	0
𡩯	bd	宀电	0
𡩮	bj	宀見	0
𡩩	bk	宀口	0
𡩩	bm	.	0
𡩥	bw	宀翁	0
𡩤	bj	宀借	0
𡩣	bj	宀桀	0
𡩡	bs	宀索	0
𡩞	bv	宀正	0
𡩞	xv	穴正	0
𡩘	by	宀音	0
𡩕	bg	宀杲	0
𡩔	bd	宀大	0
𡩓	bi	宀虫	0
𡩒	bk	宀看	0
𡩐	bt	宀田	0
𡩏	bm	宀眉	0
𡩎	mm	宓木	0
𡩌	bj	宀建	0
𡩇	be	宀儿	0
𡩆	ut	束它	0
𡩄	bm	宀勉	0
𡩃	bh	宀恆	0
𡩂	bb	宀八	0
𡨿	bh	宀火	0
𡨽	bu	宀省	0
𡨻	br	宀乳	0
𡨵	bd	宀旦	0
𡨲	bb	宀表	0
𡨱	bj	宀佳	0
𡨯	bu	宀十	0
𡨮	dd	宕大	0
𡨭	bs	宀松	0
𡨬	bd	宀丁	0
𡨫	bz	宀宗	0
𡨪	bo	宀月	0
𡨩	bh	宀昏	0
𡨣	bp	宀攴	0
𡨢	bj	宀居	0
𡨛	bf	宀丰	0
𡨗	bz	宀皂	0
𡨖	bl	宀利	0
𡨑	bk	宀凵	0
𡨑	mk	宓凵	0
𡨇	bb	宀匕	0
𡨅	bj	宀局	0
𡨄	bb	宀八	0
𡨀	by	宀余	0
𡧽	be	宀儿	0
𡧽	bh	.	0
𡧼	xo	穴日	0
𡧹	va	宙一	0
𡧹	vy	宙一	0
𡧸	bu	宀山	0
𡧷	bm	宀牟	0
𡧵	bu	宀十	0
𡧴	bc	宀匆	0
𡧭	bw	宀危	0
𡧩	bg	宀圭	0
𡧨	bi	宀出	0
𡧦	bu	宀矢	0
𡧥	bg	.	0
𡧣	by	宀右	0
𡧠	td	它大	0
𡧟	bo	宀目	0
𡧝	bg	宀冈	0
𡧙	bm	宀卯	0
𡧗	bw	宀瓦	0
𡧕	bx	.	0
𡧔	bu	宀殳	0
𡧒	bd	宀歹	0
𡧑	bd	宀大	0
𡧍	bg	.	0
𡧇	bg	宀工	0
𡧆	bb	宀八	0
𡧄	bw	宀丸	0
𡧃	bi	宀亍	0
𡦼	br	宀人	0
𡦻	bj	.	0
𡦸	hx	盒學	0
𡦷	zm	子孖	0
𡦳	xh	孝灬	0
𡦳	xv	.	0
𡦳	zh	子灬	0
𡦱	gx	广孝	0
𡦱	zl	子耂	0
𡦰	zx	子學	0
𡦯	uz	山子	0
𡦯	zx	子辛	0
𡦪	jj	.	0
𡦪	zm	子孖	0
𡦨	xh	享虎	0
𡦥	wm	尾孖	0
𡦥	zm	子孖	0
𡦤	uz	数子	0
𡦤	zu	子数	0
𡦢	fv	孚重	0
𡦟	xb	享卑	0
𡦝	vx	周孝	0
𡦜	zt	子童	0
𡦛	wx	我享	0
𡦚	xu	享束	0
𡦕	zv	子專	0
𡦔	dy	帝孕	0
𡦓	zq	子雀	0
𡦒	zk	子昆	0
𡦎	zq	子氣	0
𡦍	ze	子耳	0
𡦍	zj	.	0
𡦊	xz	孝子	0
𡦊	zz	子子	0
𡦉	zw	子蚊	0
𡦇	zo	子月	0
𡦆	by	卑孕	0
𡦄	df	多孚	0
𡦃	zy	.	0
𡦁	tz	彖子	0
𡦁	zh	.	0
𡦁	zt	子彖	0
𡦀	km	孔明	0
𡥿	zv	子重	0
𡥾	zg	子咼	0
𡥼	zf	子負	0
𡥻	qz	秋子	0
𡥻	zq	子秋	0
𡥸	wy	尾孕	0
𡥶	zy	子禹	0
𡥲	ez	兒子	0
𡥲	ze	子兒	0
𡥱	zv	子周	0
𡥰	zv	子直	0
𡥯	xz	忄子	0
𡥯	zj	子句	0
𡥮	fz	放子	0
𡥮	zf	子放	0
𡥬	lz	利子	0
𡥬	zl	子利	0
𡥫	rz	人子	0
𡥫	zk	子口	0
𡥩	zd	子弟	0
𡥨	mo	孖日	0
𡥨	zo	.	0
𡥧	zj	子尽	0
𡥦	zz	.	0
𡥢	zk	子凵	0
𡥡	zj	子交	0
𡥞	zv	.	0
𡥘	mz	母子	0
𡥘	zm	子母	0
𡥖	dz	代子	0
𡥖	zd	子代	0
𡥕	kz	口子	0
𡥕	zn	子乃	0
𡥔	tz	田子	0
𡥔	zt	子田	0
𡥒	wz	未子	0
𡥒	zw	子未	0
𡥎	zc	子此	0
𡥍	zx	.	0
𡥊	zm	子毛	0
𡥈	zx	.	0
𡥆	zi	子丑	0
𡥂	zy	.	0
𡥁	zd	子刂	0
𡤿	zr	子人	0
𡤽	za	子一	0
𡤽	zy	.	0
𡤷	nq	女籤	0
𡤶	nw	女彎	0
𡤴	nj	女霽	0
𡤰	ny	女鶯	0
𡤭	nd	女黨	0
𡤫	in	齒女	0
𡤫	nk	女可	0
𡤪	nj	女韭	0
𡤦	ny	女藝	0
𡤢	nl	女羅	0
𡤝	ne	女鵝	0
𡤜	yz	壹姿	0
𡤛	nv	女轉	0
𡤙	nn	女聶	0
𡤗	hu	火蜀	0
𡤗	nh	女火	0
𡤕	nx	女霞	0
𡤎	nm	女免	0
𡤍	wy	委原	0
𡤌	nl	女歷	0
𡤋	nj	女韭	0
𡤇	nw	女微	0
𡤆	ny	女要	0
𡤂	nx	女勳	0
𡣾	nx	女蕭	0
𡣽	ny	女閻	0
𡣺	nh	女慧	0
𡣹	nh	.	0
𡣹	nk	女口	0
𡣹	nw	.	0
𡣹	wn	亠女	0
𡣵	ns	女糸	0
𡣴	nn	女鳥	0
𡣳	nj	女韭	0
𡣲	nl	女寮	0
𡣯	ng	女戈	0
𡣮	nc	女蔡	0
𡣬	nd	女大	0
𡣪	nu	女適	0
𡣦	ny	女幺	0
𡣢	vw	重委	0
𡣠	nl	.	0
𡣟	nw	女聞	0
𡣞	nj	女聚	0
𡣝	nc	女翠	0
𡣜	ng	女敢	0
𡣛	nd	女兑	0
𡣚	nx	女莧	0
𡣗	nj	女嘉	0
𡣋	pc	嫖寸	0
𡣊	ng	女干	0
𡣈	nu	女署	0
𡣂	dn	冫女	0
𡣂	nq	女欠	0
𡣂	ns	.	0
𡣁	nn	.	0
𡣁	no	女日	0
𡣀	en	阝女	0
𡣀	ne	.	0
𡣀	nj	女夾	0
𡢿	nn	女農	0
𡢾	nj	女禁	0
𡢹	jn	.	0
𡢳	ng	女感	0
𡢱	np	女剽	0
𡢮	nk	女口	0
𡢮	wn	亠女	0
𡢭	nj	女韭	0
𡢬	ny	女葉	0
𡢫	nz	女兹	0
𡢪	nj	女韭	0
𡢩	nw	女攵	0
𡢨	nu	女聖	0
𡢧	nd	女电	0
𡢦	gn	广女	0
𡢦	nv	女隹	0
𡢥	nl	女林	0
𡢤	ng	女過	0
𡢣	hu	合十	0
𡢣	nu	女十	0
𡢜	gn	广女	0
𡢜	ng	.	0
𡢜	nm	女祢	0
𡢚	nm	.	0
𡢘	nm	女黽	0
𡢖	in	車女	0
𡢖	nj	.	0
𡢖	nu	女殳	0
𡢕	hn	毁女	0
𡢕	nh	女毁	0
𡢒	nd	女豆	0
𡢍	nz	女貲	0
𡢊	nd	女大	0
𡢊	nt	.	0
𡢈	nt	女湯	0
𡢅	ny	女雲	0
𡢄	nm	女閔	0
𡢃	nj	女間	0
𡢂	ne	女二	0
𡢂	tn	土女	0
𡢀	ns	.	0
𡢀	nx	女巽	0
𡡺	nm	女淼	0
𡡷	nl	女菱	0
𡡶	nw	女菀	0
𡡵	nw	女攵	0
𡡴	mn	木女	0
𡡴	nm	女木	0
𡡳	ny	女雅	0
𡡲	ni	女朝	0
𡡱	nq	女琴	0
𡡰	nj	女韭	0
𡡯	nl	女勞	0
𡡮	nm	女眉	0
𡡭	jy	姜有	0
𡡬	nd	女敦	0
𡡫	nj	女兼	0
𡡪	ni	女辰	0
𡡩	nf	女富	0
𡡨	nb	女八	0
𡡥	nq	女渠	0
𡡤	nj	女幾	0
𡡡	nj	女景	0
𡡠	nw	女攵	0
𡡝	np	女普	0
𡡗	nl	.	0
𡡗	ny	女又	0
𡡖	nc	.	0
𡡕	jn	厥女	0
𡡕	nj	女厥	0
𡡔	nz	女最	0
𡡓	ny	女頁	0
𡡒	ns	女斯	0
𡡑	nc	女曾	0
𡡐	nf	女夫	0
𡡐	np	.	0
𡡏	nu	女稍	0
𡡊	ni	女巢	0
𡡉	mn	麻女	0
𡡉	nm	女麻	0
𡡈	nb	女崩	0
𡡅	nn	女鳥	0
𡡂	ny	女羕	0
𡡀	nj	女眷	0
𡠿	nx	女梟	0
𡠼	in	敕女	0
𡠼	ni	女敕	0
𡠹	nd	女帶	0
𡠶	nd	女釣	0
𡠵	ny	女魚	0
𡠴	nx	女心	0
𡠳	nb	女閉	0
𡠲	ny	女異	0
𡠱	nl	女侖	0
𡠰	nk	女昆	0
𡠯	nw	女攵	0
𡠮	nh	女灬	0
𡠭	nx	女雪	0
𡠬	nu	女赦	0
𡠫	nm	女梅	0
𡠧	nf	女凡	0
𡠧	qn	其女	0
𡠥	nq	女强	0
𡠥	qn	强女	0
𡠤	nq	女强	0
𡠞	nf	女符	0
𡠜	nm	女莫	0
𡠚	nb	女畢	0
𡠙	nt	女通	0
𡠘	ny	女永	0
𡠗	nv	女執	0
𡠖	ng	.	0
𡠕	nb	女卜	0
𡠒	nc	女卝	0
𡠏	ns	女桑	0
𡠎	ns	女厶	0
𡠋	nu	女師	0
𡠋	un	師女	0
𡠊	nt	女條	0
𡠅	nu	女矢	0
𡠅	un	矢女	0
𡠄	nw	女烏	0
𡠃	nd	女丶	0
𡠃	wn	未女	0
𡠂	nj	女晋	0
𡠁	ni	女虫	0
𡠀	ng	女高	0
𡟿	jw	姜五	0
𡟾	nt	女庭	0
𡟽	nt	女土	0
𡟹	nv	女致	0
𡟷	ng	女皋	0
𡟳	nd	.	0
𡟯	ne	女恩	0
𡟭	nx	女辛	0
𡟬	nm	.	0
𡟫	ng	女貢	0
𡟩	nx	女屑	0
𡟨	nu	女陝	0
𡟨	un	陝女	0
𡟥	ny	女禹	0
𡟤	no	女月	0
𡟣	nj	女巾	0
𡟢	nc	女从	0
𡟠	nj	.	0
𡟟	nc	.	0
𡟟	nx	女心	0
𡟞	nx	女修	0
𡟜	nj	女姜	0
𡟛	np	女屏	0
𡟚	ny	女盈	0
𡟙	nx	女星	0
𡟕	nu	女施	0
𡟕	un	施女	0
𡟓	na	女哀	0
𡟑	nh	女侯	0
𡟏	ni	女虫	0
𡟎	ns	女虽	0
𡟍	ng	女革	0
𡟊	nq	女秋	0
𡟉	ne	女儿	0
𡟈	nd	女盾	0
𡟇	nt	女彖	0
𡟆	np	女盆	0
𡟅	ny	女約	0
𡟄	ny	女昱	0
𡟃	ny	女苑	0
𡟂	nk	女亏	0
𡟁	ng	女故	0
𡟀	nl	女苓	0
𡞿	nt	女叹	0
𡞾	nu	女耍	0
𡞽	ny	女又	0
𡞼	nx	女小	0
𡞻	nt	女土	0
𡞺	en	耳女	0
𡞺	nk	女口	0
𡞹	nj	女建	0
𡞸	nl	女剌	0
𡞷	nh	女灬	0
𡞶	nf	女方	0
𡞵	nh	女奂	0
𡞰	nz	女兹	0
𡞯	nk	女苦	0
𡞭	nj	女巾	0
𡞭	ny	.	0
𡞫	nn	女柰	0
𡞪	nf	女复	0
𡞧	nw	女夂	0
𡞧	nz	.	0
𡞦	nq	.	0
𡞥	nh	.	0
𡞣	nx	女咸	0
𡞣	xn	咸女	0
𡞢	nk	女剋	0
𡞠	hn	活女	0
𡞠	nh	女活	0
𡞟	np	女叛	0
𡞞	nu	女省	0
𡞜	nq	女酋	0
𡞚	nk	女肯	0
𡞙	nm	女盲	0
𡞘	nq	女妾	0
𡞎	nh	女回	0
𡞋	nc	女参	0
𡞊	nh	女火	0
𡞉	nn	女女	0
𡞈	nh	女和	0
𡞇	np	女朋	0
𡞆	nu	女舍	0
𡞅	nx	女玄	0
𡞅	yn	幺女	0
𡞃	nd	女大	0
𡞂	no	女月	0
𡞁	nq	女芡	0
𡞀	nu	女尚	0
𡝿	ny	女芽	0
𡝾	nf	女丰	0
𡝽	nl	女吕	0
𡝽	un	十女	0
𡝼	nu	女氺	0
𡝼	un	尸女	0
𡝻	nk	女亏	0
𡝺	nm	女玫	0
𡝹	nm	女孟	0
𡝸	nq	女羌	0
𡝸	qn	羌女	0
𡝷	da	丶安	0
𡝷	nb	女宀	0
𡝶	fn	放女	0
𡝶	nf	女放	0
𡝵	nz	女卒	0
𡝫	nv	女沾	0
𡝫	vn	沾女	0
𡝩	na	.	0
𡝧	nv	女制	0
𡝧	vn	制女	0
𡝦	nr	女乳	0
𡝠	ng	.	0
𡝠	nm	女弥	0
𡝟	nn	.	0
𡝝	nw	女汪	0
𡝝	wn	汪女	0
𡝜	ng	女古	0
𡝚	ni	女呈	0
𡝙	nu	女佘	0
𡝘	nu	女水	0
𡝗	nj	女君	0
𡝓	nn	女女	0
𡝒	nw	女攵	0
𡝐	ny	女余	0
𡝍	nu	女豕	0
𡝋	nn	女女	0
𡝊	nv	女折	0
𡝉	fn	夫女	0
𡝉	nn	女女	0
𡝈	nn	女女	0
𡝇	nt	女土	0
𡝆	nj	女冏	0
𡝅	nx	女夕	0
𡝄	ni	女乂	0
𡝃	nb	女步	0
𡝂	nv	女壯	0
𡝁	nu	女束	0
𡝁	un	束女	0
𡝀	ni	女車	0
𡜿	nm	女亩	0
𡜾	nx	女序	0
𡜵	nf	女甫	0
𡜳	ny	女酉	0
𡜲	ng	女告	0
𡜱	nj	女忌	0
𡜯	ng	女乚	0
𡜯	nv	.	0
𡜬	ny	女伊	0
𡜫	nd	女丹	0
𡜨	nx	女休	0
𡜧	nx	女囟	0
𡜦	nc	女廾	0
𡜦	un	十女	0
𡜥	nd	.	0
𡜢	nu	女尸	0
𡜚	ne	女而	0
𡜙	ne	女阝	0
𡜘	nn	女女	0
𡜘	nq	女千	0
𡜗	no	女日	0
𡜖	nv	女旨	0
𡜕	no	女月	0
𡜔	nx	女小	0
𡜓	kn	口女	0
𡜓	nk	女口	0
𡜒	nc	女存	0
𡜑	nw	女亠	0
𡜑	on	日女	0
𡜋	ne	女儿	0
𡜋	nh	.	0
𡜊	nf	女缶	0
𡜉	nd	.	0
𡜂	nw	女污	0
𡜁	ng	女瓜	0
𡜀	nd	女大	0
𡜀	ns	.	0
𡜀	sn	厶女	0
𡛿	nz	女左	0
𡛽	ny	女由	0
𡛽	yn	由女	0
𡛼	ny	女玉	0
𡛻	ny	女永	0
𡛺	mn	矛女	0
𡛺	nm	女矛	0
𡛶	nu	女世	0
𡛵	nv	女正	0
𡛵	vn	正女	0
𡛴	ni	女斥	0
𡛳	nb	女白	0
𡛲	nd	女代	0
𡛰	nv	女只	0
𡛯	nf	女弗	0
𡛮	ny	女右	0
𡛭	nu	女示	0
𡛬	np	女皮	0
𡛬	pn	皮女	0
𡛫	np	女疋	0
𡛩	nl	女立	0
𡛦	nb	女丙	0
𡛥	nt	女它	0
𡛡	np	女皮	0
𡛠	nq	女去	0
𡛟	nd	女丶	0
𡛟	ny	.	0
𡛞	nb	女弁	0
𡛝	dn	歹女	0
𡛝	nd	女歹	0
𡛜	nd	女氐	0
𡛙	ny	女幼	0
𡛘	np	女匹	0
𡛗	nb	女比	0
𡛕	nt	女太	0
𡛓	nd	女丹	0
𡛏	ng	女戈	0
𡛌	nt	女天	0
𡛌	tn	天女	0
𡛋	ns	女三	0
𡛊	nu	女手	0
𡛈	nu	女升	0
𡛇	nw	女攵	0
𡛅	ny	女引	0
𡛄	ni	女尺	0
𡛃	nd	女歹	0
𡛀	ny	女友	0
𡚿	nx	女心	0
𡚽	in	丑女	0
𡚽	ni	女丑	0
𡚼	nu	女氏	0
𡚻	nd	女大	0
𡚹	nv	女丈	0
𡚸	nm	女么	0
𡚷	nu	女勺	0
𡚷	un	勺女	0
𡚵	nx	女夕	0
𡚴	nu	女山	0
𡚴	un	山女	0
𡚳	nt	女土	0
𡚲	nw	女兀	0
𡚮	nj	女久	0
𡚭	nb	女八	0
𡚫	nj	女几	0
𡚪	jn	九女	0
𡚪	nj	女九	0
𡚨	nh	.	0
𡚦	nd	女丶	0
𡚥	hc	奂藏	0
𡚣	dl	大林	0
𡚠	dj	大矍	0
𡚟	dn	大難	0
𡚞	dh	奪或	0
𡚜	dg	.	0
𡚛	dt	大土	0
𡚙	do	大日	0
𡚙	kd	凵大	0
𡚘	df	大番	0
𡚘	vf	爫番	0
𡚗	dl	.	0
𡚗	dt	大田	0
𡚔	dh	大灬	0
𡚑	td	天道	0
𡚌	dt	大天	0
𡚌	tt	天天	0
𡚋	df	大粉	0
𡚋	ud	上大	0
𡚊	dg	.	0
𡚊	dv	大隹	0
𡚈	pt	.	0
𡚇	ad	丨大	0
𡚇	dj	.	0
𡚇	ds	大罒	0
𡚅	cc	从丛	0
𡚅	dc	.	0
𡚁	bd	敝大	0
𡙿	dy	大云	0
𡙾	du	大豕	0
𡙾	hd	禾大	0
𡙽	dh	大禾	0
𡙽	id	厂大	0
𡙼	du	刀氺	0
𡙶	dd	大电	0
𡙶	yd	夭电	0
𡙱	dt	大推	0
𡙱	td	推大	0
𡙰	du	大孰	0
𡙰	ud	孰大	0
𡙯	dg	大淦	0
𡙭	dg	大規	0
𡙭	gd	規大	0
𡙬	du	大售	0
𡙪	dg	丶夬	0
𡙩	yj	亦夾	0
𡙣	dx	大夏	0
𡙢	df	大粉	0
𡙢	fd	粉大	0
𡙛	dz	大兹	0
𡙛	zd	兹大	0
𡙘	dc	大廾	0
𡙓	dy	大彦	0
𡙒	dt	大太	0
𡙒	tt	太太	0
𡙑	dx	大小	0
𡙑	wj	亠尖	0
𡙐	dw	大攵	0
𡙍	dk	大看	0
𡙋	dw	大夂	0
𡙅	hq	火丘	0
𡙄	do	大目	0
𡙀	zb	.	0
𡘾	dv	大狀	0
𡘾	vd	狀大	0
𡘽	dl	大林	0
𡘽	ld	林大	0
𡘴	db	.	0
𡘴	de	大儿	0
𡘳	dl	大良	0
𡘱	fg	丰夬	0
𡘰	dd	大豆	0
𡘭	dv	大折	0
𡘭	vd	折大	0
𡘪	du	大身	0
𡘧	db	大步	0
𡘦	yc	央艹	0
𡘥	di	大赤	0
𡘥	id	赤大	0
𡘤	dd	大电	0
𡘡	di	大臣	0
𡘡	id	臣大	0
𡘝	du	大束	0
𡘛	dn	大女	0
𡘚	dy	大衣	0
𡘙	dd	大大	0
𡘘	dn	大女	0
𡘗	di	大虫	0
𡘖	jy	夾一	0
𡘕	rv	人之	0
𡘔	bd	丷大	0
𡘔	dr	大人	0
𡘒	tt	太田	0
𡘐	do	大日	0
𡘏	dh	大好	0
𡘍	dg	大亘	0
𡘁	dd	大丶	0
𡘀	dk	大可	0
𡘀	kd	可大	0
𡗼	dc	大此	0
𡗹	db	大弁	0
𡗸	dv	大乍	0
𡗷	dg	大瓜	0
𡗶	tu	天上	0
𡗵	dy	大引	0
𡗴	dd	大斗	0
𡗳	dg	大公	0
𡗲	dj	大斤	0
𡗯	df	大分	0
𡗯	fd	分大	0
𡗮	dv	大爫	0
𡗮	vd	爫大	0
𡗭	dd	大丶	0
𡗬	bd	比大	0
𡗬	db	大比	0
𡗫	rd	人丶	0
𡗪	dd	大丶	0
𡗩	hd	火大	0
𡗦	dj	大介	0
𡗥	dt	大屯	0
𡗤	da	大丨	0
𡗤	ya	.	0
𡗣	td	天丁	0
𡗢	dk	.	0
𡗞	dy	大幺	0
𡗞	yd	幺大	0
𡗜	dd	.	0
𡗘	da	大丨	0
𡗘	ta	天丨	0
𡗗	sr	.	0
𡗖	dk	大凵	0
𡗖	kd	凵大	0
𡗔	da	大丨	0
𡗑	ux	尚襄	0
𡗑	vx	.	0
𡗑	xx	夕襄	0
𡗏	yd	嚴多	0
𡗍	yd	養多	0
𡗈	dl	.	0
𡗈	dt	多田	0
𡗈	xt	夕田	0
𡗆	ld	婁多	0
𡗁	dh	多侯	0
𡗀	vd	者多	0
𡖾	dq	多其	0
𡖻	dv	多直	0
𡖺	my	名夜	0
𡖳	jd	夾多	0
𡖲	dt	多妥	0
𡖯	du	多束	0
𡖮	dk	多夸	0
𡖬	dx	多先	0
𡖫	dv	多舟	0
𡖪	dz	多在	0
𡖧	dv	多至	0
𡖦	wn	外男	0
𡖥	xe	夕阝	0
𡖤	dt	多台	0
𡖣	dy	.	0
𡖢	dj	多几	0
𡖢	xj	夕几	0
𡖞	dv	多占	0
𡖝	dr	多冉	0
𡖛	xj	夕冏	0
𡖘	tx	土夕	0
𡖘	xi	夕乂	0
𡖔	de	多二	0
𡖔	dr	.	0
𡖔	xe	夕二	0
𡖓	db	多冖	0
𡖓	dy	.	0
𡖓	xb	夕冖	0
𡖒	dy	多匀	0
𡖑	du	多勺	0
𡖐	dy	多也	0
𡖏	xy	夕于	0
𡖎	dl	多力	0
𡖎	ld	力多	0
𡖌	xv	夕中	0
𡖉	xj	.	0
𡕸	bw	.	0
𡕷	wo	夂目	0
𡕳	wm	夂冒	0
𡕮	ql	.	0
𡕮	qw	去夂	0
𡕮	we	夂儿	0
𡕪	jw	己夂	0
𡕪	wk	夂匚	0
𡕩	pw	.	0
𡕩	xw	囟夂	0
𡕧	kj	.	0
𡕧	kw	亢夂	0
𡕧	wb	夂八	0
𡕦	gw	鬼夊	0
𡕦	wb	夂八	0
𡕥	ow	目夂	0
𡕥	wo	夂目	0
𡕤	rw	人夊	0
𡕢	mw	灭夂	0
𡕢	wm	夂灭	0
𡕙	wo	夂月	0
𡕗	wj	.	0
𡕐	uv	壽周	0
𡕏	hs	壺桑	0
𡕊	jy	吉原	0
𡕉	jk	吉口	0
𡕁	uj	士兢	0
𡔺	tc	土寸	0
𡔱	du	.	0
𡔱	ud	士大	0
𡔭	uf	士非	0
𡔪	tk	土口	0
𡔪	tt	土土	0
𡔪	ut	.	0
𡔧	jr	吉冗	0
𡔣	uw	士吴	0
𡔡	uc	士从	0
𡔠	ji	吉川	0
𡔞	wr	亡壬	0
𡔞	wt	亡土	0
𡔜	uu	士尸	0
𡔛	ud	.	0
𡔕	tg	土貢	0
𡔕	vt	章土	0
𡔎	tx	土獻	0
𡔇	lt	類土	0
𡔇	tl	土類	0
𡔄	tx	土幸	0
𡔁	tl	土壘	0
𡓿	tl	土吕	0
𡓽	tx	土薰	0
𡓻	tw	土夊	0
𡓺	tl	土龍	0
𡓹	tx	土辛	0
𡓸	il	厂垒	0
𡓸	ts	土厶	0
𡓷	st	.	0
𡓰	tk	土虧	0
𡓭	mt	彌土	0
𡓭	tm	土彌	0
𡓫	ty	土嬰	0
𡓩	ts	土糸	0
𡓩	wt	亠土	0
𡓧	ht	火土	0
𡓧	tw	土萬	0
𡓦	ti	.	0
𡓦	tt	土兔	0
𡓣	tg	.	0
𡓘	th	土霍	0
𡓗	st	隨土	0
𡓗	ts	土隨	0
𡓖	yi	堯成	0
𡓕	tx	土勳	0
𡓔	tl	土廪	0
𡓓	tj	.	0
𡓒	tl	土賴	0
𡓍	tl	.	0
𡓌	tw	土攵	0
𡓉	ty	土有	0
𡓉	ut	飠土	0
𡒿	tu	土豕	0
𡒾	tg	土戈	0
𡒻	tv	土質	0
𡒺	tp	土篇	0
𡒹	ti	土虫	0
𡒸	tc	土層	0
𡒷	tf	土番	0
𡒵	tk	土寬	0
𡒴	tu	土豕	0
𡒳	tf	土方	0
𡒳	tm	.	0
𡒱	dt	敵土	0
𡒱	td	土敵	0
𡒯	tm	土蒙	0
𡒧	tj	土斤	0
𡒢	jt	吉土	0
𡒢	tg	.	0
𡒢	tp	土皮	0
𡒠	tf	土父	0
𡒟	tl	土里	0
𡒟	yt	余土	0
𡒞	th	土虎	0
𡒝	tc	土蒼	0
𡒜	th	土回	0
𡒛	tn	土年	0
𡒚	tn	土鳥	0
𡒙	st	索土	0
𡒙	tf	土方	0
𡒒	mv	名中	0
𡒒	tv	土中	0
𡒑	tt	土土	0
𡒑	ug	山圭	0
𡒍	tj	土聚	0
𡒌	tq	土遣	0
𡒊	ty	土與	0
𡒊	yt	與土	0
𡒇	tw	土夂	0
𡒄	tb	土禀	0
𡒃	at	奥土	0
𡒁	tj	土韭	0
𡒁	tz	.	0
𡑾	ty	土虞	0
𡑻	mt	木土	0
𡑻	tu	土豕	0
𡑸	tu	土豕	0
𡑶	jt	將土	0
𡑶	tj	.	0
𡑶	tr	土人	0
𡑯	tj	.	0
𡑯	tq	土僉	0
𡑭	th	土會	0
𡑬	ti	土舛	0
𡑫	jt	家土	0
𡑫	tt	土土	0
𡑨	ty	土飲	0
𡑣	tk	土窟	0
𡑟	tg	土過	0
𡑞	ts	土遂	0
𡑚	ty	土又	0
𡑚	uu	士圣	0
𡑘	tl	土侖	0
𡑘	tu	.	0
𡑘	ut	氏土	0
𡑔	fk	方堃	0
𡑒	tg	土敢	0
𡑎	tx	土尋	0
𡑍	tl	土勞	0
𡑈	id	.	0
𡑆	tl	土量	0
𡑄	tv	土掌	0
𡑀	ft	.	0
𡐿	td	.	0
𡐻	tv	土智	0
𡐺	tt	土萄	0
𡐹	tj	土景	0
𡐸	tv	土兆	0
𡐷	it	厨土	0
𡐷	ti	土厨	0
𡐶	tp	土彭	0
𡐵	tp	土苹	0
𡐴	to	土月	0
𡐳	ht	黄土	0
𡐳	th	土黄	0
𡐱	ib	垂并	0
𡐭	tp	土普	0
𡐥	tf	土非	0
𡐥	tz	.	0
𡐤	tj	土絜	0
𡐠	dg	盾圭	0
𡐞	bt	敝土	0
𡐞	tb	土敝	0
𡐝	kh	圹火	0
𡐝	th	土火	0
𡐖	tj	土堅	0
𡐔	ty	土寅	0
𡐓	tk	土康	0
𡐒	th	土毫	0
𡐌	tv	土逐	0
𡐋	tc	土曹	0
𡐊	it	車土	0
𡐊	tu	土殳	0
𡐈	tp	土品	0
𡐇	tl	土侖	0
𡐆	td	土蛋	0
𡐅	tx	土雪	0
𡐄	ty	土又	0
𡐃	tk	土口	0
𡐂	bt	丷土	0
𡐂	td	土刂	0
𡐁	tq	土且	0
𡐀	dt	氵土	0
𡐀	ty	土易	0
𡏿	tb	土部	0
𡏼	ta	土敖	0
𡏻	tu	土十	0
𡏹	lt	陵土	0
𡏹	tl	土陵	0
𡏵	et	而土	0
𡏵	tw	土瓦	0
𡏯	tb	土敗	0
𡏮	ti	土巢	0
𡏭	tx	土梟	0
𡏪	tm	土木	0
𡏩	dz	.	0
𡏞	tg	.	0
𡏞	tr	土冉	0
𡏛	tx	土奚	0
𡏚	ts	土虒	0
𡏘	tx	土夏	0
𡏕	gt	乖土	0
𡏕	tr	土人	0
𡏔	tv	土啄	0
𡏔	vt	啄土	0
𡏓	ti	土鬯	0
𡏒	gt	根土	0
𡏒	tg	土根	0
𡏑	qt	秦土	0
𡏑	tq	土秦	0
𡏐	it	臣土	0
𡏐	tj	土斤	0
𡏎	ds	大巳	0
𡏎	ts	土巳	0
𡏍	yt	.	0
𡏌	tr	土辱	0
𡏋	pt	浦土	0
𡏋	tp	土浦	0
𡏊	tj	土兼	0
𡏉	ty	土宴	0
𡏈	tv	土烝	0
𡏅	lt	郎土	0
𡏅	tl	土郎	0
𡏁	th	土回	0
𡎾	tp	土朋	0
𡎻	tz	土座	0
𡎺	tv	土祝	0
𡎺	vt	祝土	0
𡎳	rt	弱土	0
𡎳	tr	土弱	0
𡎮	tx	土屑	0
𡎬	zq	坐且	0
𡎠	ty	土盈	0
𡎜	tn	土南	0
𡎛	tp	土盆	0
𡎚	tb	土扁	0
𡎘	ty	土英	0
𡎔	tw	土屋	0
𡎒	ht	活土	0
𡎒	th	土活	0
𡎑	ty	土彦	0
𡎍	tj	土巾	0
𡎊	ft	范土	0
𡎊	tf	土范	0
𡎉	tv	土者	0
𡎉	vt	者土	0
𡎇	tu	土矢	0
𡎆	td	土盾	0
𡎄	at	丆土	0
𡎄	ts	土罒	0
𡎃	tt	土土	0
𡎂	tu	土升	0
𡎂	ut	石土	0
𡎁	th	土胡	0
𡎀	th	土灬	0
𡎀	yt	肀土	0
𡍿	tn	土女	0
𡍾	ty	土羽	0
𡍽	qt	前土	0
𡍽	tq	土前	0
𡍼	dt	冫土	0
𡍼	ty	土余	0
𡍻	tw	土瓮	0
𡍹	tb	土拜	0
𡍷	th	土恒	0
𡍶	tv	土致	0
𡍶	vt	致土	0
𡍲	td	土耷	0
𡍮	ga	.	0
𡍫	tz	土則	0
𡍪	ti	.	0
𡍪	tj	土臼	0
𡍨	td	土度	0
𡍦	tj	土軍	0
𡍥	ti	土柴	0
𡍡	ty	.	0
𡍛	tr	土壬	0
𡍒	tf	土缶	0
𡍒	tt	.	0
𡍐	tw	土外	0
𡍌	tj	土戔	0
𡍉	tb	土备	0
𡍈	tb	土帛	0
𡍇	tq	土千	0
𡍆	tf	土芬	0
𡍄	tj	土居	0
𡍃	ft	附土	0
𡍃	tf	土附	0
𡍂	bz	不坐	0
𡍁	tv	土枝	0
𡍁	vt	枝土	0
𡍀	tf	土房	0
𡌾	ty	.	0
𡌽	td	土店	0
𡌼	ft	放土	0
𡌼	tf	土放	0
𡌻	tg	土庚	0
𡌷	tj	土击	0
𡌶	tb	土並	0
𡌴	tv	土直	0
𡌴	ty	.	0
𡌲	gj	圭句	0
𡌭	tv	土叕	0
𡌭	vt	叕土	0
𡌪	dk	.	0
𡌪	du	多圣	0
𡌩	td	土沓	0
𡌩	tt	.	0
𡌦	ft	非土	0
𡌦	tf	土非	0
𡌤	gq	圭犬	0
𡌢	th	土含	0
𡌞	tt	土土	0
𡌜	tg	.	0
𡌜	ti	土出	0
𡌚	tz	土坐	0
𡌔	tx	土肖	0
𡌐	tv	土占	0
𡌏	tu	土身	0
𡌎	ty	土妍	0
𡌎	yt	妍土	0
𡌍	kt	口土	0
𡌍	tu	土升	0
𡌌	et	阝土	0
𡌌	tj	土斤	0
𡌋	tq	土求	0
𡌊	qt	求土	0
𡌊	tq	土求	0
𡌉	tx	土孝	0
𡌈	tn	土那	0
𡌇	td	土刀	0
𡌆	ty	土余	0
𡌆	yt	余土	0
𡌂	ft	汾土	0
𡌂	tf	土汾	0
𡋽	ti	土赤	0
𡋺	tt	土廷	0
𡋹	dt	歹土	0
𡋹	ty	土又	0
𡋯	tb	土孛	0
𡋭	bt	北土	0
𡋭	tb	土冖	0
𡋪	bt	卜土	0
𡋪	ty	土又	0
𡋩	tu	土士	0
𡋩	tx	.	0
𡋩	xt	彳土	0
𡋨	tv	.	0
𡋨	ty	.	0
𡋧	tb	土冖	0
𡋧	tv	.	0
𡋧	vt	爫土	0
𡋣	tg	土圭	0
𡋟	tj	土交	0
𡋚	jt	件土	0
𡋚	tj	土件	0
𡋙	th	土回	0
𡋗	th	土会	0
𡋖	jt	奸土	0
𡋖	tj	土奸	0
𡋕	tx	土旬	0
𡋔	ts	土糸	0
𡋒	tx	土血	0
𡋑	ay	.	0
𡋐	kt	口土	0
𡋐	tk	土口	0
𡋏	kt	口土	0
𡋎	tl	土老	0
𡋍	ct	艹土	0
𡋍	tw	土兀	0
𡋌	ty	土于	0
𡋋	dt	氵土	0
𡋋	tf	土凡	0
𡋊	tu	土戍	0
𡋊	ut	戍土	0
𡋉	ty	土乙	0
𡋈	dt	冫土	0
𡋈	tj	土斤	0
𡋇	dt	冫土	0
𡋇	tf	土分	0
𡋆	tx	土汐	0
𡋆	xt	汐土	0
𡋅	at	安土	0
𡋅	ta	土安	0
𡋄	tq	土全	0
𡊿	ti	土充	0
𡊼	gt	巩土	0
𡊼	tg	土巩	0
𡊻	tl	土列	0
𡊸	tr	土戎	0
𡊶	ty	土印	0
𡊵	tu	土石	0
𡊵	ut	石土	0
𡊱	tv	土召	0
𡊰	tt	土田	0
𡊭	bt	必土	0
𡊫	tj	土几	0
𡊫	tr	.	0
𡊨	tx	土玄	0
𡊧	tm	土卯	0
𡊤	ty	土用	0
𡊣	tq	.	0
𡊡	ty	土由	0
𡊠	tj	土甲	0
𡊟	to	土目	0
𡊞	tp	土平	0
𡊝	tw	土瓦	0
𡊝	wt	瓦土	0
𡊜	tg	土古	0
𡊛	tq	土去	0
𡊚	tb	土白	0
𡊙	tt	叹土	0
𡊘	td	土大	0
𡊗	tj	土加	0
𡊖	tb	土本	0
𡊕	tb	土卜	0
𡊔	tu	土市	0
𡊍	tu	土术	0
𡊍	tv	.	0
𡊉	tm	土末	0
𡊅	bt	弁土	0
𡊅	tb	土弁	0
𡊄	sq	.	0
𡊁	ta	土卬	0
𡉽	tl	土六	0
𡉼	tu	土升	0
𡉼	ut	升土	0
𡉺	tu	土水	0
𡉸	kt	凵土	0
𡉸	ts	土厶	0
𡉷	bt	巴土	0
𡉷	tb	土巴	0
𡉴	th	土户	0
𡉭	to	土日	0
𡉫	tt	土屯	0
𡉪	ty	土牙	0
𡉩	tq	土犬	0
𡉧	tu	土升	0
𡉦	tw	土午	0
𡉥	tv	土中	0
𡉤	bt	不土	0
𡉤	tb	土不	0
𡉠	tw	土王	0
𡉞	ts	土厶	0
𡉛	tq	土气	0
𡉚	cw	屮王	0
𡉚	ty	.	0
𡉙	at	丆土	0
𡉗	tz	土子	0
𡉗	zt	.	0
𡉓	tn	土女	0
𡉑	td	土大	0
𡉐	gt	工土	0
𡉐	tg	土工	0
𡉏	ty	土已	0
𡉎	tg	土工	0
𡉌	tj	土久	0
𡉉	tm	.	0
𡉉	ty	.	0
𡉉	um	.	0
𡉈	ft	扌土	0
𡉈	tf	土扌	0
𡉆	tk	土凵	0
𡉅	tj	.	0
𡉅	tk	土冂	0
𡉄	tu	.	0
𡉄	ty	.	0
𡉂	lt	力土	0
𡉂	tl	土力	0
𡉁	tn	土乃	0
𡉀	bt	八土	0
𡉀	tb	土八	0
𡈿	tu	土十	0
𡈵	wh	.	0
𡈴	wx	.	0
𡈰	wy	.	0
𡈯	by	不圓	0
𡈮	wg	.	0
𡈨	wj	.	0
𡈧	aq	.	0
𡈧	yy	.	0
𡈦	wy	.	0
𡈣	wu	.	0
𡈠	wv	.	0
𡈞	wg	.	0
𡈙	wn	.	0
𡈗	wm	.	0
𡈓	wv	.	0
𡈐	wd	.	0
𡈏	wq	.	0
𡈎	ww	.	0
𡈊	wm	.	0
𡈉	wr	.	0
𡈆	we	.	0
𡈅	gj	固介	0
𡈀	wy	.	0
𡇿	wl	.	0
𡇼	wh	.	0
𡇺	wh	.	0
𡇸	wg	.	0
𡇷	bg	丷各	0
𡇶	ah	乛合	0
𡇵	wd	.	0
𡇳	wm	.	0
𡇱	wk	.	0
𡇰	wy	.	0
𡇯	wu	.	0
𡇮	wy	.	0
𡇭	wn	.	0
𡇬	wv	.	0
𡇩	wv	.	0
𡇧	wd	.	0
𡇦	wn	.	0
𡇤	bg	丷固	0
𡇠	wb	.	0
𡇟	wy	.	0
𡇞	wh	.	0
𡇝	wz	.	0
𡇜	wu	.	0
𡇚	wb	.	0
𡇖	wi	.	0
𡇓	wv	.	0
𡇒	wm	.	0
𡇈	wu	.	0
𡇄	wu	.	0
𡇂	wh	.	0
𡇀	wu	.	0
𡆽	wx	.	0
𡆸	wg	.	0
𡆲	ww	.	0
𡆱	wp	.	0
𡆯	wu	.	0
𡆮	wt	.	0
𡆮	wu	.	0
𡆪	wn	.	0
𡆩	wy	.	0
𡆦	wb	.	0
𡆥	wb	.	0
𡆤	we	.	0
𡆣	wr	.	0
𡆠	ky	.	0
𡆝	kl	口臠	0
𡆜	ku	口屬	0
𡆛	kv	口隹	0
𡆕	kl	口戀	0
𡆏	kj	口斤	0
𡆋	kc	口寸	0
𡆊	vd	召黨	0
𡆆	kl	口羅	0
𡆅	kw	口夂	0
𡆅	kz	.	0
𡆃	uu	善善	0
𡆀	kh	口轟	0
𡅺	kj	口戢	0
𡅹	kd	口亶	0
𡅶	kj	.	0
𡅵	ku	口釋	0
𡅲	kn	口孽	0
𡅭	kg	口關	0
𡅧	kn	口難	0
𡅥	kd	口顛	0
𡅣	kx	口簫	0
𡅡	eg	噩各	0
𡅙	ky	口韻	0
𡅘	kl	口臘	0
𡅖	my	名養	0
𡅓	kg	口果	0
𡅓	kr	.	0
𡅏	kl	口禮	0
𡅇	kc	口叢	0
𡅆	kc	口藏	0
𡅅	ke	口額	0
𡅄	td	亭單	0
𡅃	kl	口龍	0
𡅃	kp	.	0
𡅂	kb	口鵓	0
𡅁	kg	口果	0
𡅀	ks	口糸	0
𡅀	sk	糸口	0
𡄻	yz	壹咨	0
𡄹	kl	口吕	0
𡄹	ll	吕吕	0
𡄷	kd	口鞮	0
𡄵	ky	口醫	0
𡄴	ks	.	0
𡄳	ks	口薩	0
𡄲	kk	口口	0
𡄲	ri	.	0
𡄲	rk	如口	0
𡄱	kc	口蹙	0
𡄯	ky	口臆	0
𡄦	kl	口臨	0
𡄤	kh	口還	0
𡄣	km	口彌	0
𡄢	kd	口闍	0
𡄡	kv	口齋	0
𡄟	kx	口霞	0
𡄝	cg	艹古	0
𡄝	kg	口古	0
𡄖	ky	口應	0
𡄕	kx	口燮	0
𡄔	ku	口聲	0
𡄓	kj	口蹇	0
𡄑	kj	口韭	0
𡄑	kq	.	0
𡄇	kq	口磬	0
𡄆	kx	口學	0
𡄅	kk	口口	0
𡄅	vk	中口	0
𡄄	ku	口食	0
𡄃	km	口馬	0
𡄂	kt	口土	0
𡄂	xt	喜土	0
𡃸	cn	呲鳥	0
𡃷	kl	口雷	0
𡃷	ll	.	0
𡃶	kx	口錫	0
𡃵	ky	口擁	0
𡃴	ks	口隨	0
𡃳	kx	口興	0
𡃲	kn	口餒	0
𡃩	kb	口八	0
𡃩	kh	.	0
𡃦	kl	.	0
𡃦	kv	口隹	0
𡃤	kl	口賴	0
𡃢	kj	口暨	0
𡃡	kl	口龍	0
𡃡	lk	龍口	0
𡃟	ka	口哀	0
𡃟	ta	土哀	0
𡃞	kz	口暫	0
𡃝	kl	口論	0
𡃖	kl	口慮	0
𡃓	kb	口播	0
𡃏	kd	口墮	0
𡃎	kf	口樊	0
𡃉	kj	口駕	0
𡃈	kk	口緙	0
𡃇	kb	口弊	0
𡃆	kc	口層	0
𡃅	ky	口瑩	0
𡃄	kl	口賚	0
𡃃	kj	口緝	0
𡃂	kx	口寫	0
𡃁	kj	口靚	0
𡃁	kl	.	0
𡃀	ky	口毅	0
𡂿	ko	口歐	0
𡂾	kt	口滕	0
𡂽	kt	口覃	0
𡂼	km	口罵	0
𡂻	kq	口慶	0
𡂺	ky	口養	0
𡂹	ku	口審	0
𡂸	kv	口鄭	0
𡂷	kk	口寬	0
𡂶	ko	口日	0
𡂶	uo	尸日	0
𡂴	kl	口蓮	0
𡂬	jj	君堇	0
𡂫	kp	口蓬	0
𡂪	kv	口遮	0
𡂩	ke	口耳	0
𡂩	kl	.	0
𡂣	ku	.	0
𡂡	ku	口數	0
𡂠	kc	口蔡	0
𡂟	cb	.	0
𡂟	kb	口包	0
𡂟	pb	品包	0
𡂝	km	口賣	0
𡂝	ky	.	0
𡂚	ko	口目	0
𡂚	ky	.	0
𡂙	ki	口遲	0
𡂘	kb	.	0
𡂘	kh	口灬	0
𡂗	kj	口冏	0
𡂖	kl	口厲	0
𡂕	kl	口蓼	0
𡂓	ku	口適	0
𡂒	kv	口質	0
𡂏	kl	.	0
𡂊	km	口淼	0
𡁻	kv	口趙	0
𡁶	kj	口截	0
𡁵	kj	口緊	0
𡁴	kt	口團	0
𡁳	db	.	0
𡁳	dd	單丶	0
𡁳	kd	口丶	0
𡁱	kx	口熙	0
𡁮	kw	口窩	0
𡁪	kz	口則	0
𡁨	kd	口對	0
𡁧	kz	口臧	0
𡁥	kd	口电	0
𡁤	kg	口閣	0
𡁣	km	口馬	0
𡁢	km	口皿	0
𡁡	ku	口舌	0
𡁠	ke	口爾	0
𡁟	kb	口賓	0
𡁜	kh	口禍	0
𡁗	kg	口乚	0
𡁗	qg	喬乚	0
𡁕	ku	.	0
𡁔	kj	口精	0
𡁓	kl	.	0
𡁓	kw	口瓦	0
𡁑	kr	.	0
𡁏	km	口蒙	0
𡁎	ky	口與	0
𡁍	hq	嗐欠	0
𡁌	kq	口欠	0
𡁌	kw	.	0
𡁋	kx	口心	0
𡁋	ky	.	0
𡁉	mv	嗎中	0
𡁈	kb	.	0
𡁇	ki	口綽	0
𡁆	kl	口犖	0
𡁁	kk	.	0
𡁀	kq	口欠	0
𡀿	kl	口屢	0
𡀾	kx	口㬎	0
𡀽	kg	口蓋	0
𡀻	gw	告勿	0
𡀻	kw	口勿	0
𡀺	kx	.	0
𡀹	kv	.	0
𡀸	ht	火同	0
𡀸	ky	.	0
𡀩	kl	口落	0
𡀙	kk	口窟	0
𡀘	kn	口女	0
𡀘	ky	.	0
𡀗	ku	口詩	0
𡀖	kb	口鉢	0
𡀔	kl	口路	0
𡀑	kv	口輈	0
𡀏	kw	口攵	0
𡀋	kd	口电	0
𡀊	ky	口玉	0
𡀉	kq	口且	0
𡀉	pq	品且	0
𡀈	kt	口庭	0
𡀇	kd	口董	0
𡀆	xb	喜不	0
𡀅	kb	口貝	0
𡀄	kk	口壼	0
𡀃	kv	口斟	0
𡀂	kl	口雷	0
𡀁	ks	口嗇	0
𡀀	kb	口禀	0
𠿿	ky	口義	0
𠿾	kd	口电	0
𠿼	ku	口煞	0
𠿻	qy	喬元	0
𠿺	kz	口葬	0
𠿮	ky	口飲	0
𠿭	kh	口滑	0
𠿬	ku	口傻	0
𠿫	ku	口筲	0
𠿪	kj	口賈	0
𠿩	kr	口瑞	0
𠿨	kg	口幹	0
𠿤	kg	口鼓	0
𠿣	ky	口歅	0
𠿢	kx	口羡	0
𠿢	ky	.	0
𠿡	kr	.	0
𠿡	kx	.	0
𠿡	xk	穴口	0
𠿠	kj	口戢	0
𠿟	kb	口冖	0
𠿟	kx	.	0
𠿞	kd	口亶	0
𠿝	ki	口楚	0
𠿜	kh	.	0
𠿜	kw	口瓦	0
𠿛	kl	口虜	0
𠿘	kj	口雋	0
𠿗	ks	口瑟	0
𠿕	qk	喬亢	0
𠿔	kx	口心	0
𠿓	kj	口韭	0
𠿓	kz	.	0
𠿑	kg	口感	0
𠿏	kj	口煎	0
𠿍	kd	口殿	0
𠿋	ky	口粤	0
𠿉	ik	車口	0
𠿉	kj	.	0
𠿉	ku	口殳	0
𠿈	ki	口愁	0
𠿇	kj	口解	0
𠿆	kw	口夂	0
𠾿	kx	口項	0
𠾶	kj	口景	0
𠾴	kb	口棒	0
𠾳	kk	可可	0
𠾲	ky	口越	0
𠾮	ku	口身	0
𠾭	kw	口萎	0
𠾬	kq	口欽	0
𠾫	kx	口須	0
𠾩	kh	口曷	0
𠾨	kq	口嵌	0
𠾥	gl	哥令	0
𠾤	ks	口森	0
𠾤	sk	森口	0
𠾢	kc	口寸	0
𠾢	ku	.	0
𠾡	kd	口等	0
𠾠	kj	口句	0
𠾟	kk	口可	0
𠾞	kf	口棼	0
𠾝	kw	口攵	0
𠾜	kv	口止	0
𠾛	kh	口黄	0
𠾚	kf	口費	0
𠾙	kf	口富	0
𠾘	ky	口言	0
𠾗	kq	口欠	0
𠾒	ky	口雅	0
𠾐	kl	口隆	0
𠾏	ku	口奢	0
𠾎	ks	口散	0
𠾍	kq	口棄	0
𠾌	kj	口臼	0
𠾌	kp	.	0
𠾇	ki	口厨	0
𠾆	kl	.	0
𠾆	kn	口牛	0
𠾀	kw	口攵	0
𠾀	yw	唷攵	0
𠽿	kg	口辜	0
𠽾	kp	口普	0
𠽼	ks	.	0
𠽼	kv	口止	0
𠽻	kv	口喆	0
𠽹	ky	口言	0
𠽸	ky	口頁	0
𠽷	kz	口貲	0
𠽶	kc	口毳	0
𠽵	kd	口豆	0
𠽵	kw	.	0
𠽲	km	口皿	0
𠽱	kj	.	0
𠽰	ku	口是	0
𠽬	ke	口貳	0
𠽫	kx	.	0
𠽫	ky	口牙	0
𠽪	ka	.	0
𠽪	ky	口音	0
𠽩	kb	口筆	0
𠽨	ky	口音	0
𠽦	kj	口減	0
𠽣	kj	口臼	0
𠽣	kq	.	0
𠽡	kh	口惠	0
𠽠	gd	古段	0
𠽟	ki	口虫	0
𠽝	kd	口典	0
𠽝	ld	.	0
𠽜	ki	口啻	0
𠽛	ky	口陰	0
𠽌	kx	口雪	0
𠽋	kn	口匿	0
𠽊	km	口敏	0
𠼻	kj	口基	0
𠼰	kg	口梗	0
𠼮	kw	口僞	0
𠼭	kb	口本	0
𠼬	ku	口商	0
𠼪	ky	口移	0
𠼩	kl	口侖	0
𠼤	kj	口堅	0
𠼢	kq	口强	0
𠼠	kb	口貝	0
𠼟	km	口面	0
𠼞	hy	合亞	0
𠼝	kl	口梨	0
𠼗	kv	口斬	0
𠼖	kl	口婪	0
𠼔	ki	口常	0
𠼓	ko	口日	0
𠼒	kb	口笨	0
𠼑	gg	告告	0
𠼐	kl	口犁	0
𠼏	kz	口做	0
𠼎	km	口米	0
𠼍	kw	口攵	0
𠼌	kw	口攵	0
𠼋	kw	口問	0
𠼊	ky	口衣	0
𠼈	kw	口委	0
𠼇	ky	口雨	0
𠼅	ky	口奄	0
𠼄	kc	口从	0
𠼃	kv	口斬	0
𠼃	vk	斬口	0
𠼂	ki	口陳	0
𠼁	ky	口业	0
𠼀	kv	口章	0
𠻿	ku	口生	0
𠻾	kw	口望	0
𠻻	kb	口閉	0
𠻹	kt	口添	0
𠻴	kl	口朗	0
𠻱	kl	口陵	0
𠻬	kt	口荼	0
𠻫	kx	口心	0
𠻫	ky	.	0
𠻪	kd	口淡	0
𠻨	kj	口堇	0
𠻧	kg	口梏	0
𠻦	kw	口夂	0
𠻥	ki	口巢	0
𠻤	ky	口寅	0
𠻡	dk	丶口	0
𠻡	kj	口斤	0
𠻡	kl	.	0
𠻠	kl	口聆	0
𠻟	kq	.	0
𠻞	kk	口康	0
𠻝	pv	.	0
𠻜	kl	口率	0
𠻚	km	口莫	0
𠻙	kh	口合	0
𠻘	kq	口雀	0
𠻗	ki	.	0
𠻗	kl	口离	0
𠻑	kx	口郗	0
𠻐	kl	口珞	0
𠻍	ky	口又	0
𠻉	ku	口适	0
𠻄	kh	口荒	0
𠺬	kq	口起	0
𠺫	kl	口料	0
𠺪	kq	口氣	0
𠺣	kb	口剥	0
𠺢	kj	口家	0
𠺟	kk	口庫	0
𠺝	kg	口格	0
𠺚	kb	口班	0
𠺙	kt	口退	0
𠺘	kl	口浪	0
𠺗	km	口迷	0
𠺖	km	口畝	0
𠺕	kl	口留	0
𠺔	ky	口用	0
𠺒	kx	口息	0
𠺐	jk	見口	0
𠺐	kj	口見	0
𠺐	lj	.	0
𠺍	kj	口具	0
𠺌	kg	口鬼	0
𠺋	kq	口缺	0
𠺊	kr	口茸	0
𠺉	kd	口丁	0
𠺈	kn	口年	0
𠺇	jk	吉口	0
𠺇	kc	口廿	0
𠺆	kt	口套	0
𠺅	kl	口烈	0
𠺄	kd	口电	0
𠺃	kv	口振	0
𠺃	vk	振口	0
𠺁	kr	口弱	0
𠺀	kg	口谷	0
𠹿	kt	口土	0
𠹻	kv	口朕	0
𠹺	km	口埋	0
𠹹	kl	口倫	0
𠹸	kq	口衾	0
𠹶	kp	口砰	0
𠹵	ky	口晏	0
𠹳	kj	口桀	0
𠹱	kq	口渠	0
𠹭	kg	口哥	0
𠹬	gy	咼元	0
𠹦	ks	口糸	0
𠹥	kt	.	0
𠹥	ky	口羽	0
𠹤	kh	口恚	0
𠹠	km	口木	0
𠹟	ks	.	0
𠹝	kj	口九	0
𠹝	ko	.	0
𠹝	lk	林口	0
𠹛	kq	口豈	0
𠹘	ky	口又	0
𠹖	kv	口展	0
𠹕	kb	口豹	0
𠹔	kt	口唐	0
𠹓	kf	口缶	0
𠹑	kg	.	0
𠹑	kn	口臬	0
𠹐	kw	口夂	0
𠹐	kz	.	0
𠹎	kh	口灬	0
𠹎	kx	.	0
𠹍	kr	口容	0
𠹌	kn	口能	0
𠹋	kj	口疾	0
𠹊	kc	口草	0
𠹈	ll	.	0
𠹆	kd	口耽	0
𠹅	kg	口恭	0
𠹄	kh	.	0
𠹃	ka	口盎	0
𠹁	kw	口窊	0
𠹀	ks	口孫	0
𠸺	kn	口逆	0
𠸹	ky	口彧	0
𠸸	ki	口唇	0
𠸸	kv	.	0
𠸳	kl	口陋	0
𠸲	kb	口八	0
𠸲	yj	.	0
𠸱	ku	口示	0
𠸯	kn	口女	0
𠸮	ph	.	0
𠸮	yh	由号	0
𠸪	kl	口洛	0
𠸦	kk	口看	0
𠸤	kd	口待	0
𠸝	kb	口卜	0
𠸚	kg	口苟	0
𠸖	kl	口苓	0
𠸑	kx	口削	0
𠸏	kj	口茄	0
𠸎	ku	口手	0
𠸍	km	口美	0
𠸌	ku	口豕	0
𠸊	kd	口耷	0
𠸄	ky	口英	0
𠸂	kt	口突	0
𠸁	kp	口派	0
𠷿	kz	口怎	0
𠷻	uc	哂寸	0
𠷺	kb	口勃	0
𠷸	kv	.	0
𠷷	ky	口玉	0
𠷷	tk	天口	0
𠷶	ku	口生	0
𠷵	kv	口紂	0
𠷴	kh	口後	0
𠷱	kg	口甘	0
𠷱	yg	.	0
𠷰	km	口面	0
𠷯	km	口眉	0
𠷮	kd	口毒	0
𠷭	kt	口叹	0
𠷬	kj	口柬	0
𠷪	kk	口口	0
𠷩	kj	口姜	0
𠷨	kb	口扁	0
𠷧	km	口灭	0
𠷥	kt	口亭	0
𠷡	bh	百合	0
𠷟	kj	口界	0
𠷞	lg	卵古	0
𠷙	kw	口攵	0
𠷖	kb	.	0
𠷖	kf	口乏	0
𠷓	kb	口八	0
𠷓	pv	.	0
𠷓	yv	由只	0
𠷒	ko	口目	0
𠷑	kp	.	0
𠷑	ku	口殳	0
𠷐	kh	口恒	0
𠷏	wg	丸咼	0
𠷎	gk	弓口	0
𠷎	kg	口工	0
𠷍	kl	口录	0
𠷌	kz	口則	0
𠷋	kh	口厚	0
𠷊	kb	口便	0
𠷉	kj	口迦	0
𠷈	kl	口律	0
𠷇	ku	口施	0
𠷅	kv	口茁	0
𠷃	ks	.	0
𠷃	ky	口又	0
𠷂	kd	口怠	0
𠷁	kq	口前	0
𠷀	kd	口大	0
𠷀	kr	.	0
𠶿	kn	.	0
𠶾	kk	口苛	0
𠶻	kj	.	0
𠶹	kg	口紇	0
𠶹	kq	.	0
𠶸	kq	口卻	0
𠶷	kl	.	0
𠶷	kv	口中	0
𠶷	lk	立口	0
𠶵	kb	口八	0
𠶲	kf	口缶	0
𠶲	kk	.	0
𠶱	kg	可各	0
𠶬	ky	.	0
𠶫	kd	口丶	0
𠶫	ki	.	0
𠶨	kv	口炙	0
𠶧	kd	口店	0
𠶤	ku	口尚	0
𠶠	kv	口治	0
𠶜	kv	口制	0
𠶗	kv	口直	0
𠶖	kw	口枉	0
𠶋	kj	口芥	0
𠵿	kp	口披	0
𠵾	kh	口画	0
𠵼	km	口孟	0
𠵻	kz	口宗	0
𠵹	kg	口岡	0
𠵸	km	口弥	0
𠵷	ky	口兖	0
𠵴	km	口命	0
𠵳	hj	.	0
𠵳	hy	后又	0
𠵳	ky	口又	0
𠵱	ky	口依	0
𠵯	kg	口刮	0
𠵮	kn	口牛	0
𠵮	ky	.	0
𠵭	ko	口月	0
𠵬	py	品又	0
𠵫	ka	口昂	0
𠵪	ki	口乂	0
𠵩	kg	口果	0
𠵨	kc	口寸	0
𠵨	kd	.	0
𠵧	ik	辰口	0
𠵧	ki	口辰	0
𠵦	ww	吾午	0
𠵣	kv	.	0
𠵣	ky	口軋	0
𠵠	kf	.	0
𠵟	km	口木	0
𠵞	gw	告勿	0
𠵝	ky	口芽	0
𠵜	kw	口罔	0
𠵚	ka	口岸	0
𠵙	kl	口令	0
𠵘	km	口門	0
𠵗	hg	号光	0
𠵖	kj	口戔	0
𠵕	kt	口土	0
𠵔	kb	口並	0
𠵍	kx	口析	0
𠵍	xk	析口	0
𠵌	ky	口宜	0
𠵉	kh	口杭	0
𠵆	kd	口担	0
𠵅	kh	口花	0
𠴾	ki	口丑	0
𠴼	kd	口到	0
𠴻	kt	.	0
𠴹	kq	口泣	0
𠴸	bk	波口	0
𠴸	kb	口波	0
𠴵	kv	口帚	0
𠴳	ky	口肴	0
𠴲	kd	口沓	0
𠴲	kt	.	0
𠴱	kg	口固	0
𠴰	kj	口咎	0
𠴯	kc	口从	0
𠴭	ky	口易	0
𠴫	ku	口叔	0
𠴩	kq	口其	0
𠴨	kg	口官	0
𠴦	jv	句主	0
𠴣	kj	口句	0
𠴢	ku	口声	0
𠴡	ke	口儿	0
𠴡	km	.	0
𠴞	kb	口伴	0
𠴕	km	口妙	0
𠴎	kw	口沃	0
𠴇	kb	口兵	0
𠴆	kt	口忒	0
𠴄	kg	口乚	0
𠴄	kj	.	0
𠴂	kn	口努	0
𠳿	kw	口尾	0
𠳽	kd	口丁	0
𠳽	ki	.	0
𠳼	ks	口宋	0
𠳹	ki	口床	0
𠳶	kt	口秃	0
𠳴	kn	口女	0
𠳳	kd	口呆	0
𠳭	kk	口克	0
𠳬	gg	古古	0
𠳪	kk	口口	0
𠳩	kp	口皮	0
𠳨	km	口每	0
𠳧	ks	口三	0
𠳦	ky	口又	0
𠳥	kt	口仝	0
𠳤	kb	口步	0
𠳣	ku	口十	0
𠳢	ib	叱必	0
𠳡	ki	口串	0
𠳠	kw	口兀	0
𠳟	ky	口元	0
𠳞	kq	口却	0
𠳝	kf	口否	0
𠳜	kd	口丶	0
𠳛	dk	氵口	0
𠳛	kw	口攵	0
𠳕	ki	口抄	0
𠳔	kj	口巨	0
𠳐	kb	口邦	0
𠳏	ki	口扯	0
𠳎	ks	.	0
𠳎	ku	口似	0
𠳌	qk	去可	0
𠳊	kq	可去	0
𠳇	kt	口听	0
𠳇	ky	.	0
𠳇	tk	听口	0
𠳄	kw	口巫	0
𠳄	wk	巫口	0
𠳃	kg	口汞	0
𠳂	kg	.	0
𠳁	kk	口困	0
𠳀	ky	口甬	0
𠲿	ku	口束	0
𠲾	kx	.	0
𠲽	kf	口佛	0
𠲻	ky	口沂	0
𠲻	yk	沂口	0
𠲺	kj	口岌	0
𠲹	kj	口忌	0
𠲷	kg	口乚	0
𠲷	kv	.	0
𠲵	kj	口劫	0
𠲴	kt	口投	0
𠲱	fg	丰各	0
𠲮	kg	口工	0
𠲮	kj	.	0
𠲬	ki	口臣	0
𠲫	ki	口出	0
𠲩	lg	六古	0
𠲦	kr	口戎	0
𠲜	kv	口争	0
𠲛	kh	口回	0
𠲚	kj	口孑	0
𠲚	kz	.	0
𠲙	kd	口丶	0
𠲖	ky	口衣	0
𠲔	ky	口亦	0
𠲓	kj	.	0
𠲏	kr	口任	0
𠲎	kf	口伐	0
𠲍	kd	口丢	0
𠲌	ku	口戍	0
𠲋	kb	口贝	0
𠲋	kc	.	0
𠲊	kw	口夂	0
𠲉	kt	口土	0
𠲈	ku	口水	0
𠲇	kb	口不	0
𠲆	hk	禾口	0
𠲆	ky	.	0
𠲅	ks	口色	0
𠲄	ke	口阝	0
𠲃	ky	口印	0
𠲂	kd	口大	0
𠲁	kd	口丶	0
𠲀	kl	口吏	0
𠲀	lk	吏口	0
𠱿	kl	口力	0
𠱾	ks	口寺	0
𠱽	kz	口在	0
𠱼	kk	口考	0
𠱻	kz	口再	0
𠱺	ki	口丞	0
𠱸	ki	口臣	0
𠱷	km	口名	0
𠱳	kg	口弓	0
𠱳	kj	.	0
𠱲	ky	.	0
𠱯	lg	.	0
𠱫	ka	口丆	0
𠱫	kl	.	0
𠱫	wk	亠口	0
𠱨	kk	口凵	0
𠱥	kh	口卉	0
𠱤	kl	口耒	0
𠱠	kk	口口	0
𠱞	kd	.	0
𠱞	kz	口杂	0
𠱝	ko	口月	0
𠱝	ky	口䏍	0
𠱜	kc	口存	0
𠱛	dj	刀冏	0
𠱙	ku	.	0
𠱙	kx	口小	0
𠱘	kc	口屮	0
𠱘	kn	.	0
𠱔	ku	口守	0
𠱓	kw	口危	0
𠱑	kh	.	0
𠱑	kk	口口	0
𠱐	kk	.	0
𠱐	kw	口吴	0
𠱇	kx	口穴	0
𠱆	ky	口孕	0
𠱃	ka	口凹	0
𠱂	kt	口凸	0
𠱁	kd	.	0
𠱀	kp	口皮	0
𠰾	kj	口几	0
𠰽	kj	口几	0
𠰽	kr	.	0
𠰼	kk	口冂	0
𠰼	ku	.	0
𠰻	kw	口外	0
𠰺	kd	口代	0
𠰹	kt	.	0
𠰴	ku	口石	0
𠰳	kb	口丙	0
𠰰	dk	代口	0
𠰰	kd	口代	0
𠰯	kc	口匆	0
𠰮	ku	口生	0
𠰭	km	口卯	0
𠰬	ky	口由	0
𠰫	ks	口三	0
𠰫	rk	人口	0
𠰪	kv	口正	0
𠰩	ky	口用	0
𠰧	ky	口玉	0
𠰦	ky	口永	0
𠰦	yk	永口	0
𠰥	by	.	0
𠰥	ky	.	0
𠰤	ka	口亅	0
𠰣	bk	必口	0
𠰣	kb	口必	0
𠰠	kj	口巨	0
𠰟	gy	.	0
𠰟	ky	.	0
𠰜	kj	.	0
𠰛	ug	山古	0
𠰚	ke	口尔	0
𠰕	ik	出口	0
𠰕	ki	口出	0
𠰓	kh	口禾	0
𠰑	ka	.	0
𠰑	kg	口干	0
𠰐	kp	口叵	0
𠰏	kf	口乏	0
𠰍	kv	口主	0
𠰌	km	口末	0
𠰋	kq	口丘	0
𠰉	kv	口召	0
𠰈	kh	口弘	0
𠰇	ky	.	0
𠰅	ku	口手	0
𠰄	ky	口予	0
𠯿	kl	口六	0
𠯽	kv	口止	0
𠯻	kh	口幻	0
𠯹	kr	口仍	0
𠯷	ks	口厶	0
𠯴	kb	口卞	0
𠯳	wk	勿口	0
𠯲	ko	口月	0
𠯱	kr	口入	0
𠯰	ku	口什	0
𠯯	kp	口片	0
𠯭	ko	口日	0
𠯬	kb	口卜	0
𠯫	kg	口戈	0
𠯪	kd	口歹	0
𠯩	kv	口扎	0
𠯨	fk	分口	0
𠯨	kf	口分	0
𠯧	ky	.	0
𠯦	kq	口切	0
𠯥	ku	口十	0
𠯤	kj	口井	0
𠯣	kv	口之	0
𠯠	kw	口为	0
𠯟	kj	口见	0
𠯜	kg	口勾	0
𠯙	kj	.	0
𠯘	kf	口反	0
𠯗	kz	.	0
𠯔	kp	口匹	0
𠯓	jk	斤口	0
𠯓	kj	口斤	0
𠯑	ku	口氏	0
𠯑	uk	氏口	0
𠯐	ko	口日	0
𠯎	ke	口二	0
𠯍	kr	.	0
𠯋	kx	口兮	0
𠯉	va	召一	0
𠯈	kd	口大	0
𠯆	kn	口女	0
𠯄	kr	口刃	0
𠯃	gj	.	0
𠯃	ka	口亅	0
𠯂	kz	口子	0
𠯀	ki	口川	0
𠮿	ku	口山	0
𠮽	kc	口廾	0
𠮻	kj	口久	0
𠮹	kc	口才	0
𠮸	kw	口亠	0
𠮷	kt	口土	0
𠮷	tk	土口	0
𠮶	kg	口个	0
𠮵	ku	口上	0
𠮴	kx	口下	0
𠮴	xk	下口	0
𠮳	ku	口上	0
𠮳	uk	上口	0
𠮰	ki	.	0
𠮯	jk	己口	0
𠮯	kj	口己	0
𠮭	ku	口勺	0
𠮫	kw	口丸	0
𠮫	wk	丸口	0
𠮩	kl	口了	0
𠮨	kn	口乃	0
𠮡	ke	口二	0
𠮠	kg	口勹	0
𠮟	ka	.	0
𠮟	kq	口七	0
𠮝	ka	口丨	0
𠮜	kg	口乚	0
𠮛	ak	一口	0
𠮙	ky	口乙	0
𠮔	yl	又麗	0
𠮑	yj	又鞠	0
𠮏	hy	虍又	0
𠮏	yo	又目	0
𠮌	vd	.	0
𠮌	vj	叕臼	0
𠮌	yj	又臼	0
𠮊	dq	旦取	0
𠮊	ye	又耳	0
𠮈	dy	丶又	0
𠮈	yo	又目	0
𠮆	ub	双敗	0
𠮅	hy	紅又	0
𠮅	yc	又艹	0
𠮃	yb	.	0
𠮂	gy	共友	0
𠮂	yy	.	0
𠭿	ya	.	0
𠭿	yj	又巾	0
𠭿	yy	.	0
𠭹	vx	.	0
𠭹	vy	貞又	0
𠭹	yy	又又	0
𠭴	vi	叕出	0
𠭰	wy	未又	0
𠭰	yi	又厂	0
𠭯	yc	.	0
𠭮	uj	上井	0
𠭮	yj	又井	0
𠭭	yy	又与	0
𠭬	yw	又烏	0
𠭫	yu	又示	0
𠭪	ey	耳又	0
𠭪	yo	又月	0
𠭩	sy	厶又	0
𠭩	yb	又冖	0
𠭦	bs	八叟	0
𠭥	sy	祟又	0
𠭥	ys	又祟	0
𠭞	yk	又叩	0
𠭓	vy	止又	0
𠭓	yy	.	0
𠭒	iy	昌又	0
𠭒	yi	又昌	0
𠭑	yq	又奇	0
𠭐	uv	士止	0
𠭐	yv	又止	0
𠭋	vj	.	0
𠭉	by	卜又	0
𠭉	yy	又用	0
𠭈	sy	司又	0
𠭈	yb	又冖	0
𠭈	ys	.	0
𠭆	cy	屮又	0
𠭆	yk	又口	0
𠭅	yv	友正	0
𠭄	uy	束又	0
𠭄	yu	又束	0
𠬾	yy	又幺	0
𠬽	yl	又耒	0
𠬷	ay	丆又	0
𠬷	yy	.	0
𠬵	dy	丶又	0
𠬴	ys	又三	0
𠬬	bj	八及	0
𠬪	vy	爫又	0
𠬪	yv	又爫	0
𠬤	yf	.	0
𠬣	yy	.	0
𠬢	cy	屮又	0
𠬢	yc	又屮	0
𠬢	yi	.	0
𠬞	jy	.	0
𠬝	ye	又卩	0
𠬜	yg	.	0
𠬛	yd	又刀	0
𠬙	cl	參兩	0
𠬗	sy	厶義	0
𠬏	mw	牟罔	0
𠬋	lx	.	0
𠬊	sc	厶参	0
𠬈	qb	去卑	0
𠬆	ss	厶糸	0
𠬄	ss	厶三	0
𠫺	sa	厶一	0
𠫶	sl	厶里	0
𠫴	qu	去少	0
𠫮	js	.	0
𠫭	st	.	0
𠫨	lf	.	0
𠫧	sb	厶丙	0
𠫣	sn	厶内	0
𠫢	fs	丰厶	0
𠫢	sf	厶丰	0
𠫡	sm	厶木	0
𠫜	sl	厶力	0
𠫛	ss	厶厶	0
𠫘	su	厶十	0
𠫓	sa	厶一	0
𠫓	sw	.	0
𠫌	lu	歷芟	0
𠫉	id	厂顛	0
𠫇	ix	厂心	0
𠫄	il	厂令	0
𠫃	im	厂木	0
𠫂	il	厂盧	0
𠫁	io	厂日	0
𠫀	ib	厂壁	0
𠪾	ix	厂心	0
𠪽	iy	厂尤	0
𠪺	if	厂分	0
𠪺	lf	.	0
𠪷	iy	厂暈	0
𠪶	id	厂豆	0
𠪵	iv	厂重	0
𠪮	ib	.	0
𠪧	ig	厂果	0
𠪣	is	厂散	0
𠪡	it	厂屠	0
𠪟	if	厂缶	0
𠪚	ig	厂敢	0
𠪙	iy	厂異	0
𠪗	iq	厂欠	0
𠪗	ix	.	0
𠪖	it	厂土	0
𠪒	ij	厂金	0
𠪑	iu	.	0
𠪑	iw	厂丸	0
𠪐	il	厂留	0
𠪎	id	厂电	0
𠪇	is	厂叟	0
𠪄	im	厂苗	0
𠪃	im	厂眉	0
𠪂	ib	厂扁	0
𠩿	ib	厂畢	0
𠩾	iq	厂秋	0
𠩺	iw	厂攵	0
𠩷	id	厂典	0
𠩵	il	厂林	0
𠩴	iw	厂夊	0
𠩳	is	厂巳	0
𠩫	ie	厂兒	0
𠩪	ic	厂刺	0
𠩧	iv	厂止	0
𠩥	ii	厂呈	0
𠩣	zx	仄兄	0
𠩢	it	厂廷	0
𠩠	ib	厂貝	0
𠩘	ij	厂夾	0
𠩗	iq	厂欠	0
𠩗	ix	.	0
𠩔	hq	灰七	0
𠩔	ih	.	0
𠩔	iq	.	0
𠩒	iy	厂又	0
𠩏	iu	.	0
𠩌	id	厂丶	0
𠩉	ii	厂出	0
𠩈	iv	厂主	0
𠩆	ic	厂此	0
𠩃	ii	出厂	0
𠩂	iq	厂去	0
𠨿	iu	厂氏	0
𠨾	iu	厂手	0
𠨽	ib	厂比	0
𠨻	iu	厂殳	0
𠨵	if	厂丰	0
𠨲	ci	屮厂	0
𠨲	ic	厂屮	0
𠨲	ii	.	0
𠨭	ie	厂二	0
𠨦	eq	卩去	0
𠨦	yq	頁却	0
𠨢	wj	.	0
𠨢	ww	危夂	0
𠨠	jj	即久	0
𠨝	ex	卩心	0
𠨚	ex	卩希	0
𠨚	xe	希卩	0
𠨘	be	必卩	0
𠨘	eb	卩必	0
𠨕	jv	.	0
𠨔	yy	.	0
𠨏	ey	卩又	0
𠨏	ye	又卩	0
𠨎	jj	.	0
𠨍	ej	.	0
𠨌	bp	卜票	0
𠨊	bx	卜夕	0
𠨊	cw	艹外	0
𠨊	gw	.	0
𠨉	ab	丨卜	0
𠨉	bw	卜夊	0
𠨆	bb	卜丙	0
𠨃	nw	男外	0
𠧵	id	.	0
𠧴	yt	.	0
𠧰	bk	卜口	0
𠧯	bb	卜八	0
𠧮	bw	卜尾	0
𠧮	wb	尾卜	0
𠧭	dp	大朴	0
𠧬	bj	卜君	0
𠧬	jb	君卜	0
𠧫	bw	卜夂	0
𠧪	br	卜人	0
𠧩	bm	卜每	0
𠧦	bb	.	0
𠧦	by	卜幺	0
𠧠	yy	.	0
𠧟	yl	.	0
𠧛	ui	上尺	0
𠧚	bq	卜囚	0
𠧙	bv	卜召	0
𠧙	vb	召卜	0
𠧖	bb	卜贝	0
𠧕	uu	上尸	0
𠧐	iu	讎十	0
𠧐	ui	十讎	0
𠧊	uw	十勿	0
𠧇	vy	卓舁	0
𠧅	gb	咼卑	0
𠧂	uj	十敬	0
𠧁	ud	十當	0
𠧀	mu	獁十	0
𠧀	um	十獁	0
𠦾	uv	十止	0
𠦽	uh	十惠	0
𠦼	uv	十隹	0
𠦼	yu	幺十	0
𠦲	vu	卓升	0
𠦱	ul	十吏	0
𠦰	uq	十欠	0
𠦭	du	氵十	0
𠦬	ry	.	0
𠦫	uj	.	0
𠦪	ub	十苯	0
𠦪	uu	十十	0
𠦧	ux	十幸	0
𠦧	xu	幸十	0
𠦦	fu	矾十	0
𠦦	uf	十矾	0
𠦥	du	冫十	0
𠦡	ug	十干	0
𠦠	uy	.	0
𠦞	bq	北千	0
𠦝	uz	十早	0
𠦜	cc	廿廿	0
𠦚	qy	.	0
𠦚	uy	.	0
𠦗	uy	.	0
𠦖	du	丶十	0
𠦖	ui	十厂	0
𠦒	ay	.	0
𠦒	uy	.	0
𠦐	uj	十几	0
𠦏	ac	丨丛	0
𠦏	uc	.	0
𠦎	bu	八十	0
𠦎	ub	十八	0
𠦌	cc	艹艹	0
𠦌	cn	.	0
𠦌	nn	.	0
𠦌	uc	十艹	0
𠦋	uq	上千	0
𠦊	uy	十云	0
𠦊	yu	云十	0
𠦈	ju	井十	0
𠦈	uj	十井	0
𠦃	uu	.	0
𠥿	uj	.	0
𠥽	my	.	0
𠥽	ua	十丨	0
𠥹	qw	區烏	0
𠥷	qf	區凡	0
𠥵	yy	.	0
𠥴	kc	.	0
𠥴	xc	.	0
𠥳	yg	.	0
𠥲	yk	.	0
𠥰	km	匚卯	0
𠥰	xm	.	0
𠥭	kd	匚刀	0
𠥨	ki	匚蟲	0
𠥦	ky	匚翼	0
𠥥	kv	匚隹	0
𠥢	kw	匚舞	0
𠥡	kl	匚吕	0
𠥞	kq	匚全	0
𠥝	ku	.	0
𠥝	qu	區殳	0
𠥜	kx	匚歇	0
𠥙	kz	匚尊	0
𠥖	kd	匚帶	0
𠥕	kg	.	0
𠥒	ky	匚舀	0
𠥑	kt	匚條	0
𠥐	kc	匚倉	0
𠥎	kw	匚韋	0
𠥍	ka	匚阿	0
𠥇	ky	匚言	0
𠥅	kv	匚中	0
𠤾	ky	匚吟	0
𠤼	ky	匚攸	0
𠤹	kq	匚全	0
𠤴	kv	匚只	0
𠤰	kg	匚公	0
𠤮	kj	匚今	0
𠤭	kr	匚人	0
𠤨	bg	匕干	0
𠤦	be	.	0
𠤦	by	匕允	0
𠤤	bv	匕真	0
𠤡	bk	匕开	0
𠤠	bu	匕尚	0
𠤠	ub	尚匕	0
𠤝	be	匕二	0
𠤝	db	丶匕	0
𠤘	by	匕矣	0
𠤗	bx	.	0
𠤕	bu	匕矢	0
𠤑	bu	匕矢	0
𠤏	bu	匕十	0
𠤍	gg	.	0
𠤍	gv	勹隹	0
𠤊	gq	勹窮	0
𠤄	gx	勹幸	0
𠤃	db	大包	0
𠤃	gs	勹巳	0
𠤁	gs	勹巳	0
𠤁	kb	口包	0
𠣿	gj	.	0
𠣾	gf	勹復	0
𠣼	nb	奈包	0
𠣻	db	大包	0
𠣻	gs	勹巳	0
𠣺	db	冫包	0
𠣺	gs	勹巳	0
𠣹	gj	勹既	0
𠣷	cu	卝勺	0
𠣷	gd	勹丶	0
𠣳	vu	卓勺	0
𠣰	gv	勹者	0
𠣬	xx	旬兮	0
𠣫	vj	召句	0
𠣪	jj	句句	0
𠣢	gu	勹山	0
𠣢	yu	匀山	0
𠣡	gd	勹旦	0
𠣠	gc	勹艹	0
𠣝	dy	丹匀	0
𠣜	gi	勹虫	0
𠣘	gv	勹舟	0
𠣖	gx	勹玄	0
𠣕	gv	勹主	0
𠣓	gy	勹云	0
𠣒	gr	勹仁	0
𠣑	gy	勹元	0
𠣑	ye	匀儿	0
𠣐	gh	.	0
𠣐	gp	.	0
𠣌	gy	.	0
𠣊	lf	.	0
𠣉	xm	需勉	0
𠣇	ln	劣輦	0
𠣄	li	.	0
𠣄	lt	力兔	0
𠢹	gl	廣力	0
𠢹	lg	力廣	0
𠢸	hl	火勞	0
𠢵	jl	禁力	0
𠢵	lj	力禁	0
𠢳	ls	力嗇	0
𠢳	sl	嗇力	0
𠢲	lj	力解	0
𠢱	jl	禁力	0
𠢱	lj	力禁	0
𠢪	lb	力敝	0
𠢩	ly	力堯	0
𠢩	yl	堯力	0
𠢨	lr	力人	0
𠢨	yl	頁力	0
𠢥	fl	費力	0
𠢥	lf	力費	0
𠢤	lj	力厥	0
𠢣	ld	劣典	0
𠢢	ry	柔幼	0
𠢡	dl	答力	0
𠢡	ld	力答	0
𠢠	jl	棘力	0
𠢠	lj	力棘	0
𠢛	gl	弓力	0
𠢛	lg	.	0
𠢛	lu	力受	0
𠢚	lj	力眷	0
𠢙	li	力笞	0
𠢘	yh	頁夯	0
𠢕	la	力敖	0
𠢔	lq	力區	0
𠢔	ql	區力	0
𠢓	lm	力莫	0
𠢓	ml	莫力	0
𠢍	lq	力虔	0
𠢍	ql	虔力	0
𠢌	pu	.	0
𠢋	ly	力員	0
𠢊	al	丆力	0
𠢊	le	力儿	0
𠢆	hl	害力	0
𠢆	lh	力害	0
𠢃	dl	旦力	0
𠢃	lw	力勿	0
𠢃	ly	.	0
𠢂	ll	力力	0
𠢂	ul	十力	0
𠢁	hl	火力	0
𠢁	ld	力丶	0
𠡻	cl	匆力	0
𠡻	lc	.	0
𠡻	lx	力心	0
𠡸	lu	力事	0
𠡸	ul	事力	0
𠡷	lm	力木	0
𠡷	xm	.	0
𠡶	lj	.	0
𠡵	lw	力物	0
𠡵	wl	物力	0
𠡴	hl	禾力	0
𠡲	il	厂力	0
𠡲	lv	力兆	0
𠡮	lp	.	0
𠡭	ll	.	0
𠡪	dl	甸力	0
𠡪	ld	力甸	0
𠡩	ll	力利	0
𠡨	lw	力尾	0
𠡨	wl	尾力	0
𠡦	pa	.	0
𠡦	qf	.	0
𠡥	lb	力兵	0
𠡤	ll	.	0
𠡣	lg	力更	0
𠡡	lc	.	0
𠡞	bl	白力	0
𠡞	le	力儿	0
𠡞	lm	.	0
𠡝	lx	力夕	0
𠡜	il	充力	0
𠡙	lp	力朴	0
𠡘	lz	力在	0
𠡗	il	臣力	0
𠡗	li	力臣	0
𠡖	ll	力刘	0
𠡔	li	.	0
𠡒	ld	.	0
𠡑	lv	力汋	0
𠡑	vl	汋力	0
𠡈	bl	白力	0
𠡈	lb	力白	0
𠡇	lt	力台	0
𠡇	tl	台力	0
𠡆	lx	力玄	0
𠡆	xl	玄力	0
𠡄	lp	力皮	0
𠡄	pl	皮力	0
𠡂	lf	力弗	0
𠡀	la	.	0
𠠿	ll	历力	0
𠠾	lb	力巴	0
𠠽	hl	火力	0
𠠽	lh	力火	0
𠠼	lw	力文	0
𠠼	wl	文力	0
𠠻	fl	反力	0
𠠻	lf	力反	0
𠠹	lb	力冖	0
𠠹	ly	.	0
𠠷	lg	力乚	0
𠠶	lq	力乞	0
𠠶	ql	乞力	0
𠠵	jl	九力	0
𠠵	lj	力九	0
𠠳	jl	丩力	0
𠠳	lj	力丩	0
𠠯	dd	疊刂	0
𠠬	vd	𥫗刂	0
𠠪	dl	.	0
𠠪	ds	刀糸	0
𠠪	sd	糸刀	0
𠠢	dk	刀口	0
𠠢	dl	.	0
𠠢	yd	雨刀	0
𠠠	mr	賣刃	0
𠠟	id	产刂	0
𠠝	ld	歷刂	0
𠠜	yd	罃刂	0
𠠗	ld	.	0
𠠔	md	賣刀	0
𠠓	hd	火刂	0
𠠐	ur	壽刃	0
𠠏	ld	厲刂	0
𠠎	gd	廣刂	0
𠠋	cz	.	0
𠠈	cd	蒼刂	0
𠠄	vd	.	0
𠠄	zx	走削	0
𠠃	cd	丛刂	0
𠠁	xd	㬎刂	0
𠟼	wd	亠刂	0
𠟺	xd	需刂	0
𠟶	kd	窟刂	0
𠟰	dd	大刂	0
𠟰	jd	.	0
𠟭	dd	鼎刂	0
𠟪	yd	業刂	0
𠟩	sd	嗇刂	0
𠟨	ld	零刂	0
𠟧	vd	詹刂	0
𠟦	sd	瑟刂	0
𠟣	jd	幾刂	0
𠟡	yd	焱刂	0
𠟛	jd	金刂	0
𠟚	dd	等刂	0
𠟙	yd	雲刂	0
𠟓	zd	貲刂	0
𠟒	hd	賀刂	0
𠟍	td	童刂	0
𠟌	pd	菩刂	0
𠟋	yd	堯刂	0
𠟊	dd	刀刂	0
𠟊	hd	.	0
𠟊	xd	翕刂	0
𠟉	cd	孱刂	0
𠟈	bd	敝刀	0
𠟈	db	刀敝	0
𠟅	id	.	0
𠟃	zd	尊刂	0
𠟂	cd	曾刂	0
𠟁	yd	崟刂	0
𠞿	sd	厶刂	0
𠞾	xv	彳釗	0
𠞶	dd	.	0
𠞵	sd	罒刂	0
𠞳	bd	.	0
𠞱	jd	堇刂	0
𠞰	di	刀巢	0
𠞯	xd	雪刂	0
𠞮	ud	爽刂	0
𠞭	ld	婁刂	0
𠞬	gd	衮刂	0
𠞩	ld	率刂	0
𠞧	dm	刀麻	0
𠞞	yd	舀刂	0
𠞗	qd	去刂	0
𠞖	gd	貢刂	0
𠞕	vr	重刃	0
𠞓	sd	素刂	0
𠞒	dd	大刂	0
𠞑	wd	文刂	0
𠞊	id	差刂	0
𠞉	ld	栗刂	0
𠞈	td	.	0
𠞆	wd	烏刂	0
𠞄	sd	.	0
𠞃	id	芻刂	0
𠞀	kd	.	0
𠞀	xd	穴刂	0
𠝿	dd	丶刂	0
𠝿	sd	.	0
𠝽	do	刀日	0
𠝹	dj	.	0
𠝹	jd	界刂	0
𠝶	id	垂刂	0
𠝳	xd	宣刂	0
𠝲	xd	香刂	0
𠝯	lw	利勿	0
𠝮	bd	丷刂	0
𠝭	pd	屏刂	0
𠝬	sd	.	0
𠝬	zd	灾刂	0
𠝨	xu	彳刹	0
𠝤	vd	重刂	0
𠝢	yd	弇刂	0
𠝟	yd	英刂	0
𠝞	id	.	0
𠝞	qd	千刂	0
𠝝	yd	.	0
𠝛	td	土刂	0
𠝘	yd	.	0
𠝑	ud	尸刂	0
𠝐	hd	花刂	0
𠝍	gd	乖刂	0
𠝌	ad	乛刂	0
𠝋	du	刀示	0
𠝋	ud	尸刀	0
𠝊	yx	友刑	0
𠝈	de	刀二	0
𠝈	me	卯二	0
𠜾	qd	屈刂	0
𠜼	dd	刀刂	0
𠜹	od	目刂	0
𠜵	dg	刀夬	0
𠜵	fg	丰夬	0
𠜵	qg	.	0
𠜴	gd	果刂	0
𠜳	oy	月刖	0
𠜳	pd	.	0
𠜲	yd	亞刂	0
𠜱	bd	卑刂	0
𠜱	db	.	0
𠜤	gr	圭刃	0
𠜣	dl	刀利	0
𠜣	ld	利刀	0
𠜢	gd	广刂	0
𠜡	df	刀父	0
𠜡	wd	亠刀	0
𠜙	fd	甫刂	0
𠜘	jd	.	0
𠜗	xd	希刂	0
𠜖	ld	.	0
𠜖	vd	爫刂	0
𠜑	dd	兑刂	0
𠜐	bd	卜刂	0
𠜎	xd	先刂	0
𠜉	id	丞刂	0
𠜈	yd	聿刂	0
𠜅	jd	交刂	0
𠜄	xd	血刂	0
𠜃	jd	臼刂	0
𠜁	yd	夷刂	0
𠛿	id	虫刂	0
𠛾	jd	尽刂	0
𠛽	ad	丨刀	0
𠛽	dk	刀口	0
𠛼	bd	并刂	0
𠛻	qd	千刂	0
𠛸	vf	中分	0
𠛶	bd	八刂	0
𠛵	gd	艮刂	0
𠛳	dh	刀亥	0
𠛮	qd	全刂	0
𠛭	yd	因刂	0
𠛫	dd	多刂	0
𠛪	vd	兆刂	0
𠛩	sd	糸刂	0
𠛥	bd	丙刂	0
𠛡	bd	必刂	0
𠛙	bd	北刂	0
𠛘	dd	大刂	0
𠛕	dd	刀刂	0
𠛕	ud	山刂	0
𠛔	ad	丨刂	0
𠛔	zd	.	0
𠛓	dd	刀刂	0
𠛓	md	卯刂	0
𠛒	gd	瓜刂	0
𠛑	xd	玄刂	0
𠛎	jd	句刂	0
𠛋	bd	巴刂	0
𠛊	ud	氏刂	0
𠛈	df	刀父	0
𠛈	fd	父刀	0
𠛇	rd	刃大	0
𠛆	wd	乌刂	0
𠛅	qd	区刂	0
𠛀	gd	公刂	0
𠚽	vd	支刂	0
𠚼	fd	分刂	0
𠚺	ud	少刂	0
𠚹	ud	殳刂	0
𠚵	jd	及刂	0
𠚴	id	.	0
𠚳	gd	广刂	0
𠚱	bd	卜刀	0
𠚱	dq	.	0
𠚱	dy	刀乙	0
𠚯	wd	兀刂	0
𠚮	dq	刀乞	0
𠚭	ud	勺刂	0
𠚫	yd	又刂	0
𠚨	dj	刀丩	0
𠚨	jd	丩刀	0
𠚧	ed	二刂	0
𠚥	dd	刀刂	0
𠚠	kv	凵止	0
𠚜	ay	凹舀	0
𠚘	ky	凵舀	0
𠚖	kw	.	0
𠚊	kb	凵必	0
𠚉	kh	凵禾	0
𠚈	ku	凵石	0
𠚆	aa	丨凹	0
𠚆	au	.	0
𠚅	kg	凵公	0
𠚄	kb	.	0
𠚃	ag	.	0
𠚃	kk	凵口	0
𠚃	yk	.	0
𠚂	kt	凵土	0
𠙼	kk	凵口	0
𠙶	kl	凵了	0
𠙳	js	几糸	0
𠙳	sj	糸几	0
𠙲	jt	几泰	0
𠙱	jd	几丶	0
𠙱	pf	辟凡	0
𠙰	yf	雍凡	0
𠙯	cj	廿几	0
𠙯	jb	几白	0
𠙮	pf	辟凡	0
𠙬	ji	几虫	0
𠙫	jd	几豆	0
𠙫	qj	曲几	0
𠙪	jq	几喬	0
𠙪	qj	喬几	0
𠙩	bf	北凡	0
𠙩	jd	几丶	0
𠙨	cj	廿几	0
𠙨	jx	几夕	0
𠙦	hf	火凡	0
𠙦	jd	几丶	0
𠙤	jj	几接	0
𠙡	jy	几又	0
𠙡	yj	幺几	0
𠙞	jy	几要	0
𠙞	yj	要几	0
𠙝	jc	几寸	0
𠙝	jj	丩几	0
𠙜	xf	幸凡	0
𠙛	jg	几巩	0
𠙕	jk	几口	0
𠙔	jt	几土	0
𠙓	jb	几白	0
𠙓	tj	土几	0
𠙎	jv	几朱	0
𠙍	ji	几虫	0
𠙌	jy	几羊	0
𠙂	jv	几只	0
𠙁	jv	几正	0
𠙀	xj	夕几	0
𠘿	jk	几凵	0
𠘿	lj	力几	0
𠘻	ff	凡凡	0
𠘺	jt	.	0
𠘺	jy	.	0
𠘺	sj	厶几	0
𠘳	ju	几山	0
𠘰	ji	几乂	0
𠘮	ij	乂几	0
𠘮	ji	几乂	0
𠘭	js	几厶	0
𠘭	sj	厶几	0
𠘬	jj	几几	0
𠘫	jy	几又	0
𠘪	jj	几九	0
𠘦	dm	冫皿	0
𠘥	dy	冫嚴	0
𠘣	dj	冫爵	0
𠘢	dv	冫舟	0
𠘠	db	冫八	0
𠘟	dl	冫歷	0
𠘞	dl	冫隶	0
𠘝	dl	冫賴	0
𠘜	dw	冫攵	0
𠘛	dg	冫廣	0
𠘚	dm	冫摩	0
𠘙	dl	冫樂	0
𠘖	dv	冫質	0
𠘕	dx	冫熙	0
𠘔	fu	馮少	0
𠘓	dl	冫隆	0
𠘎	dh	冫會	0
𠘌	dj	.	0
𠘌	dy	.	0
𠘋	dd	冫鼎	0
𠘊	dn	冫農	0
𠘉	dj	冫景	0
𠘈	dc	冫孱	0
𠘆	ds	冫森	0
𠘅	dq	冫禽	0
𠘂	dq	冫欠	0
𠘂	du	.	0
𠘁	db	冫部	0
𠗿	dc	冫參	0
𠗾	du	冫爽	0
𠗽	dl	.	0
𠗼	dq	冫戚	0
𠗻	dj	冫堅	0
𠗺	dy	冫移	0
𠗷	dl	冫郎	0
𠗶	dt	冫唐	0
𠗵	dp	冫旁	0
𠗴	dh	.	0
𠗳	dj	冫兼	0
𠗯	dq	冫泉	0
𠗮	du	冫甚	0
𠗭	ds	冫寺	0
𠗬	dy	冫用	0
𠗫	dh	冫奂	0
𠗪	da	冫哀	0
𠗩	dd	冫丶	0
𠗨	dm	冫木	0
𠗨	dy	.	0
𠗥	dy	冫音	0
𠗡	dc	冫采	0
𠗠	dm	冫孟	0
𠗞	dd	冫定	0
𠗝	dj	.	0
𠗝	dr	冫壬	0
𠗚	dz	冫卒	0
𠗙	dh	冫函	0
𠗘	dd	冫典	0
𠗕	dw	冫夂	0
𠗔	dl	冫里	0
𠗓	do	冫月	0
𠗒	df	冫甫	0
𠗑	dx	冫小	0
𠗏	du	冫身	0
𠗌	dk	冫克	0
𠗋	dr	冫忍	0
𠗊	dg	冫工	0
𠗊	dj	.	0
𠗉	dj	冫夾	0
𠗈	dq	冫求	0
𠗇	dh	冫灰	0
𠗆	yd	攸丶	0
𠗂	dg	冫各	0
𠗁	dr	冫人	0
𠗁	kd	匚丶	0
𠗀	ad	丨丶	0
𠗀	dr	冫人	0
𠖽	dv	冫乍	0
𠖼	yd	央丶	0
𠖻	do	冫目	0
𠖺	dk	冫卡	0
𠖹	dj	冫甲	0
𠖷	dh	.	0
𠖷	dk	冫口	0
𠖶	dx	冫心	0
𠖴	dw	冫午	0
𠖳	dw	冫勿	0
𠖲	df	冫分	0
𠖮	dj	冫久	0
𠖭	dl	冫了	0
𠖬	dg	冫乚	0
𠖫	bg	冖貢	0
𠖥	bl	冖龍	0
𠖢	bi	冖徹	0
𠖡	gg	鬼冠	0
𠖟	bp	冖剽	0
𠖞	by	冖易	0
𠖛	bl	冖聊	0
𠖙	bg	冖乚	0
𠖖	bm	冖馬	0
𠖕	bv	冖真	0
𠖓	bs	冖思	0
𠖑	bg	冖亘	0
𠖐	bt	冖田	0
𠖏	bq	冖奇	0
𠖎	bv	冖叕	0
𠖍	br	冖冗	0
𠖋	bt	冖田	0
𠖆	bh	.	0
𠖅	by	冖有	0
𠖄	bt	冖同	0
𠖂	by	冖幺	0
𠖁	bc	冖寸	0
𠖀	bu	冖示	0
𠕿	bh	冖化	0
𠕽	bu	冖水	0
𠕻	by	冖元	0
𠕸	bw	冖夂	0
𠕷	bn	冖女	0
𠕶	bw	冖兀	0
𠕴	bj	冖九	0
𠕳	br	冖入	0
𠕱	zj	再監	0
𠕯	cd	廿丶	0
𠕯	kd	冂丶	0
𠕭	mv	.	0
𠕧	kk	冂口	0
𠕧	vh	.	0
𠕧	vk	知口	0
𠕦	ky	冂俞	0
𠕦	my	.	0
𠕣	md	.	0
𠕠	mi	.	0
𠕟	rv	冉占	0
𠕖	km	冂木	0
𠕖	mm	.	0
𠕕	jg	.	0
𠕕	kd	冂刀	0
𠕓	cy	.	0
𠕓	ky	.	0
𠕌	jo	.	0
𠕌	ko	冂日	0
𠕊	kd	冂丁	0
𠕊	md	.	0
𠕇	kd	冂丶	0
𠕆	ky	.	0
𠕁	jn	.	0
𠕁	kc	冂艹	0
𠔼	ja	.	0
𠔼	ky	.	0
𠔻	bx	八興	0
𠔻	xx	興興	0
𠔺	jx	兼咸	0
𠔷	ig	敞共	0
𠔶	qv	其真	0
𠔵	qq	其奇	0
𠔴	qj	其居	0
𠔳	ij	产兼	0
𠔯	bf	八夫	0
𠔯	bp	.	0
𠔫	qv	其乍	0
𠔪	bt	八田	0
𠔨	jj	.	0
𠔢	fv	分枝	0
𠔡	qf	其分	0
𠔠	fj	分亟	0
𠔕	fc	分艹	0
𠔑	ff	分分	0
𠔎	be	八二	0
𠔍	by	八由	0
𠔉	bf	.	0
𠔃	bk	.	0
𠓿	rf	入匪	0
𠓾	qq	全全	0
𠓾	rq	人全	0
𠓽	rb	入輩	0
𠓼	rs	入榫	0
𠓸	rm	入木	0
𠓷	ru	入爽	0
𠓶	dr	帶入	0
𠓶	rd	.	0
𠓰	qu	全双	0
𠓯	rk	入空	0
𠓮	rm	.	0
𠓭	rl	入林	0
𠓫	rb	入兵	0
𠓪	ra	入丨	0
𠓪	ru	.	0
𠓧	rh	入乎	0
𠓤	ro	入日	0
𠓣	rx	入心	0
𠓢	ru	入手	0
𠓞	re	入二	0
𠓝	ru	入十	0
𠓜	rr	入入	0
𠓙	ex	儿先	0
𠓙	uu	.	0
𠓙	xx	先先	0
𠓘	yx	堯喜	0
𠓖	gl	光闌	0
𠓕	yz	元贊	0
𠓓	em	儿明	0
𠓓	gm	光明	0
𠓒	eb	儿貝	0
𠓒	gb	光貝	0
𠓏	kv	克詹	0
𠓍	ed	儿豆	0
𠓍	md	免豆	0
𠓌	gl	光廉	0
𠓋	ex	儿幸	0
𠓋	gg	.	0
𠓋	gx	光幸	0
𠓊	gd	光單	0
𠓉	eg	儿光	0
𠓉	gg	光光	0
𠓄	mm	免馬	0
𠓃	gq	光雀	0
𠒿	eg	儿古	0
𠒿	gd	.	0
𠒿	gg	光古	0
𠒾	md	免毒	0
𠒽	ed	儿東	0
𠒽	gd	光東	0
𠒼	gh	光晃	0
𠒻	yp	元普	0
𠒺	yg	元貴	0
𠒸	xg	息光	0
𠒵	gj	光柬	0
𠒴	ee	儿二	0
𠒴	yy	幺元	0
𠒳	by	敝允	0
𠒰	en	兒男	0
𠒫	gm	光明	0
𠒪	gg	光果	0
𠒩	iy	充宜	0
𠒤	qe	羌尔	0
𠒣	xx	先行	0
𠒢	yt	元兔	0
𠒡	ed	儿斗	0
𠒡	gd	光斗	0
𠒠	kh	克号	0
𠒟	eb	儿匕	0
𠒟	te	土儿	0
𠒝	gb	光丙	0
𠒜	ee	儿儿	0
𠒜	ye	元儿	0
𠒜	ym	.	0
𠒛	jx	甲先	0
𠒚	kd	克斗	0
𠒗	gu	光申	0
𠒔	yk	尢凵	0
𠒓	yx	元西	0
𠒒	xy	先引	0
𠒑	xy	先元	0
𠒐	kw	克万	0
𠒈	ee	儿二	0
𠒈	uy	十元	0
𠒄	iw	出兀	0
𠑽	ek	儿口	0
𠑽	wx	亠兄	0
𠑴	hq	合清	0
𠑴	rq	人清	0
𠑳	ru	人豕	0
𠑲	jj	.	0
𠑲	qq	僉僉	0
𠑱	hj	會景	0
𠑰	ru	人舍	0
𠑰	uu	舍舍	0
𠑮	ru	人豕	0
𠑭	rh	亻轟	0
𠑪	rq	.	0
𠑨	rh	亻闞	0
𠑧	rq	亻勸	0
𠑦	rn	亻孽	0
𠑥	ri	亻籌	0
𠑡	ru	亻豕	0
𠑟	rb	亻邊	0
𠑝	yd	余翟	0
𠑜	cm	倉皿	0
𠑜	rm	人皿	0
𠑙	ri	亻寵	0
𠑘	rd	亻顛	0
𠑐	cc	倉倉	0
𠑏	ry	人言	0
𠑇	rb	人貝	0
𠑆	rj	亻臼	0
𠑅	rd	亻登	0
𠑅	rv	.	0
𠑄	rx	亻燮	0
𠑄	ry	人又	0
𠑁	ra	人乛	0
𠑁	rq	亻欠	0
𠑀	rd	亻戴	0
𠐿	rh	亻薨	0
𠐾	rq	.	0
𠐾	ry	亻頁	0
𠐽	rg	亻歸	0
𠐼	rl	亻臨	0
𠐻	rb	人卜	0
𠐻	rj	亻蹇	0
𠐺	rp	亻頻	0
𠐵	rd	亻導	0
𠐰	qq	企企	0
𠐰	rq	人企	0
𠐯	rx	亻選	0
𠐮	rx	亻學	0
𠐭	ru	亻生	0
𠐫	rc	亻寸	0
𠐪	re	亻耳	0
𠐩	ry	亻閻	0
𠐧	rm	亻瞢	0
𠐢	rw	.	0
𠐡	rb	亻輩	0
𠐟	rl	亻寮	0
𠐟	rx	人小	0
𠐘	rd	人刂	0
𠐘	rj	亻劍	0
𠐗	hy	合眼	0
𠐖	qj	僉及	0
𠐕	re	人阝	0
𠐕	rl	亻鄰	0
𠐔	rl	亻魯	0
𠐑	rb	人卜	0
𠐑	rp	亻疐	0
𠐍	ru	亻數	0
𠐌	rb	亻罷	0
𠐋	rj	亻膠	0
𠐊	ru	亻豎	0
𠐉	rj	亻節	0
𠐈	rm	.	0
𠐁	rm	亻蒙	0
𠐀	ra	人乛	0
𠐀	rq	亻欠	0
𠐀	ry	.	0
𠏿	rb	亻鼻	0
𠏾	rg	亻艮	0
𠏻	ro	人目	0
𠏻	rr	亻睿	0
𠏺	rk	亻匱	0
𠏸	hh	合乎	0
𠏸	rh	人乎	0
𠏷	rm	亻蜜	0
𠏶	rg	亻寡	0
𠏰	rj	.	0
𠏮	rd	亻對	0
𠏭	rj	亻聚	0
𠏫	rm	亻皿	0
𠏩	ra	人乛	0
𠏩	rq	亻欠	0
𠏨	ri	.	0
𠏧	cl	倉令	0
𠏤	rb	亻貝	0
𠏢	rl	亻亂	0
𠏡	ra	人丨	0
𠏡	rl	亻零	0
𠏚	ry	亻愈	0
𠏖	rg	亻羔	0
𠏖	rx	.	0
𠏕	ry	亻要	0
𠏓	ct	倉台	0
𠏒	rw	亻文	0
𠏑	rw	亻勿	0
𠏐	rs	亻肅	0
𠏏	jr	堇人	0
𠏏	rs	人厶	0
𠏎	hn	合年	0
𠏎	rn	人年	0
𠏍	ro	亻月	0
𠏌	rj	亻見	0
𠏋	ry	亻愚	0
𠏇	rt	人田	0
𠏅	rk	亻窟	0
𠏃	re	亻蛾	0
𠏀	rg	亻過	0
𠎿	rj	亻解	0
𠎻	rd	亻遁	0
𠎹	rw	亻夂	0
𠎸	rs	亻嗇	0
𠎷	rz	.	0
𠎶	ri	人成	0
𠎶	wr	未人	0
𠎳	yy	余余	0
𠎮	ra	人乛	0
𠎮	rj	亻厥	0
𠎬	rd	亻等	0
𠎧	rj	亻絜	0
𠎠	rj	亻景	0
𠎙	lh	來合	0
𠎖	rm	亻米	0
𠎖	ry	.	0
𠎔	rb	亻犇	0
𠎓	rm	亻閔	0
𠎒	rm	亻悶	0
𠎐	rj	亻菁	0
𠎏	hv	合肿	0
𠎎	rp	亻彭	0
𠎍	hh	合花	0
𠎌	rb	人丷	0
𠎌	rh	亻火	0
𠎋	rw	亻雯	0
𠎊	rl	人林	0
𠎊	rs	亻森	0
𠎉	ry	亻雲	0
𠎈	hv	合争	0
𠎇	rd	亻大	0
𠎇	ry	.	0
𠎆	rf	亻發	0
𠎅	rx	亻尋	0
𠎄	rd	亻敦	0
𠍿	rg	亻貫	0
𠍽	ru	亻奢	0
𠍹	rd	亻答	0
𠍹	rk	人口	0
𠍵	ry	亻羕	0
𠍲	rq	亻渠	0
𠍯	rb	亻敝	0
𠍫	ra	人乛	0
𠍫	rq	亻欠	0
𠍫	rx	.	0
𠍩	ra	人丨	0
𠍨	rm	亻麻	0
𠍜	dv	代直	0
𠍚	ri	亻乂	0
𠍗	hj	合臼	0
𠍖	rd	亻釣	0
𠍖	ru	人勺	0
𠍕	rk	亻昆	0
𠍔	ri	亻串	0
𠍓	rc	人艹	0
𠍓	rl	亻侖	0
𠍒	rw	亻問	0
𠍑	rw	亻夊	0
𠍐	lh	令狐	0
𠍏	ri	亻敕	0
𠍏	rw	人攵	0
𠍎	ry	.	0
𠍍	rs	人厶	0
𠍌	rx	亻心	0
𠍋	rs	亻虽	0
𠍊	rs	亻宿	0
𠍉	rq	亻牽	0
𠍆	rd	人刂	0
𠍆	rl	亻莉	0
𠍄	rd	.	0
𠍃	rj	亻飢	0
𠍁	rm	亻敏	0
𠌽	rf	亻方	0
𠌴	ri	亻舂	0
𠌴	rj	人臼	0
𠌲	rv	亻斬	0
𠌱	rs	.	0
𠌱	rv	人隹	0
𠌰	rj	亻既	0
𠌯	ri	.	0
𠌮	ru	亻庶	0
𠌭	rl	亻率	0
𠌪	or	.	0
𠌥	rw	亻烏	0
𠌚	ry	.	0
𠌖	rm	亻木	0
𠌖	rq	.	0
𠌖	ru	人十	0
𠌕	jj	介介	0
𠌕	rj	人介	0
𠌒	rw	亻攵	0
𠌑	rb	人包	0
𠌏	ri	亻舛	0
𠌎	rh	亻灬	0
𠌍	rw	亻文	0
𠌊	lb	來巴	0
𠌇	rl	亻郎	0
𠋻	rc	.	0
𠋻	rw	亻夂	0
𠋺	rz	亻蚤	0
𠋷	ri	亻蚩	0
𠋶	rm	亻冥	0
𠋵	rq	亻虔	0
𠋲	rs	亻索	0
𠋯	ry	亻舀	0
𠋬	rd	人丶	0
𠋬	ri	.	0
𠋬	rq	亻犬	0
𠋩	rf	.	0
𠋧	rh	亻恒	0
𠋥	rm	亻眉	0
𠋤	ru	亻室	0
𠋢	rs	.	0
𠋡	rl	人良	0
𠋡	ru	亻食	0
𠋟	ry	亻臾	0
𠋞	ru	.	0
𠋝	rm	亻眇	0
𠋜	rk	亻口	0
𠋗	ry	亻幺	0
𠋖	rb	人丷	0
𠋖	rj	亻柬	0
𠋏	ry	亻員	0
𠋎	rj	亻急	0
𠋍	rw	亻夊	0
𠋌	rb	人丷	0
𠋌	rt	亻炭	0
𠋋	rd	亻大	0
𠋋	ry	.	0
𠋊	rb	亻甭	0
𠋉	rf	亻飛	0
𠋈	ry	亻奕	0
𠋇	re	亻阝	0
𠋆	rq	亻亲	0
𠋆	rv	.	0
𠋆	ry	.	0
𠋅	rb	人扁	0
𠋄	rj	亻姜	0
𠋀	ry	亻勇	0
𠊾	rg	亻癸	0
𠊷	rv	亻致	0
𠊶	rn	亻女	0
𠊲	rt	亻突	0
𠊲	ry	.	0
𠊰	rg	亻咼	0
𠊮	rw	亻攵	0
𠊭	rx	亻咸	0
𠊬	re	人卩	0
𠊬	rq	亻卻	0
𠊫	rq	.	0
𠊪	rv	.	0
𠊩	rn	.	0
𠊧	rb	亻並	0
𠊦	rv	亻止	0
𠊥	ru	亻水	0
𠊥	rv	.	0
𠊤	rh	亻虎	0
𠊤	rr	.	0
𠊠	rf	亻芬	0
𠊟	rm	亻黾	0
𠊞	rv	亻忠	0
𠊙	ry	亻宜	0
𠊔	rq	亻泣	0
𠊒	rw	亻夂	0
𠊏	ud	侁刂	0
𠊎	rg	亻圭	0
𠊎	ry	.	0
𠊌	ry	人炎	0
𠊉	hw	会勿	0
𠊈	rk	人叩	0
𠊈	rm	亻命	0
𠊇	rc	亻艹	0
𠊆	rx	人西	0
𠊅	rb	人丷	0
𠊅	rh	亻火	0
𠊄	rb	人丷	0
𠊄	rj	亻金	0
𠊃	rj	亻巾	0
𠊂	rw	亻夊	0
𠊁	ry	亻芸	0
𠊀	ra	亻岸	0
𠉿	vw	仲攵	0
𠉾	rq	亻芩	0
𠉼	hh	合化	0
𠉻	rb	人丷	0
𠉻	rh	亻火	0
𠉺	re	亻而	0
𠉹	ri	亻承	0
𠉸	ro	亻月	0
𠉷	rp	亻皮	0
𠉶	rb	亻畀	0
𠉵	rb	人卜	0
𠉵	rd	亻定	0
𠉲	ry	人邑	0
𠉱	rf	亻房	0
𠉯	rq	亻妻	0
𠉬	ri	亻厂	0
𠉩	rd	亻毒	0
𠉧	rq	亻取	0
𠉤	rd	亻沓	0
𠉤	rt	.	0
𠉣	rh	亻昏	0
𠉢	ry	.	0
𠉛	ri	亻成	0
𠉗	rl	亻乱	0
𠉐	rh	亻含	0
𠉐	rk	人口	0
𠉏	rf	亻丰	0
𠉎	ru	亻氺	0
𠉍	rk	亻困	0
𠉍	ru	人十	0
𠉌	ro	亻月	0
𠉋	rm	亻芒	0
𠉊	ro	亻目	0
𠉉	rk	人口	0
𠉉	rx	亻杏	0
𠉈	ro	人月	0
𠉆	rb	亻庇	0
𠉅	rd	亻刀	0
𠉄	rx	亻辛	0
𠉂	rd	亻达	0
𠈺	rb	亻坒	0
𠈸	rt	亻忒	0
𠈶	rj	亻岌	0
𠈵	rm	亻尨	0
𠈱	ru	亻沙	0
𠈰	ry	亻延	0
𠈭	rl	亻牢	0
𠈬	rt	亻土	0
𠈦	rw	亻夂	0
𠈥	rg	.	0
𠈤	rn	亻女	0
𠈡	rj	亻巾	0
𠈠	rn	亻年	0
𠈟	ry	亻印	0
𠈞	ri	亻舛	0
𠈝	rh	亻互	0
𠈜	rs	亻色	0
𠈛	ry	人刖	0
𠈚	rz	亻在	0
𠈙	rj	亻戋	0
𠈘	rg	人圭	0
𠈗	rg	亻亘	0
𠈔	ry	.	0
𠈊	rb	亻巴	0
𠈅	ru	亻收	0
𠈄	ri	亻臣	0
𠈂	gk	公口	0
𠇷	ru	亻生	0
𠇳	rj	亻几	0
𠇱	re	人二	0
𠇱	rm	亻末	0
𠇯	rq	人丘	0
𠇫	re	亻二	0
𠇪	re	亻二	0
𠇩	rm	亻卯	0
𠇨	rg	人干	0
𠇧	jj	介久	0
𠇦	rr	亻冉	0
𠇤	ry	亻玉	0
𠇣	ru	亻示	0
𠇡	rx	亻小	0
𠇠	rw	人未	0
𠇠	wr	未人	0
𠇟	ry	亻永	0
𠇘	rd	亻丶	0
𠇘	ry	.	0
𠇗	rg	亻瓜	0
𠇔	rm	亻毛	0
𠇏	rj	人今	0
𠇋	rj	.	0
𠇋	rk	人开	0
𠇉	rj	亻久	0
𠇈	rv	亻止	0
𠇇	rd	亻丶	0
𠇆	rj	亻巾	0
𠇅	rk	亻口	0
𠇁	ry	亻引	0
𠆶	ry	.	0
𠆵	rx	亻兮	0
𠆲	gr	.	0
𠆲	rg	亻广	0
𠆱	rd	亻丶	0
𠆮	lr	.	0
𠆮	rl	亻力	0
𠆬	ry	.	0
𠆫	rc	亻才	0
𠆩	rf	亻凡	0
𠆧	rr	人亻	0
𠆤	rj	.	0
𠆣	ra	人一	0
𠆟	wg	.	0
𠆛	wd	亠單	0
𠆙	ty	亭夜	0
𠆗	wh	亠合	0
𠆔	xe	享兒	0
𠆒	wy	亠音	0
𠆐	wh	亠灬	0
𠆎	wy	亠又	0
𠆅	wm	亠木	0
𠆄	lb	六八	0
𠆄	wb	亠八	0
𠆃	jx	京兄	0
𠆃	wx	亠兄	0
𠅾	lm	六黾	0
𠅾	wm	亠黾	0
𠅹	th	.	0
𠅹	ty	亭幺	0
𠅹	wy	亠幺	0
𠅶	tw	亭丸	0
𠅵	wj	亠將	0
𠅴	wt	亠土	0
𠅱	gy	勾夜	0
𠅯	yy	亦亦	0
𠅮	jy	京元	0
𠅭	wj	亠几	0
𠅬	ww	.	0
𠅨	ww	亠攵	0
𠅧	dd	丶大	0
𠅥	mo	亩月	0
𠅥	wo	亠月	0
𠅤	mx	亩心	0
𠅤	ws	.	0
𠅝	wz	亠子	0
𠅚	wu	亠使	0
𠅗	dy	丁夜	0
𠅑	wd	亠大	0
𠅌	wd	亠大	0
𠅋	xu	玄十	0
𠅊	wy	.	0
𠅉	wy	.	0
𠅇	bw	.	0
𠅅	wm	亠木	0
𠅄	wb	亠卜	0
𠅀	vy	執云	0
𠄿	ew	二圍	0
𠄸	yy	.	0
𠄲	wd	五电	0
𠄱	ei	.	0
𠄱	yi	.	0
𠄪	ed	二丶	0
𠄪	le	了二	0
𠄖	ld	令丁	0
𠄑	jj	.	0
𠄏	aa	.	0
𠄏	av	.	0
𠄏	ll	了了	0
𠄍	jj	.	0
𠄉	rv	乳重	0
𠄆	jj	九斤	0
𠄅	yg	業乚	0
𠄂	vg	爫乚	0
𠄁	jq	九酋	0
𠃻	cy	次乙	0
𠃻	ys	乙三	0
𠃺	yu	乙首	0
𠃴	yg	育乚	0
𠃪	qg	曲乚	0
𠃦	yg	由乚	0
𠃝	yx	乙小	0
𠃛	ay	.	0
𠃙	jj	九九	0
𠃘	yy	.	0
𠃖	gg	工乚	0
𠃓	yp	.	0
𠂴	fb	丰丷	0
𠂔	ap	.	0
𠂔	pp	.	0
𠂒	ar	丨𠂉	0
𠂉	ra	.	0
𠂈	pj	.	0
𠂈	py	.	0
𠂄	dh	丹曷	0
𠂃	qw	求丸	0
𠁷	ii	串串	0
𠁶	aw	丨夊	0
𠁶	vw	中夊	0
𠁯	vt	中台	0
𠁭	ag	丨个	0
𠁭	gg	个个	0
𠁥	ar	丨人	0
𠁥	ra	入丨	0
𠁣	uy	.	0
𠁞	bh	不會	0
𠁛	bd	不道	0
𠁖	li	丽串	0
𠁖	yi	.	0
𠁓	by	不欲	0
𠁍	bm	不美	0
𠁌	by	不耶	0
𠁋	bd	不東	0
𠁉	ah	一凰	0
𠁇	by	不宜	0
𠀾	bh	不会	0
𠀼	ba	.	0
𠀸	aq	一乞	0
𠀷	ac	一艹	0
𠀷	yc	.	0
𠀶	bu	不失	0
𠀵	dw	丁勿	0
𠀵	yw	.	0
𠀱	bf	不父	0
𠀪	cd	艹丶	0
𠀪	yd	.	0
𠀦	av	一州	0
𠀣	yy	.	0
𠀢	ac	一此	0
𠀢	yc	.	0
𠀝	xu	下上	0
𠀔	yr	.	0
𠀓	ay	一引	0
𠀓	yy	.	0
𠀐	vy	.	0
𠀐	yv	.	0
𠀏	ty	.	0
𠀏	yt	.	0
𠀍	yn	.	0
𠀊	yd	.	0
𠀅	kp	.	0
𠀂	yy	.	0
﨩	ed	阝島	0
﨨	jx	金幸	0
﨧	jx	金孝	0
﨤	zj	辶及	0
﨣	zd	走斗	0
﨡	iu	虫生	0
蘒	cg	.	0
蘒	cq	.	0
﨟	ch	艹曷	0
礼	ug	.	0
﨔	mj	木举	0
﨔	mu	.	0
﨓	mf	木苻	0
﨑	uk	.	0
﨑	uq	山奇	0
﨏	tg	土谷	0
﨎	yv	.	0
隣	el	.	0
裏	dy	.	0
裏	wy	.	0
裏	yl	.	0
秊	hq	.	0
凉	dj	.	0
郎	el	.	0
	nb	.	0
	nx	.	0
	yy	.	0
	ji	.	0
	zu	.	0
	jr	.	0
	yv	.	0
	fg	.	0
	nq	.	0
	ck	.	0
	fg	.	0
	kj	.	0
	ub	.	0
	xn	.	0
	xc	.	0
	si	.	0
	ee	.	0
	dk	.	0
	yi	.	0
鿿	fu	甫氺	0
鿿	ur	.	0
鿾	tl	土郎	0
鿽	kv	口窄	0
鿼	uj	鼠加	0
鿻	ub	鼠布	0
鿺	nm	.	0
鿹	ym	鱼密	0
鿸	yd	鱼舵	0
鿷	yy	鱼音	0
鿶	yl	鱼良	0
鿵	yv	鱼志	0
鿴	yd	鱼冬	0
鿳	yd	魚舵	0
鿲	dl	豆劳	0
鿱	wb	王巴	0
鿰	dh	氵韩	0
鿯	wc	.	0
鿮	gd	.	0
鿭	je	钅尔	0
鿬	ut	石田	0
鿫	qa	气奥	0
鿪	hs	.	0
鿕	yd	鱼丹	0
鿔	jg	钅哥	0
鿓	cy	艹頁	0
鿒	cy	艹页	0
鿑	dy	冫玉	0
鿐	yj	魚酒	0
鿏	jm	钅麦	0
鿎	ud	石达	0
鿍	tf	.	0
鿍	tj	.	0
鿌	dx	氵小	0
鿋	yx	衤喜	0
鿊	cv	艹沚	0
鿉	xw	彳五	0
鿈	xi	彳尺	0
鿇	rv	亻争	0
鿆	uy	示友	0
鿄	md	.	0
鿃	oj	.	0
鿁	yg	言共	0
鿀	cy	艹醫	0
龿	cj	艹佳	0
龾	pm	皮米	0
龽	hy	火魚	0
龼	tr	土睿	0
龻	lm	.	0
龺	uz	十早	0
龹	jr	.	0
龸	ih	{龸}	0
龷	nm	.	0
龶	qy	.	0
龵	pp	.	0
龴	si	.	0
龲	jk	金庫	0
龱	ki	.	0
龰	br	.	0
龯	jw	金戊	0
龮	my	馬翼	0
龭	my	馬異	0
龬	jw	金罔	0
龫	ig	車干	0
龪	zr	走人	0
龩	cj	艹靳	0
龨	kv	匚隹	0
龧	ou	日暑	0
龦	hi	火常	0
龣	lc	.	0
龣	yl	龠录	0
龡	qc	.	0
龡	qy	.	0
龝	hg	禾龜	0
龗	yl	雨龍	0
龖	ll	龍龍	0
龓	ly	龍有	0
龓	yl	有龍	0
齽	ij	齒禁	0
齳	ij	齒軍	0
齭	is	齒所	0
齩	ij	齒交	0
齨	ij	齒臼	0
齚	iv	齒乍	0
齓	ig	齒乚	0
齅	bi	鼻臭	0
鼿	bw	鼻兀	0
鼼	bj	鼻丩	0
鼺	ul	.	0
鼧	ut	鼠它	0
鼦	uv	鼠召	0
鼡	dg	.	0
鼡	dy	.	0
鼝	gy	鼓淵	0
鼅	mv	黽知	0
鼅	ph	.	0
鼄	mv	黽朱	0
鼄	ph	.	0
黸	hl	黑盧	0
黊	hg	黄圭	0
黇	hv	黄占	0
黆	hg	.	0
黆	hy	.	0
黆	yh	.	0
黅	hj	黄今	0
麺	mm	麦面	0
麲	mj	麥見	0
麱	mf	麥甫	0
麬	mp	麥皮	0
麪	mg	.	0
麪	mm	麥丏	0
麣	lg	.	0
麣	ly	鹿嚴	0
麢	lk	鹿口	0
麢	ll	.	0
麘	lx	鹿香	0
麁	dl	.	0
麁	ld	.	0
鹻	lj	.	0
鹸	ld	.	0
鹸	lr	.	0
鹷	ll	.	0
鹶	lj	.	0
鹲	nm	鸟蒙	0
鹟	nw	鸟翁	0
鸖	nh	鳥霍	0
鸖	nv	.	0
鸎	bn	貝鳥	0
鸎	nb	鳥貝	0
鸈	ny	鳥業	0
鷼	nj	鳥間	0
鷱	ng	.	0
鷱	nu	.	0
鷠	ny	鳥魚	0
鷠	yn	魚鳥	0
鷆	nv	鳥真	0
鶰	ny	鳥員	0
鶮	ng	鳥高	0
鶫	nj	鳥柬	0
鶕	ny	鳥音	0
鶑	hn	火鳥	0
鶑	nh	鳥火	0
鶎	nz	鳥宗	0
鶍	ny	鳥易	0
鶃	ne	鳥兒	0
鵼	nk	鳥空	0
鵶	ny	鳥亞	0
鵭	jn	金鳥	0
鵭	nj	鳥金	0
鵦	nl	鳥录	0
鵥	np	鳥判	0
鵤	nj	鳥角	0
鵢	nu	鳥身	0
鵎	nt	鳥妥	0
鵍	nw	鳥完	0
鵉	ny	.	0
鵉	yn	.	0
鵈	en	耳鳥	0
鵈	ne	鳥耳	0
鵇	nn	年鳥	0
鴼	ng	鳥各	0
鴹	ny	鳥羊	0
鴵	nv	鳥兆	0
鴲	nv	鳥旨	0
鴬	dn	丶鳥	0
鴬	nb	鳥冖	0
鴫	nt	鳥田	0
鴫	tn	田鳥	0
鴪	nx	鳥穴	0
鴧	nj	鳥几	0
鴤	nd	鳥冬	0
鴚	nk	鳥可	0
鴖	nm	鳥民	0
鴓	nb	鳥必	0
鴑	nn	鳥奴	0
鴎	nq	鳥区	0
鴌	nt	鳥天	0
鴌	tn	天鳥	0
鴋	nf	鳥方	0
鴊	nv	鳥正	0
鴁	ny	鳥夭	0
鳾	nb	.	0
鳬	nj	.	0
鳫	in	厂鳥	0
鳨	nl	鳥力	0
鳤	yg	鱼管	0
鳛	yb	.	0
鳛	yx	鱼習	0
鳚	yw	鱼尉	0
鳒	yj	鱼兼	0
鳂	yw	鱼畏	0
鳁	yw	.	0
鲿	yi	鱼尝	0
鲾	yf	.	0
鲾	yt	鱼田	0
鲬	yy	鱼甬	0
鲝	yy	鱼羊	0
鲘	yh	鱼后	0
鲓	yk	鱼考	0
鲄	yk	鱼可	0
鱶	yy	魚養	0
鱰	yu	魚署	0
鱫	ya	魚愛	0
鱪	yu	魚暑	0
鱩	yl	魚雷	0
鱥	ys	魚歲	0
鱡	yz	魚賊	0
鱜	yx	魚鄉	0
鱛	yc	魚曾	0
鱚	yx	魚喜	0
鱏	yt	魚覃	0
鱃	yx	魚羞	0
鰰	yu	魚神	0
鰯	yr	魚弱	0
鰮	ym	魚皿	0
鰮	yw	.	0
鰪	yh	魚盍	0
鰪	ym	.	0
鰦	yz	魚兹	0
鰢	ym	魚馬	0
鰛	yw	.	0
鰚	yx	魚宣	0
鰙	yr	魚若	0
鰘	yu	魚室	0
鰖	yy	.	0
鰕	yj	魚叚	0
鰑	yy	.	0
鰐	ye	.	0
鰌	yq	魚酋	0
鰊	yj	魚柬	0
鰄	yw	魚威	0
鰀	yy	魚爰	0
鯼	yw	魚夂	0
鯺	yv	魚者	0
鯵	yc	魚参	0
鯲	yy	魚於	0
鯱	yh	魚虎	0
鯯	yv	魚制	0
鯩	yl	魚侖	0
鯣	yy	魚易	0
鯒	yy	魚甬	0
鯑	yx	魚希	0
鯐	yz	魚走	0
鯏	yl	魚利	0
鯎	yi	魚成	0
鯍	yi	.	0
鯌	yg	魚告	0
鯋	yu	魚沙	0
鯅	yy	魚延	0
鯂	yy	魚酉	0
鮾	yt	魚妥	0
鮼	yy	魚又	0
鮺	yy	魚羊	0
鮷	yd	魚弟	0
鮴	yx	魚休	0
鮳	yk	魚考	0
鮲	yf	魚伏	0
鮱	yl	魚老	0
鮬	yk	魚夸	0
鮩	yb	魚并	0
鮧	yy	魚夷	0
鮜	yh	魚后	0
鮙	yy	魚羽	0
鮘	yd	魚代	0
鮖	yu	魚石	0
鮔	yj	魚巨	0
鮏	yu	魚生	0
鮉	yv	魚召	0
鮄	yf	魚弗	0
魹	ym	魚毛	0
魸	yp	魚片	0
魳	yb	.	0
魲	yh	魚户	0
魮	yb	魚比	0
魭	yy	魚元	0
魪	yj	魚介	0
魩	yw	魚勿	0
魥	yj	魚及	0
魞	yr	魚入	0
魝	dy	.	0
魝	yd	魚刂	0
魗	gu	鬼壽	0
魐	gj	鬼兼	0
鬸	gl	鬲留	0
鬭	dj	鬥斤	0
鬭	mj	門斤	0
鬬	dj	鬥斤	0
鬪	dc	鬥寸	0
鬦	dd	鬥斗	0
鬡	in	髟寧	0
鬜	ix	髟閒	0
鬇	iv	髟争	0
鬀	id	髟弟	0
髿	iu	髟沙	0
髵	ie	髟而	0
髰	iu	髟世	0
髨	iy	髟元	0
髛	gj	高九	0
髛	gk	高尻	0
髚	gk	高亢	0
髉	gv	.	0
骽	gt	骨妥	0
骵	gb	骨本	0
骮	gy	骨弋	0
骬	gy	骨于	0
驣	mm	馬馬	0
驡	ml	馬龍	0
驝	mm	馬木	0
驝	mt	.	0
驜	my	馬業	0
驘	mf	馬凡	0
驋	mf	馬發	0
驇	mv	.	0
騻	mu	馬爽	0
騳	mm	馬馬	0
騯	mp	馬旁	0
騡	mq	馬泉	0
騟	my	馬俞	0
騘	mc	.	0
騗	mb	馬扁	0
騈	mb	馬并	0
騀	mw	馬我	0
駵	mk	.	0
駳	my	馬延	0
駲	mv	馬州	0
駯	mv	馬朱	0
駫	mg	馬光	0
駨	mx	馬旬	0
駦	jm	.	0
駦	mf	.	0
駠	mm	馬卯	0
駚	my	馬央	0
駈	mq	馬丘	0
駅	mi	馬尺	0
駀	my	馬尤	0
馾	mg	.	0
馾	my	.	0
馼	mw	馬文	0
馸	mj	馬斤	0
馷	mf	.	0
馷	mj	.	0
馶	mv	馬支	0
馪	xb	香賓	0
馤	xh	香曷	0
馢	xj	香戔	0
馠	xh	香含	0
馟	xf	香孚	0
馛	xb	.	0
馚	xf	香分	0
饻	uy	食衣	0
饠	ul	食羅	0
饠	uw	.	0
饝	um	食磨	0
饚	ug	飠蓋	0
饚	um	.	0
饆	ub	食畢	0
饄	ut	食堂	0
饂	uw	.	0
餹	ut	飠唐	0
餴	ub	飠奔	0
餦	ui	飠長	0
餣	ud	.	0
餣	uy	飠奄	0
餢	uk	飠口	0
餢	up	.	0
餝	uf	飠芳	0
餙	ux	飠希	0
餏	uy	食衣	0
餆	uv	飠兆	0
餁	ur	飠任	0
飻	up	.	0
飷	uq	食且	0
飳	uv	飠主	0
飰	ub	食卞	0
飝	ff	飞飛	0
飜	ff	番飛	0
飍	ff	風風	0
飅	fl	.	0
颹	fw	風韋	0
颷	fy	風炎	0
颵	fx	風肖	0
颰	fb	.	0
颫	ff	風夫	0
颪	fx	風下	0
颪	xf	下風	0
颒	yc	页廾	0
顮	yb	頁賓	0
顭	ym	頁夢	0
顖	ys	.	0
顖	yx	頁心	0
顂	yl	頁來	0
顀	vy	隹頁	0
頿	cx	.	0
頿	yc	頁此	0
頺	yx	頁秀	0
頶	yg	頁告	0
頱	yc	頁寸	0
頱	yl	.	0
頮	yc	頁廾	0
頥	ay	丨頁	0
頥	yi	頁臣	0
頢	yu	頁舌	0
頙	yv	頁正	0
頕	yv	頁占	0
韼	yf	音逢	0
韴	yb	.	0
韯	ga	.	0
韯	gj	戈韭	0
韯	ug	.	0
韤	wm	韋蔑	0
韢	wh	韋惠	0
韠	wb	韋畢	0
韛	wy	韋用	0
韚	wg	韋革	0
韑	gw	光韋	0
韊	gj	.	0
韊	gl	革蘭	0
韀	gd	.	0
韀	gh	革灬	0
韀	gv	.	0
鞾	gh	革華	0
鞼	gg	革貴	0
鞸	gb	革畢	0
鞩	gx	革削	0
鞛	gk	革口	0
鞛	gp	.	0
鞐	gx	革下	0
鞇	gy	革因	0
靹	gn	革内	0
靵	gi	革丑	0
靫	gi	革叉	0
靧	mg	面貴	0
靟	mf	.	0
靝	qq	青氣	0
靗	qg	青光	0
靕	qv	青正	0
靕	vq	正青	0
靔	qq	青气	0
靐	ll	雷雷	0
靐	yl	雨雷	0
靍	yn	雨鳥	0
靌	yb	雨貝	0
靊	yd	.	0
靊	yf	雨豐	0
靅	yf	雲費	0
靁	yl	.	0
靀	ym	雨蒙	0
霼	qy	.	0
霼	yq	雲氣	0
霻	yd	雨豆	0
霻	yl	.	0
霷	yy	雨暘	0
霶	yp	雨滂	0
霴	ly	.	0
霴	yl	雲隶	0
霱	yk	.	0
霱	yy	雨矞	0
霛	yg	雨弓	0
霗	yl	雨泠	0
霕	yt	雲屯	0
霌	yv	雨周	0
霃	yu	雨沈	0
雼	yu	雨石	0
雴	yl	雨立	0
雭	yj	雨及	0
雬	ym	雨木	0
雧	mv	.	0
雧	mz	.	0
雦	vv	隹隹	0
雤	jv	.	0
雐	hv	虍隹	0
隺	bv	.	0
隺	nv	.	0
隷	hd	.	0
隷	lu	隶示	0
隵	eg	.	0
隵	ex	耳戲	0
隲	em	阝馬	0
隯	eu	阝壽	0
隭	ex	阝需	0
隫	eb	耳賁	0
隦	eb	.	0
隦	ex	.	0
隥	ed	耳登	0
隝	en	阝鳥	0
隚	et	阝堂	0
隖	ew	阝烏	0
隂	ei	.	0
隁	en	耳女	0
隁	ey	.	0
陻	et	阝土	0
陻	ey	.	0
険	er	.	0
陹	eo	耳日	0
陮	ev	耳隹	0
陦	eu	阝寿	0
陥	ej	阝旧	0
陠	ef	阝甫	0
陚	ew	耳武	0
陖	ej	.	0
阷	ev	耳正	0
阩	eu	阝升	0
阦	eh	耳火	0
阥	eu	耳水	0
闧	my	門遠	0
闦	md	門豆	0
闦	ml	.	0
闙	mq	.	0
闗	ms	.	0
闏	mf	門風	0
闎	mq	門泉	0
闄	my	門要	0
闂	mj	門卷	0
閸	my	門亞	0
閳	mi	門車	0
閲	md	門兑	0
閯	mu	門沙	0
閪	mx	門西	0
閠	my	門玉	0
閝	ml	門令	0
閚	ml	門立	0
閙	mu	門市	0
閗	md	門斗	0
閖	mu	門水	0
閊	mu	門山	0
閇	mx	門下	0
閅	md	門丁	0
閄	mr	門人	0
閁	mp	.	0
镾	ie	镸爾	0
镹	ij	镸久	0
鑻	jp	金攀	0
鑺	jq	金瞿	0
鑺	jv	.	0
鑧	jk	金寬	0
鑦	jx	金賢	0
鑡	ji	金齒	0
鑟	jm	金賣	0
鑜	ju	金賞	0
鑘	jl	.	0
鑖	jm	金蔑	0
鑓	jq	金遣	0
鑎	jg	.	0
鑎	jk	金匱	0
鑍	jb	金貝	0
鑃	jd	金翟	0
鑃	jv	.	0
鑂	jx	金熏	0
鑁	jw	金夂	0
鐴	jb	.	0
鐴	jx	.	0
鐯	jv	金著	0
鐤	jd	金鼎	0
鐢	jm	金木	0
鐟	jt	金替	0
鐞	jx	金尋	0
鐝	jj	金厥	0
鐝	jq	.	0
鐜	jd	金敦	0
鐛	jj	金景	0
鐗	jx	金閒	0
鐈	jq	金喬	0
鐅	jb	金敝	0
鐅	jw	.	0
鐂	jl	.	0
鐁	js	金斯	0
鏴	jl	金路	0
鏳	jc	金曾	0
鏲	jq	金牽	0
鏱	jv	金章	0
鏯	ju	金爽	0
鏭	jx	金悉	0
鏫	jl	金梨	0
鏪	jc	金曹	0
鏩	jv	金斬	0
鏥	js	金宿	0
鏛	ji	金常	0
鏋	jr	金入	0
鏆	jg	金貫	0
鏅	jo	.	0
鏅	jx	金脩	0
鏅	jy	.	0
鎾	jw	.	0
鎽	jf	金峯	0
鎺	jz	金祖	0
鎹	js	金送	0
鎸	jj	金隽	0
鎸	jn	.	0
鎶	jg	金哥	0
鎠	jg	金罡	0
鎠	jv	.	0
鎜	jb	金般	0
鎓	jw	金翁	0
鎐	jf	金缶	0
鎋	jh	金害	0
鎆	jq	金前	0
鍿	jt	.	0
鍿	jz	金甾	0
鍽	jb	金扁	0
鍸	jh	金胡	0
鍴	je	.	0
鍳	jv	.	0
鍲	jh	.	0
鍲	jo	金日	0
鍯	jc	.	0
鍫	jq	金秋	0
鍨	jg	金癸	0
鍨	jt	.	0
鍦	ju	金施	0
鍢	jf	.	0
鍢	jt	金田	0
鍟	jx	金星	0
鍝	jy	金禺	0
鍓	je	金耳	0
鍓	jq	.	0
鍅	jf	金法	0
鍄	jj	金京	0
錻	jw	金武	0
錺	jf	金芳	0
錷	jv	.	0
錰	jj	金杰	0
錜	jn	金念	0
錗	jw	金委	0
錊	jz	金卒	0
錃	jb	金波	0
鋽	jv	金卓	0
鋴	jk	金克	0
鋲	jb	金兵	0
鋫	jl	金利	0
鋢	jf	金孚	0
鋜	jz	金足	0
鋛	ji	金串	0
鋚	jw	.	0
鋚	jy	金攸	0
鋖	jt	金妥	0
鋔	jm	金免	0
銿	jy	金甬	0
銽	jk	金口	0
銺	jv	金壯	0
銰	ja	金艾	0
銟	jj	金巾	0
銐	jl	金列	0
銏	jc	金册	0
銄	jx	金向	0
銁	jx	金旬	0
鉳	jb	金北	0
鉱	jg	.	0
鉱	js	金厶	0
鉮	ju	金申	0
鉫	jj	金加	0
鉪	ju	金世	0
鉩	jn	.	0
鉩	jx	金小	0
鉟	jp	金丕	0
鉜	jf	金付	0
鉘	jf	金弗	0
鉇	jy	金也	0
鉃	ju	金矢	0
鈼	jv	金乍	0
鈻	jg	.	0
鈵	jb	金丙	0
鈯	ji	金出	0
鈬	ji	金尺	0
鈫	jw	金文	0
鈪	je	金厄	0
鈨	jy	金元	0
鈠	ju	金殳	0
鈟	jd	.	0
鈝	jn	金牛	0
鈘	jv	金支	0
鈓	jr	金壬	0
鈋	jh	金化	0
釾	jy	金牙	0
釻	jw	金丸	0
釶	jy	金也	0
釲	js	金巳	0
釰	jr	金刃	0
釯	jw	金亡	0
釥	jx	金小	0
釠	jj	金几	0
釞	jr	金入	0
釛	jl	金力	0
釖	jd	金刀	0
釈	bi	.	0
釈	pi	.	0
釄	yf	.	0
釄	ym	酉靡	0
醻	yu	酉壽	0
醶	yq	酉僉	0
醦	yc	酉參	0
醗	yf	.	0
醈	yy	酉炎	0
酻	yf	酉孚	0
酭	yy	酉有	0
酫	yq	酉全	0
酦	yf	酉发	0
酜	yf	酉夫	0
酛	yy	酉元	0
鄥	en	耳鳥	0
鄕	eb	耳匕	0
鄕	xe	乡阝	0
鄓	ei	耳臭	0
鄌	et	耳唐	0
郮	ev	耳周	0
郒	lb	.	0
郒	ly	良邑	0
郍	ev	耳舟	0
郍	ve	舟阝	0
郌	gb	.	0
郌	gy	圭邑	0
郌	tb	.	0
郌	ty	.	0
邼	ek	耳匡	0
邫	fb	.	0
邫	fy	丰邑	0
邜	ex	耳夕	0
邜	xe	夕阝	0
邚	en	耳女	0
邚	ne	女阝	0
邖	eu	耳山	0
邖	ue	山阝	0
邒	ed	耳丁	0
邎	zx	辶系	0
遬	zi	.	0
遬	zw	.	0
遪	zc	辶參	0
遦	zg	辶貫	0
遤	zm	辶馬	0
遟	zx	辶辛	0
遚	zs	辶叟	0
遌	ze	.	0
遃	zy	辶彦	0
遀	zo	辶月	0
遀	zy	.	0
逺	zd	.	0
逺	zy	辶袁	0
逳	zy	辶育	0
逰	zz	辶子	0
逫	zu	.	0
逫	zv	辶叕	0
逪	zx	辶昔	0
逩	zb	辶奔	0
逨	zl	辶來	0
逧	zg	辶谷	0
逘	zy	辶矣	0
逇	zd	辶地	0
迲	zq	辶去	0
迱	zt	辶它	0
迬	zv	辶主	0
迧	zu	辶申	0
迚	zv	辶中	0
迏	zt	辶太	0
迃	zk	辶亏	0
辸	zn	辶乃	0
辷	za	辶一	0
辳	il	辰林	0
辬	wx	.	0
辬	xx	.	0
辪	xv	.	0
辥	xv	.	0
辠	xz	辛自	0
辠	zx	自辛	0
辝	xt	辛台	0
轥	il	車藺	0
轥	iv	.	0
轜	ix	車需	0
轌	ix	車雪	0
轊	ih	車彗	0
轁	iy	車舀	0
輽	ib	車畚	0
輽	it	.	0
輺	it	.	0
輺	iz	車甾	0
輱	ix	車咸	0
輰	iy	.	0
輫	if	車非	0
輧	ib	車并	0
輡	ij	車臼	0
輡	ix	.	0
輙	iq	車取	0
輏	iy	車酉	0
輌	il	.	0
輄	ig	車光	0
軳	ib	車包	0
軣	id	車丶	0
軣	iu	.	0
軙	ip	車攴	0
軙	iy	.	0
軖	iw	車王	0
軕	iu	車山	0
軐	iu	車十	0
軐	ix	.	0
軈	ux	.	0
軈	uy	身應	0
軇	uu	身壽	0
軆	ud	身豆	0
軆	ul	.	0
軅	uy	身雁	0
軄	ug	.	0
軄	uv	.	0
軁	ul	身婁	0
躿	uk	身康	0
躾	um	身美	0
躼	ui	身長	0
躸	uq	身奇	0
躷	uw	身委	0
躶	ug	身果	0
躵	ur	身忍	0
躴	ul	身良	0
躳	ul	身吕	0
躰	ub	身本	0
躮	uf	身分	0
躢	zt	.	0
躢	zy	.	0
躛	zw	足衛	0
蹵	zj	足就	0
蹮	zs	.	0
蹘	zl	.	0
蹘	zp	.	0
蹃	zr	足若	0
踻	zg	足咼	0
踻	zk	.	0
踷	zv	足者	0
踭	zv	足争	0
踎	zf	足否	0
跭	zj	.	0
跉	zl	足令	0
跀	zo	足月	0
跀	zy	.	0
趻	zj	足今	0
趰	ze	走爾	0
趢	zl	走录	0
趚	zu	走束	0
趇	zl	走立	0
趆	zd	走氐	0
趃	zu	走失	0
赿	zu	走氏	0
赼	zq	走欠	0
赺	zj	走今	0
赱	td	.	0
贘	bu	貝賞	0
贒	bv	貝忠	0
贎	bw	貝萬	0
贋	bv	.	0
贋	by	貝雁	0
贋	ib	.	0
贃	bh	貝患	0
贁	bw	貝攵	0
贁	wb	.	0
賿	bl	.	0
賿	bp	.	0
賲	bb	保貝	0
賯	bz	貝子	0
賫	bb	貝冖	0
賫	ub	十貝	0
賩	bz	貝宗	0
賘	bd	貝丶	0
賘	bv	.	0
賔	bm	.	0
賋	bj	貝交	0
賉	bx	貝血	0
賆	bb	貝并	0
貱	bp	貝皮	0
貮	by	.	0
貮	yb	.	0
貦	by	貝元	0
貛	vv	豸隹	0
貖	vy	豸益	0
貈	vv	豸舟	0
貇	vg	豸艮	0
貃	vb	豸白	0
豿	vj	豸句	0
豼	vb	豸比	0
豮	ub	豕贲	0
豧	uf	豕甫	0
豣	uk	.	0
豠	uq	豕且	0
豞	uj	豕句	0
豛	uu	豕殳	0
豓	dm	豆皿	0
豓	fh	.	0
豓	fm	豐皿	0
豓	qm	.	0
豒	dd	.	0
豒	df	.	0
豒	fd	豐弟	0
豒	qd	.	0
豑	dd	豆弟	0
豑	dl	.	0
豑	qd	曲弟	0
豄	gm	谷賣	0
谸	gq	谷千	0
谸	qg	千谷	0
谉	yu	讠审	0
讝	yg	.	0
讝	yy	言嚴	0
讛	yy	言藝	0
讗	yj	言冏	0
讗	yk	.	0
讑	yc	.	0
讑	yy	言龠	0
讏	yw	言衛	0
讍	ye	言噩	0
讉	yy	言遺	0
譼	yl	.	0
譼	ys	言罒	0
譱	yy	羊言	0
譩	yy	言意	0
譢	ys	言遂	0
譡	yd	言當	0
譛	yt	言替	0
譍	gy	广言	0
譍	yv	言隹	0
譌	yw	言爲	0
譃	yx	言虚	0
謸	ya	言敖	0
謸	yw	.	0
謲	yc	言參	0
謭	yj	言剪	0
謡	yf	言缶	0
謟	yy	言舀	0
謃	yx	言星	0
諽	yg	言革	0
諹	yy	.	0
諬	yy	言尤	0
諪	yt	言亭	0
諩	yb	言並	0
諥	yv	言重	0
諣	yg	言咼	0
諣	yk	.	0
諚	yd	言定	0
諐	yk	言侃	0
諎	yx	言昔	0
諊	yj	.	0
諁	yu	.	0
諁	yv	言叕	0
誵	yy	言肴	0
誯	yi	言昌	0
誮	yh	言花	0
誢	yj	言見	0
誟	yx	言孝	0
誛	yy	言又	0
誈	yv	言至	0
詽	yk	.	0
詸	ym	言米	0
詯	yz	言自	0
詪	yg	言艮	0
詤	yi	.	0
詜	yy	言又	0
詚	yd	言旦	0
詓	yq	言去	0
詇	yy	言央	0
詃	yx	言玄	0
詂	yf	言付	0
訵	ys	言四	0
訲	yv	言中	0
訯	yj	言及	0
訮	yk	言开	0
訨	yv	言止	0
訦	yg	.	0
訦	yy	.	0
訤	yy	言爻	0
訡	yj	言今	0
訠	yy	言引	0
訜	yf	言分	0
訙	yw	言丸	0
訍	yi	言叉	0
訋	yu	言勺	0
訅	yj	言九	0
觵	jh	角黄	0
觮	jl	角录	0
觪	jx	角辛	0
觃	jz	见子	0
覵	jx	見閒	0
覴	jd	見登	0
覱	jv	見斬	0
覫	jp	見旁	0
覨	je	.	0
覒	mj	毛見	0
覐	jy	見爻	0
覎	jz	見子	0
覉	xq	覀奇	0
覄	xf	覀伏	0
襽	yj	.	0
襽	yl	衤蘭	0
襸	yz	衤贊	0
襷	yj	.	0
襵	yn	衤聶	0
襰	yl	衤賴	0
襧	ye	衤爾	0
襔	yr	衤入	0
襎	yf	衤番	0
襍	yj	衤集	0
襊	yz	衤最	0
襃	dy	.	0
襃	wy	.	0
襃	yd	衣呆	0
襀	yz	衤責	0
褿	yc	衤曹	0
褺	yv	衣執	0
褨	yi	衤差	0
褤	yy	衤袁	0
褠	yg	.	0
褝	yd	衤单	0
褜	yb	衣胞	0
褏	dy	.	0
褏	wy	.	0
褏	yy	衣由	0
褈	yv	衤重	0
裪	yt	.	0
裠	yj	衣君	0
裑	yu	衤身	0
裄	yx	衤行	0
裃	yx	衤下	0
袻	ye	衤而	0
袳	yd	衤多	0
袰	my	母衣	0
袰	ym	衣母	0
袯	yb	.	0
袩	yv	衤占	0
袣	yu	衤世	0
衻	ya	.	0
衻	ye	衤二	0
衻	yr	.	0
衳	yg	衤公	0
衦	yg	衤干	0
衟	xb	.	0
衟	xi	.	0
衑	xi	彳亍	0
衑	xl	.	0
衐	xi	.	0
衐	xj	行巨	0
衉	xg	血各	0
蠴	iu	虫薯	0
蠞	ij	虫節	0
蠚	ir	.	0
蠘	ij	虫截	0
蠒	ie	虫爾	0
蠇	iw	虫萬	0
蠄	iq	虫禽	0
蟽	id	虫達	0
蟵	ic	.	0
蟵	ii	虫厨	0
蟱	iw	虫無	0
蟰	is	虫肅	0
蟚	ip	虫彭	0
蟖	is	虫斯	0
蟍	il	虫梨	0
螱	iw	虫尉	0
螩	it	虫條	0
螧	io	.	0
螧	iq	虫耆	0
螧	ir	.	0
螡	wi	文虫	0
螠	iy	虫益	0
螙	mi	木虫	0
螕	ib	虫比	0
螎	ig	虫鬲	0
螊	ij	虫兼	0
蝿	id	.	0
蝿	ig	.	0
蝋	iu	.	0
蝋	iy	.	0
蝊	id	虫定	0
蝅	it	虫天	0
蝄	iw	虫罔	0
蜽	il	虫兩	0
蜶	iz	虫卒	0
蜯	if	虫奉	0
蜟	iy	虫育	0
蜝	iq	虫其	0
蜖	ih	虫回	0
蜔	id	虫甸	0
蜐	ij	虫劫	0
蛿	ih	虫含	0
蛽	ib	虫貝	0
蛥	id	虫多	0
蛡	iy	虫羽	0
蛕	iy	虫有	0
蛒	ig	虫各	0
蛍	di	丶虫	0
蛍	ib	虫冖	0
蚫	ib	虫包	0
蚦	ia	.	0
蚦	ir	.	0
蚟	iw	虫王	0
蚛	iv	虫中	0
蚒	id	虫丹	0
蚉	iw	虫文	0
蚉	wi	文虫	0
蚈	ik	虫开	0
蚄	if	虫方	0
虸	iz	虫子	0
虶	iy	虫于	0
虲	ib	虫卜	0
虦	jh	戔虎	0
虠	hj	.	0
虝	hw	虎勿	0
虘	hq	虍且	0
虗	hq	虍丘	0
虊	cl	艹欒	0
虊	cm	.	0
虉	cn	.	0
虉	cy	艹鷊	0
虄	ci	.	0
虄	cu	艹生	0
虂	cl	艹露	0
蘽	cl	.	0
蘽	cm	艹木	0
蘰	cm	艹縵	0
蘨	cx	.	0
蘨	cy	艹繇	0
蘝	cl	.	0
蘕	cf	艹縫	0
蘔	cy	艹穎	0
蘓	cy	艹魚	0
蘒	cg	.	0
蘒	cq	.	0
蘏	cy	艹頁	0
蘎	cf	廿肥	0
蘍	cx	艹勳	0
蘈	ct	.	0
蘃	cm	艹木	0
蘂	cm	艹木	0
蘂	cr	.	0
藼	cx	艹憲	0
藵	cy	艹衣	0
藮	cj	.	0
藮	cq	艹樵	0
藧	ch	艹緩	0
藖	cx	艹賢	0
藔	cl	艹寮	0
藔	cx	.	0
藌	cm	艹蜜	0
藊	cb	艹扁	0
薼	ci	艹塵	0
薻	ci	艹巢	0
薲	cb	艹賓	0
薗	cy	艹園	0
薓	cy	艹又	0
薒	cc	艹粲	0
薒	cm	.	0
蕿	cy	艹爰	0
蕽	cn	艹農	0
蕟	cf	艹發	0
蕜	cb	艹悲	0
蕐	ca	.	0
蕏	cv	艹猪	0
蕌	cj	艹晶	0
蕂	cu	艹勝	0
蔶	cz	艹責	0
蔲	ck	.	0
蔢	cp	艹婆	0
蔐	cd	.	0
蔅	cn	艹女	0
蔄	cw	艹問	0
蓵	cj	艹捷	0
蓭	ca	艹庵	0
蓤	cl	艹凌	0
蓢	cl	艹朗	0
蓞	cy	艹舀	0
蓜	cp	艹配	0
蓙	cz	艹座	0
蓘	cg	艹衮	0
蓘	cy	.	0
蓈	cl	艹郎	0
蒾	cm	艹迷	0
蒷	cy	艹員	0
蒵	cx	艹奚	0
蒥	cl	艹留	0
蒖	cv	艹真	0
蒓	ci	艹純	0
蒊	ci	.	0
蒊	kh	.	0
蒈	cj	艹皆	0
蒅	cr	艹染	0
蒃	ct	艹彖	0
蒃	cu	.	0
葿	cm	艹眉	0
葼	cw	艹夂	0
葲	cq	艹泉	0
葪	cd	艹刂	0
葕	cy	艹衍	0
葁	cj	艹姜	0
萾	cy	艹盈	0
萪	ck	艹科	0
萢	cp	艹泡	0
萠	cp	艹朋	0
萟	cv	.	0
萟	cw	艹丸	0
萞	cb	艹比	0
萙	cv	艹枕	0
萔	cv	艹招	0
萈	cd	艹丶	0
萈	cj	.	0
萂	ch	艹和	0
萀	ch	艹虎	0
菷	cj	.	0
菷	cv	艹帚	0
菭	cv	艹治	0
菦	cj	艹近	0
菚	cj	艹戔	0
菐	yd	.	0
菐	yf	业夫	0
莭	cj	艹即	0
莡	cz	艹足	0
莟	ch	艹含	0
莑	cf	艹丰	0
莄	cg	艹更	0
莀	ci	艹辰	0
荹	cb	艹步	0
荲	cl	艹里	0
荱	cw	艹尾	0
荰	cd	艹杜	0
荢	cy	艹宇	0
荝	cz	艹则	0
荕	cl	艹肋	0
茾	ck	艹开	0
茽	cv	艹仲	0
茰	cg	.	0
茮	cu	.	0
茮	cx	艹小	0
茣	cw	艹吴	0
茡	cz	艹字	0
茟	cy	艹聿	0
茒	ce	艹阝	0
茒	cx	.	0
茋	cd	艹氐	0
茊	cq	艹丘	0
苸	ch	艹乎	0
苮	cx	艹仙	0
苩	cb	艹白	0
苝	cb	艹北	0
苚	cy	艹用	0
苐	cp	.	0
苉	cp	艹匹	0
苅	cd	.	0
苅	cy	艹刈	0
芖	cd	艹大	0
芕	cx	艹夕	0
芌	ck	艹亏	0
芉	cq	.	0
芇	cj	艹巾	0
芆	ci	艹叉	0
芁	cj	艹几	0
艻	cl	艹力	0
艪	vl	舟魯	0
艧	vh	.	0
艧	vy	舟又	0
艥	vg	.	0
艥	vj	舟戢	0
艢	vh	.	0
艢	vs	舟嗇	0
艠	vd	舟登	0
艝	vx	舟雪	0
艔	vd	舟度	0
艊	vb	舟帛	0
艊	vj	.	0
艈	vi	.	0
艆	vl	舟良	0
艁	vg	舟告	0
舮	vh	舟户	0
舧	vf	舟凡	0
舦	vt	舟太	0
舚	uv	舌詹	0
舚	uy	.	0
舙	uu	舌舌	0
舘	ug	舍官	0
舗	fk	.	0
舓	uy	舌易	0
舃	jd	.	0
舃	jh	臼灬	0
臵	vg	至各	0
臱	zf	自方	0
臰	zs	自死	0
臯	zu	.	0
臫	zg	自乚	0
臤	iy	臣又	0
臤	yi	.	0
臖	ox	月興	0
臔	ox	月賢	0
臈	og	月葛	0
膶	or	月閏	0
膤	ox	月雪	0
膡	oj	月眷	0
膖	of	月逢	0
膓	ow	月勿	0
膓	oy	.	0
膒	oq	月區	0
膐	rl	肉旅	0
膅	ot	月唐	0
腵	oj	月叚	0
腬	or	月柔	0
腣	od	月帝	0
腟	ou	月室	0
腅	oy	月炎	0
腀	ol	月侖	0
脿	ob	月表	0
脼	ol	月兩	0
脵	ow	月吴	0
脴	of	月否	0
脳	ox	月凶	0
脨	ou	月束	0
脠	oy	月延	0
脜	oo	月目	0
脇	ox	.	0
胷	ox	月匈	0
胮	oj	.	0
胓	op	月平	0
胋	ov	月占	0
肻	bo	卜月	0
肻	by	.	0
肻	ob	月冖	0
肹	ox	月兮	0
肳	ow	月勿	0
肰	oq	月犬	0
肧	ob	月不	0
肦	of	月分	0
肞	oi	月叉	0
肗	on	月女	0
肑	ou	月勺	0
肍	oj	月九	0
聺	ei	耳察	0
聴	ex	耳心	0
聮	es	.	0
聭	eg	耳鬼	0
聫	ed	耳大	0
聥	ey	耳禹	0
聢	ed	耳定	0
聡	ex	耳心	0
聠	eb	耳并	0
聟	ev	耳知	0
聙	eq	耳青	0
聗	ej	耳夾	0
聕	eg	耳告	0
聓	eg	耳巩	0
聎	ev	耳兆	0
聉	ei	耳出	0
聅	eu	耳矢	0
聁	ef	耳分	0
聀	eg	耳戈	0
耼	ea	.	0
耼	er	.	0
耺	ey	耳云	0
耲	lh	.	0
耲	ly	.	0
耯	lh	.	0
耯	ly	耒又	0
耫	lz	耒責	0
耣	ll	耒侖	0
耝	lq	耒且	0
耚	lp	耒皮	0
耓	ld	耒丁	0
耂	ap	.	0
耂	lk	.	0
耂	tp	.	0
翓	yj	羽吉	0
翈	jy	甲羽	0
翈	yj	羽甲	0
翄	yv	羽支	0
羴	yy	羊羊	0
羫	yk	羊空	0
羪	yl	羊良	0
羘	oy	月羊	0
羘	yy	.	0
羗	qs	羌厶	0
羗	ys	.	0
羐	aj	.	0
羐	sd	.	0
羄	si	罒綽	0
羄	sv	.	0
羂	sj	罒絹	0
羀	sl	.	0
罯	sy	罒音	0
罤	sd	罒弟	0
罖	sd	罒丶	0
罓	ki	冂乂	0
罓	kw	.	0
罉	fv	缶掌	0
罁	fg	缶岡	0
罀	fv	缶兆	0
缼	fq	缶欠	0
纼	sy	纟引	0
纝	sl	.	0
纝	ss	糸糸	0
纐	sq	.	0
纐	sy	糸頁	0
纉	sz	.	0
纅	sl	糸樂	0
纅	sy	.	0
纄	sp	糸蓬	0
纃	sq	糸齊	0
繿	sj	糸監	0
繱	sc	糸葱	0
繬	sh	.	0
繬	ss	糸嗇	0
繧	sy	糸雲	0
繥	sx	糸喜	0
繝	sx	糸閒	0
繛	sv	素卓	0
繛	vs	.	0
繍	ss	.	0
繋	su	糸殳	0
繊	sg	.	0
縬	sq	糸戚	0
縨	sh	糸晃	0
縦	sc	.	0
縦	sv	.	0
縙	sr	糸茸	0
縘	sx	糸奚	0
縇	sx	糸宣	0
縅	sw	糸威	0
縄	sd	.	0
縄	sg	.	0
縀	sj	糸叚	0
緿	sd	糸怠	0
緽	sv	糸貞	0
緸	st	糸土	0
緸	sy	.	0
緵	sw	糸夂	0
緫	sc	.	0
緥	sb	糸保	0
緢	sm	糸苗	0
緕	sq	.	0
緔	su	糸尚	0
緍	sh	糸昏	0
綶	sg	糸果	0
綥	sb	糸畀	0
綥	sq	.	0
綥	st	.	0
綤	se	.	0
綤	su	糸邵	0
綛	sr	糸忍	0
綘	sf	糸丰	0
綕	sv	糸志	0
綐	sd	糸兑	0
綊	sj	糸夾	0
綇	sy	糸酉	0
綂	sx	糸兄	0
絾	si	糸成	0
絵	sh	糸会	0
絴	sy	糸羊	0
絬	su	糸舌	0
絥	sf	糸伏	0
絠	sy	糸有	0
絚	sa	.	0
絚	sg	糸亙	0
絗	sh	糸回	0
絋	sg	.	0
絋	ss	糸厶	0
絉	su	糸术	0
絈	sb	糸白	0
紴	sp	糸皮	0
紭	sh	糸弘	0
紭	ss	.	0
紪	sc	糸此	0
糿	sd	糸刀	0
糳	mu	米殳	0
糭	mw	米夂	0
糫	mh	.	0
糫	my	.	0
糩	mh	米會	0
糤	ms	米散	0
糣	mo	米日	0
糣	mq	.	0
糣	mr	.	0
糡	mj	米竟	0
糛	mt	米堂	0
糚	mv	米莊	0
糘	mj	米家	0
糏	mx	米屑	0
糎	ml	米厘	0
糆	mm	米面	0
糄	mb	米扁	0
糃	my	.	0
糂	mu	米甚	0
粷	mj	.	0
粷	mm	米米	0
粶	ml	米录	0
粰	mf	米孚	0
粭	mh	米合	0
粠	mg	米共	0
粐	mh	米户	0
粎	mi	米尺	0
粇	mk	米亢	0
粆	mu	米少	0
粂	jm	久米	0
粂	mj	米久	0
籾	mr	米刃	0
籷	mq	米七	0
籷	mt	.	0
籶	mj	米几	0
籱	vh	.	0
籱	vv	𥫗隹	0
籰	vj	𥫗矍	0
籰	vy	.	0
籭	vl	竹麗	0
籢	vl	竹斂	0
籢	vw	.	0
籡	vj	竹撿	0
籖	vg	.	0
籖	vx	.	0
籏	vq	𥫗旗	0
籎	vy	竹疑	0
籋	ve	竹爾	0
籆	vh	.	0
籆	vy	𥫗又	0
簺	vs	竹塞	0
簵	vg	.	0
簵	vl	竹輅	0
簲	vp	竹脾	0
簯	vq	竹棋	0
簤	vm	竹買	0
簓	vd	.	0
簓	vp	.	0
簄	vb	.	0
簄	vh	竹扈	0
篵	vc	𥫗從	0
篵	vv	.	0
篭	vd	𥫗电	0
篭	vg	.	0
篭	vl	.	0
篗	vv	.	0
篗	vy	𥫗又	0
篒	vu	竹食	0
篈	vf	𥫗封	0
篃	vm	𥫗眉	0
箿	ve	𥫗耳	0
箿	vq	.	0
箽	vv	竹重	0
箼	vw	竹屋	0
箻	vl	𥫗律	0
箶	vh	竹胡	0
箳	vp	𥫗屏	0
箲	vx	𥫗洗	0
箰	vz	竹子	0
箰	zs	.	0
箮	vx	𥫗宣	0
箟	vk	竹昆	0
箞	vj	竹卷	0
箉	vg	𥫗拐	0
箃	vq	𥫗取	0
筿	vt	竹条	0
筫	vb	𥫗貝	0
筨	vh	竹含	0
筟	vf	𥫗孚	0
筙	vl	竹耒	0
筗	vv	竹仲	0
筕	vx	竹行	0
筃	vy	𥫗因	0
筂	vi	𥫗池	0
笽	vm	竹皿	0
笷	vm	竹卯	0
笧	vc	𥫗册	0
笡	vq	竹且	0
笟	vg	竹瓜	0
笜	vi	𥫗出	0
笗	vd	竹冬	0
笖	vy	𥫗以	0
笍	vn	竹内	0
笌	vy	𥫗牙	0
笇	vb	𥫗卞	0
笂	vw	𥫗丸	0
竾	vy	𥫗也	0
竵	lg	.	0
竳	ld	立登	0
竲	lc	立曾	0
竰	ll	立厘	0
竩	ly	立宜	0
竨	lv	立卓	0
竧	lu	立身	0
竡	lb	立百	0
竛	ll	立令	0
竗	lu	立少	0
竕	lf	立分	0
竔	lu	立升	0
竓	lm	立毛	0
竎	lc	立廾	0
竍	lu	立十	0
竃	bd	.	0
竃	bg	.	0
竃	xd	.	0
竃	xg	.	0
窹	bw	.	0
窹	xw	穴吾	0
窧	bv	.	0
窧	xv	穴卓	0
窤	bk	.	0
窤	xk	穴昆	0
窡	bu	.	0
窡	bv	.	0
窡	xu	.	0
窡	xv	穴叕	0
窓	bx	.	0
窓	xx	穴心	0
穼	bm	.	0
穼	xm	穴木	0
穳	hz	禾贊	0
穯	hh	禾回	0
穪	he	禾爾	0
穦	hb	禾賓	0
穥	hy	禾與	0
穤	hx	禾需	0
穣	hy	.	0
穞	hl	禾鲁	0
穝	hz	禾最	0
穙	hd	.	0
穙	hf	禾夫	0
穙	hp	.	0
穕	hj	禾集	0
穓	hh	.	0
穓	hy	禾異	0
穒	hn	禾鳥	0
穐	hd	.	0
穐	hg	.	0
穃	hr	禾容	0
穁	hr	禾茸	0
稺	hx	禾辛	0
稵	hz	禾兹	0
稪	hf	禾复	0
稩	ho	.	0
稩	hw	禾胃	0
稩	hy	.	0
稥	ho	禾日	0
稤	hj	禾京	0
稖	hk	禾口	0
稖	hp	.	0
稏	hy	禾亞	0
稉	hg	禾更	0
稇	hk	禾困	0
稁	dh	.	0
稁	hb	禾冖	0
稁	wh	亠禾	0
秿	hf	禾甫	0
秹	hr	禾任	0
秵	hy	禾因	0
秴	hh	禾合	0
秳	hu	禾舌	0
秲	hs	禾寺	0
秡	hb	.	0
秛	hp	禾皮	0
秚	hb	禾半	0
秙	hg	禾古	0
秓	hv	禾支	0
秐	hy	禾云	0
秌	hh	禾火	0
秊	hq	禾千	0
秂	hr	禾人	0
禞	ug	示高	0
禙	ub	示背	0
禉	uq	示酋	0
祵	uk	示困	0
祱	ud	示兑	0
祮	uj	示吉	0
祦	uw	示吴	0
礷	ul	石藍	0
礶	uv	石隹	0
礲	ul	石龍	0
礰	ul	石歷	0
礰	uv	.	0
礢	uy	石養	0
礍	ug	石葛	0
礋	ux	石幸	0
礊	uu	石殳	0
礃	uv	石掌	0
礀	ux	石閒	0
磸	ud	石奠	0
磶	ud	.	0
磶	uh	.	0
磱	ul	石勞	0
磰	uu	石善	0
磮	ul	石侖	0
磫	uc	石從	0
磫	uv	.	0
磦	up	石票	0
磤	uy	石殷	0
磘	uf	石缶	0
磖	ub	.	0
磖	ux	石習	0
磀	un	石逆	0
碿	ux	石屑	0
碷	ud	石盾	0
碵	uv	石貞	0
碯	ui	.	0
碯	uw	.	0
碯	ux	石囟	0
碒	uj	石金	0
碋	uk	石岢	0
碊	uj	石戔	0
碈	uh	石昏	0
碂	uz	石宗	0
硸	ua	石岸	0
硶	uc	石岑	0
硶	uj	.	0
硵	ul	石卤	0
硴	uh	石花	0
硳	ui	石赤	0
硧	uy	石甬	0
硦	un	石弄	0
硣	ux	石孝	0
硡	uh	石宏	0
硟	uy	石延	0
硛	uy	石亦	0
硘	uh	石回	0
硔	ug	石共	0
硓	ul	石老	0
硆	uh	石合	0
硂	uq	石全	0
砿	ug	.	0
砿	us	石厶	0
砽	uy	石用	0
砤	uy	石也	0
砛	uj	石今	0
砙	uw	石瓦	0
砋	uv	石止	0
矵	ud	石刂	0
矪	uv	矢舟	0
矤	gu	弓矢	0
矤	ug	矢弓	0
矡	mj	矛矍	0
矡	my	.	0
矆	oh	.	0
矆	oy	目又	0
矃	on	目寧	0
矁	oi	目愁	0
矀	ow	目微	0
瞸	om	.	0
瞦	ox	目喜	0
瞤	or	目閏	0
瞓	ox	目訓	0
瞊	ot	目唐	0
睻	ox	目宣	0
睷	oj	目建	0
睶	oi	目春	0
睴	oj	目軍	0
睰	or	目若	0
睤	ob	目畀	0
睤	oq	.	0
睝	od	.	0
睓	od	目典	0
睉	oz	目坐	0
睈	oi	目呈	0
睂	oi	.	0
睂	rm	.	0
睂	ro	.	0
眡	od	目氐	0
眖	ox	目兄	0
眎	ou	目示	0
盶	oy	目元	0
盢	mq	皿畎	0
盀	bm	卜皿	0
盀	mb	皿卜	0
皷	pa	.	0
皷	pv	.	0
皶	pi	皮查	0
皳	pq	皮求	0
皨	bt	.	0
皨	tb	.	0
皧	ba	白愛	0
皣	bh	白華	0
皔	bh	白旱	0
皌	bm	白末	0
癷	dg	癶干	0
癳	bl	.	0
癳	bs	疒糸	0
癦	bm	疒墨	0
癛	bb	疒稟	0
癛	bh	.	0
癏	bh	.	0
癏	by	.	0
癄	bj	疒焦	0
瘹	bd	疒釣	0
瘷	bi	疒敕	0
瘶	bq	疒欠	0
瘬	bv	疒張	0
瘒	bj	疒軍	0
瘎	bu	疒甚	0
瘇	bv	疒重	0
痮	bi	疒長	0
痬	by	疒易	0
痥	bd	疒兑	0
痜	bt	疒秃	0
痓	bv	疒至	0
痆	bn	疒尼	0
疷	bd	疒氐	0
疭	bc	疒从	0
疩	bu	疒十	0
疩	bz	.	0
疨	by	疒牙	0
疦	bd	.	0
疦	bg	疒夬	0
疞	bk	疒亏	0
疜	bx	疒下	0
疛	bc	疒寸	0
疓	bn	疒乃	0
疉	la	.	0
疉	lj	.	0
疉	ta	.	0
疈	df	.	0
疈	dt	.	0
疈	ff	.	0
疅	tj	.	0
疂	tq	田且	0
畼	ty	.	0
畻	tt	田土	0
畱	at	一田	0
畱	tk	.	0
畮	tm	田每	0
畭	ty	田余	0
畩	ty	田衣	0
畨	mt	米田	0
畨	tm	田米	0
畡	th	田亥	0
畞	tj	田久	0
畞	uj	十久	0
畘	tr	田冉	0
畗	dt	丶田	0
畗	wt	.	0
畕	tt	田田	0
畍	tj	田介	0
畉	tf	田夫	0
畆	ms	亩厶	0
畄	dt	丶田	0
畃	uu	申勺	0
畂	tj	田久	0
畁	yq	由丌	0
甼	td	田丁	0
甶	pt	.	0
甧	ou	.	0
甧	yu	.	0
甤	uu	生豕	0
甠	ou	日生	0
甎	wv	瓦專	0
甊	wl	瓦婁	0
甉	wj	瓦兼	0
甆	wz	瓦兹	0
甅	wl	瓦厘	0
瓼	wl	瓦里	0
瓺	wi	.	0
瓹	wo	瓦月	0
瓹	wy	.	0
瓸	wb	瓦百	0
瓳	wg	瓦古	0
瓱	wm	瓦毛	0
瓭	wa	.	0
瓭	wg	.	0
瓭	wv	.	0
瓭	wy	.	0
瓩	wa	.	0
瓩	wq	瓦千	0
瓑	wl	王歷	0
瓑	wv	.	0
瓎	wl	王賴	0
瓍	ws	王隨	0
瓈	wl	王黎	0
瓇	wy	王憂	0
瓄	wm	王賣	0
璼	wj	王監	0
璴	wi	王楚	0
璳	wb	王貝	0
璤	wh	王惠	0
璢	wl	.	0
璏	wb	.	0
璏	wv	王彘	0
璍	wh	王華	0
璌	wy	王寅	0
瑻	wg	王貫	0
瑘	wy	王耶	0
瑖	wd	王段	0
瑌	wd	王大	0
瑉	wh	.	0
瑉	wo	王日	0
瑈	wr	王柔	0
瑇	wd	王毒	0
瑅	wu	王是	0
琾	wj	王界	0
琽	wv	王者	0
琷	wg	.	0
琷	wq	王羌	0
琧	yy	玉亞	0
琜	wl	王來	0
琘	wh	王昏	0
琕	wb	王卑	0
琔	wd	王定	0
琓	ww	王完	0
琂	wy	王言	0
珯	wl	王老	0
珬	wx	王戌	0
珤	wf	王缶	0
珡	rw	.	0
珡	wr	王人	0
珟	wd	.	0
珟	ws	王夙	0
珕	wl	王力	0
珕	wx	.	0
珎	we	王尔	0
珄	wu	王生	0
珁	ww	王瓦	0
玪	wj	王今	0
玣	wb	王卞	0
玜	wg	王公	0
玏	wl	王力	0
玌	wg	王乚	0
獹	ql	犭盧	0
獱	qb	犭賓	0
獤	qd	犭敦	0
獜	ql	.	0
獖	qb	犭賁	0
獔	qg	.	0
獔	qu	.	0
獓	qa	犭敖	0
獓	qw	.	0
獋	qg	.	0
獋	qu	.	0
獇	qq	.	0
獇	qs	犭厶	0
猽	ql	.	0
猽	qm	犭冥	0
猠	qd	犭典	0
猚	qv	犭隹	0
猔	qz	犭宗	0
猉	qq	犭其	0
猆	fq	非犬	0
猆	qf	犬非	0
猅	qf	犭非	0
狵	ql	.	0
狵	qm	犭尨	0
狛	qb	犭白	0
狕	qy	犭幼	0
狏	qy	犭也	0
狇	qm	犭木	0
犻	qf	.	0
犻	qj	.	0
犳	qu	犭勺	0
犱	qw	犭丸	0
犫	nv	.	0
犫	yn	.	0
犜	nd	牛敦	0
犙	nc	牛參	0
犔	nq	牛氣	0
牱	nk	牛可	0
牭	ns	牛四	0
牫	ng	牛戈	0
牨	nk	牛亢	0
牥	nf	牛方	0
牔	pc	片寸	0
牔	pf	.	0
牃	pm	爿木	0
爴	vg	爪國	0
爳	lw	.	0
爳	wl	爲了	0
爫	pd	.	0
爫	vw	.	0
爥	hu	火屬	0
爡	hi	火蠆	0
爜	hc	火叢	0
爜	hy	.	0
爘	hc	火餐	0
爗	hh	火華	0
爖	hl	火龍	0
爒	hl	.	0
爒	hx	火小	0
爒	ol	.	0
爒	ox	.	0
爒	yl	.	0
爒	yx	.	0
爑	hj	火蕉	0
爏	hl	火歷	0
爏	hv	.	0
爋	hd	.	0
爋	hh	.	0
爉	hl	.	0
爈	hl	火慮	0
燺	hg	.	0
燺	hm	火木	0
燷	hb	火禀	0
燷	hu	.	0
燶	hn	火農	0
燵	hd	火達	0
燳	hv	火照	0
燯	hl	火零	0
燪	hc	火葱	0
燩	hj	火敫	0
燩	hw	.	0
燣	hb	火稟	0
燣	hh	.	0
燞	dq	.	0
燞	hq	灬欠	0
燗	hx	火閒	0
燑	ht	火童	0
燍	hs	火斯	0
燌	hb	火賁	0
熻	hx	火翕	0
熻	hy	.	0
熶	hz	火最	0
熴	hk	火昆	0
熮	hl	.	0
熮	hp	.	0
熭	hh	火彗	0
熫	hu	火庶	0
熢	hf	火逢	0
熓	hw	火烏	0
熑	hj	火兼	0
熎	hf	火缶	0
熍	hg	火宫	0
熋	hn	火能	0
熃	hw	火務	0
煿	hc	火寸	0
煿	hf	.	0
煾	he	火恩	0
煭	dd	.	0
煭	dl	.	0
煭	hd	灬刂	0
煭	hl	.	0
煭	il	.	0
煗	hd	火大	0
煑	hv	火者	0
煈	hf	火風	0
煀	hq	火屈	0
焾	hn	火念	0
焽	hm	火明	0
焹	hw	火罔	0
焸	ho	火日	0
焷	hb	火卑	0
焵	hg	火岡	0
焳	hv	火隹	0
焬	hy	火易	0
焪	hg	.	0
焪	hq	火穹	0
焩	hp	火朋	0
焧	hx	火心	0
焔	hj	火旧	0
焑	hk	火困	0
焈	hs	火巳	0
焁	hi	火吹	0
烾	ty	.	0
烵	hu	火芍	0
烲	hv	火折	0
烪	hg	火关	0
烥	hi	火臣	0
烐	hv	火舟	0
烌	hx	火休	0
烉	dh	.	0
烉	hb	.	0
烄	hj	火交	0
炿	hd	火丹	0
炶	hv	火占	0
炪	hi	火出	0
炨	ht	火它	0
炦	hb	.	0
炥	hf	火弗	0
炣	hk	火可	0
炢	hu	火术	0
炠	hj	火甲	0
炛	hh	火化	0
炗	ch	廿火	0
炗	hc	火廿	0
炏	hh	火火	0
炍	hf	火反	0
炌	hj	火介	0
炋	hb	火不	0
炈	hu	火殳	0
炇	hw	火攵	0
灷	ch	.	0
灷	hc	火廾	0
灳	gh	勹火	0
灲	hd	火刂	0
灮	he	火儿	0
灧	ds	氵色	0
灧	dy	.	0
灙	dd	氵黨	0
灓	us	水糸	0
灓	yu	.	0
灎	dh	.	0
灎	dm	.	0
灍	dq	氵闕	0
灇	dc	氵叢	0
灇	dy	.	0
瀶	dl	氵臨	0
瀮	dl	氵霖	0
瀭	du	氵輸	0
瀥	dg	.	0
瀥	dh	氵翯	0
瀐	dg	.	0
瀐	dx	.	0
瀈	dh	氵翬	0
瀈	dj	.	0
瀃	dc	氵賜	0
濽	dz	.	0
濹	dm	氵墨	0
濵	db	氵賓	0
濥	dy	氵夤	0
濖	du	氵署	0
濐	du	氵暑	0
澾	dd	氵達	0
澷	df	氵方	0
澵	dx	氵新	0
澝	dn	氵甯	0
澝	dy	.	0
澛	dl	氵鲁	0
澚	dy	氵粤	0
澑	dl	.	0
澏	du	氵山	0
澏	dy	.	0
澃	dx	.	0
潹	ds	氵森	0
潨	dd	.	0
潨	dv	.	0
潥	dm	.	0
潥	ds	氵粟	0
潖	db	.	0
潖	dp	氵琶	0
潌	dv	氵窒	0
潊	dp	氵攴	0
潊	dx	.	0
潊	dy	.	0
潉	dk	氵昆	0
潈	dd	氵丶	0
潈	dv	.	0
潂	db	氵並	0
漽	dn	.	0
漽	dx	氵犀	0
漨	df	氵逢	0
漗	dc	.	0
漗	dx	氵心	0
漖	dj	氵教	0
漑	dj	氵既	0
漐	uv	水執	0
滰	dj	氵竟	0
滧	dx	氵效	0
滣	di	氵唇	0
滙	dv	氵隹	0
溸	ds	氵素	0
溭	dj	.	0
溭	dw	氵夂	0
溬	dq	.	0
溬	ds	氵厶	0
溩	dw	氵烏	0
溑	db	氵貝	0
溊	dj	氵叚	0
溂	dd	.	0
溂	dl	氵剌	0
湽	dt	.	0
湽	dz	氵甾	0
湼	dg	.	0
湺	db	氵保	0
湰	du	氵生	0
湭	dq	氵酋	0
湐	db	氵柏	0
湏	dy	氵頁	0
湌	du	氵食	0
湈	dm	氵某	0
湂	de	.	0
渷	dx	.	0
渷	dy	氵兖	0
渪	dy	氵禹	0
渆	dd	氵刂	0
渁	du	氵水	0
淎	df	氵奉	0
淃	dj	氵卷	0
淁	dq	氵妾	0
涥	dh	氵亨	0
涜	de	.	0
涜	dk	.	0
涚	dd	氵兑	0
浱	di	氵辰	0
浝	dl	.	0
浝	dm	氵尨	0
浗	dq	氵求	0
浌	df	氵伐	0
洡	dl	氵耒	0
洜	ug	水各	0
洕	do	氵月	0
洕	dy	.	0
洆	di	氵丞	0
泴	um	水皿	0
泦	dj	.	0
泦	dk	氵尻	0
泤	dy	氵以	0
泟	dv	氵正	0
泘	dh	氵乎	0
泎	dv	氵乍	0
泋	dh	氵卉	0
沵	de	氵尔	0
沯	uu	水石	0
沠	dv	氵爪	0
沞	db	.	0
汿	dy	氵予	0
汼	dn	氵牛	0
汬	ju	井水	0
汬	uj	水井	0
汣	dj	氵久	0
汢	dt	氵土	0
汖	uu	山水	0
汓	dz	氵子	0
汅	dk	.	0
汄	dr	氵人	0
氷	du	.	0
氷	ud	.	0
氱	qy	.	0
氭	qd	气東	0
氞	qb	气丙	0
氒	uu	氏十	0
毺	my	毛俞	0
毶	mc	毛参	0
毴	mf	毛非	0
毮	fm	扌毛	0
毭	dm	豆毛	0
毭	md	毛豆	0
毩	mm	毛米	0
毥	mx	毛旬	0
毟	mu	毛少	0
毝	mp	.	0
殻	uj	.	0
殻	uk	.	0
殸	uu	殳声	0
殩	dc	歹粲	0
殩	dm	.	0
殨	dg	歹貴	0
殐	du	歹束	0
殅	du	歹生	0
歱	vv	止重	0
歰	rv	刃止	0
歮	vv	止止	0
歬	vv	止舟	0
歫	vj	止巨	0
歨	vv	.	0
歚	qu	欠善	0
歗	qs	欠肅	0
歓	qv	.	0
歏	qj	欠堇	0
歄	qg	欠咼	0
歄	qk	.	0
欰	qx	欠血	0
欰	xq	血欠	0
欮	qn	.	0
欫	qv	.	0
欫	qx	.	0
欩	qv	欠召	0
欦	qj	欠今	0
欟	mg	木觀	0
欟	mj	.	0
欜	mn	木囊	0
欜	my	.	0
欕	mg	.	0
欕	my	木嚴	0
欎	mc	木寸	0
欌	mc	木藏	0
欇	mn	木聶	0
欆	mu	木雙	0
欁	mm	木木	0
欁	mn	木農	0
櫾	mx	.	0
櫾	my	木繇	0
櫷	mg	木龜	0
櫶	mx	木憲	0
櫵	mj	木蕉	0
櫲	my	木豫	0
櫭	md	.	0
櫭	mj	木暨	0
櫩	my	木閻	0
櫦	mq	木慶	0
櫤	mj	木箭	0
櫣	ml	木蓮	0
櫢	mu	木數	0
櫘	mh	木慧	0
櫗	mm	木蔑	0
櫖	ml	木慮	0
櫕	mz	.	0
櫔	ml	木厲	0
櫔	mw	.	0
櫒	mc	木蔡	0
櫎	mg	木廣	0
櫊	mg	木閣	0
櫁	mm	木蜜	0
櫀	mq	木綦	0
櫀	ms	.	0
檾	hl	火林	0
檾	lb	.	0
檼	mj	.	0
檼	mx	木心	0
檲	mt	木團	0
檱	mq	.	0
檰	mm	木綿	0
檪	ml	.	0
檪	mm	木木	0
檪	my	.	0
檧	mc	木葱	0
檙	md	木鼎	0
檏	mw	.	0
檏	my	木業	0
檋	mi	木車	0
檋	mj	.	0
檈	mh	.	0
檈	my	.	0
檆	mn	.	0
檆	mv	木占	0
檂	mn	木農	0
橽	md	木達	0
橻	mi	木丑	0
橺	mj	木間	0
橷	md	.	0
橷	me	木儿	0
橵	ms	木散	0
橴	mz	木紫	0
橳	mu	木勝	0
橲	mx	木喜	0
橰	mg	.	0
橰	mu	.	0
橮	mm	木貿	0
橣	mn	木甯	0
橣	my	.	0
橜	mj	木厥	0
橜	mq	.	0
橗	mm	木萌	0
橓	mu	木舜	0
橒	my	木雲	0
橌	mx	木閒	0
橊	ml	.	0
橅	mw	木無	0
橃	mf	木發	0
橂	md	木奠	0
樷	lz	.	0
樶	mz	木最	0
樰	mx	木雪	0
樮	mh	木火	0
樭	mj	木基	0
樬	mc	.	0
樬	mx	木心	0
権	mv	.	0
樢	mn	木鳥	0
樜	mu	木庶	0
樚	ml	木鹿	0
樒	mm	木密	0
樎	ms	木宿	0
樌	mg	木貫	0
槹	mg	.	0
槹	mu	.	0
槵	mh	木患	0
槩	mj	木既	0
槣	mj	木寄	0
槝	md	木島	0
槗	mj	.	0
槗	mk	木口	0
槈	mr	木辱	0
槇	mv	木真	0
榸	mm	木埋	0
榝	mu	木殺	0
榒	mr	木弱	0
榏	my	木益	0
榌	mf	木飛	0
榋	mx	.	0
榁	mu	木室	0
楿	mx	木香	0
楾	mq	木泉	0
楳	mm	木某	0
楲	mw	木威	0
楐	mj	木界	0
楍	mk	木口	0
楇	mg	木咼	0
楇	mk	.	0
楆	my	木要	0
椾	mq	木前	0
椺	mb	木保	0
椶	mw	木夂	0
椱	mf	木复	0
椮	mc	木参	0
椬	my	木宜	0
椩	mg	木庚	0
椨	mf	木府	0
椧	mm	木命	0
椦	ml	木力	0
椣	md	木典	0
椢	mg	木国	0
椡	md	木到	0
椞	mx	木析	0
検	md	.	0
検	mr	.	0
椛	mh	木花	0
椚	mm	木門	0
椘	mv	.	0
椘	vl	.	0
椖	mf	木房	0
椉	dj	.	0
椉	dm	.	0
椉	wj	亠桀	0
椉	wm	.	0
椂	ml	木录	0
棿	me	木兒	0
棾	lr	林冗	0
棾	mj	.	0
棭	my	木夜	0
棥	mm	木木	0
棥	my	木爻	0
棢	mw	木罔	0
棛	my	木育	0
棏	mc	木寸	0
梽	mv	木志	0
梻	mf	木佛	0
梺	lx	林下	0
梺	mx	.	0
梺	xl	.	0
梹	mb	木兵	0
梸	ml	木利	0
梷	my	木又	0
梥	bm	.	0
梥	mg	.	0
梞	mj	木忌	0
梚	mm	木免	0
梙	mi	木串	0
梕	mr	木忍	0
梎	mb	木匕	0
梍	mz	木皂	0
梄	my	木酉	0
桺	mk	.	0
桳	mu	木十	0
桰	mk	木口	0
桬	mu	木沙	0
桞	me	木阝	0
桞	mx	.	0
桝	mf	.	0
桝	mi	木舛	0
桛	mx	木下	0
桙	mm	木牟	0
桙	mn	.	0
桘	mv	.	0
桒	mh	.	0
栶	my	木因	0
栰	mf	木伐	0
栬	ms	木色	0
栧	my	木曳	0
栤	mb	木冰	0
栛	ml	木力	0
栛	mx	.	0
栙	mj	.	0
栍	mu	木生	0
栂	mm	木母	0
柾	mv	木正	0
柨	mb	木布	0
柡	mu	.	0
柖	mv	木召	0
柇	mh	木禾	0
枾	ma	木丨	0
枽	mc	木廿	0
枩	mg	木公	0
枦	mh	木户	0
枤	mq	木犬	0
枡	mu	木升	0
枖	my	木夭	0
枈	mb	木比	0
枂	mo	木月	0
枂	my	.	0
枀	mg	木公	0
杫	mv	木止	0
杧	mw	木亡	0
杣	mu	木山	0
杢	mg	木工	0
杘	mu	木尸	0
杘	um	尸木	0
杔	mq	木七	0
杔	mt	.	0
杒	mr	木刃	0
杊	mi	木川	0
朷	md	木刀	0
朰	my	木乙	0
朤	oo	.	0
朤	pp	朋朋	0
朚	wm	亡明	0
朙	oj	.	0
朑	ou	月世	0
朇	hb	會卑	0
朆	cw	曾勿	0
朆	wc	.	0
朂	ol	日力	0
曻	of	.	0
曯	ou	日屬	0
曧	or	日融	0
曥	ol	日盧	0
曢	ol	日寮	0
曡	qb	.	0
曟	ij	.	0
曗	ow	.	0
曗	oy	日業	0
曔	oj	日敬	0
曓	ob	.	0
曑	jp	.	0
曑	op	.	0
曑	pj	.	0
曍	og	.	0
曍	ou	.	0
曃	od	日逮	0
曃	ol	.	0
曂	oh	日黄	0
曁	bd	.	0
曁	dg	.	0
曁	dj	.	0
曁	oj	.	0
暬	ov	.	0
暥	oa	.	0
暥	oy	日晏	0
暞	om	.	0
暞	on	日臬	0
暜	ol	日立	0
暚	of	日缶	0
暓	om	.	0
暓	ow	日攵	0
暃	of	日非	0
晿	oi	日昌	0
晽	ol	日林	0
晭	ov	日周	0
晠	oi	日成	0
晘	oh	日旱	0
晐	oh	日亥	0
晆	og	日圭	0
昿	og	.	0
昿	os	日厶	0
昣	op	.	0
昘	of	日方	0
昗	ol	日六	0
旾	ot	日屯	0
旫	od	日刀	0
旪	ou	日十	0
旤	jg	.	0
旤	jk	.	0
旤	kg	.	0
旘	fg	.	0
旘	fv	.	0
旔	fj	方建	0
旈	fi	.	0
旀	fx	方小	0
斾	fj	方巾	0
斺	fj	方介	0
斴	jl	.	0
斱	jv	斤者	0
斦	jj	斤斤	0
斘	xd	夕斗	0
斏	wl	文良	0
斍	wj	文見	0
斈	wz	文子	0
斆	wx	攵學	0
敾	wu	攵善	0
敱	pd	.	0
敱	ud	.	0
敱	uq	.	0
敱	uy	.	0
敮	pi	.	0
敮	py	.	0
敩	wx	攵学	0
敡	oy	.	0
敡	py	攴易	0
敟	wd	攵典	0
敒	rw	.	0
敒	wu	攵伸	0
敐	wi	攵辰	0
敋	wg	攵各	0
敄	mw	矛攵	0
敄	wm	攵矛	0
敂	wj	攵句	0
攼	gw	干攵	0
攼	wg	攵干	0
攞	fl	扌羅	0
攞	fw	.	0
攚	fy	扌營	0
攑	fj	扌舉	0
攊	fl	扌歷	0
攊	fv	.	0
攈	fh	.	0
攈	fj	扌麇	0
攂	fl	.	0
擹	fq	扌欠	0
擹	ft	.	0
擶	fj	扌箭	0
擶	fq	.	0
擮	fj	扌截	0
擥	ul	.	0
擥	us	手罒	0
擟	fe	扌爾	0
擝	fm	扌盟	0
擜	fx	扌献	0
擌	fj	扌夾	0
擈	fw	.	0
擈	fy	扌業	0
擆	fv	扌著	0
撪	ff	.	0
撪	fi	扌車	0
撨	fj	扌焦	0
撡	fx	扌心	0
撔	fj	扌景	0
撎	fy	扌壹	0
撍	fo	扌日	0
撍	fq	.	0
摼	fj	扌堅	0
摱	fm	扌曼	0
摤	fu	扌爽	0
摣	fc	.	0
摣	fq	扌且	0
摢	fh	扌乎	0
摏	fi	扌舂	0
摏	fj	.	0
摌	fi	.	0
摉	fx	扌夕	0
摂	fd	扌丶	0
搻	hu	合手	0
搻	uh	.	0
搸	fq	扌秦	0
搱	fx	扌辛	0
搩	fj	扌桀	0
搩	fm	.	0
搑	fr	扌茸	0
搈	fr	扌容	0
搄	fh	扌恒	0
揬	ft	扌突	0
揦	fd	.	0
揦	fl	扌剌	0
揔	fc	.	0
掶	fg	扌庚	0
掵	fm	扌命	0
掲	fb	.	0
掲	fh	扌曷	0
掚	fl	扌兩	0
掓	fu	扌叔	0
掋	fd	扌底	0
掆	fg	扌岡	0
捿	fq	扌妻	0
捾	fg	扌官	0
捴	fx	扌心	0
捳	fy	扌岳	0
捪	fh	扌昏	0
捦	fj	扌金	0
捤	fw	扌尾	0
捠	fb	扌兵	0
捛	fl	扌吕	0
捓	fx	扌邪	0
挿	fi	.	0
挧	fy	扌羽	0
挗	fy	扌夷	0
挊	fx	扌下	0
挄	fg	扌光	0
拪	fx	扌西	0
拡	fg	.	0
拡	fs	扌厶	0
拞	fq	扌丘	0
拁	fj	扌加	0
拀	fx	扌兄	0
択	fi	扌尺	0
抙	fu	扌手	0
扸	fp	扌片	0
扵	fd	扌丶	0
扟	fu	扌十	0
扟	fx	.	0
扄	hx	户向	0
戼	aa	.	0
戼	ak	.	0
戵	gq	戈瞿	0
戵	gv	.	0
戱	gx	戈虚	0
戯	gx	戈虚	0
戨	gg	戈哥	0
戜	gi	戈呈	0
戅	xb	.	0
戂	xf	.	0
戂	xm	心靡	0
懳	xh	心慧	0
懡	xm	忄麽	0
懛	xt	忄臺	0
懛	xv	.	0
懙	xy	心與	0
懕	xq	.	0
懕	xy	心厭	0
懏	xg	.	0
懏	xj	心雋	0
懄	xq	忄勤	0
懀	xh	心會	0
憽	xc	忄葱	0
憦	xl	心勞	0
憥	xl	心勞	0
憠	xj	心厥	0
憠	xq	.	0
憜	xs	心隋	0
憘	xx	心喜	0
憈	xx	忄虚	0
憆	xt	忄堂	0
憅	xd	心動	0
憄	xv	心直	0
憁	xc	.	0
憁	xx	忄心	0
慿	xc	心廾	0
慿	xf	.	0
慸	xd	心帶	0
慠	xa	忄敖	0
慠	xw	.	0
慜	xm	心敏	0
慗	xi	心敕	0
慗	xw	.	0
慐	xg	心貢	0
慂	xy	心涌	0
愼	xv	忄真	0
愺	xc	心草	0
愹	xr	忄容	0
愸	xl	心力	0
愱	xj	忄疾	0
愪	xy	心員	0
愢	xs	忄思	0
愡	xc	.	0
愙	xk	.	0
愌	xh	心奂	0
愂	xb	心勃	0
惞	xx	心欣	0
惒	xh	心和	0
惐	xh	心或	0
惂	xj	忄臼	0
惂	xx	.	0
悩	xx	心凶	0
悥	xy	心言	0
悥	yx	言心	0
悤	xx	.	0
悡	xl	心利	0
悙	xh	忄亨	0
悘	xy	心医	0
悓	xj	忄見	0
悑	xf	忄甫	0
恷	xx	休心	0
恠	xz	心在	0
恖	px	.	0
恖	xi	.	0
恖	xw	.	0
恖	xx	心囟	0
恎	xv	忄至	0
怽	xw	心未	0
怺	xy	心永	0
怸	xu	心术	0
怶	xp	忄皮	0
怟	xd	忄氐	0
怈	xu	忄世	0
忶	xy	忄云	0
忲	xt	心太	0
忰	xu	心十	0
忰	xz	.	0
忢	xw	心五	0
応	gx	广心	0
忛	xf	心凡	0
忓	xg	心干	0
忎	qx	千心	0
忎	xq	心千	0
忊	xd	心丁	0
忇	xl	心力	0
忂	xq	彳瞿	0
忂	xv	.	0
徺	xy	彳堯	0
徱	xp	彳票	0
徰	xv	彳正	0
徣	xx	彳昔	0
徝	xv	彳直	0
徚	xj	彳柬	0
徃	xu	彳生	0
彣	pw	.	0
彣	wp	.	0
彞	cf	.	0
彑	aa	.	0
彑	ji	.	0
彑	vh	.	0
彇	gs	弓肅	0
彅	gj	弓剪	0
彂	yu	业矢	0
彁	gg	弓哥	0
弽	gm	弓木	0
弴	gx	弓享	0
弲	go	弓月	0
弲	gy	.	0
弬	gi	弓臣	0
弫	gi	弓臣	0
弡	gj	弓巨	0
弞	gq	弓欠	0
弜	gg	弓弓	0
弖	ga	弓一	0
弌	ya	弋一	0
廰	gt	.	0
廭	gj	广積	0
廫	gj	广膠	0
廫	gl	.	0
廫	gp	.	0
廤	gb	广匕	0
廤	gi	.	0
廏	gu	广殳	0
庽	gy	广禺	0
庻	gc	广从	0
庺	gm	广木	0
庺	gs	.	0
庯	gf	广甫	0
庩	gy	广余	0
庡	gy	广衣	0
庘	gj	广甲	0
庎	gj	广介	0
庅	gm	广么	0
幥	jv	巾掌	0
幖	jp	巾票	0
幉	jm	巾木	0
幆	jh	巾曷	0
帿	jh	巾侯	0
帺	jq	巾其	0
帹	jq	巾妾	0
帵	jw	巾宛	0
帬	jj	巾君	0
帪	ji	巾辰	0
帒	jd	巾代	0
帍	hj	户巾	0
帇	aa	.	0
帇	vu	.	0
巼	bb	.	0
巸	is	臣巳	0
巸	si	巳臣	0
巶	sv	巳召	0
巭	fg	.	0
巭	gf	功夫	0
巬	fj	.	0
巪	ja	.	0
巤	iu	.	0
巙	uk	山夔	0
巙	uw	.	0
嶿	ux	山需	0
嶾	uj	.	0
嶾	ux	山心	0
嶻	uj	山截	0
嶹	uu	山壽	0
嶫	uw	.	0
嶥	uj	山厥	0
嶥	uq	.	0
嶤	uy	山堯	0
嶘	uv	山棧	0
嶖	ux	山翕	0
嶖	uy	.	0
嶑	ux	山象	0
嶏	up	山配	0
嶌	un	山鳥	0
嶅	ua	山敖	0
嶅	uw	.	0
嶃	uv	山斬	0
嵻	uk	山康	0
嵸	uc	山從	0
嵸	uv	.	0
嵶	ur	山弱	0
嵳	ui	山差	0
嵮	uv	山真	0
嵭	up	山旁	0
嵪	ug	山高	0
嵦	ud	.	0
嵦	uq	山豈	0
嵡	uw	山翁	0
嵠	ux	山奚	0
嵟	uv	山隹	0
嵜	uk	.	0
嵔	uw	山畏	0
嵏	uw	山夂	0
嵈	uy	山爰	0
嵆	uy	山尤	0
嵄	um	山美	0
崻	ud	山待	0
崯	uj	山金	0
崫	uq	山屈	0
崡	uh	山函	0
崜	ui	山垂	0
崘	ul	山侖	0
崓	ug	山固	0
崊	ul	山林	0
崉	ut	.	0
峾	uj	.	0
峾	uy	山沂	0
峳	uw	.	0
峳	uy	山攸	0
峲	ul	山利	0
峩	uw	山我	0
峢	ul	山列	0
峝	ut	山同	0
峜	uq	山企	0
峕	uo	山日	0
峍	uy	山聿	0
峃	du	丶山	0
峃	ub	山冖	0
峂	ud	山冬	0
峀	uy	山由	0
岾	uv	山占	0
岼	up	山平	0
岻	ud	山氐	0
岹	uv	山召	0
岴	uq	山丘	0
岲	ux	山兄	0
岅	uf	山反	0
岄	uo	山月	0
岄	uy	.	0
岃	ur	山刃	0
屸	ug	山工	0
屷	un	山乃	0
屵	ui	山厂	0
屲	pu	.	0
屰	qc	䒑屮	0
屫	uq	尸喬	0
屚	uy	尸雨	0
屒	ui	尸辰	0
尵	yg	尢貴	0
尲	yj	尢兼	0
尮	yd	尤朵	0
尭	uw	十兀	0
尭	wh	.	0
尡	gk	光昆	0
尠	uu	甚少	0
尞	dx	大小	0
尛	xx	小小	0
寷	bd	.	0
寷	bf	宀豐	0
寴	bq	宀親	0
寭	bh	宀惠	0
寚	bf	宀缶	0
寈	bq	宀青	0
宺	bi	.	0
宲	bd	宀呆	0
宱	bz	宀作	0
宩	bm	宀米	0
宔	bv	宀主	0
宑	bj	宀井	0
宐	ba	宀一	0
宂	bj	宀几	0
孾	zy	子嬰	0
孶	zx	.	0
孶	zz	子兹	0
孴	on	.	0
孴	oz	.	0
孴	rn	.	0
孴	rz	.	0
孯	zy	子又	0
孭	zb	子貝	0
孧	zy	子幼	0
孡	zt	子台	0
孠	zs	子司	0
孞	zx	子心	0
孏	nj	.	0
孏	nl	女蘭	0
孄	nj	.	0
孄	nl	女闌	0
孂	ng	女簋	0
孂	nm	.	0
孁	yn	雨女	0
嬶	nb	女鼻	0
嬵	nm	女綿	0
嬳	nh	.	0
嬳	ny	女又	0
嬱	nj	女漸	0
嬫	nr	女榮	0
嬩	ny	女與	0
嬘	ns	女遂	0
嬕	nx	女幸	0
嬒	nh	女會	0
嬑	ny	女意	0
嬍	nw	女攵	0
嬊	cn	廿女	0
嬊	nb	.	0
嬆	nx	女翕	0
嬆	ny	.	0
嬄	ny	女壹	0
嫼	nh	女黑	0
嫯	na	女敖	0
嫯	nw	.	0
嫧	nz	女責	0
嫤	nj	女堇	0
嫓	nb	女比	0
嫑	by	不要	0
嫎	np	女旁	0
嫅	ni	女差	0
媫	nv	.	0
媨	nq	女酋	0
媤	ns	女思	0
媣	nr	女染	0
媡	nj	女柬	0
媠	no	女月	0
媠	ny	.	0
媙	nw	女威	0
媘	nj	女皆	0
媑	nv	女重	0
媍	nf	女負	0
媉	nw	女屋	0
媈	nj	女軍	0
媇	nq	女亲	0
媆	nd	女大	0
媅	nu	女甚	0
媁	nw	女韋	0
媀	ny	女禺	0
婾	nd	.	0
婾	ny	女俞	0
婹	ny	女要	0
婱	nx	女弦	0
婯	nl	女丽	0
婮	nj	女居	0
婫	nk	女昆	0
婨	nl	女侖	0
婣	na	女丨	0
婡	nl	女來	0
婔	nf	女非	0
婏	nt	女兔	0
婎	nv	女隹	0
婋	nh	女虎	0
婅	nj	.	0
娽	nl	女录	0
娻	nd	女東	0
娺	nu	.	0
娺	nv	女叕	0
娯	nw	.	0
娦	nb	女兵	0
娤	nv	女壯	0
娢	nh	女含	0
娝	nf	女否	0
娐	nf	女孚	0
娎	nv	女折	0
娂	ng	女共	0
姯	ng	女光	0
姧	gn	.	0
姧	ng	女干	0
姢	no	女月	0
姢	ny	.	0
姙	nr	女任	0
姕	nc	女此	0
姉	nf	.	0
姉	nj	.	0
姄	nm	女民	0
姂	nf	女乏	0
妷	nu	女失	0
妭	nb	.	0
妟	on	日女	0
妟	rn	.	0
妜	nd	.	0
妜	ng	女夬	0
妛	na	女一	0
妚	nb	女不	0
妕	nv	女中	0
妑	nb	女巴	0
奯	ds	大歲	0
奯	du	.	0
奨	dc	.	0
奨	dj	大将	0
奨	dl	.	0
奦	dw	大務	0
奣	ym	.	0
奟	dp	大朋	0
奞	dv	大隹	0
奝	dv	大周	0
奛	dm	大明	0
奙	sd	.	0
奙	sy	厶奄	0
奒	dh	大亥	0
奆	dj	大巨	0
奃	dd	大氐	0
夽	dy	大云	0
夶	dd	大大	0
夵	dx	大小	0
夳	de	大二	0
夨	ad	.	0
夨	vd	.	0
夦	ud	甚多	0
夦	xu	.	0
夡	dj	多吉	0
夡	xj	.	0
夝	xu	夕生	0
夛	ax	.	0
夛	vx	.	0
夛	xa	.	0
夓	bw	.	0
夓	wb	夂八	0
夁	ug	士固	0
壷	ua	士一	0
壷	uy	.	0
壵	uu	士士	0
壭	ue	.	0
壦	tv	土隹	0
壜	tt	土曇	0
壜	ty	.	0
壐	te	土爾	0
壍	tj	土漸	0
壀	tb	.	0
壀	tx	.	0
墹	tj	土間	0
墸	tv	土著	0
墷	th	土華	0
墴	th	土黄	0
墲	tw	土無	0
墰	tt	土覃	0
墭	tu	土盛	0
墧	tq	土喬	0
墤	tg	土貴	0
墢	tf	土發	0
墛	tw	土尉	0
墖	td	.	0
墖	tt	土田	0
墕	ty	土焉	0
墍	tj	土既	0
墍	tw	.	0
墄	tq	土戚	0
塸	tq	土區	0
塷	tl	.	0
塳	tf	土逢	0
塲	tw	土勿	0
塲	ty	.	0
塰	th	土海	0
塮	tu	土射	0
塪	ty	土舀	0
塧	ty	土益	0
塦	tv	土陣	0
塡	tv	土真	0
塠	tv	土追	0
塖	ti	土乘	0
塇	tx	土宣	0
塃	th	土荒	0
堾	ti	土春	0
堼	tf	土封	0
堫	tw	土夂	0
堦	tj	土皆	0
堢	tb	土保	0
堟	tt	土彖	0
堟	tu	.	0
堚	tj	土軍	0
堘	tt	土土	0
堗	tt	土突	0
堓	ta	土岸	0
堒	tk	土昆	0
堏	tf	土枋	0
埿	tn	土泥	0
埪	tk	土空	0
埛	tj	土冏	0
埛	tk	.	0
埖	th	土花	0
埓	tc	土寸	0
埓	tl	.	0
埍	to	土月	0
埍	ty	.	0
埉	tj	土夾	0
埅	tf	土防	0
埄	tf	土丰	0
垾	th	土旱	0
垻	tb	土貝	0
垷	tj	土見	0
垳	tx	土行	0
垬	tg	土共	0
垨	tu	土守	0
垜	td	土朵	0
垖	tv	.	0
垑	td	土多	0
垎	tg	土各	0
垊	tm	土民	0
垈	td	土代	0
垁	tu	土矢	0
坿	tf	土付	0
坾	tn	土宁	0
坺	tb	.	0
坹	tx	土穴	0
坸	tj	土句	0
坮	tt	土台	0
坥	tq	土且	0
坙	at	一土	0
坙	ti	.	0
坘	th	土互	0
坖	yt	元土	0
坕	vt	爪土	0
坓	tj	土井	0
坈	tr	土冗	0
坃	ty	土元	0
圿	tj	土介	0
圽	tw	土勿	0
圼	ot	日土	0
圼	rt	.	0
圶	dt	大土	0
圵	tu	土上	0
圱	qt	千土	0
圱	tq	土千	0
圫	tq	土七	0
圫	tt	.	0
圦	tr	土入	0
圥	te	土儿	0
圥	uw	.	0
圡	td	土丶	0
圙	km	.	0
圕	ku	.	0
圑	kc	.	0
圑	kf	.	0
圐	kf	.	0
圎	kb	.	0
圅	sa	.	0
圅	sy	.	0
圅	zh	.	0
囼	kt	.	0
囻	km	.	0
囶	kt	.	0
囲	kj	.	0
囜	ks	.	0
囙	kk	.	0
囐	kq	.	0
囐	kx	口獻	0
囏	cx	.	0
囏	xh	.	0
囎	kz	口贈	0
囇	kl	口麗	0
囄	kl	口離	0
囄	kv	.	0
嚻	ll	吕吕	0
嚻	yl	.	0
嚠	kl	口劉	0
嚛	kl	口樂	0
嚛	ky	.	0
嚖	kh	口慧	0
嚑	kx	口熏	0
嚋	ku	口壽	0
嚉	kd	口對	0
嚈	kq	.	0
嚈	ky	口厭	0
噵	kd	口道	0
噛	ki	.	0
噖	kq	口琴	0
噕	kw	口爲	0
噃	kf	口番	0
嘼	kk	口口	0
嘦	ky	.	0
嘦	vy	只要	0
嘥	kv	.	0
嘥	kx	口徙	0
嘋	kj	口教	0
嘊	ky	口崖	0
嘃	ky	口庸	0
嗸	ka	口敖	0
嗸	kw	.	0
嗭	kv	.	0
嗭	vb	直匕	0
嗭	vi	.	0
嗧	jl	加侖	0
嗧	lj	.	0
嗠	fg	孚各	0
嗠	vg	.	0
嗁	kh	.	0
喖	kk	口枯	0
喅	kl	.	0
喅	ky	口昱	0
啹	kj	口居	0
啱	ky	口岩	0
啨	kq	口青	0
啠	kj	口斤	0
啝	kh	口和	0
啚	kh	口回	0
啙	kc	.	0
啔	kg	口戈	0
唺	kd	口典	0
唨	kz	口阻	0
唟	kq	口七	0
唟	qb	.	0
唟	qi	.	0
唞	kd	口抖	0
唕	ku	.	0
唕	kz	口皁	0
唀	kx	口秀	0
哾	kd	口兑	0
哹	kf	口孚	0
哶	kg	.	0
哯	kj	口見	0
哛	fb	.	0
哛	fi	.	0
哘	kx	口行	0
咟	kb	口百	0
咞	kk	口开	0
咓	kw	口瓦	0
咊	kh	口禾	0
咅	lk	立口	0
呭	ku	口世	0
呞	ks	口司	0
呚	kw	口攵	0
吢	kx	口心	0
吢	xk	心口	0
吂	kw	口亡	0
吂	wk	亡口	0
吀	kq	口千	0
叾	kl	口了	0
叾	lk	了口	0
叴	jk	九口	0
叴	kj	口九	0
叝	eq	.	0
叝	qy	去又	0
叜	by	.	0
叓	yv	.	0
叒	yu	又双	0
叐	py	.	0
叅	sx	厶心	0
叀	ad	.	0
叀	st	.	0
厽	ss	厶厶	0
厼	sx	厶小	0
厺	ds	大厶	0
厸	ss	厶厶	0
厵	iy	厂原	0
厵	yy	原原	0
厯	id	厂丶	0
厯	ix	.	0
厛	it	厂听	0
厈	ig	厂干	0
厇	iq	厂七	0
厇	it	.	0
厃	di	.	0
厁	ex	.	0
卾	ee	.	0
卶	ed	卩多	0
卝	aa	.	0
卝	ck	.	0
卛	us	十糸	0
卛	yu	.	0
卋	uc	十廿	0
匸	aa	.	0
匶	kj	匚舊	0
匳	kq	匚僉	0
匲	kp	匚品	0
匩	kw	匚王	0
匨	kv	匚壯	0
匧	kj	匚夾	0
匥	kb	匚弁	0
匥	kc	.	0
匞	kg	匚工	0
匛	kj	匚久	0
匘	bi	.	0
匘	bx	匕囟	0
匔	gg	.	0
匔	gl	勹吕	0
匓	gu	勹殳	0
匌	gh	勹合	0
匇	gx	勹夕	0
匃	bv	.	0
匃	ga	.	0
匃	gv	.	0
匂	gb	勹匕	0
勽	gr	勹人	0
勶	li	力徹	0
勮	lj	.	0
勮	lu	力豕	0
勭	lt	力童	0
勬	ls	力糸	0
勪	lq	力喬	0
勨	lx	力象	0
勧	lv	.	0
勡	lp	力票	0
勜	lw	力翁	0
勑	ll	來力	0
勏	lk	力口	0
勏	lp	.	0
勎	lt	力土	0
勆	ll	良力	0
劺	lm	力牟	0
劺	ln	.	0
劸	lg	力圭	0
劷	ly	力羊	0
劷	yl	羊力	0
劶	lh	力后	0
劰	bl	白力	0
劰	lb	力白	0
劧	lu	力手	0
劧	ul	手力	0
劤	lj	力斤	0
劜	lg	力乚	0
劕	dv	刂質	0
劔	rq	.	0
劎	dq	刀僉	0
劆	dl	刂廉	0
劅	di	.	0
劅	du	刂蜀	0
剾	dq	刂區	0
剹	dl	.	0
剹	dp	.	0
剶	dt	刂彖	0
剶	du	.	0
剦	dd	.	0
剦	dy	刂奄	0
剤	dq	.	0
剙	bb	.	0
剘	dq	刂其	0
剓	dd	.	0
剏	rb	.	0
剈	db	.	0
剅	dd	豆刂	0
刾	dj	刂夹	0
刯	dg	刂亘	0
刣	dt	刂台	0
刟	dv	刂召	0
刕	dd	刀刀	0
刔	dd	.	0
刔	dg	刂夬	0
刏	dq	刂气	0
刅	db	.	0
凷	kt	凵土	0
凲	jj	几兼	0
凮	jb	几百	0
凬	jo	.	0
凬	jr	.	0
凩	jm	几木	0
凨	jy	几云	0
凧	jj	几巾	0
凣	aj	丨几	0
凢	pj	.	0
凙	dx	冫幸	0
凕	dl	.	0
凕	dm	冫冥	0
凒	dd	.	0
凒	dq	冫豈	0
冸	db	冫半	0
冭	dd	冫大	0
冩	bd	.	0
冩	bh	.	0
冧	bl	冖林	0
冣	bq	冖取	0
冟	bb	冖匕	0
冝	bq	冖且	0
兘	yt	元台	0
儶	rj	亻冏	0
儶	rk	.	0
儫	rh	亻豪	0
儨	rv	亻質	0
儧	rz	.	0
儝	rr	亻榮	0
儙	rq	亻遣	0
儖	rj	亻監	0
儏	rc	亻粲	0
儏	rm	.	0
僺	rz	.	0
僢	ru	亻舜	0
僡	rh	亻惠	0
僟	rj	亻幾	0
僙	rh	亻黄	0
僘	ri	亻敞	0
僘	rw	.	0
僐	ru	亻善	0
僌	rw	亻攵	0
僃	ry	亻用	0
僀	rd	亻帶	0
傼	rh	亻𦰩	0
傹	rj	亻竟	0
傦	rg	亻骨	0
傠	rt	亻討	0
傏	rt	亻唐	0
傊	ry	亻員	0
傆	ry	亻原	0
傄	rm	.	0
傄	ro	亻目	0
傁	rs	亻叟	0
偼	rv	.	0
偧	rd	.	0
偦	rx	亻胥	0
偖	rv	亻者	0
偔	re	.	0
偐	ry	亻彦	0
偂	rq	亻前	0
倽	ru	亻舍	0
倹	rd	.	0
倹	rr	.	0
倲	rd	亻東	0
倝	ru	.	0
倝	ur	十人	0
倊	rx	亻心	0
倁	rv	亻知	0
俿	rh	亻虎	0
俽	rx	亻欣	0
俼	ry	亻育	0
俻	rb	亻备	0
俹	ry	亻亞	0
俲	rx	.	0
俰	rh	亻和	0
俕	rs	亻宋	0
俒	rw	亻完	0
侸	rd	亻豆	0
侴	rd	人刂	0
侱	ri	亻呈	0
侤	rk	亻考	0
侢	rz	亻再	0
侟	rc	亻存	0
侙	ru	亻式	0
侎	rm	亻米	0
侌	jy	今云	0
佲	rm	亻名	0
佱	rv	人止	0
佭	rj	.	0
佨	rb	亻包	0
佦	ru	亻石	0
佅	rw	亻未	0
佄	rg	亻甘	0
伩	rw	亻文	0
伣	rj	亻见	0
伜	ru	亻十	0
伜	rz	.	0
伖	ry	亻友	0
伆	rw	亻勿	0
仾	rh	亻互	0
仼	rw	亻王	0
仺	ra	人一	0
仹	rf	亻丰	0
仧	ru	人上	0
仧	ur	上人	0
仦	rx	亻小	0
仢	ru	亻勺	0
仠	rg	亻干	0
亾	ra	.	0
亾	rv	.	0
亰	dx	.	0
亰	wx	亠小	0
亯	dr	.	0
亯	wo	亠日	0
亪	yy	.	0
亣	da	.	0
亣	wd	.	0
亝	el	.	0
亝	se	厶二	0
亗	ue	山二	0
亇	da	.	0
亇	ra	.	0
乽	yv	乙者	0
乼	yv	乙注	0
乺	ys	乙所	0
乷	yu	乙沙	0
乶	yf	乙甫	0
乴	yv	乙折	0
乲	yc	乙次	0
乯	yh	乙乎	0
乮	ym	乙卯	0
乬	yj	乙巨	0
乫	yj	乙加	0
乪	yt	乙田	0
乨	gt	乚台	0
乧	yd	乙斗	0
乥	py	.	0
乥	yb	.	0
乤	yx	乙下	0
乛	av	.	0
乛	ve	.	0
乊	ho	.	0
乊	pb	.	0
乊	px	.	0
乀	aa	.	0
乀	vv	.	0
乀	yi	.	0
丯	pa	.	0
丩	aa	.	0
丩	jc	.	0
丩	vu	.	0
丣	ak	.	0
丠	ab	一北	0
䶿	ue	飠儿	0
䶾	qy	.	0
䶽	ow	月夂	0
䶼	ox	月心	0
䶻	og	.	0
䶺	on	月内	0
䶹	ap	.	0
䶸	km	口么	0
䶷	ke	口儿	0
䶵	ys	龠虒	0
䶴	iy	炊龠	0
䶳	yk	龠亢	0
䶲	rg	冉龜	0
䶱	dg	冬龜	0
䶰	gm	龜毛	0
䶯	ng	女龜	0
䶮	lt	龙天	0
䶭	lw	龙王	0
䶬	lj	.	0
䶫	iy	齒嚴	0
䶪	ij	齒截	0
䶩	qi	齊齒	0
䶨	ij	.	0
䶧	iy	齒堯	0
䶦	iz	齒責	0
䶥	ic	.	0
䶤	ig	齒骨	0
䶣	iq	齒豈	0
䶢	ix	齒咸	0
䶡	iz	齒則	0
䶠	xi	咸齒	0
䶟	id	.	0
䶞	iq	齒其	0
䶝	ij	齒夾	0
䶜	ig	齒告	0
䶛	li	列齒	0
䶚	ii	齒虫	0
䶙	ij	齒巨	0
䶘	il	齒立	0
䶗	ik	齒可	0
䶖	ij	齒今	0
䶕	ib	齒巴	0
䶔	iy	齒也	0
䶓	qj	齊巾	0
䶒	qn	齊女	0
䶑	bd	.	0
䶑	bp	.	0
䶐	bh	鼻會	0
䶏	bd	鼻弟	0
䶎	bh	鼻合	0
䶍	bv	鼻至	0
䶌	bb	鼻包	0
䶋	bj	鼻及	0
䶊	bi	鼻丑	0
䶉	ul	鼠留	0
䶉	ut	.	0
䶈	uf	.	0
䶇	uv	鼠胄	0
䶆	uv	鼠隹	0
䶅	ug	鼠各	0
䶄	up	鼠平	0
䶃	uj	鼠今	0
䶂	uu	鼠勺	0
䶁	gt	.	0
䶀	gh	鼓合	0
䵿	gv	鼓占	0
䵾	gf	鼓付	0
䵽	gq	鼓去	0
䵼	dj	鼎將	0
䵻	dh	鼎彗	0
䵺	dt	鼎土	0
䵹	mx	黽吁	0
䵹	um	矢黽	0
䵸	mq	黽秋	0
䵷	mg	黽圭	0
䵶	mj	黽句	0
䵵	hd	黑大	0
䵵	vh	𥫗黑	0
䵴	hm	黑黽	0
䵳	hh	黑會	0
䵲	hc	.	0
䵱	hx	黑喜	0
䵰	hu	.	0
䵯	hv	黑重	0
䵮	hy	.	0
䵭	hv	黑者	0
䵬	ht	.	0
䵫	hw	黑宛	0
䵪	hk	黑昆	0
䵩	hl	黑利	0
䵨	hm	黑尨	0
䵧	hz	.	0
䵦	hw	.	0
䵥	hs	黑色	0
䵤	hj	.	0
䵣	hd	黑旦	0
䵢	hw	黑未	0
䵡	ht	黑天	0
䵠	hu	黑勺	0
䵟	hg	黑干	0
䵞	hd	黑刂	0
䵝	hg	黑乚	0
䵜	un	黍農	0
䵛	uj	黍堅	0
䵚	uy	黍舀	0
䵙	ui	.	0
䵘	uy	.	0
䵗	uf	.	0
䵖	uq	.	0
䵕	uj	黍居	0
䵔	ud	黍東	0
䵓	un	黍牛	0
䵒	uo	黍日	0
䵑	ur	黍刃	0
䵐	hd	黄單	0
䵏	hl	.	0
䵎	hd	黄耑	0
䵍	hx	黄享	0
䵌	hj	黄夾	0
䵋	hy	黄有	0
䵊	dh	丹黄	0
䵊	hd	黄丹	0
䵉	my	麻俞	0
䵈	mh	麻後	0
䵇	mw	麻攵	0
䵆	mm	麥蒙	0
䵅	ma	麥敖	0
䵄	ml	.	0
䵃	mh	麥黄	0
䵂	md	.	0
䵁	mj	麥將	0
䵀	ms	.	0
䴿	mm	.	0
䴾	mi	麥差	0
䴽	mb	麥卑	0
䴼	mj	麥戔	0
䴻	ml	.	0
䴺	mp	.	0
䴹	mg	麥果	0
䴸	mf	麥孚	0
䴷	mw	麥完	0
䴶	mf	麥丰	0
䴵	mb	麥并	0
䴴	mv	麥占	0
䴳	mx	麥穴	0
䴲	mm	麥末	0
䴱	mt	麥它	0
䴰	mg	麥戈	0
䴯	mw	麥勿	0
䴮	mu	麥山	0
䴭	mc	麥才	0
䴬	my	麥弋	0
䴫	ll	鹿零	0
䴪	ll	鹿禄	0
䴩	lp	鹿票	0
䴨	ly	鹿原	0
䴧	lw	鹿委	0
䴦	ly	鹿言	0
䴥	lj	鹿加	0
䴤	lu	鹿生	0
䴣	lh	鹿乎	0
䴢	lm	鹿木	0
䴡	yl	.	0
䴠	ly	鹿夭	0
䴟	lf	鹿凡	0
䴟	lw	.	0
䴞	lv	.	0
䴝	lz	.	0
䴜	lg	.	0
䴛	lx	.	0
䴚	lk	.	0
䴙	nb	.	0
䴘	ns	.	0
䴗	in	.	0
䴖	nq	鸟青	0
䴕	nl	鸟列	0
䴔	nj	鸟交	0
䴓	nz	.	0
䴒	nl	鳥靈	0
䴑	nd	鳥疊	0
䴐	nb	鳥寶	0
䴏	ny	鳥燕	0
䴎	nl	.	0
䴍	ny	.	0
䴌	nm	鳥蒙	0
䴋	nq	.	0
䴊	ny	鳥義	0
䴈	na	鳥奥	0
䴇	nl	鳥零	0
䴆	np	.	0
䴅	np	.	0
䴄	nu	鳥舜	0
䴃	ny	鳥堯	0
䴂	nx	鳥象	0
䴁	ny	鳥寓	0
䴀	nt	鳥童	0
䳿	nr	鳥然	0
䳾	nd	鳥登	0
䳽	nc	鳥崔	0
䳼	nq	鳥區	0
䳻	nv	鳥斬	0
䳺	ny	鳥酉	0
䳹	nk	鳥寇	0
䳸	nm	鳥麻	0
䳷	nc	鳥從	0
䳶	nx	鳥奚	0
䳵	ni	.	0
䳴	ns	.	0
䳴	nt	.	0
䳳	ns	鳥祟	0
䳲	nv	鳥振	0
䳱	nw	鳥務	0
䳰	nb	鳥保	0
䳯	nv	鳥重	0
䳮	nm	鳥脉	0
䳭	nj	鳥即	0
䳬	ng	鳥革	0
䳫	ng	鳥癸	0
䳪	nd	鳥耑	0
䳩	ny	鳥要	0
䳨	nh	鳥皇	0
䳧	nh	鳥侯	0
䳦	nx	鳥宣	0
䳥	nc	.	0
䳤	nb	.	0
䳣	gn	戈鳥	0
䳣	ng	鳥勹	0
䳢	nq	鳥其	0
䳡	nv	鳥隹	0
䳠	ni	鳥垂	0
䳟	nm	鳥明	0
䳞	nf	鳥奉	0
䳝	np	.	0
䳜	ny	鳥余	0
䳛	ny	.	0
䳚	nh	鳥旱	0
䳙	np	.	0
䳘	nw	鳥我	0
䳗	nw	鳥我	0
䳖	nv	.	0
䳕	nf	鳥孚	0
䳔	nj	鳥臼	0
䳓	nl	鳥老	0
䳒	nz	.	0
䳑	ny	鳥有	0
䳐	nc	鳥次	0
䳏	ng	鳥圭	0
䳎	nj	鳥臼	0
䳍	ng	鳥共	0
䳌	no	鳥月	0
䳋	ni	鳥虫	0
䳊	nb	.	0
䳉	nd	鳥冬	0
䳈	nb	鳥包	0
䳇	nm	鳥母	0
䳆	nb	鳥白	0
䳅	nv	鳥只	0
䳄	nc	鳥此	0
䳃	ny	.	0
䳂	nv	鳥召	0
䳁	nb	.	0
䳀	nu	鳥失	0
䲿	nn	尼鳥	0
䲾	nq	鳥巧	0
䲽	nu	鳥石	0
䲼	nu	鳥生	0
䲻	nx	鳥玄	0
䲺	ng	鳥甘	0
䲹	np	鳥丕	0
䲸	nj	鳥介	0
䲷	nm	鳥木	0
䲶	ny	鳥元	0
䲵	nu	鳥少	0
䲴	nh	鳥火	0
䲳	nk	鳥亢	0
䲲	ng	鳥公	0
䲱	nf	鳥方	0
䲰	ny	鳥云	0
䲯	nj	鳥及	0
䲮	ny	鳥元	0
䲭	nu	鳥氏	0
䲬	nu	鳥氏	0
䲫	wn	兀鳥	0
䲪	nd	鳥大	0
䲩	un	尸鳥	0
䲨	ng	鳥工	0
䲧	nt	鳥土	0
䲦	nd	鳥大	0
䲥	nj	鳥九	0
䲤	yj	鱼酒	0
䲣	wy	.	0
䲢	ox	月鲞	0
䲡	yq	鱼酋	0
䲠	yi	鱼春	0
䲟	yy	鱼印	0
䲞	yl	鱼立	0
䲝	yc	鱼仓	0
䲜	ss	.	0
䲜	yy	魚魚	0
䲛	ym	魚瞢	0
䲚	yl	魚賴	0
䲙	yj	魚節	0
䲘	yg	魚管	0
䲗	yx	魚銜	0
䲖	yu	魚壽	0
䲕	yp	魚普	0
䲔	yj	.	0
䲓	yj	.	0
䲒	yj	魚解	0
䲑	yy	魚義	0
䲐	yl	魚虜	0
䲏	yl	魚勞	0
䲎	yg	魚敢	0
䲍	vx	.	0
䲌	yk	魚款	0
䲋	yt	魚替	0
䲊	ys	魚隋	0
䲉	ys	魚斯	0
䲈	ym	魚麻	0
䲇	ys	魚速	0
䲆	yy	魚魚	0
䲅	yg	魚規	0
䲄	ym	魚敏	0
䲃	yi	魚巢	0
䲂	yx	魚旋	0
䲁	yw	魚尉	0
䲀	yv	魚執	0
䱿	yv	魚斬	0
䱾	yl	魚婁	0
䱽	yc	魚倉	0
䱼	yv	魚展	0
䱻	yg	魚骨	0
䱺	yq	魚豈	0
䱹	yi	魚差	0
䱸	ys	魚叟	0
䱷	hw	虍攵	0
䱷	yw	魚攵	0
䱶	yl	魚郎	0
䱵	yw	魚翁	0
䱴	yh	魚恒	0
䱳	yl	魚厘	0
䱲	yh	.	0
䱱	yd	魚帝	0
䱰	yv	魚重	0
䱯	yw	魚攵	0
䱮	yq	魚契	0
䱭	yh	魚恆	0
䱬	yx	魚胥	0
䱫	yl	魚剌	0
䱪	yb	魚表	0
䱩	yw	魚罔	0
䱨	yc	魚刺	0
䱧	yj	魚卷	0
䱦	yv	魚隹	0
䱥	yv	魚制	0
䱤	yd	.	0
䱣	yz	魚卒	0
䱢	yv	魚争	0
䱡	yj	.	0
䱠	yj	魚戔	0
䱟	yj	魚居	0
䱞	yn	魚奈	0
䱝	yb	魚卑	0
䱜	yx	魚昔	0
䱛	yh	魚或	0
䱚	yl	魚录	0
䱙	yu	魚叔	0
䱘	yl	魚利	0
䱗	yc	.	0
䱖	yy	.	0
䱕	ym	魚每	0
䱔	yy	魚攸	0
䱓	yt	魚廷	0
䱒	yy	魚邑	0
䱑	yv	魚折	0
䱐	yf	魚孚	0
䱏	yd	魚豆	0
䱎	yg	魚亘	0
䱍	yg	魚亙	0
䱌	yi	魚臣	0
䱋	yg	魚共	0
䱊	ym	魚米	0
䱉	yq	魚且	0
䱈	yu	魚示	0
䱇	yd	魚旦	0
䱆	yy	魚孕	0
䱅	ym	魚末	0
䱄	yg	魚瓜	0
䱃	yu	魚失	0
䱂	yy	魚幼	0
䱁	yb	魚本	0
䱀	yy	魚央	0
䰿	yt	.	0
䰽	yu	.	0
䰼	yj	魚今	0
䰻	yw	魚攵	0
䰺	yj	魚斤	0
䰹	yg	魚戈	0
䰸	yg	魚公	0
䰷	yf	魚丰	0
䰶	yw	魚亡	0
䰵	yz	魚子	0
䰴	yq	魚乞	0
䰳	yd	魚丁	0
䰲	yg	魚乚	0
䰱	gl	鬼靈	0
䰰	gx	鬼需	0
䰯	gy	鬼疑	0
䰮	gy	鬼義	0
䰭	ge	鬼而	0
䰬	gj	.	0
䰫	gy	鬼堯	0
䰪	gj	鬼脊	0
䰩	gv	鬼者	0
䰨	gm	鬼眉	0
䰧	gh	鬼虎	0
䰦	gb	鬼卑	0
䰥	gh	鬼或	0
䰤	gd	鬼東	0
䰣	gw	鬼网	0
䰢	gx	鬼行	0
䰡	gu	鬼失	0
䰠	gu	鬼申	0
䰟	gy	鬼云	0
䰞	gg	.	0
䰝	gc	鬲曾	0
䰜	gg	鬲弓	0
䰛	gw	鬲瓦	0
䰚	gw	鬲文	0
䰙	gv	鬲支	0
䰘	dl	.	0
䰗	dm	鬥黾	0
䰖	iz	髟贊	0
䰕	il	髟盧	0
䰔	ip	髟盤	0
䰓	im	.	0
䰒	im	髟蒙	0
䰑	ix	髟需	0
䰐	ij	髟監	0
䰏	ij	髟截	0
䰎	ig	髟貴	0
䰍	iu	髟氺	0
䰌	ic	髟從	0
䰋	iy	髟晏	0
䰊	if	.	0
䰉	ib	髟般	0
䰈	ii	髟差	0
䰇	id	.	0
䰇	iv	髟者	0
䰆	ir	髟柔	0
䰅	iy	髟頁	0
䰄	is	髟思	0
䰃	ib	髟並	0
䰂	ic	髟采	0
䰁	il	髟录	0
䰀	iw	髟委	0
䯿	iz	髟卒	0
䯾	iv	髟周	0
䯽	ip	.	0
䯼	id	髟狄	0
䯻	ig	髟告	0
䯺	ig	.	0
䯹	ij	.	0
䯸	ic	髟次	0
䯷	ir	髟戎	0
䯶	iq	髟且	0
䯵	ih	髟卉	0
䯴	iu	髟殳	0
䯳	ig	髟公	0
䯲	ib	髟巴	0
䯱	ib	髟不	0
䯰	ij	髟介	0
䯯	iu	髟少	0
䯮	in	髟乃	0
䯭	iy	髟又	0
䯬	gd	.	0
䯫	gj	高景	0
䯪	gy	高頁	0
䯨	gd	高大	0
䯧	wj	.	0
䯦	gm	骨蔑	0
䯥	gx	骨㬎	0
䯤	gh	骨會	0
䯣	gg	骨貴	0
䯢	gm	骨麻	0
䯡	gj	骨兼	0
䯠	gw	.	0
䯟	gs	.	0
䯞	gg	骨咼	0
䯝	go	骨月	0
䯜	gy	骨易	0
䯛	gw	骨宛	0
䯚	go	骨月	0
䯙	gf	骨甫	0
䯘	gw	骨完	0
䯗	gb	骨坒	0
䯖	gl	骨良	0
䯕	gt	骨廷	0
䯔	gv	骨宅	0
䯓	gg	骨圭	0
䯒	gx	骨行	0
䯑	gg	骨光	0
䯐	gr	骨肉	0
䯏	gu	骨舌	0
䯎	gg	骨干	0
䯍	gl	骨令	0
䯌	gk	骨尻	0
䯋	gb	.	0
䯊	gk	骨可	0
䯉	gq	骨欠	0
䯈	gy	骨元	0
䯇	gl	骨力	0
䯆	gg	骨乚	0
䯅	mn	马聂	0
䯄	mg	马呙	0
䯃	ma	马安	0
䯂	bm	驫木	0
䯁	ml	馬羸	0
䯀	mn	馬聶	0
䮿	mj	馬蹇	0
䮾	ml	馬龍	0
䮽	mb	.	0
䮼	ml	.	0
䮻	mu	馬壽	0
䮺	mq	馬齊	0
䮹	ms	馬歲	0
䮸	mx	.	0
䮷	mu	馬蜀	0
䮶	mj	馬集	0
䮵	mt	馬童	0
䮴	md	馬登	0
䮳	mf	馬番	0
䮲	mh	馬黄	0
䮱	mv	馬逐	0
䮰	md	.	0
䮯	ma	馬敖	0
䮮	mm	馬麥	0
䮭	mm	馬覓	0
䮬	mm	馬莫	0
䮫	ml	馬婁	0
䮪	mj	馬桀	0
䮩	mg	馬骨	0
䮨	mz	馬宰	0
䮧	mr	馬人	0
䮧	um	十馬	0
䮦	mg	馬高	0
䮥	mg	馬鬲	0
䮥	mx	.	0
䮤	mh	馬隺	0
䮣	ms	馬桑	0
䮢	mi	.	0
䮡	mf	馬复	0
䮠	mf	.	0
䮟	ms	.	0
䮟	my	馬又	0
䮞	mi	馬春	0
䮝	mj	馬軍	0
䮜	my	.	0
䮛	mf	馬附	0
䮚	ml	.	0
䮙	mh	馬或	0
䮘	me	馬兒	0
䮗	ma	馬岸	0
䮖	mi	馬昌	0
䮕	mv	馬叕	0
䮔	mi	馬垂	0
䮓	mv	馬卓	0
䮒	mf	馬甫	0
䮑	ml	.	0
䮐	mj	馬冏	0
䮏	mw	馬吾	0
䮎	mx	馬希	0
䮍	my	馬衣	0
䮌	mx	馬休	0
䮋	ml	馬列	0
䮊	my	馬夷	0
䮉	mp	.	0
䮈	md	馬多	0
䮇	my	馬聿	0
䮆	mu	馬十	0
䮅	my	.	0
䮄	mx	馬玄	0
䮃	mq	馬去	0
䮂	mb	.	0
䮁	mb	馬弁	0
䮀	mb	馬包	0
䭿	mu	馬失	0
䭾	mq	馬犬	0
䭽	mn	馬牛	0
䭼	mq	馬亓	0
䭻	mf	馬分	0
䭺	mk	馬亢	0
䭹	ma	馬卬	0
䭸	mf	馬父	0
䭷	mm	馬毛	0
䭶	mj	.	0
䭵	mf	馬凡	0
䭴	mu	馬十	0
䭳	xw	香魏	0
䭲	xq	香奇	0
䭱	xb	.	0
䭰	xf	香奉	0
䭯	xi	香出	0
䭮	ub	.	0
䭭	uy	首頁	0
䭬	vo	旨目	0
䭫	uv	首旨	0
䭪	ul	饣量	0
䭩	um	飠靡	0
䭨	us	.	0
䭧	um	飠縻	0
䭦	ub	食薄	0
䭥	uy	食養	0
䭤	uq	飠遣	0
䭣	uq	飠齊	0
䭢	un	食寧	0
䭡	uy	.	0
䭠	ul	飠廉	0
䭟	uy	食葉	0
䭞	ux	食幸	0
䭝	uh	食會	0
䭜	ul	.	0
䭛	ug	食敢	0
䭚	ut	飠童	0
䭙	uc	.	0
䭘	uj	飠景	0
䭗	uj	飠竟	0
䭖	uu	食庶	0
䭕	uv	食斬	0
䭔	uv	飠追	0
䭓	uq	食豈	0
䭒	ux	飠息	0
䭑	uj	食兼	0
䭐	uy	食恙	0
䭎	uy	.	0
䭍	um	飠皿	0
䭌	uh	食胡	0
䭋	ub	飠保	0
䭊	uy	食英	0
䭉	uo	飠月	0
䭈	uj	食建	0
䭇	uj	食吉	0
䭆	uw	食卧	0
䭅	ug	飠固	0
䭄	uu	食事	0
䭃	un	飠念	0
䭂	uy	食邑	0
䭁	uv	食折	0
䭀	ux	食迅	0
䬿	uw	食尾	0
䬾	ud	食弟	0
䬽	ud	飠兑	0
䬼	uy	.	0
䬻	uq	.	0
䬺	uy	飠羊	0
䬹	uv	飠至	0
䬸	uy	食又	0
䬷	ud	食多	0
䬶	ug	食艮	0
䬵	uh	食亥	0
䬴	um	食末	0
䬳	ub	飠半	0
䬲	uj	飠句	0
䬱	ub	食本	0
䬰	uv	食召	0
䬯	uv	食占	0
䬮	uy	食以	0
䬭	ut	.	0
䬬	uy	食央	0
䬫	ud	食氐	0
䬪	ub	食不	0
䬩	bu	不食	0
䬨	uj	飠九	0
䬧	uy	飠元	0
䬦	uu	飠殳	0
䬥	uy	食弋	0
䬤	uu	尸食	0
䬣	uq	食乞	0
䬢	ud	食刀	0
䬡	fv	飛者	0
䬠	fy	飛雨	0
䬟	fl	風劉	0
䬞	fu	風壽	0
䬝	fh	風黄	0
䬜	fl	風离	0
䬛	fb	風畢	0
䬚	fm	風馬	0
䬙	fy	.	0
䬘	fg	風高	0
䬗	fy	.	0
䬖	fh	風皇	0
䬕	ff	風風	0
䬔	fy	風俞	0
䬓	fy	風音	0
䬒	fs	.	0
䬒	fy	風又	0
䬑	fw	風胃	0
䬐	fw	風委	0
䬏	fp	.	0
䬎	fh	風或	0
䬍	fh	風忽	0
䬌	fh	風虎	0
䬋	fl	.	0
䬊	fj	風夾	0
䬉	fi	風赤	0
䬈	fd	風兑	0
䬇	fd	風兑	0
䬆	fl	風利	0
䬅	fx	.	0
䬄	fx	風戌	0
䬃	fl	風立	0
䬂	fy	.	0
䬁	ft	風它	0
䬀	fy	風幼	0
䫿	fv	風召	0
䫾	fb	風必	0
䫽	fm	風毛	0
䫼	fg	風夬	0
䫻	fo	風日	0
䫺	fg	.	0
䫹	fg	風工	0
䫸	fd	風刀	0
䫷	ye	頁噩	0
䫶	yf	頁樊	0
䫵	ym	.	0
䫴	yj	頁禁	0
䫳	yu	頁蜀	0
䫲	yg	頁感	0
䫱	ye	頁而	0
䫰	yl	.	0
䫯	yq	頁奇	0
䫮	yx	頁尋	0
䫭	yg	頁貴	0
䫬	yc	.	0
䫫	yl	頁婁	0
䫪	yu	頁爽	0
䫩	yc	頁參	0
䫨	ya	頁敖	0
䫧	yg	頁皋	0
䫦	yg	.	0
䫥	yg	頁鬼	0
䫤	ym	頁冥	0
䫣	yx	頁奚	0
䫢	ys	.	0
䫡	yj	頁兼	0
䫠	yf	頁否	0
䫟	yy	員頁	0
䫞	yg	頁羔	0
䫝	yx	頁香	0
䫜	yy	頁幽	0
䫛	yh	頁侯	0
䫚	yg	頁咼	0
䫙	ys	.	0
䫘	yh	頁曷	0
䫗	yj	頁叚	0
䫖	yu	頁甚	0
䫕	yd	頁帝	0
䫔	yq	頁契	0
䫓	yp	.	0
䫒	yh	頁昏	0
䫑	yq	頁奇	0
䫐	yl	頁林	0
䫏	yq	頁其	0
䫎	yv	頁叕	0
䫍	yf	頁非	0
䫌	yb	頁卑	0
䫋	yw	頁委	0
䫊	yf	頁否	0
䫉	yv	頁豸	0
䫈	yc	頁岑	0
䫇	ya	.	0
䫆	yi	頁成	0
䫅	ys	頁宋	0
䫄	yd	頁兑	0
䫃	yi	頁辰	0
䫂	yd	頁多	0
䫁	yz	頁自	0
䫀	gy	艮頁	0
䫀	sy	巳頁	0
䪿	yx	頁囟	0
䪾	yv	.	0
䪽	yh	頁号	0
䪼	yi	頁出	0
䪻	yb	頁弁	0
䪺	yq	頁去	0
䪹	yp	頁丕	0
䪸	ym	頁民	0
䪷	yj	頁句	0
䪶	yq	頁且	0
䪵	yy	牙頁	0
䪴	yy	.	0
䪳	yy	頁尹	0
䪲	yw	頁兀	0
䪱	yj	頁己	0
䪰	yy	音意	0
䪯	yy	.	0
䪮	yi	音芻	0
䪭	yy	音音	0
䪬	yb	音孛	0
䪫	yj	.	0
䪩	yj	音今	0
䪨	yu	音勺	0
䪧	yy	音也	0
䪦	yg	音工	0
䪥	bj	卜韭	0
䪥	jy	韭又	0
䪤	jf	韭番	0
䪣	cj	.	0
䪢	zj	.	0
䪡	jc	韭次	0
䪠	jq	韭欠	0
䪟	fj	.	0
䪞	jt	韭天	0
䪞	jy	.	0
䪝	wh	.	0
䪝	wv	.	0
䪜	wv	韋詹	0
䪛	wf	韋番	0
䪚	wt	.	0
䪙	wf	.	0
䪘	wu	韋是	0
䪗	wj	韋叚	0
䪖	wf	韋复	0
䪕	wj	.	0
䪔	wf	韋甫	0
䪓	wv	韋占	0
䪒	wv	韋主	0
䪑	wt	韋它	0
䪐	wb	韋必	0
䪏	wn	韋内	0
䪎	gs	.	0
䪍	gl	革闌	0
䪌	gi	.	0
䪋	gy	革遺	0
䪊	gl	革龍	0
䪉	gl	.	0
䪈	gq	革遣	0
䪇	gp	.	0
䪆	gl	.	0
䪅	gu	革蜀	0
䪄	gh	革黄	0
䪃	gd	革敦	0
䪂	gj	革棘	0
䪁	gp	.	0
䪀	gg	.	0
䩿	gp	.	0
䩾	gu	革庶	0
䩽	gq	革區	0
䩼	gf	革逢	0
䩻	gm	革馬	0
䩺	gw	革翁	0
䩹	gg	革鬲	0
䩸	gr	革茸	0
䩷	gp	革旁	0
䩶	gi	革蚩	0
䩵	gj	革軍	0
䩴	gh	革胡	0
䩳	gs	.	0
䩲	gd	革度	0
䩱	gy	革俞	0
䩰	gj	.	0
䩯	gj	革亟	0
䩮	gl	革录	0
䩭	gq	革奇	0
䩬	gf	革奉	0
䩫	gl	革兩	0
䩪	gg	革官	0
䩩	gw	革宛	0
䩨	gi	革長	0
䩧	gy	革言	0
䩦	gy	革攸	0
䩥	gy	革延	0
䩤	gj	革見	0
䩣	gy	革余	0
䩢	gv	革折	0
䩡	gj	革夾	0
䩠	gt	革廷	0
䩟	gy	革夷	0
䩞	gv	革占	0
䩝	gg	革瓜	0
䩜	gy	革由	0
䩛	gb	革必	0
䩚	gd	革氐	0
䩙	gx	革玄	0
䩘	gh	.	0
䩗	go	革月	0
䩖	gu	革少	0
䩕	ga	革卬	0
䩔	gu	革殳	0
䩓	gg	革勾	0
䩒	gy	革于	0
䩑	gg	革弓	0
䩐	gq	革乞	0
䩏	mm	面蔑	0
䩎	mj	.	0
䩍	ml	.	0
䩌	mj	面焦	0
䩋	mm	面麻	0
䩊	mw	面宛	0
䩉	mf	面甫	0
䩈	mm	面每	0
䩇	mv	面占	0
䩆	mv	面乍	0
䩅	mp	面皮	0
䩄	mj	面见	0
䩃	mb	面比	0
䩂	mj	面今	0
䩁	fc	非毳	0
䩀	fb	非貝	0
䨿	ft	非天	0
䨾	fy	.	0
䨽	fj	非己	0
䨼	qh	.	0
䨼	qv	.	0
䨻	ll	雷雷	0
䨺	yy	雨雲	0
䨹	yu	.	0
䨸	yy	雨隱	0
䨷	yp	雨攴	0
䨶	yd	雨鼎	0
䨵	yt	雨潭	0
䨴	yd	雨對	0
䨳	yy	.	0
䨲	xt	需兔	0
䨱	yf	雨復	0
䨰	yl	.	0
䨯	yi	雨陳	0
䨮	yh	雨彗	0
䨭	yx	雲肖	0
䨬	yl	雨淋	0
䨫	ym	雨麥	0
䨪	ym	雨埋	0
䨩	yu	雨神	0
䨨	yv	雨追	0
䨧	yl	雨令	0
䨦	yp	雨旁	0
䨥	yv	.	0
䨤	yd	雨迪	0
䨣	yg	雨革	0
䨢	yu	雨甚	0
䨡	yh	雨函	0
䨠	yh	雨曷	0
䨟	yg	.	0
䨞	yy	雨禹	0
䨝	yq	雨青	0
䨜	yp	雨朋	0
䨛	yx	雨析	0
䨚	yh	雨忽	0
䨙	yr	雨壬	0
䨘	yj	雨見	0
䨗	yf	雨孚	0
䨖	yy	雨有	0
䨕	yw	.	0
䨔	yg	雨光	0
䨓	yh	雨回	0
䨒	yy	雨羽	0
䨑	yy	雨夷	0
䨐	yh	雨合	0
䨏	yc	雨次	0
䨎	yh	雨弘	0
䨍	yj	雨井	0
䨌	yy	雨元	0
䨋	yv	.	0
䨊	va	隹丨	0
䨉	vy	隹嬰	0
䨈	vb	隹賓	0
䨇	vv	.	0
䨆	vb	隹敝	0
䨅	vl	.	0
䨄	vy	隹酉	0
䨃	vy	隹晏	0
䨂	vq	隹秋	0
䨁	vw	隹攵	0
䨀	vd	隹籴	0
䧿	vx	隹昔	0
䧾	vu	隹舍	0
䧽	vb	.	0
䧼	vg	隹告	0
䧻	vh	隹合	0
䧺	vy	隹右	0
䧹	yh	.	0
䧸	vg	隹古	0
䧷	vd	隹冬	0
䧶	vl	隹六	0
䧵	vy	.	0
䧴	vv	支隹	0
䧳	vv	止隹	0
䧲	vg	隹干	0
䧱	vj	隹九	0
䧰	eg	耳鯀	0
䧯	ei	.	0
䧮	ex	耳憲	0
䧭	ex	阝心	0
䧬	eb	阝賓	0
䧫	eh	阝豪	0
䧪	en	耳女	0
䧩	eg	阝敢	0
䧨	ey	耳業	0
䧧	ey	阝義	0
䧦	ew	阝爲	0
䧥	eh	耳惠	0
䧤	ep	.	0
䧣	ep	耳票	0
䧢	eq	耳區	0
䧡	ey	耳庸	0
䧠	ev	阝專	0
䧟	ey	耳舀	0
䧞	em	阝馬	0
䧝	ei	阝蚩	0
䧜	et	阝唐	0
䧛	ep	阝旁	0
䧚	eg	阝高	0
䧙	ex	阝心	0
䧘	eh	.	0
䧗	ef	耳复	0
䧖	ej	耳戔	0
䧕	eh	耳或	0
䧔	en	耳念	0
䧓	ev	阝周	0
䧒	el	阝來	0
䧑	ed	耳定	0
䧐	ex	阝享	0
䧏	ef	阝丰	0
䧎	ey	.	0
䧍	eg	耳谷	0
䧌	et	阝妥	0
䧋	ej	耳見	0
䧊	eg	阝告	0
䧉	el	耳里	0
䧈	ex	阝覀	0
䧇	ey	耳衣	0
䧆	eg	耳共	0
䧅	ey	阝夷	0
䧄	eg	耳各	0
䧃	et	阝田	0
䧂	ev	阝召	0
䧁	ej	阝句	0
䧀	eh	.	0
䦿	ev	阝中	0
䦾	dy	.	0
䦽	ey	阝予	0
䦼	eg	耳夬	0
䦻	ez	耳子	0
䦺	ed	耳丁	0
䦹	eu	阝十	0
䦸	my	门禺	0
䦷	mz	门坐	0
䦶	mv	门争	0
䦵	me	門爾	0
䦴	mg	.	0
䦳	mx	門鄉	0
䦲	mv	門詹	0
䦱	mw	門爲	0
䦰	mg	.	0
䦯	mv	門致	0
䦮	mi	門春	0
䦭	mx	門香	0
䦬	mq	門契	0
䦫	my	門英	0
䦪	mh	門曷	0
䦩	mw	門夂	0
䦨	md	門東	0
䦧	me	門兒	0
䦦	mj	門金	0
䦥	ml	門林	0
䦤	mv	門叕	0
䦣	mp	.	0
䦢	mf	門法	0
䦡	mg	門官	0
䦠	mi	.	0
䦟	mz	門坐	0
䦞	mw	門汪	0
䦝	mi	門赤	0
䦜	mw	門吾	0
䦛	mv	門争	0
䦚	mu	門舌	0
䦙	ms	門寺	0
䦘	mg	門艮	0
䦗	mx	門血	0
䦖	mj	門吉	0
䦕	mb	門并	0
䦔	md	門旦	0
䦓	mv	門占	0
䦒	mu	門石	0
䦑	mg	門夬	0
䦐	mu	門手	0
䦏	mj	門介	0
䦎	my	門元	0
䦍	mq	門乞	0
䦌	mt	門土	0
䦋	ia	镸敖	0
䦊	iu	.	0
䦉	is	镸四	0
䦈	iz	镸左	0
䦇	ia	.	0
䦆	jj	钅矍	0
䦅	ju	钅善	0
䦄	jy	.	0
䦃	jv	钅著	0
䦂	ju	钅扇	0
䦁	jb	金邦	0
䦀	jy	钅羽	0
䥿	jw	.	0
䥾	jx	钅写	0
䥽	jf	钅发	0
䥼	jw	钅勿	0
䥻	jw	金无	0
䥺	jy	金牙	0
䥹	ji	.	0
䥸	jm	金彌	0
䥷	ji	.	0
䥶	jl	金歷	0
䥵	jx	金曉	0
䥴	jj	.	0
䥳	jy	金憂	0
䥲	jo	金歐	0
䥱	jx	金寫	0
䥰	jm	.	0
䥯	jb	金罷	0
䥮	je	金卩	0
䥭	jq	金求	0
䥬	jp	.	0
䥫	jj	金截	0
䥪	jx	金㬎	0
䥩	jw	金微	0
䥨	jl	金閭	0
䥧	jr	金睿	0
䥦	js	.	0
䥥	jl	金廉	0
䥤	jb	金雹	0
䥣	jh	金毁	0
䥢	jg	金鼓	0
䥡	jd	金牒	0
䥠	jx	.	0
䥟	jj	金揭	0
䥞	jj	金敫	0
䥝	jy	金麀	0
䥜	jx	.	0
䥛	jj	金絜	0
䥚	jj	几金	0
䥙	jd	金隊	0
䥘	jo	金日	0
䥗	jk	金款	0
䥖	jd	金奠	0
䥕	jb	金敝	0
䥔	js	金粟	0
䥓	jj	金基	0
䥒	jq	金强	0
䥑	jm	金麥	0
䥐	jw	金務	0
䥏	jy	金御	0
䥎	ji	金脣	0
䥍	jv	金執	0
䥌	bj	宀金	0
䥋	jp	金烹	0
䥊	jz	金責	0
䥉	jy	.	0
䥈	jm	金莽	0
䥇	ju	金扇	0
䥆	wj	亠金	0
䥅	ju	.	0
䥄	jc	金厝	0
䥃	jh	金隺	0
䥂	jm	.	0
䥁	jh	.	0
䥀	ji	金蚩	0
䤿	jq	金挈	0
䤾	jy	金舀	0
䤽	jt	.	0
䤽	ju	.	0
䤼	jq	金泉	0
䤻	jo	金月	0
䤺	jv	金斫	0
䤹	js	.	0
䤸	jh	.	0
䤷	jy	.	0
䤶	jy	金奄	0
䤵	jf	金非	0
䤴	jh	金函	0
䤳	jy	金夜	0
䤲	ji	金赤	0
䤱	jj	金斤	0
䤰	jk	金坎	0
䤯	jx	金形	0
䤮	jb	金步	0
䤭	jx	金希	0
䤬	ju	金沙	0
䤫	jc	金岑	0
䤪	jd	金朵	0
䤩	jv	金宅	0
䤨	jp	.	0
䤧	jh	金回	0
䤦	jf	金伐	0
䤥	jw	金危	0
䤤	jh	金亥	0
䤣	jh	金乎	0
䤢	jl	金另	0
䤡	jr	金冉	0
䤠	jv	金止	0
䤟	jr	金冗	0
䤞	jy	金尤	0
䤝	ja	金卬	0
䤜	jy	.	0
䤛	jj	金丩	0
䤚	lo	里月	0
䤙	yl	酉蠡	0
䤘	yq	.	0
䤗	yp	.	0
䤖	yb	酉暴	0
䤕	yl	酉樂	0
䤔	yj	酉漸	0
䤓	ym	酉蒙	0
䤒	yj	酉幾	0
䤑	yh	酉黄	0
䤐	yc	.	0
䤏	yf	.	0
䤎	yj	.	0
䤍	ym	.	0
䤌	yc	酉倉	0
䤋	qh	酋或	0
䤊	yr	酉茸	0
䤉	ym	酉皿	0
䤈	ym	酉皿	0
䤇	yy	酉又	0
䤆	yg	酉癸	0
䤅	yy	酉俞	0
䤄	ym	酉面	0
䤃	yy	酉音	0
䤂	ym	酉某	0
䤁	yu	酉甚	0
䣿	yy	酉盂	0
䣾	yy	酉宜	0
䣽	yv	酉知	0
䣼	yj	酉京	0
䣻	yh	酉含	0
䣺	yy	.	0
䣹	yf	酉伐	0
䣸	yr	酉任	0
䣷	yv	酉朱	0
䣶	yu	酉舌	0
䣵	ye	酉耳	0
䣴	yx	酉兇	0
䣳	ys	酉司	0
䣲	yb	酉弁	0
䣱	yj	酉句	0
䣰	yj	酉巨	0
䣯	yq	酉且	0
䣮	yb	.	0
䣭	yq	酉犬	0
䣬	yg	酉戈	0
䣫	yv	酉支	0
䣪	yu	.	0
䣩	yt	酉屯	0
䣨	yy	.	0
䣧	yy	酉弋	0
䣦	yl	酉力	0
䣥	yb	酉匕	0
䣤	ej	耳矍	0
䣣	ed	耳黨	0
䣢	ej	耳耤	0
䣡	ey	耳義	0
䣠	et	耳替	0
䣟	ec	.	0
䣟	ej	.	0
䣞	ee	.	0
䣝	et	耳屠	0
䣜	ec	.	0
䣛	eq	.	0
䣚	el	耳婁	0
䣙	eb	耳崩	0
䣘	et	耳堂	0
䣗	eg	耳皋	0
䣖	my	馬邑	0
䣕	em	耳馬	0
䣔	es	.	0
䣓	eg	耳鬲	0
䣒	eg	耳贵	0
䣑	el	耳厘	0
䣐	ey	耳英	0
䣏	eg	耳共	0
䣎	ez	耳甾	0
䣍	ey	耳奄	0
䣌	ed	耳底	0
䣋	ec	.	0
䣊	eu	耳尚	0
䣈	yy	邑邑	0
䣇	eq	耳求	0
䣆	ej	.	0
䣅	ei	耳辰	0
䣄	ey	耳余	0
䣃	ev	.	0
䣂	el	耳耒	0
䣁	ey	耳羽	0
䣀	ew	耳危	0
䢿	ea	耳安	0
䢾	ex	耳先	0
䢽	yg	邑共	0
䢼	eg	耳共	0
䢻	ei	耳臣	0
䢺	ei	耳出	0
䢹	ej	耳巨	0
䢸	eq	耳且	0
䢷	ed	耳丹	0
䢶	em	耳木	0
䢵	ey	耳云	0
䢴	ee	.	0
䢳	ej	耳几	0
䢲	zj	辶矍	0
䢱	zm	辶賣	0
䢰	zv	.	0
䢯	zl	.	0
䢮	zl	辶雷	0
䢭	zx	辶羡	0
䢭	zy	.	0
䢬	zu	辶舜	0
䢫	zs	辶隋	0
䢪	zq	辶喬	0
䢩	zy	辶敔	0
䢨	zc	辶從	0
䢧	zl	.	0
䢦	zl	辶率	0
䢥	zo	辶目	0
䢤	zu	辶秫	0
䢣	zy	辶言	0
䢢	zc	辶倉	0
䢡	zy	.	0
䢠	zv	.	0
䢟	zf	辶放	0
䢞	zl	辶林	0
䢝	zy	辶亞	0
䢜	zj	.	0
䢛	zj	辶冏	0
䢚	zg	辶更	0
䢙	zb	辶貝	0
䢗	zq	辶曲	0
䢖	zy	辶聿	0
䢕	zx	辶戌	0
䢔	zh	辶合	0
䢓	zy	辶宇	0
䢒	zj	辶交	0
䢑	zd	辶氐	0
䢐	zq	辶且	0
䢎	zk	辶开	0
䢍	zf	辶方	0
䢌	zu	.	0
䢋	zj	.	0
䢊	zz	辶子	0
䢉	ij	.	0
䢈	ih	辰會	0
䢇	rr	.	0
䢆	rr	冗辱	0
䢅	ij	辰臼	0
䢄	xv	.	0
䢃	ba	.	0
䢂	il	车立	0
䢁	io	车月	0
䢀	iq	车乞	0
䡿	il	車靈	0
䡾	ix	車獻	0
䡽	iz	車贊	0
䡼	il	.	0
䡻	im	.	0
䡺	ih	車慧	0
䡹	ip	車疐	0
䡸	iw	.	0
䡷	ig	車蓋	0
䡶	ib	.	0
䡵	is	車遂	0
䡴	it	車童	0
䡳	is	車斯	0
䡲	id	車單	0
䡱	iq	車區	0
䡰	ik	.	0
䡯	ic	.	0
䡯	ix	車心	0
䡮	ic	車從	0
䡭	ix	車羞	0
䡬	im	車曼	0
䡫	if	車逢	0
䡪	iu	車扇	0
䡩	iv	車真	0
䡨	ii	車差	0
䡧	iw	車烏	0
䡦	is	車桑	0
䡥	ir	車容	0
䡤	iv	車者	0
䡣	ij	車軍	0
䡢	ib	車扁	0
䡡	ij	車皆	0
䡠	iv	車貞	0
䡟	ib	車卑	0
䡞	ij	車具	0
䡞	ji	具車	0
䡝	iw	車宛	0
䡜	il	.	0
䡛	ii	車車	0
䡚	im	.	0
䡙	il	車良	0
䡘	id	車甸	0
䡗	ig	車巩	0
䡖	it	車土	0
䡕	ii	車丞	0
䡔	id	車多	0
䡓	xi	彳亍	0
䡒	it	車田	0
䡑	im	車民	0
䡐	it	車它	0
䡏	ih	車弘	0
䡎	ih	車户	0
䡍	if	車夫	0
䡌	ig	.	0
䡋	iv	車支	0
䡊	if	車反	0
䡉	ik	車亢	0
䡈	ix	.	0
䡇	iy	車元	0
䡆	ig	車公	0
䡅	ii	車川	0
䡄	ij	車几	0
䡃	il	車力	0
䡂	ij	車丩	0
䡁	ul	身龍	0
䡀	ud	身亶	0
䠿	ug	身貴	0
䠾	uu	身閃	0
䠽	uq	身豈	0
䠼	uy	身俞	0
䠻	uq	身穹	0
䠺	uw	身问	0
䠹	uh	身亥	0
䠸	uk	身夸	0
䠷	uv	身兆	0
䠶	uu	身矢	0
䠵	uf	身付	0
䠴	ul	身立	0
䠳	ui	身出	0
䠲	ul	身令	0
䠱	zu	足屬	0
䠰	zv	足隹	0
䠯	zy	足龠	0
䠮	zm	足馬	0
䠭	zl	足賴	0
䠬	zd	足鄧	0
䠫	zj	足聚	0
䠪	zy	足幺	0
䠩	zs	足歲	0
䠨	zv	足詹	0
䠧	zt	足屠	0
䠦	zv	足智	0
䠥	zb	足敝	0
䠤	zd	足單	0
䠣	zx	足巽	0
䠢	cz	艹足	0
䠢	zb	足冖	0
䠡	zq	足且	0
䠠	zd	足帶	0
䠟	zv	足執	0
䠞	zq	足戚	0
䠝	zy	足員	0
䠜	zr	足茸	0
䠛	zf	足缶	0
䠚	zw	足窊	0
䠙	zp	足旁	0
䠘	zb	足比	0
䠗	zi	足臭	0
䠖	zz	足咨	0
䠕	zi	足柴	0
䠔	zu	足豕	0
䠓	zq	足酋	0
䠒	zh	足胡	0
䠑	zk	足奎	0
䠐	zq	足犬	0
䠏	zg	足癸	0
䠎	zw	足屋	0
䠍	zj	足叚	0
䠌	zo	足月	0
䠋	zb	足卑	0
䠊	zf	足非	0
䠉	zg	足官	0
䠈	zl	足隶	0
䠇	zq	足屈	0
䠆	zi	足長	0
䠅	zq	足囷	0
䠄	zd	足典	0
䠃	zl	足兩	0
䠂	zl	足林	0
䠁	ze	足二	0
䠀	zu	足尚	0
䟿	zl	足录	0
䟾	zv	足叕	0
䟽	zi	.	0
䟼	zw	足武	0
䟻	zy	足余	0
䟺	zb	足貝	0
䟹	zc	足寸	0
䟸	zc	足廾	0
䟷	zv	足折	0
䟶	zz	足坐	0
䟵	zq	足求	0
䟴	zi	足辰	0
䟳	zy	足羽	0
䟲	zi	足充	0
䟱	zc	.	0
䟰	zx	足行	0
䟯	zu	足舌	0
䟮	zf	足伏	0
䟭	zv	足乍	0
䟬	zq	足丘	0
䟫	dz	丶足	0
䟫	zb	足冖	0
䟪	zf	足乏	0
䟩	zq	足去	0
䟨	zm	足民	0
䟧	zt	足田	0
䟦	zy	足友	0
䟥	zm	足矛	0
䟤	zb	足必	0
䟣	zu	足术	0
䟢	ze	足尔	0
䟡	zd	足氐	0
䟠	zd	足丶	0
䟟	zi	足斥	0
䟞	zu	足少	0
䟝	zu	足殳	0
䟜	zn	足内	0
䟛	zk	足冂	0
䟚	zq	足亓	0
䟙	zq	足切	0
䟘	zk	足亢	0
䟗	zu	足氏	0
䟖	zu	足山	0
䟕	zi	足叉	0
䟔	zb	足卜	0
䟓	zd	足丁	0
䟒	zg	.	0
䟑	zy	走龠	0
䟐	zl	走歷	0
䟏	zl	走樂	0
䟎	zz	.	0
䟍	zm	.	0
䟌	zj	走截	0
䟋	zv	走詹	0
䟊	zj	.	0
䟉	zu	走蜀	0
䟈	zg	.	0
䟇	zj	走幾	0
䟆	zb	走畢	0
䟅	zv	走斬	0
䟄	zz	走責	0
䟃	zc	走參	0
䟂	zm	走曼	0
䟁	zi	走巢	0
䟀	zi	走差	0
䞿	zs	.	0
䞾	zs	走虒	0
䞽	zs	走索	0
䞼	zh	.	0
䞻	zy	走勇	0
䞺	zd	走盾	0
䞹	zh	走皇	0
䞸	zk	走口	0
䞷	zq	走屈	0
䞶	zy	走易	0
䞵	zv	走叕	0
䞴	zv	走周	0
䞳	zp	.	0
䞲	zw	走我	0
䞱	zg	走谷	0
䞰	zi	走赤	0
䞯	zf	走孚	0
䞮	zy	走余	0
䞭	zj	.	0
䞬	zx	走秀	0
䞫	zj	走君	0
䞪	zj	走匠	0
䞩	zh	走合	0
䞨	zg	走圭	0
䞧	zh	走后	0
䞦	zg	走各	0
䞥	zy	走有	0
䞤	zj	走句	0
䞣	zi	走斥	0
䞢	zv	走乍	0
䞡	zd	走旦	0
䞠	zu	走石	0
䞟	zb	走白	0
䞞	zf	走弗	0
䞝	zy	走玉	0
䞜	zb	走不	0
䞛	zg	.	0
䞚	zv	走支	0
䞙	zz	.	0
䞘	zq	走乞	0
䞗	zc	走才	0
䞖	zy	走弋	0
䞕	ix	赤需	0
䞔	iw	赤尾	0
䞓	ij	.	0
䞒	it	赤同	0
䞑	ig	赤工	0
䞐	bi	贝春	0
䞏	bs	贝思	0
䞎	bi	贝昌	0
䞍	bq	贝青	0
䞌	bu	贝舌	0
䞋	bq	貝親	0
䞊	bo	貝目	0
䞉	bb	貝貝	0
䞈	bw	貝爲	0
䞇	bu	.	0
䞆	bs	.	0
䞅	bk	.	0
䞅	bv	.	0
䞄	bu	貝施	0
䞃	bv	貝致	0
䞂	br	.	0
䞁	by	.	0
䞀	bh	貝侯	0
䝿	bj	.	0
䝿	by	貝臾	0
䝾	bw	貝武	0
䝽	by	.	0
䝼	bq	貝青	0
䝻	bj	貝居	0
䝺	bw	貝文	0
䝺	wb	文貝	0
䝹	bw	貝宛	0
䝸	bj	貝芰	0
䝷	bv	貝知	0
䝶	bj	貝京	0
䝵	bf	貝甫	0
䝴	ab	.	0
䝳	bc	.	0
䝲	bj	貝尽	0
䝱	bx	.	0
䝰	bs	貝寺	0
䝯	bt	.	0
䝮	bx	貝玄	0
䝭	bj	貝句	0
䝬	bv	貝主	0
䝫	bv	貝乍	0
䝪	bd	.	0
䝪	bp	貝疋	0
䝪	bu	.	0
䝩	bv	.	0
䝨	by	貝又	0
䝨	db	.	0
䝧	by	貝匀	0
䝦	vv	.	0
䝥	vg	.	0
䝤	vl	.	0
䝣	vq	豸渠	0
䝢	vm	豸曼	0
䝡	vm	.	0
䝠	vy	豸原	0
䝟	vq	豸契	0
䝞	vh	豸虎	0
䝝	vq	豸奇	0
䝜	vj	.	0
䝛	vp	豸皮	0
䝚	vn	豸尼	0
䝙	vq	豸区	0
䝘	vu	豸殳	0
䝗	vm	豸木	0
䝖	vv	豸爪	0
䝕	un	豕聶	0
䝔	uh	.	0
䝓	ul	.	0
䝒	uj	豕聚	0
䝑	ut	豕童	0
䝐	us	豕隋	0
䝏	ul	豕婁	0
䝎	ud	豕耑	0
䝍	uj	豕軍	0
䝌	uv	豕叕	0
䝋	uz	豕宗	0
䝊	uj	.	0
䝉	yu	.	0
䝈	ue	.	0
䝈	uv	豕卮	0
䝇	bu	八豕	0
䝆	wu	勿豕	0
䝅	ut	豕土	0
䝄	du	豆雙	0
䝃	dx	豆㬎	0
䝂	du	豆殳	0
䝂	id	臣豆	0
䝁	dy	.	0
䝀	dl	豆留	0
䜿	dv	.	0
䜾	dy	豆音	0
䜽	dy	豆俞	0
䜼	dw	豆攵	0
䜻	du	豆是	0
䜺	dx	豆昔	0
䜹	du	豆束	0
䜸	dw	豆尾	0
䜷	dj	.	0
䜶	dj	.	0
䜵	dp	豆皮	0
䜴	dw	.	0
䜲	gl	.	0
䜱	gm	谷曼	0
䜰	gg	谷皋	0
䜯	gj	.	0
䜮	gl	谷牢	0
䜭	bg	卜谷	0
䜭	bk	.	0
䜬	gy	谷由	0
䜫	gg	谷工	0
䜪	gj	谷九	0
䜩	yy	讠燕	0
䜨	yh	言患	0
䜧	yv	讠止	0
䜦	yx	讠荀	0
䜥	yz	.	0
䜤	yg	讠共	0
䜣	yj	讠斤	0
䜢	yx	言憲	0
䜡	yy	言憂	0
䜠	yv	言質	0
䜟	yq	.	0
䜞	yq	言齊	0
䜝	yj	.	0
䜜	yr	言睿	0
䜛	ym	言免	0
䜚	yt	.	0
䜙	yx	言㬎	0
䜘	yj	言敬	0
䜗	yg	言感	0
䜖	yj	言賈	0
䜕	yw	言萬	0
䜔	ys	.	0
䜓	yy	言葉	0
䜒	ya	言奥	0
䜑	ye	言惡	0
䜐	ys	言隋	0
䜏	ys	言隋	0
䜎	yl	言勞	0
䜍	yl	.	0
䜌	ys	言糸	0
䜋	yg	言貴	0
䜊	yc	言曹	0
䜉	yq	.	0
䜈	yi	言巢	0
䜇	yg	言衮	0
䜆	ym	言麻	0
䜅	yc	言崔	0
䜄	yx	言犀	0
䜃	ut	誰土	0
䜂	yg	言皋	0
䜁	yd	.	0
䜀	yv	言止	0
䛿	yg	言鬲	0
䛾	ys	言素	0
䛽	yi	.	0
䛼	yt	言土	0
䛻	yd	言盾	0
䛺	yj	言界	0
䛹	yh	.	0
䛸	yd	言店	0
䛷	yw	言宛	0
䛶	ym	言木	0
䛵	yu	言受	0
䛴	yq	言奇	0
䛳	yy	言奄	0
䛲	yb	言帛	0
䛱	yv	言忠	0
䛰	yk	言昆	0
䛯	yj	言居	0
䛮	yj	言咎	0
䛭	yx	言幸	0
䛬	yt	.	0
䛫	yi	言長	0
䛪	yq	言穹	0
䛩	yy	言亞	0
䛨	yx	言辛	0
䛧	ya	.	0
䛦	yg	言谷	0
䛥	yx	言希	0
䛤	yz	言足	0
䛣	yp	.	0
䛢	yt	言秃	0
䛡	yg	.	0
䛠	yd	言豆	0
䛟	yj	言夾	0
䛞	yh	言旱	0
䛝	yu	言山	0
䛜	yx	言囟	0
䛛	yh	言回	0
䛚	yq	.	0
䛙	yx	言休	0
䛘	yr	言任	0
䛗	yi	言臣	0
䛖	yy	言曳	0
䛕	yy	言臾	0
䛔	ye	言而	0
䛓	yv	.	0
䛒	yq	言巧	0
䛑	yb	言必	0
䛐	ys	言司	0
䛏	yn	言尼	0
䛎	yr	.	0
䛎	yx	言穴	0
䛍	yf	言弗	0
䛌	yb	言包	0
䛋	yw	言戊	0
䛊	yv	言只	0
䛉	ym	言民	0
䛈	yu	言矢	0
䛇	yk	言口	0
䛆	yy	言由	0
䛅	yj	言甲	0
䛄	yy	.	0
䛃	yy	言元	0
䛂	yu	言升	0
䛁	yr	.	0
䛀	yf	言反	0
䚿	yq	言欠	0
䚾	yr	言壬	0
䚽	ym	言毛	0
䚼	yi	言丑	0
䚻	yd	言丶	0
䚺	yw	言攵	0
䚹	yb	言比	0
䚸	yj	言介	0
䚷	yx	言兮	0
䚶	yt	言天	0
䚵	yd	言斗	0
䚴	yo	言月	0
䚳	yv	言支	0
䚲	yp	.	0
䚱	yx	言小	0
䚰	yb	言匕	0
䚯	yd	言刂	0
䚮	yn	言乃	0
䚭	jg	.	0
䚬	jl	.	0
䚫	jj	角敫	0
䚪	jq	.	0
䚩	jq	角喬	0
䚨	jf	角發	0
䚧	jl	.	0
䚦	js	角虒	0
䚥	jr	角弱	0
䚤	jy	角禺	0
䚣	ju	角是	0
䚢	jy	.	0
䚡	js	角思	0
䚠	jk	角昆	0
䚟	jd	.	0
䚞	jl	角來	0
䚝	jz	角卒	0
䚜	jb	角卑	0
䚛	jg	角告	0
䚚	jx	角先	0
䚙	jg	角亘	0
䚘	xi	.	0
䚘	xj	行角	0
䚗	jg	角公	0
䚖	jl	見靈	0
䚕	jl	見麗	0
䚔	jb	見賓	0
䚓	jq	.	0
䚓	jy	.	0
䚒	jt	見童	0
䚑	jm	見買	0
䚐	jv	見智	0
䚏	jl	.	0
䚎	ji	見舂	0
䚍	jz	見責	0
䚌	jg	見皋	0
䚋	jy	見員	0
䚊	jy	見益	0
䚉	jq	見契	0
䚈	jy	.	0
䚇	ju	見省	0
䚆	jy	見英	0
䚅	jl	見來	0
䚄	jl	見录	0
䚃	jy	見卣	0
䚂	ji	見赤	0
䚁	jx	見向	0
䚀	jv	見舟	0
䙿	jw	見未	0
䙾	jt	見它	0
䙽	de	大儿	0
䙼	jv	見召	0
䙻	jz	.	0
䙺	jh	見火	0
䙹	jj	.	0
䙸	jc	見寸	0
䙷	jc	見寸	0
䙶	xn	西农	0
䙵	xg	西圭	0
䙴	xe	.	0
䙳	xh	覀火	0
䙲	xd	覀大	0
䙱	yu	衤屬	0
䙰	yl	衤離	0
䙯	yc	衤蹙	0
䙮	yg	.	0
䙭	yj	衤蹇	0
䙬	yy	衤嬰	0
䙫	yj	衤冀	0
䙪	fy	樊衣	0
䙪	yf	衣樊	0
䙩	ym	衤蒙	0
䙨	yy	.	0
䙧	yx	衤熏	0
䙦	ym	衤夢	0
䙥	yl	衤零	0
䙤	yg	衤過	0
䙣	yz	.	0
䙢	yc	衤曾	0
䙡	yg	衤貴	0
䙠	yj	衤厥	0
䙟	yw	衤圍	0
䙞	yd	衤登	0
䙝	wy	.	0
䙝	yv	.	0
䙜	yf	衤逢	0
䙛	yg	衤衮	0
䙚	yn	衣鳥	0
䙙	yx	衤犀	0
䙘	yq	衤戚	0
䙗	yd	.	0
䙖	yb	衤崩	0
䙕	yc	衤從	0
䙔	yq	衤區	0
䙓	yb	衤罢	0
䙒	yi	衤畜	0
䙑	yu	衤衰	0
䙐	yg	衤鬲	0
䙏	yf	.	0
䙎	yx	衤奚	0
䙍	yf	衤飛	0
䙌	yg	衤贵	0
䙋	yx	衤宣	0
䙊	yd	衤带	0
䙉	yd	衤盾	0
䙈	yh	衤侯	0
䙇	yr	.	0
䙆	yg	衤癸	0
䙅	yy	衤要	0
䙄	yi	.	0
䙃	yo	衤月	0
䙂	yx	衤心	0
䙁	yj	衤戔	0
䙀	yp	衤朋	0
䘿	yq	衤屈	0
䘾	yg	衤官	0
䘽	ye	衤兒	0
䘼	yw	衤宛	0
䘻	yy	衤育	0
䘺	yd	衤定	0
䘹	yz	衤卒	0
䘸	yy	衤夜	0
䘷	yb	.	0
䘶	yh	衤函	0
䘵	yl	衤录	0
䘴	ys	衤松	0
䘳	yj	衤金	0
䘲	yy	衤又	0
䘱	wy	.	0
䘱	yg	衣谷	0
䘰	yy	衤延	0
䘯	yx	衤肖	0
䘮	td	.	0
䘭	yv	衤至	0
䘬	yr	衤戎	0
䘫	yr	衣如	0
䘪	yi	衤充	0
䘩	yx	衤旬	0
䘨	yj	衤交	0
䘧	yy	衤央	0
䘦	yn	衤尼	0
䘥	yj	衤甲	0
䘤	yv	.	0
䘣	yc	衤此	0
䘢	yv	.	0
䘡	yb	衣比	0
䘠	ya	.	0
䘠	yb	.	0
䘟	yd	.	0
䘞	ym	衤马	0
䘝	yy	衤弋	0
䘜	yj	衤巾	0
䘛	yj	衤几	0
䘚	yu	衣十	0
䘙	xi	.	0
䘘	xi	.	0
䘘	xs	行素	0
䘗	xi	.	0
䘗	xs	.	0
䘖	xi	彳亍	0
䘕	xh	.	0
䘕	xi	.	0
䘔	xk	血客	0
䘓	xd	.	0
䘒	xj	.	0
䘑	xy	血永	0
䘐	xi	.	0
䘏	xe	血阝	0
䘎	iw	虫彎	0
䘍	wk	.	0
䘌	nk	.	0
䘋	iq	.	0
䘊	im	虫篾	0
䘉	ti	天蟲	0
䘉	tk	.	0
䘈	il	虫勵	0
䘇	wi	文蟲	0
䘆	ix	虫憲	0
䘅	nk	.	0
䘄	vk	.	0
䘃	im	虫墨	0
䘂	ig	.	0
䘁	ij	虫截	0
䘀	bk	.	0
䗿	in	虫寧	0
䗾	ix	虫㬎	0
䗽	iw	虫維	0
䗼	ix	虫熏	0
䗻	ij	虫節	0
䗺	yk	.	0
䗹	ic	虫慈	0
䗸	iy	虫雍	0
䗷	iy	虫意	0
䗶	ig	虫葛	0
䗵	ij	.	0
䗴	it	虫廷	0
䗲	il	.	0
䗱	ip	.	0
䗰	ig	虫貫	0
䗯	ij	虫進	0
䗮	iu	虫爽	0
䗭	ih	虫患	0
䗬	if	虫逢	0
䗫	im	虫麻	0
䗪	iu	虫庶	0
䗩	iq	虫戚	0
䗨	iy	虫魚	0
䗧	ik	虫康	0
䗦	if	虫逢	0
䗥	ic	虫從	0
䗤	iy	虫庸	0
䗣	gk	.	0
䗢	iz	虫造	0
䗡	iy	虫焉	0
䗠	ix	虫旋	0
䗟	iy	.	0
䗞	tk	.	0
䗝	iu	虫神	0
䗜	il	虫留	0
䗛	ix	虫脩	0
䗚	if	.	0
䗙	is	.	0
䗘	ig	.	0
䗗	ij	虫笄	0
䗖	id	虫带	0
䗕	iw	.	0
䗔	ih	虫侯	0
䗓	ic	.	0
䗒	ib	虫並	0
䗑	iy	虫昱	0
䗐	iu	虫施	0
䗏	is	.	0
䗎	iy	.	0
䗍	ih	.	0
䗌	ix	虫星	0
䗋	im	虫某	0
䗊	iy	虫炎	0
䗉	ii	虫昌	0
䗈	im	虫盲	0
䗇	ij	.	0
䗆	ig	虫官	0
䗅	ii	虫長	0
䗄	if	虫斧	0
䗃	ij	虫戔	0
䗂	ih	虫虎	0
䗁	iq	虫奇	0
䗀	il	.	0
䖿	il	.	0
䖾	iw	虫完	0
䖽	il	虫利	0
䖼	iq	虫却	0
䖻	il	.	0
䖺	ri	.	0
䖹	ig	.	0
䖹	iy	.	0
䖸	iw	虫我	0
䖷	ix	虫希	0
䖶	iu	虫豕	0
䖵	ii	虫虫	0
䖴	iv	虫兆	0
䖳	iv	虫宅	0
䖲	ix	虫旬	0
䖱	ik	虫匡	0
䖰	ip	.	0
䖯	ig	虫圭	0
䖮	ix	虫向	0
䖭	if	.	0
䖭	ji	.	0
䖬	ij	虫甲	0
䖫	ig	虫干	0
䖪	ic	虫此	0
䖩	ib	虫必	0
䖨	iu	虫石	0
䖧	id	虫旦	0
䖦	ii	虫出	0
䖥	im	虫矛	0
䖤	iy	.	0
䖣	iv	虫爪	0
䖢	iu	虫少	0
䖡	ii	虫丑	0
䖠	if	虫凡	0
䖟	iw	虫亡	0
䖞	ic	虫寸	0
䖝	pi	.	0
䖜	yo	虤日	0
䖛	hs	虎索	0
䖚	hw	虎烏	0
䖙	ws	卧虒	0
䖘	ht	虎兔	0
䖗	hx	虍咸	0
䖖	hj	虎甲	0
䖕	hq	虎且	0
䖔	qh	去虎	0
䖓	ih	出虎	0
䖒	hd	虍豆	0
䖑	ho	虎日	0
䖐	jh	斤虎	0
䖏	hc	虍匆	0
䖎	eh	阝虎	0
䖍	hw	虍攵	0
䖌	hd	虍刂	0
䖋	hr	虎人	0
䖊	wh	.	0
䖉	hy	虍于	0
䖈	hb	虍匕	0
䖈	hh	.	0
䖇	cy	艹鬱	0
䖆	cn	艹釀	0
䖅	cl	艹靈	0
䖄	cr	.	0
䖃	rr	若若	0
䖂	cl	艹攣	0
䖁	wy	萬意	0
䖀	cx	艹囂	0
䕿	cn	艹鳥	0
䕾	cy	艹嚴	0
䕽	cv	艹躅	0
䕼	cn	艹難	0
䕻	cl	艹麗	0
䕺	cc	艹叢	0
䕹	cz	艹雜	0
䕸	cx	艹黠	0
䕷	cm	艹縻	0
䕶	ch	.	0
䕵	cj	.	0
䕴	cj	艹焦	0
䕳	cm	艹彌	0
䕲	cl	艹廪	0
䕱	ct	艹頭	0
䕰	cf	艹燔	0
䕯	cp	艹瓢	0
䕮	cm	艹米	0
䕭	cy	艹炎	0
䕬	cj	.	0
䕫	cw	艹夂	0
䕪	cz	艹澤	0
䕩	cl	艹橑	0
䕨	ct	艹縢	0
䕧	ch	.	0
䕦	cy	艹嬴	0
䕥	cl	.	0
䕤	cd	艹鄲	0
䕣	ch	艹褐	0
䕢	cc	艹磋	0
䕡	cl	艹閭	0
䕠	cf	艹廢	0
䕟	cx	艹興	0
䕞	cg	.	0
䕝	ci	艹稱	0
䕝	cr	.	0
䕜	cc	艹翠	0
䕛	cj	艹夾	0
䕚	ck	艹匱	0
䕙	cj	艹截	0
䕘	cl	艹領	0
䕗	cb	艹鼻	0
䕖	cx	艹遜	0
䕕	cm	艹漫	0
䕔	cx	艹銜	0
䕓	ci	艹察	0
䕒	cj	艹嘉	0
䕑	cs	艹綏	0
䕐	cf	艹福	0
䕏	cy	艹義	0
䕎	cf	.	0
䕍	cy	艹裔	0
䕌	cv	艹稚	0
䕋	ct	艹塘	0
䕊	cd	艹亶	0
䕉	cg	.	0
䕈	cd	艹牒	0
䕇	cg	艹廆	0
䕆	cy	艹榆	0
䕅	cs	艹嫂	0
䕄	cm	艹皿	0
䕃	ca	.	0
䕂	cz	.	0
䕁	cf	艹棐	0
䕀	ck	艹款	0
䔿	cz	艹尊	0
䔾	cj	艹揭	0
䔽	ck	艹渴	0
䔼	cs	.	0
䔻	cd	艹敦	0
䔺	cs	艹隋	0
䔹	cd	艹隊	0
䔸	cb	.	0
䔷	cq	艹琴	0
䔶	ct	艹提	0
䔵	cx	.	0
䔴	cs	.	0
䔳	cr	艹然	0
䔲	cd	艹登	0
䔱	cy	艹揖	0
䔰	cf	艹富	0
䔯	cg	艹酤	0
䔮	cs	艹斯	0
䔭	cn	艹甯	0
䔬	cy	艹異	0
䔫	cc	.	0
䔪	cu	艹爽	0
䔩	ci	艹敕	0
䔨	cv	艹隹	0
䔧	cl	艹梨	0
䔦	cm	艹梅	0
䔥	cs	.	0
䔤	cb	艹百	0
䔣	cl	艹犁	0
䔢	cx	.	0
䔡	cy	艹魚	0
䔠	cu	艹梢	0
䔟	cy	艹移	0
䔞	cl	艹率	0
䔝	cz	艹紫	0
䔜	cd	艹聃	0
䔛	cq	艹頃	0
䔚	ci	艹脣	0
䔚	co	.	0
䔙	cd	艹釣	0
䔘	cq	艹且	0
䔗	cx	艹祥	0
䔖	cl	艹陵	0
䔕	cf	.	0
䔔	cj	艹竟	0
䔓	cx	艹許	0
䔒	cp	艹陪	0
䔑	cx	艹斜	0
䔐	cq	艹淺	0
䔏	cz	艹造	0
䔎	cs	艹速	0
䔍	cm	艹馬	0
䔌	cg	艹皋	0
䔋	cu	艹紗	0
䔊	cp	.	0
䔉	cl	.	0
䔈	cg	艹貢	0
䔇	cq	艹豈	0
䔆	cl	艹狸	0
䔅	cg	艹哥	0
䔄	cy	.	0
䔃	cz	艹祖	0
䔂	cz	艹宰	0
䔁	cl	艹栗	0
䔀	cw	艹倭	0
䓿	ch	.	0
䓾	cs	艹娑	0
䓽	cj	艹記	0
䓼	cm	艹尨	0
䓻	cn	艹女	0
䓺	cm	艹美	0
䓹	cu	艹食	0
䓸	cj	.	0
䓷	cx	艹行	0
䓶	cl	艹剌	0
䓵	cp	艹品	0
䓴	cr	.	0
䓳	ch	艹很	0
䓲	ct	.	0
䓱	ci	艹柴	0
䓰	cy	.	0
䓯	cd	艹毒	0
䓮	cw	艹攵	0
䓭	cu	艹刹	0
䓬	cv	艹卓	0
䓫	cq	艹奇	0
䓪	cy	艹易	0
䓩	cv	艹枝	0
䓨	fb	.	0
䓧	cj	艹亟	0
䓦	cd	艹典	0
䓥	rc	入草	0
䓤	ch	艹忽	0
䓣	cl	艹兩	0
䓢	cg	艹固	0
䓡	cv	艹知	0
䓠	ct	.	0
䓟	cv	艹周	0
䓞	cl	艹戾	0
䓝	cm	艹孟	0
䓜	ci	.	0
䓛	cq	艹屈	0
䓚	cc	艹徂	0
䓙	cg	艹乖	0
䓘	cj	艹咎	0
䓗	cc	.	0
䓖	cq	艹穷	0
䓕	cy	艹远	0
䓓	cu	艹寿	0
䓒	cd	艹甸	0
䓑	cq	艹汧	0
䓐	ci	.	0
䓏	cf	艹否	0
䓎	cv	艹灼	0
䓍	ch	艹旱	0
䓌	cv	艹志	0
䓋	ci	.	0
䓊	cw	艹吾	0
䓉	cx	艹邪	0
䓈	cy	艹役	0
䓇	ci	艹赤	0
䓆	cv	艹折	0
䓅	cy	艹沂	0
䓄	cy	.	0
䓃	cy	艹邑	0
䓂	cy	艹言	0
䓁	cs	艹寺	0
䓀	cj	艹吉	0
䒿	co	艹月	0
䒾	cy	艹衣	0
䒽	cw	艹网	0
䒼	cq	艹曲	0
䒻	cj	.	0
䒺	cs	艹糸	0
䒹	cl	艹耒	0
䒸	cx	艹血	0
䒷	cu	艹舌	0
䒶	cy	艹曳	0
䒵	ch	艹好	0
䒴	cy	艹有	0
䒳	cd	艹朵	0
䒲	ci	艹奼	0
䒱	ci	艹丞	0
䒰	ck	艹匡	0
䒯	cw	艹丸	0
䒮	cf	艹凡	0
䒭	cc	艹寸	0
䒬	cu	艹示	0
䒫	cd	艹代	0
䒪	cb	艹弁	0
䒩	ch	艹禾	0
䒨	cu	艹矢	0
䒧	cq	艹去	0
䒦	cf	艹乏	0
䒥	cz	.	0
䒤	co	艹日	0
䒣	cr	.	0
䒢	ca	艹卬	0
䒡	cy	艹引	0
䒠	cf	艹丰	0
䒟	cd	艹丹	0
䒞	cd	.	0
䒞	cy	.	0
䒝	cx	.	0
䒜	cn	艹牛	0
䒛	ch	艹幻	0
䒚	cu	艹少	0
䒙	cu	艹上	0
䒘	cw	艹夊	0
䒗	cq	艹乞	0
䒖	cx	.	0
䒕	cx	艹小	0
䒔	cb	艹八	0
䒓	ck	.	0
䒒	cd	艹刁	0
䒑	ba	丷一	0
䒑	qm	.	0
䒐	sm	色瞢	0
䒏	sc	色曾	0
䒎	sm	色莽	0
䒍	sp	色旁	0
䒌	sm	色冥	0
䒋	sy	色央	0
䒊	sx	色兮	0
䒉	vw	舟舞	0
䒈	vp	.	0
䒇	vf	舟富	0
䒆	vw	舟攵	0
䒅	vj	舟眷	0
䒄	vf	.	0
䒃	vz	舟造	0
䒂	vj	舟將	0
䒁	vx	舟習	0
䒀	vf	舟符	0
䑿	vs	舟宿	0
䑾	vv	.	0
䑽	vt	.	0
䑼	vi	舟芻	0
䑻	vy	.	0
䑺	vf	舟風	0
䑹	vs	.	0
䑸	vz	舟宗	0
䑷	vj	舟肩	0
䑶	vq	舟青	0
䑵	vm	.	0
䑵	vo	舟月	0
䑴	vq	舟其	0
䑳	vl	舟侖	0
䑲	vv	舟卓	0
䑱	vw	舟宛	0
䑰	vb	舟步	0
䑯	vd	舟弟	0
䑮	vm	.	0
䑭	vj	舟江	0
䑬	vv	舟兆	0
䑫	vb	舟并	0
䑪	vh	舟合	0
䑩	vg	舟古	0
䑨	vt	.	0
䑧	vf	舟付	0
䑦	vj	舟句	0
䑥	vj	舟及	0
䑤	vj	舟今	0
䑣	vp	.	0
䑢	vw	舟兀	0
䑡	vi	舟叉	0
䑠	vl	舟了	0
䑟	uh	舜皇	0
䑞	ik	.	0
䑝	ib	舛冖	0
䑝	kf	.	0
䑝	ki	口舛	0
䑜	uy	.	0
䑛	ud	舌氐	0
䑚	uo	舌月	0
䑙	ur	.	0
䑘	ji	臼差	0
䑗	jy	.	0
䑖	jj	.	0
䑕	ja	.	0
䑕	jf	.	0
䑕	jy	.	0
䑔	ju	.	0
䑓	vn	.	0
䑒	vr	至刃	0
䑑	ip	.	0
䑐	ie	臣尔	0
䑏	og	.	0
䑎	oq	.	0
䑍	oy	月嬰	0
䑌	ol	月闌	0
䑋	ox	月襄	0
䑊	oy	月遺	0
䑉	oy	月嬴	0
䑈	ol	月樂	0
䑇	ov	月質	0
䑆	oy	月養	0
䑅	om	月夢	0
䑄	ob	月鼻	0
䑃	om	月蒙	0
䑂	oy	月與	0
䑁	jo	.	0
䑁	ob	月冖	0
䑀	ob	.	0
䐿	oa	月奥	0
䐾	og	.	0
䐽	om	.	0
䐼	oj	月絜	0
䐻	og	月辜	0
䐺	oq	.	0
䐹	os	月肅	0
䐸	oh	月畫	0
䐷	od	月單	0
䐶	oc	.	0
䐵	oh	月黄	0
䐴	jo	既月	0
䐴	oj	月既	0
䐳	oy	月魚	0
䐲	ox	月習	0
䐱	od	.	0
䐰	ox	月脩	0
䐯	ol	月累	0
䐮	oi	.	0
䐭	od	月帶	0
䐬	oc	月曹	0
䐫	oc	月從	0
䐪	oj	月隽	0
䐩	oq	月豈	0
䐨	uo	.	0
䐧	og	月高	0
䐦	og	.	0
䐥	ow	月翁	0
䐤	oi	月差	0
䐣	oy	月員	0
䐢	oi	月芻	0
䐡	wr	亠肉	0
䐠	oh	月荒	0
䐟	og	.	0
䐞	or	月弱	0
䐝	os	.	0
䐜	ov	月真	0
䐛	od	月耷	0
䐚	oj	月即	0
䐙	og	月革	0
䐘	oy	月爰	0
䐗	ov	月者	0
䐖	ou	月屎	0
䐕	oj	.	0
䐔	ob	月扁	0
䐓	oy	月頁	0
䐒	oi	.	0
䐑	oy	.	0
䐐	oq	月秋	0
䐏	oi	月春	0
䐎	ou	月是	0
䐍	ov	.	0
䐌	do	典月	0
䐌	od	月典	0
䐋	oc	.	0
䐊	ok	月昆	0
䐉	oz	月甾	0
䐈	ov	月直	0
䐇	oh	.	0
䐆	oc	月采	0
䐅	ou	月矢	0
䐄	od	.	0
䐃	oj	.	0
䐂	ol	月录	0
䐁	oi	.	0
䐀	oq	月奇	0
䏿	ow	月攵	0
䏾	of	月奉	0
䏽	op	.	0
䏼	oj	月戔	0
䏻	yq	.	0
䏺	of	月丰	0
䏹	oj	月見	0
䏸	ow	月吾	0
䏷	oh	月旱	0
䏶	ob	月坒	0
䏵	om	月尨	0
䏴	ox	月肖	0
䏳	ov	月折	0
䏲	od	月弟	0
䏱	oj	月局	0
䏰	or	月忍	0
䏯	ov	月志	0
䏮	od	月丶	0
䏭	ov	月朱	0
䏬	om	月牟	0
䏫	ox	月休	0
䏪	oe	月耳	0
䏩	oh	月合	0
䏨	od	.	0
䏧	od	月多	0
䏦	ou	月舌	0
䏥	or	月冉	0
䏤	os	月司	0
䏣	oq	月且	0
䏢	op	月皮	0
䏡	ou	月示	0
䏠	ol	月立	0
䏟	ob	月必	0
䏞	om	月末	0
䏞	ow	.	0
䏝	ov	月专	0
䏜	oj	月及	0
䏛	oy	月匀	0
䏚	ou	月少	0
䏙	oy	.	0
䏘	op	月匹	0
䏗	oq	月气	0
䏖	oy	月引	0
䏕	or	月壬	0
䏕	ot	.	0
䏕	ow	.	0
䏔	oi	月丑	0
䏓	oy	月元	0
䏒	op	月片	0
䏑	or	.	0
䏐	og	月夬	0
䏏	oy	月于	0
䏎	of	月凡	0
䏍	os	月厶	0
䏍	so	厶月	0
䏌	bo	八月	0
䏌	ob	月八	0
䏋	aa	.	0
䏊	el	耳龍	0
䏉	ex	耳㬎	0
䏈	es	耳絲	0
䏇	ep	耳票	0
䏆	ec	耳曹	0
䏅	ej	耳祭	0
䏄	ev	耳窒	0
䏃	em	耳冥	0
䏂	es	耳叟	0
䏁	ez	耳宰	0
䏀	el	耳剌	0
䎿	eq	耳秋	0
䎾	el	耳侖	0
䎽	eh	耳昏	0
䎼	el	耳录	0
䎻	ev	耳周	0
䎺	ev	耳制	0
䎹	eb	.	0
䎸	ew	耳吾	0
䎷	ev	耳朱	0
䎶	eu	耳申	0
䎵	eb	耳必	0
䎴	ej	耳井	0
䎳	eo	耳月	0
䎲	ey	耳乙	0
䎱	lb	耒罷	0
䎰	lv	.	0
䎯	lh	耒𦰩	0
䎮	ld	.	0
䎭	lz	耒造	0
䎬	lb	耒罢	0
䎫	lz	.	0
䎪	ld	.	0
䎩	lz	耒甾	0
䎨	ly	耒奄	0
䎧	lp	.	0
䎦	ly	耒炎	0
䎥	lg	耒谷	0
䎤	lj	耒局	0
䎣	ly	耒以	0
䎢	lq	耒乞	0
䎡	eh	而火	0
䎠	ew	而丸	0
䎟	en	而女	0
䎝	ly	老羽	0
䎜	ll	老老	0
䎛	kl	.	0
䎚	yh	羽慧	0
䎙	yb	羽賓	0
䎘	ys	羽肅	0
䎗	yq	羽喬	0
䎖	yc	羽曾	0
䎕	yy	.	0
䎔	yf	.	0
䎓	yt	.	0
䎒	yj	羽戔	0
䎑	yl	羽录	0
䎐	uy	十羽	0
䎐	yz	羽早	0
䎏	yh	羽含	0
䎎	yv	.	0
䎍	yf	羽甫	0
䎌	yz	羽足	0
䎋	yg	羽告	0
䎊	yg	羽各	0
䎉	yu	.	0
䎉	yx	羽戌	0
䎈	yy	羽曳	0
䎇	yv	羽舟	0
䎆	yl	羽令	0
䎅	yb	羽白	0
䎄	yv	羽召	0
䎃	yr	羽冉	0
䎂	yb	羽包	0
䎁	yg	羽古	0
䎀	yy	.	0
䍿	yw	羽王	0
䍾	yj	.	0
䍽	yl	羊歷	0
䍼	yc	.	0
䍻	ys	.	0
䍺	yh	羊患	0
䍹	yi	羊臭	0
䍸	yf	.	0
䍷	yw	羊韋	0
䍶	yd	羊東	0
䍵	yv	羊争	0
䍴	yw	羊委	0
䍳	yv	羊叕	0
䍲	ye	羊兒	0
䍱	yy	羊余	0
䍰	yy	羊因	0
䍯	yw	羊危	0
䍮	yv	羊兆	0
䍭	ym	羊母	0
䍬	yp	羊平	0
䍫	yt	羊它	0
䍪	ym	羊末	0
䍩	yw	羊攵	0
䍨	yu	.	0
䍧	nq	.	0
䍦	sl	罒離	0
䍥	sl	罒歷	0
䍤	sq	罒齊	0
䍣	sl	罒雷	0
䍢	sw	罒無	0
䍡	sl	罒鹿	0
䍠	si	.	0
䍟	sz	.	0
䍞	wh	网或	0
䍝	st	.	0
䍜	sv	罒隹	0
䍛	sg	罒固	0
䍚	sl	罒良	0
䍙	sm	罒每	0
䍙	wm	网每	0
䍘	sm	罒米	0
䍗	sx	罒玄	0
䍖	sb	罒包	0
䍕	sd	罒氐	0
䍔	sg	.	0
䍓	sy	罒牙	0
䍒	sm	罒木	0
䍑	wg	网干	0
䍐	sg	罒干	0
䍏	ka	冂丨	0
䍎	fj	缶薦	0
䍍	uf	.	0
䍌	fp	.	0
䍋	fi	缶垂	0
䍊	fj	缶交	0
䍉	fv	缶只	0
䍈	fp	缶平	0
䍇	ff	缶乏	0
䍆	fv	.	0
䍅	fl	缶令	0
䍄	fv	缶占	0
䍃	vf	爫缶	0
䍂	fy	缶于	0
䍁	ss	纟遂	0
䍀	sj	纟监	0
䌿	sf	.	0
䌾	sn	纟南	0
䌽	sc	纟采	0
䌼	sd	纟兑	0
䌻	sy	纟羽	0
䌺	se	纟耳	0
䌹	sh	.	0
䌸	sv	纟专	0
䌷	sy	纟由	0
䌶	sc	纟才	0
䌵	su	糸屬	0
䌴	sl	糸羸	0
䌳	sx	糸璽	0
䌲	sx	糸薰	0
䌱	sl	糸立	0
䌰	sn	糸聶	0
䌯	sg	.	0
䌮	su	糸霜	0
䌭	sj	糸蕉	0
䌬	sl	糸龍	0
䌫	sl	.	0
䌪	sy	糸閻	0
䌩	sm	糸蔑	0
䌨	sc	糸蔡	0
䌧	su	糸壽	0
䌦	sv	.	0
䌥	sy	.	0
䌤	se	糸爾	0
䌣	sg	糸管	0
䌢	sl	糸零	0
䌡	sl	.	0
䌠	sh	.	0
䌟	sb	.	0
䌞	sj	.	0
䌝	sj	糸禁	0
䌜	sy	糸業	0
䌛	yx	.	0
䌚	ss	糸粟	0
䌙	sh	糸黄	0
䌘	sb	糸敝	0
䌗	sw	糸無	0
䌖	sj	糸集	0
䌕	sm	糸麻	0
䌔	sq	糸區	0
䌓	ms	每糸	0
䌓	su	糸殳	0
䌒	sl	糸鹿	0
䌑	sj	糸堅	0
䌐	sm	糸覓	0
䌏	sm	糸密	0
䌎	sl	糸略	0
䌍	sj	糸堇	0
䌌	sx	糸習	0
䌋	sd	.	0
䌊	sy	.	0
䌉	sv	.	0
䌈	st	.	0
䌇	ss	糸索	0
䌆	sg	糸鬼	0
䌅	st	糸唐	0
䌄	sg	.	0
䌃	sx	糸削	0
䌂	sw	糸屋	0
䌁	sn	.	0
䌁	sy	糸要	0
䌀	sk	糸科	0
䋿	sw	糸畏	0
䋾	si	.	0
䋽	sf	糸封	0
䋼	sy	糸盈	0
䋻	sn	糸南	0
䋺	sq	糸秋	0
䋹	sf	.	0
䋸	sd	糸盾	0
䋷	sw	糸攵	0
䋶	sy	糸頁	0
䋵	sh	糸曷	0
䋴	sr	糸柔	0
䋳	sb	糸背	0
䋲	sm	糸黾	0
䋱	sl	糸來	0
䋰	js	具糸	0
䋰	sj	糸具	0
䋯	hs	户糸	0
䋯	sg	糸戈	0
䋮	sj	糸金	0
䋭	sy	糸育	0
䋬	st	糸忝	0
䋫	sv	糸争	0
䋪	sa	糸阿	0
䋩	se	糸兒	0
䋨	sp	.	0
䋧	sj	糸居	0
䋦	sm	糸每	0
䋥	sl	糸里	0
䋤	su	素勺	0
䋣	sm	糸每	0
䋢	sv	糸折	0
䋡	sy	糸余	0
䋠	sf	糸甫	0
䋟	sj	糸忌	0
䋞	sw	糸网	0
䋝	sn	糸女	0
䋜	sh	.	0
䋛	sm	糸米	0
䋚	sy	糸羽	0
䋙	se	糸耳	0
䋘	sl	糸耒	0
䋗	si	糸臣	0
䋖	sy	糸聿	0
䋕	sr	糸任	0
䋔	sp	糸丕	0
䋓	si	糸刍	0
䋒	sm	糸矛	0
䋑	sb	糸丙	0
䋐	sy	.	0
䋏	sv	糸乍	0
䋎	sd	糸旦	0
䋍	sk	糸可	0
䋌	sj	糸巨	0
䋋	sm	糸民	0
䋊	sv	糸正	0
䋉	sx	糸穴	0
䋈	sn	糸奴	0
䋇	si	糸尺	0
䋆	sh	糸户	0
䋄	sg	糸冈	0
䋃	sm	糸毛	0
䋂	sx	.	0
䋁	sk	糸亢	0
䋀	sh	糸户	0
䊿	sf	糸夫	0
䊾	sm	糸木	0
䊽	sg	糸夬	0
䊼	sv	糸止	0
䊻	sq	糸欠	0
䊺	sh	糸互	0
䊹	sq	糸千	0
䊸	sk	糸亏	0
䊷	sc	糸才	0
䊶	sy	糸也	0
䊵	sj	糸九	0
䊴	mq	米僉	0
䊳	mm	米靡	0
䊲	si	.	0
䊱	mq	.	0
䊰	mv	米諸	0
䊯	mg	米廣	0
䊮	mv	.	0
䊭	mu	米壽	0
䊬	mk	米稞	0
䊫	mz	米罪	0
䊪	mw	米萬	0
䊩	mf	米番	0
䊨	my	.	0
䊨	wj	亡几	0
䊧	mf	米費	0
䊦	my	米壹	0
䊥	ms	米肅	0
䊤	mq	.	0
䊣	mh	米黄	0
䊢	mj	米將	0
䊡	mm	米曼	0
䊠	mj	米既	0
䊟	mm	.	0
䊞	md	.	0
䊝	mx	米悉	0
䊜	mv	米專	0
䊛	mu	米殺	0
䊚	mv	米追	0
䊙	my	米研	0
䊘	mv	米胄	0
䊗	mh	米皇	0
䊖	mn	米南	0
䊕	mj	米建	0
䊔	my	米英	0
䊓	mu	米是	0
䊒	mv	米隹	0
䊑	mu	米尚	0
䊐	mk	米昆	0
䊏	my	米炎	0
䊎	mj	米卷	0
䊍	ml	.	0
䊌	mb	米庇	0
䊋	mv	米壯	0
䊊	mw	米尾	0
䊉	ms	米宋	0
䊈	mm	米每	0
䊇	mf	米甫	0
䊆	mj	米臼	0
䊅	mm	米名	0
䊄	mg	米巩	0
䊃	mj	米巾	0
䊂	mc	.	0
䊁	mx	米先	0
䊀	mg	米古	0
䉿	mh	米乎	0
䉾	mb	米北	0
䉽	mb	米半	0
䉼	mj	米斤	0
䉻	mu	米氏	0
䉺	mg	米工	0
䉹	vl	𥫗靈	0
䉸	vb	竹辯	0
䉷	vy	𥫗嚴	0
䉶	vu	𥫗雙	0
䉵	vu	竹食	0
䉴	vx	𥫗襄	0
䉳	vx	𥫗鮮	0
䉲	vm	𥫗彌	0
䉱	vq	𥫗區	0
䉰	vj	竹交	0
䉯	vx	𥫗賢	0
䉮	vv	𥫗隹	0
䉭	vl	.	0
䉬	vf	竹廢	0
䉫	vl	竹黎	0
䉪	vt	竹田	0
䉩	vu	竹樞	0
䉨	vy	𥫗毅	0
䉧	vl	𥫗劉	0
䉦	vq	竹遷	0
䉥	vx	𥫗心	0
䉤	vu	𥫗数	0
䉣	vx	竹舄	0
䉢	vs	𥫗嗇	0
䉡	vd	𥫗亶	0
䉠	vw	𥫗微	0
䉟	vy	𥫗又	0
䉞	vg	竹感	0
䉝	vy	竹義	0
䉜	vv	竹雉	0
䉛	va	𥫗奥	0
䉚	vw	𥫗瓦	0
䉙	vy	竹雲	0
䉘	vz	竹棕	0
䉗	vy	𥫗揖	0
䉖	vl	𥫗令	0
䉕	vc	𥫗曾	0
䉔	vc	竹殘	0
䉓	vk	𥫗棵	0
䉒	vf	竹番	0
䉑	vw	𥫗無	0
䉐	vg	竹軲	0
䉏	vj	竹解	0
䉎	vt	竹棠	0
䉍	vm	竹悶	0
䉌	vd	竹隊	0
䉋	vm	𥫗媚	0
䉊	vi	竹車	0
䉉	vg	𥫗觚	0
䉈	vs	竹散	0
䉇	vd	𥫗刂	0
䉆	vn	竹鳥	0
䉅	vv	竹執	0
䉄	vl	竹陵	0
䉃	vj	竹將	0
䉂	vl	竹累	0
䉁	vl	竹聆	0
䉀	vu	𥫗庶	0
䈿	vm	𥫗冥	0
䈾	vu	𥫗梢	0
䈽	vj	𥫗堇	0
䈼	vm	𥫗密	0
䈻	vp	竹脯	0
䈺	vv	竹終	0
䈹	vs	竹宿	0
䈸	vh	𥫗斛	0
䈷	vg	竹格	0
䈶	vr	竹容	0
䈵	vw	𥫗翁	0
䈴	vj	竹兼	0
䈳	vy	𥫗羽	0
䈲	vb	𥫗般	0
䈱	vy	𥫗舀	0
䈰	vx	.	0
䈯	vv	𥫗真	0
䈮	vq	竹竘	0
䈭	vg	𥫗鬼	0
䈬	vp	竹浦	0
䈫	vn	竹納	0
䈪	vg	𥫗鬲	0
䈩	vj	竹剑	0
䈨	vx	竹限	0
䈧	vw	𥫗爲	0
䈦	vw	竹夂	0
䈥	vl	𥫗力	0
䈤	vg	𥫗柑	0
䈣	vv	竹政	0
䈢	vx	𥫗枲	0
䈡	vx	𥫗心	0
䈠	vy	竹爰	0
䈟	vz	竹則	0
䈞	vo	𥫗日	0
䈝	vx	竹胥	0
䈜	vq	𥫗侵	0
䈛	vy	𥫗又	0
䈚	vd	竹怠	0
䈙	vv	𥫗紂	0
䈘	vz	𥫗兹	0
䈗	vj	𥫗俊	0
䈖	vk	𥫗科	0
䈕	vu	竹是	0
䈔	vy	.	0
䈓	vh	竹曷	0
䈒	vn	竹南	0
䈑	vg	竹咼	0
䈐	vh	竹恢	0
䈏	vt	竹田	0
䈎	vm	𥫗木	0
䈍	vm	𥫗盲	0
䈌	vj	竹沮	0
䈋	vd	竹沓	0
䈊	vw	竹夂	0
䈉	vq	竹妾	0
䈈	vf	𥫗肥	0
䈇	vv	竹卓	0
䈆	vl	竹戾	0
䈅	vh	竹或	0
䈄	vh	𥫗函	0
䈃	vv	竹沼	0
䈂	vb	𥫗并	0
䈁	vl	𥫗侖	0
䈀	vu	𥫗删	0
䇿	vu	竹束	0
䇾	vy	𥫗言	0
䇽	vv	𥫗折	0
䇼	vy	竹邑	0
䇻	vw	竹尾	0
䇺	vd	𥫗豆	0
䇹	vj	竹君	0
䇸	vi	𥫗呈	0
䇷	vb	𥫗别	0
䇶	vj	竹角	0
䇵	vy	竹沂	0
䇳	vj	𥫗戋	0
䇲	vj	𥫗夹	0
䇱	vx	.	0
䇰	vi	竹丞	0
䇯	ve	𥫗耳	0
䇮	vr	𥫗任	0
䇭	vl	𥫗老	0
䇬	vv	竹朱	0
䇫	vi	竹臣	0
䇪	vv	𥫗至	0
䇩	vy	竹曳	0
䇨	vf	.	0
䇧	vk	𥫗口	0
䇦	vy	𥫗央	0
䇥	vv	𥫗正	0
䇤	vb	𥫗丙	0
䇣	vx	竹小	0
䇢	vg	竹古	0
䇡	vn	竹宁	0
䇠	vv	竹主	0
䇟	vl	𥫗力	0
䇞	vg	𥫗甘	0
䇝	vg	𥫗戈	0
䇜	vq	竹欠	0
䇛	vv	𥫗止	0
䇚	vp	竹仆	0
䇙	vy	竹引	0
䇘	vh	𥫗互	0
䇗	vg	𥫗公	0
䇖	vp	.	0
䇕	lx	立需	0
䇔	ly	.	0
䇔	wf	.	0
䇓	lx	立須	0
䇒	lj	立既	0
䇑	lb	立卑	0
䇐	ld	.	0
䇏	lx	立享	0
䇎	lx	立昔	0
䇍	lz	立足	0
䇌	lx	立肖	0
䇋	ld	立多	0
䇊	lg	.	0
䇈	lk	.	0
䇇	lm	立民	0
䇅	lg	立戈	0
䇄	lq	立乞	0
䇃	ls	立巳	0
䇂	lu	.	0
䇁	rx	.	0
䇁	xx	穴鮮	0
䇀	xe	穴耳	0
䆿	xg	.	0
䆿	xm	.	0
䆾	rj	.	0
䆾	xj	穴監	0
䆽	rj	.	0
䆽	xj	.	0
䆼	xg	穴過	0
䆻	rg	.	0
䆻	xg	穴敢	0
䆺	rf	.	0
䆺	xf	穴番	0
䆹	rt	.	0
䆹	xt	穴童	0
䆸	rd	.	0
䆸	xd	穴登	0
䆷	rj	.	0
䆷	xj	.	0
䆶	rj	.	0
䆶	xj	穴焦	0
䆵	rc	.	0
䆵	xc	穴曾	0
䆴	xg	.	0
䆳	rv	.	0
䆳	xv	穴逐	0
䆲	rk	.	0
䆲	xk	穴康	0
䆱	rd	.	0
䆱	xd	穴淡	0
䆰	rq	.	0
䆰	xq	穴區	0
䆯	vn	.	0
䆮	rj	.	0
䆮	xj	穴浸	0
䆭	rx	.	0
䆭	xx	穴軒	0
䆬	ry	.	0
䆬	xy	穴員	0
䆫	rc	.	0
䆫	xc	.	0
䆪	gk	光空	0
䆩	xd	穴大	0
䆨	rh	.	0
䆨	xh	穴昊	0
䆧	xw	穴委	0
䆦	ry	.	0
䆦	xy	穴炎	0
䆥	xu	穴豕	0
䆤	xu	穴身	0
䆣	ri	.	0
䆣	xi	穴辰	0
䆢	rj	.	0
䆢	xj	穴抉	0
䆡	rl	.	0
䆡	xl	穴良	0
䆠	ri	.	0
䆠	xi	穴臣	0
䆟	rh	.	0
䆟	xh	穴合	0
䆞	ry	.	0
䆞	xy	.	0
䆝	rx	.	0
䆝	xx	穴血	0
䆜	ry	.	0
䆜	xy	穴有	0
䆛	ri	.	0
䆛	xi	.	0
䆚	rt	.	0
䆚	xt	穴同	0
䆙	rv	.	0
䆙	xv	穴正	0
䆘	rj	.	0
䆘	xj	穴甲	0
䆗	rj	.	0
䆗	xj	穴叫	0
䆖	rg	.	0
䆖	xg	.	0
䆕	rg	.	0
䆕	xg	穴夬	0
䆔	rv	.	0
䆔	xv	穴中	0
䆓	ry	.	0
䆓	xy	穴允	0
䆒	xw	穴丸	0
䆑	rd	.	0
䆑	xd	穴丁	0
䆐	qq	秦秦	0
䆏	hf	禾糞	0
䆎	hq	.	0
䆍	hl	禾龍	0
䆌	hy	禾言	0
䆋	hg	禾龜	0
䆊	hj	禾冀	0
䆉	hb	禾罷	0
䆈	hi	禾遲	0
䆇	hf	禾鳳	0
䆆	hm	禾木	0
䆅	hz	禾資	0
䆄	hd	禾亶	0
䆃	hd	禾道	0
䆂	hl	禾廉	0
䆁	hg	.	0
䆀	hh	禾黑	0
䅿	hh	禾華	0
䅾	hc	.	0
䅽	hk	.	0
䅼	hm	禾曼	0
䅻	hi	.	0
䅺	hp	禾票	0
䅹	hl	禾婁	0
䅸	hx	.	0
䅷	ht	禾荼	0
䅶	hc	.	0
䅶	hr	禾辱	0
䅵	hg	禾羔	0
䅴	hs	禾索	0
䅳	hi	禾芻	0
䅲	hq	禾耆	0
䅱	hq	禾豈	0
䅰	he	禾恩	0
䅯	ht	禾唐	0
䅮	hc	禾倉	0
䅭	hp	禾旁	0
䅬	hy	禾益	0
䅫	hj	.	0
䅪	hg	禾贵	0
䅩	hv	禾只	0
䅨	hx	禾香	0
䅧	hy	禾音	0
䅦	hm	禾苗	0
䅥	hh	禾曷	0
䅤	hi	.	0
䅣	hh	禾皇	0
䅢	hv	禾胄	0
䅡	hy	禾頁	0
䅠	hu	禾是	0
䅟	hc	禾参	0
䅞	hd	.	0
䅝	hk	禾空	0
䅜	hi	禾垂	0
䅛	hi	禾昌	0
䅚	hj	禾卷	0
䅙	hk	禾昆	0
䅘	hl	禾來	0
䅗	hw	禾委	0
䅖	hy	禾奄	0
䅕	hj	禾居	0
䅔	hz	禾甾	0
䅓	hy	禾又	0
䅒	hm	禾芒	0
䅑	ht	禾妥	0
䅐	hj	禾見	0
䅏	hw	禾尾	0
䅎	hx	禾秀	0
䅍	ht	禾廷	0
䅌	hy	.	0
䅋	hg	.	0
䅋	hm	禾免	0
䅊	hd	.	0
䅉	hy	禾亚	0
䅈	he	禾二	0
䅈	hh	火禾	0
䅇	hx	禾覀	0
䅆	hc	禾次	0
䅅	hg	禾圭	0
䅄	hx	.	0
䅃	hg	禾巩	0
䅂	hg	禾各	0
䅁	ha	禾安	0
䅀	hl	禾列	0
䄿	hy	禾曳	0
䄾	hr	禾戎	0
䄽	hx	禾西	0
䄼	ht	.	0
䄻	hv	禾兆	0
䄺	hy	禾夷	0
䄹	hq	禾千	0
䄸	hb	禾白	0
䄷	hu	禾石	0
䄶	hf	禾弗	0
䄵	hf	.	0
䄴	ho	禾月	0
䄳	hv	禾止	0
䄲	hn	禾内	0
䄱	hf	禾方	0
䄰	hy	禾牙	0
䄯	hj	.	0
䄮	hf	禾夫	0
䄭	hq	禾千	0
䄬	hy	禾也	0
䄫	hj	禾己	0
䄪	hu	禾勺	0
䄩	hy	禾弋	0
䄨	hy	禾于	0
䄧	hn	禾乃	0
䄦	hl	禾了	0
䄥	ul	示靈	0
䄤	ul	示賴	0
䄣	um	示賣	0
䄢	uq	示齊	0
䄡	uv	示詹	0
䄠	ud	示亶	0
䄟	uc	示毳	0
䄞	uj	示祭	0
䄝	ui	示舂	0
䄜	ui	.	0
䄛	ul	示婁	0
䄚	uc	示曹	0
䄙	um	示冥	0
䄘	up	示旁	0
䄗	ua	示丨	0
䄖	uy	示俞	0
䄕	ud	.	0
䄔	uy	示禹	0
䄓	uh	示皇	0
䄒	un	示念	0
䄑	uh	示昏	0
䄐	ss	祟巳	0
䄏	ua	.	0
䄎	uq	示奇	0
䄍	ux	示昔	0
䄌	uv	示叕	0
䄋	uy	示奄	0
䄊	uv	示志	0
䄉	uw	示我	0
䄈	ud	示豆	0
䄇	ui	示呈	0
䄆	uu	示舌	0
䄅	hu	火示	0
䄅	ue	示二	0
䄄	uy	示因	0
䄃	uy	示央	0
䄂	uy	示由	0
䄁	uu	示世	0
䄀	ug	示戈	0
䃿	uf	示夫	0
䃾	ub	示比	0
䃽	uv	示支	0
䃼	ub	示卜	0
䃻	ub	石霸	0
䃺	um	石靡	0
䃹	ul	石闌	0
䃸	uq	.	0
䃷	uy	石嬴	0
䃶	uh	.	0
䃵	un	.	0
䃴	uv	石諸	0
䃳	ul	.	0
䃲	up	石盤	0
䃱	uq	.	0
䃰	ui	石察	0
䃯	ul	.	0
䃮	ud	石達	0
䃭	ug	石感	0
䃬	uw	石嵬	0
䃫	uv	石詹	0
䃪	ud	石亶	0
䃩	un	石農	0
䃨	uq	石强	0
䃧	ul	石隆	0
䃦	ud	石敦	0
䃥	ut	石童	0
䃤	us	石肅	0
䃣	uw	石爲	0
䃢	uq	石欽	0
䃡	uc	.	0
䃠	ux	石旋	0
䃟	us	石散	0
䃞	uu	孰石	0
䃝	uj	石教	0
䃜	uy	.	0
䃛	ul	石連	0
䃚	uz	石族	0
䃙	ul	石鹿	0
䃘	uj	石堅	0
䃗	ub	石剥	0
䃖	uw	石烏	0
䃕	uy	.	0
䃔	ug	石宫	0
䃓	ug	.	0
䃒	ug	石鬲	0
䃑	ub	石般	0
䃐	ut	石突	0
䃏	ux	石星	0
䃎	ui	.	0
䃍	us	.	0
䃌	uy	.	0
䃋	uy	石俞	0
䃊	uj	石苴	0
䃉	uh	.	0
䃈	uj	石皆	0
䃇	ub	石帛	0
䃆	uq	石其	0
䃅	ud	石单	0
䃃	uw	石罔	0
䃂	uk	石昆	0
䃁	uy	石亞	0
䃀	uq	石妻	0
䂿	ud	石沓	0
䂾	ul	石來	0
䂽	uv	石卓	0
䂼	un	石念	0
䂻	ui	石長	0
䂺	ug	石果	0
䂹	uv	石炙	0
䂸	uh	石或	0
䂷	ug	石乖	0
䂶	uj	石劫	0
䂵	ug	石贡	0
䂴	uy	石言	0
䂳	uz	石坐	0
䂲	uj	石劫	0
䂱	ud	石兑	0
䂰	ul	石利	0
䂯	up	.	0
䂮	uq	.	0
䂭	uj	石交	0
䂬	ug	石巩	0
䂫	uj	.	0
䂪	uv	石兆	0
䂩	uy	石因	0
䂨	ui	石斥	0
䂧	ue	石尔	0
䂦	uv	.	0
䂥	um	石民	0
䂤	uf	石付	0
䂣	uc	石此	0
䂢	ud	石冬	0
䂡	uq	石丘	0
䂠	uu	石矢	0
䂟	uj	石加	0
䂞	um	石木	0
䂝	ug	石戈	0
䂜	uf	石丰	0
䂛	uy	石予	0
䂚	ux	.	0
䂙	ue	石阝	0
䂘	ui	石叉	0
䂗	ub	.	0
䂗	uh	.	0
䂖	ud	石丶	0
䂕	uh	.	0
䂔	ux	矢幸	0
䂓	ju	.	0
䂒	uj	矢吉	0
䂑	uc	矢此	0
䂐	ui	矢出	0
䂏	uv	矢召	0
䂎	mz	矛贊	0
䂍	mb	矛暴	0
䂌	mt	矛童	0
䂋	wr	.	0
䂊	mx	矛象	0
䂉	mh	矛侯	0
䂈	mi	矛虫	0
䂇	mi	矛丑	0
䂆	mu	矛勺	0
䂅	om	目蠻	0
䂄	oj	目矍	0
䂃	oj	目爵	0
䂂	oq	目瞿	0
䂁	oi	.	0
䂀	og	.	0
䂀	ox	目羲	0
䁿	om	目默	0
䁾	om	目蔑	0
䁽	ol	.	0
䁼	om	目墨	0
䁻	ol	目樂	0
䁺	og	.	0
䁹	ob	.	0
䁸	on	目農	0
䁷	ox	.	0
䁶	oj	目敫	0
䁵	oq	.	0
䁴	od	目亶	0
䁳	om	目莽	0
䁲	om	目買	0
䁱	oy	目堯	0
䁰	ox	目項	0
䁯	oh	.	0
䁮	oc	.	0
䁭	ob	.	0
䁬	oc	目曾	0
䁫	oh	目黑	0
䁪	ov	目斬	0
䁩	oy	目魚	0
䁨	og	目郭	0
䁧	oh	目𦰩	0
䁦	oc	.	0
䁥	on	目匿	0
䁤	od	.	0
䁣	ov	目專	0
䁢	ox	目旋	0
䁡	ou	目閃	0
䁠	oj	目兼	0
䁟	oi	目差	0
䁞	oa	目丆	0
䁞	ro	人目	0
䁝	oy	.	0
䁜	oh	目晃	0
䁛	og	目鬼	0
䁚	oy	目員	0
䁙	oy	目晏	0
䁘	oy	.	0
䁗	oq	目豈	0
䁖	ol	目娄	0
䁕	oh	.	0
䁔	oy	目爰	0
䁓	oz	.	0
䁒	oj	.	0
䁑	oy	.	0
䁐	oy	目英	0
䁏	oy	目要	0
䁎	ot	目亭	0
䁍	ox	目咸	0
䁌	ow	目胃	0
䁋	oy	.	0
䁊	oo	目目	0
䁉	ho	户目	0
䁉	og	目戈	0
䁈	ho	户目	0
䁈	ow	目攵	0
䁇	of	.	0
䁆	oy	目奄	0
䁅	om	目孟	0
䁄	ox	目幸	0
䁃	ob	目表	0
䁂	oq	.	0
䁁	oj	目京	0
䁀	ov	目折	0
䀿	ov	目折	0
䀾	ou	.	0
䀽	oy	目延	0
䀼	oi	目辰	0
䀻	op	.	0
䀺	oy	目攸	0
䀹	oj	目夾	0
䀸	ov	目折	0
䀷	oj	目劫	0
䀶	ol	目良	0
䀵	oy	目矣	0
䀴	oj	.	0
䀳	ou	目束	0
䀲	om	目每	0
䀱	of	目丰	0
䀰	og	目谷	0
䀯	of	目甫	0
䀮	oh	.	0
䀭	oh	目亥	0
䀬	oq	目全	0
䀫	oh	目合	0
䀪	ox	目行	0
䀩	og	目各	0
䀨	ou	目舌	0
䀧	og	目共	0
䀦	og	目古	0
䀥	ol	目乐	0
䀤	ow	目外	0
䀣	ob	目必	0
䀢	ou	目矢	0
䀡	ov	目占	0
䀠	oo	目目	0
䀟	of	目弗	0
䀞	od	目斗	0
䀝	ob	目比	0
䀜	ow	目勿	0
䀛	ow	目勿	0
䀚	oa	目卬	0
䀙	oq	目切	0
䀘	oj	.	0
䀗	og	目夬	0
䀖	ot	目天	0
䀕	oy	目引	0
䀔	or	目刃	0
䀓	ow	目丸	0
䀒	oq	目千	0
䀑	oi	目叉	0
䀐	op	.	0
䀏	og	目勹	0
䀎	ok	.	0
䀍	mg	皿贛	0
䀌	my	.	0
䀋	mt	.	0
䀊	ml	皿漻	0
䀉	mq	皿喬	0
䀈	mj	皿既	0
䀇	mf	皿缶	0
䀆	mm	皿灭	0
䀆	ym	肀皿	0
䀅	mu	皿社	0
䀄	bm	.	0
䀄	mf	.	0
䀃	mu	皿豕	0
䀂	ma	皿安	0
䀁	my	皿有	0
䀀	mf	皿氾	0
㿿	mp	皿疋	0
㿾	mv	.	0
㿽	mx	皿兮	0
㿼	mj	.	0
㿻	mg	皿干	0
㿺	pb	皮暴	0
㿹	pd	皮達	0
㿸	pm	皮曼	0
㿷	pi	皮差	0
㿶	pp	旁皮	0
㿵	pr	.	0
㿴	pd	皮耷	0
㿳	pz	皮甾	0
㿲	pq	皮奇	0
㿱	pv	皮折	0
㿰	pj	皮交	0
㿯	ph	皮合	0
㿮	py	皮央	0
㿭	pi	皮斥	0
㿬	pb	皮巴	0
㿫	pb	皮比	0
㿪	pw	皮丸	0
㿩	bd	白黨	0
㿨	bl	白歷	0
㿧	bu	白壽	0
㿦	bk	.	0
㿥	bh	白隺	0
㿤	bi	白春	0
㿣	bh	白曷	0
㿢	bm	白明	0
㿡	bv	白兆	0
㿠	bg	白光	0
㿟	bb	白白	0
㿞	bm	白毛	0
㿝	bs	白厶	0
㿜	by	疒龠	0
㿛	bl	疒麗	0
㿚	bl	疒羅	0
㿙	bb	.	0
㿘	by	疒營	0
㿗	bt	.	0
㿖	bl	疒盧	0
㿕	by	疒閻	0
㿔	bl	.	0
㿓	bz	疒足	0
㿒	bu	疒壽	0
㿑	bv	.	0
㿐	bz	.	0
㿏	bq	疒羣	0
㿎	bp	.	0
㿍	bj	疒解	0
㿌	bj	.	0
㿋	bc	.	0
㿊	bc	.	0
㿉	bg	疒貴	0
㿈	bv	疒隹	0
㿇	bx	疒習	0
㿆	by	疒衣	0
㿅	bx	疒徙	0
㿄	by	.	0
㿃	bd	疒帶	0
㿂	bw	疒攵	0
㿁	bg	疒皋	0
㿀	bb	疒班	0
㾿	bl	疒郎	0
㾾	bj	疒兼	0
㾽	bv	疒追	0
㾼	bt	疒退	0
㾻	bi	疒除	0
㾺	bm	疒馬	0
㾹	bi	疒柴	0
㾸	bg	疒高	0
㾷	bs	疒虒	0
㾶	bg	疒骨	0
㾵	bj	疒計	0
㾴	bi	疒查	0
㾳	bz	疒姿	0
㾲	ba	疒敖	0
㾱	bf	.	0
㾰	bh	疒胡	0
㾯	bw	疒畏	0
㾮	bh	疒皇	0
㾭	bq	疒秋	0
㾬	bj	疒皆	0
㾫	bb	疒扁	0
㾪	bu	疒省	0
㾩	bg	疒乖	0
㾨	bq	疒奇	0
㾧	bg	疒果	0
㾦	bp	.	0
㾥	bu	疒叔	0
㾤	bk	疒空	0
㾣	bj	疒金	0
㾢	bl	疒來	0
㾡	bq	疒却	0
㾠	bk	疒狂	0
㾟	bb	疒步	0
㾞	by	疒酉	0
㾝	bi	疒車	0
㾜	bj	疒夾	0
㾛	bj	.	0
㾚	bx	疒些	0
㾙	bx	疒希	0
㾘	bg	疒更	0
㾗	bl	疒良	0
㾖	bl	疒里	0
㾕	bx	疒辛	0
㾔	bl	疒吕	0
㾓	by	.	0
㾒	br	疒如	0
㾑	bh	疒合	0
㾐	bl	疒列	0
㾏	bg	疒圭	0
㾎	ba	疒凹	0
㾍	be	疒而	0
㾌	bx	疒先	0
㾋	bx	疒休	0
㾊	bc	.	0
㾉	bl	疒令	0
㾈	bf	疒付	0
㾇	bo	疒目	0
㾆	br	疒冉	0
㾅	bz	.	0
㾄	by	疒由	0
㾃	bt	疒它	0
㾂	bt	疒台	0
㾁	bv	.	0
㾀	bq	疒去	0
㽿	bg	疒瓜	0
㽾	bi	疒出	0
㽽	bg	疒古	0
㽼	by	疒引	0
㽻	bv	疒支	0
㽺	bj	疒及	0
㽹	bf	疒反	0
㽸	by	.	0
㽷	bu	疒水	0
㽶	bj	疒己	0
㽵	bt	疒土	0
㽴	bv	疒丈	0
㽳	by	疒于	0
㽲	bk	.	0
㽱	bj	疒丩	0
㽰	pp	疋朋	0
㽯	ts	.	0
㽮	lu	.	0
㽮	tu	田生	0
㽮	ul	.	0
㽮	ut	.	0
㽭	tx	田需	0
㽬	ff	.	0
㽫	ty	田雍	0
㽪	tc	田曾	0
㽩	tc	田參	0
㽨	ti	田差	0
㽧	tz	田兹	0
㽦	ty	.	0
㽥	tr	田柔	0
㽤	tj	.	0
㽣	th	田或	0
㽢	ty	田奄	0
㽡	tb	田卑	0
㽠	tj	田夾	0
㽟	tl	.	0
㽞	tl	.	0
㽝	tl	田列	0
㽜	ty	.	0
㽛	tj	田句	0
㽚	tn	田牛	0
㽙	ty	田允	0
㽘	tk	田亢	0
㽗	tr	田人	0
㽖	tl	田力	0
㽕	yh	.	0
㽔	yu	业生	0
㽓	uu	生甡	0
㽒	nu	男生	0
㽑	gq	.	0
㽐	gj	甘兼	0
㽏	gq	甘洽	0
㽎	uy	.	0
㽍	wg	瓦甘	0
㽌	wl	瓦留	0
㽋	wl	.	0
㽊	wx	瓦燮	0
㽉	iw	臣瓦	0
㽉	ws	瓦罒	0
㽈	wy	瓦疑	0
㽇	wx	.	0
㽆	wd	瓦當	0
㽅	wd	瓦登	0
㽄	ws	瓦斯	0
㽃	wf	瓦番	0
㽂	wh	.	0
㽁	wl	.	0
㽀	wd	瓦奠	0
㼿	wt	瓦童	0
㼾	wl	瓦鹿	0
㼽	wu	瓦爽	0
㼼	wp	瓦票	0
㼻	wc	瓦從	0
㼺	wt	瓦唐	0
㼹	wh	瓦荒	0
㼸	wr	瓦容	0
㼷	wd	瓦耑	0
㼶	wy	瓦俞	0
㼵	wu	瓦是	0
㼴	wo	.	0
㼳	wu	瓦省	0
㼲	wr	.	0
㼱	wb	.	0
㼰	wb	瓦卑	0
㼯	wd	瓦東	0
㼮	wq	瓦妻	0
㼭	wd	瓦坫	0
㼬	wx	瓦幸	0
㼫	wg	瓦果	0
㼪	wj	瓦夾	0
㼩	wi	瓦成	0
㼨	wh	瓦含	0
㼧	wy	瓦甬	0
㼦	wg	瓦巩	0
㼥	wk	瓦考	0
㼤	wq	.	0
㼣	wb	瓦百	0
㼢	iw	臣瓦	0
㼢	wi	瓦臣	0
㼡	wv	瓦朱	0
㼠	wt	瓦它	0
㼟	wb	瓦白	0
㼞	wp	瓦平	0
㼝	wy	.	0
㼜	wy	瓦央	0
㼛	wj	.	0
㼚	wk	瓦亢	0
㼙	wj	瓦巾	0
㼘	wu	瓦山	0
㼗	wd	瓦丁	0
㼖	gl	瓜蠡	0
㼕	gd	瓜當	0
㼔	gw	.	0
㼓	gj	瓜兼	0
㼒	gy	.	0
㼑	gj	瓜柬	0
㼐	gb	瓜扁	0
㼏	gt	瓜妥	0
㼎	gj	瓜交	0
㼍	gl	瓜耒	0
㼌	gg	瓜瓜	0
㼋	gg	古瓜	0
㼊	gt	瓜屯	0
㼉	gy	.	0
㼈	wl	王羅	0
㼇	ws	.	0
㼆	wy	王瑩	0
㼅	wg	王廣	0
㼄	wj	王畿	0
㼃	wl	.	0
㼂	yy	.	0
㼁	wy	王義	0
㼀	wd	王達	0
㻿	wu	王蜀	0
㻾	yy	雍玉	0
㻽	wj	王雋	0
㻼	wt	王覃	0
㻻	wd	王敦	0
㻺	ly	.	0
㻹	uy	石玉	0
㻸	wc	.	0
㻷	wj	王棘	0
㻶	wb	王筆	0
㻵	wc	王孱	0
㻴	wm	王曼	0
㻳	wl	王莉	0
㻲	wl	王婁	0
㻱	wf	王逢	0
㻰	wh	王彗	0
㻯	wh	王乎	0
㻮	wj	王祭	0
㻭	wl	王率	0
㻬	wy	王雩	0
㻫	wb	王畢	0
㻪	wj	王隽	0
㻩	wj	王兼	0
㻨	yi	.	0
㻧	wj	王桀	0
㻥	wq	王酋	0
㻤	wg	王苟	0
㻣	wu	王甚	0
㻢	wu	王施	0
㻡	wy	.	0
㻠	wt	王突	0
㻟	wo	王月	0
㻞	wb	王扁	0
㻝	wl	王剌	0
㻜	wv	.	0
㻛	wy	王易	0
㻚	wp	王朋	0
㻙	wy	王育	0
㻘	wu	王审	0
㻗	yf	.	0
㻖	wd	.	0
㻕	wq	王屈	0
㻔	wi	王垂	0
㻓	wq	王取	0
㻒	wj	.	0
㻑	wj	王季	0
㻐	wj	.	0
㻏	wl	王灵	0
㻎	dj	.	0
㻍	ww	王吴	0
㻌	wy	王余	0
㻋	wu	王束	0
㻊	wm	王免	0
㻉	wb	王步	0
㻈	wh	王后	0
㻇	wq	王全	0
㻆	wo	王月	0
㻅	wh	王会	0
㻄	wd	.	0
㻃	qy	曲玉	0
㻂	wb	王并	0
㻁	wh	王回	0
㻀	wy	王臾	0
㺿	wi	王臣	0
㺾	wk	王口	0
㺽	wp	王丕	0
㺼	wp	王疋	0
㺻	wf	.	0
㺺	wo	王目	0
㺹	wb	王弁	0
㺸	fy	.	0
㺷	wv	.	0
㺶	wd	王斗	0
㺵	wq	王欠	0
㺴	wq	王犬	0
㺳	ww	.	0
㺲	wi	王丑	0
㺱	ry	仍玉	0
㺰	wb	.	0
㺯	wd	王大	0
㺮	wx	.	0
㺭	wz	王子	0
㺬	wf	王凡	0
㺫	wd	王刂	0
㺪	wb	王卜	0
㺩	wj	王丩	0
㺨	ws	王厶	0
㺧	qx	犭囂	0
㺦	ql	犭聯	0
㺥	qi	.	0
㺤	qq	.	0
㺣	qx	犭戲	0
㺢	qh	犭霍	0
㺡	ql	犭歷	0
㺠	qy	犭窳	0
㺟	qv	.	0
㺞	qy	犭與	0
㺝	qj	犭監	0
㺜	qn	犭農	0
㺛	qv	.	0
㺚	qd	犭達	0
㺙	qu	.	0
㺘	qj	犭焦	0
㺗	qd	犭單	0
㺖	qg	犭敢	0
㺕	qf	犭番	0
㺔	qw	犭爲	0
㺓	qz	犭責	0
㺒	ql	.	0
㺑	qc	犭參	0
㺐	qi	犭巢	0
㺏	ql	犭婁	0
㺎	qy	犭庸	0
㺍	qb	犭宾	0
㺌	qj	犭兼	0
㺋	qw	犭翁	0
㺊	qy	犭恙	0
㺉	uq	.	0
㺈	qi	犭蚩	0
㺇	qq	犭犬	0
㺅	qh	.	0
㺄	qy	犭俞	0
㺃	qg	犭苟	0
㺂	qx	犭咸	0
㺁	qn	.	0
㺀	qh	犭忽	0
㹿	qv	犭卓	0
㹾	qj	犭咎	0
㹽	qj	犭戔	0
㹼	qj	.	0
㹻	qw	犭委	0
㹺	qt	.	0
㹹	qg	犭庚	0
㹸	qm	.	0
㹷	qx	犬希	0
㹶	qt	犭廷	0
㹵	qj	.	0
㹴	qg	犭更	0
㹳	qw	犭吾	0
㹲	qx	犭孝	0
㹱	qz	犭足	0
㹯	qx	犭休	0
㹮	qb	犭百	0
㹭	qy	犭曳	0
㹬	ql	犭吏	0
㹫	qy	犭夷	0
㹪	qc	犭册	0
㹩	qu	犭圣	0
㹨	qy	犭由	0
㹧	qy	犭央	0
㹦	qv	犭召	0
㹥	qv	犭主	0
㹤	qq	犭去	0
㹣	qd	犭冬	0
㹢	qj	犭加	0
㹡	qx	犭玄	0
㹠	qt	犭屯	0
㹟	qg	犭夬	0
㹞	qj	犭斤	0
㹝	qu	犭氏	0
㹜	qq	犬犬	0
㹛	nn	.	0
㹚	ny	牛營	0
㹙	ny	.	0
㹘	nx	牛需	0
㹗	nu	牛壽	0
㹖	nh	牛豢	0
㹕	nw	牛頑	0
㹔	nj	.	0
㹓	ny	牛堯	0
㹒	np	.	0
㹑	ne	牛貳	0
㹐	nc	牛從	0
㹏	nj	牛堇	0
㹎	nl	牛累	0
㹍	nd	.	0
㹌	ni	.	0
㹋	nx	牛修	0
㹊	nh	牛隺	0
㹉	ny	牛原	0
㹈	nw	牛攵	0
㹇	nh	牛曷	0
㹆	nj	牛軍	0
㹅	nc	.	0
㹄	nc	.	0
㹃	nf	牛非	0
㹂	nq	.	0
㹁	nj	牛京	0
㹀	nb	牛孛	0
㸿	nm	.	0
㸾	nr	牛忍	0
㸽	nb	牛貝	0
㸼	nf	牛丰	0
㸻	ny	牛矣	0
㸺	nu	牛沙	0
㸹	nl	.	0
㸸	nh	牛后	0
㸷	nq	.	0
㸶	ny	牛因	0
㸵	nj	牛吉	0
㸳	nl	牛令	0
㸲	nv	牛乍	0
㸱	nt	.	0
㸰	nt	牛它	0
㸯	nd	牛斗	0
㸮	nf	牛分	0
㸭	nb	牛巴	0
㸬	nu	.	0
㸫	nj	牛斤	0
㸪	ni	牛川	0
㸩	ng	牛干	0
㸨	nj	牛丩	0
㸧	yg	牙艮	0
㸦	ad	.	0
㸥	pi	.	0
㸤	px	片辛	0
㸣	py	片業	0
㸢	py	片用	0
㸡	pv	片朱	0
㸠	pv	片兆	0
㸟	pv	片旨	0
㸞	pp	片片	0
㸝	pq	片欠	0
㸜	pk	爿空	0
㸛	pv	爿召	0
㸚	xx	.	0
㸙	fv	父者	0
㸘	ft	.	0
㸗	ft	父同	0
㸖	fq	父且	0
㸕	vv	.	0
㸔	oh	.	0
㸓	vo	爫日	0
㸒	vr	爫壬	0
㸑	xf	.	0
㸐	nh	難灬	0
㸏	hm	火靡	0
㸎	hn	火聶	0
㸍	hx	火戲	0
㸌	hh	火霍	0
㸋	vf	炙番	0
㸊	hl	火賴	0
㸉	hh	火火	0
㸈	hv	火隹	0
㸇	hz	.	0
㸆	hk	火靠	0
㸅	hj	火節	0
㸄	hq	火齊	0
㸃	hv	黑占	0
㸂	hs	火遂	0
㸁	hy	火業	0
㸀	hi	.	0
㷿	hj	.	0
㷾	hj	.	0
㷽	hu	火善	0
㷼	hc	.	0
㷻	hw	火無	0
㷺	hw	火攵	0
㷹	hv	火䓬	0
㷸	ha	火𬀽	0
㷷	hs	.	0
㷶	bh	備灬	0
㷵	hh	火黑	0
㷴	hl	.	0
㷳	hy	火雁	0
㷲	hd	火動	0
㷱	hq	.	0
㷰	hi	.	0
㷯	hf	火奉	0
㷮	hc	火曹	0
㷭	hf	火逢	0
㷬	hm	火莫	0
㷫	hk	.	0
㷪	hj	火隽	0
㷩	hx	.	0
㷨	hf	火峯	0
㷧	hy	火原	0
㷦	gh	耿灬	0
㷥	yi	炎丞	0
㷤	uh	.	0
㷣	hn	火牛	0
㷢	hi	火差	0
㷡	hj	火巨	0
㷠	yi	炎舛	0
㷟	hv	火追	0
㷞	hh	火厚	0
㷜	hy	火奕	0
㷛	bh	保灬	0
㷚	ht	火亭	0
㷙	hq	火前	0
㷘	hx	火枲	0
㷗	hs	火巳	0
㷖	gv	.	0
㷕	hq	火酋	0
㷔	hj	火臼	0
㷓	hc	.	0
㷒	ho	.	0
㷑	ht	火土	0
㷐	ht	火土	0
㷏	hh	禾火	0
㷏	hw	火午	0
㷎	hh	火曷	0
㷍	hl	火侖	0
㷌	hj	.	0
㷋	hy	火炎	0
㷊	lh	林灬	0
㷉	ch	.	0
㷈	hy	火奄	0
㷇	dh	多灰	0
㷆	hb	.	0
㷅	hq	火取	0
㷄	hg	火果	0
㷃	hi	火長	0
㷂	hq	.	0
㷀	hu	火十	0
㶿	hb	火孛	0
㶾	xm	覀灭	0
㶽	hg	火呙	0
㶼	hy	火矣	0
㶻	hf	.	0
㶺	ht	火吞	0
㶹	hg	火汞	0
㶸	hx	.	0
㶷	hx	火旬	0
㶶	hn	火农	0
㶵	rh	任灬	0
㶴	hd	火多	0
㶳	hy	火聿	0
㶳	yh	聿火	0
㶲	hy	火用	0
㶰	hg	火甘	0
㶯	hm	火卯	0
㶮	hb	火丙	0
㶭	hy	火幼	0
㶬	hm	火末	0
㶫	dh	大火	0
㶫	hb	火丷	0
㶪	hb	火不	0
㶩	hg	.	0
㶨	hb	.	0
㶧	hn	火内	0
㶦	hy	火予	0
㶥	hg	火干	0
㶤	hx	火夕	0
㶣	hg	火干	0
㶢	hj	火九	0
㶡	hj	火几	0
㶡	jh	几火	0
㶠	dy	氵驛	0
㶟	dl	.	0
㶞	dn	氵曩	0
㶝	dy	氵應	0
㶜	dd	氵刂	0
㶛	dy	氵與	0
㶚	db	.	0
㶙	du	氵生	0
㶘	dd	氵簟	0
㶗	fq	.	0
㶖	du	.	0
㶕	dj	氵簡	0
㶔	db	.	0
㶓	dc	氵藏	0
㶒	di	氵闖	0
㶑	dl	.	0
㶐	dy	氵應	0
㶏	dy	氵隱	0
㶎	dh	氵還	0
㶍	dx	氵鮮	0
㶌	dl	氵聯	0
㶋	du	氵生	0
㶊	dy	氵頁	0
㶉	dn	.	0
㶈	dy	氵螢	0
㶇	dh	氵横	0
㶆	dv	氵諸	0
㶅	dx	氵學	0
㶄	dy	氵閻	0
㶃	dw	氵潕	0
㶂	dh	氵潢	0
㶁	dg	氵虢	0
㶀	dj	氵膠	0
㵿	dj	.	0
㵾	dl	.	0
㵽	dl	.	0
㵼	dx	氵舄	0
㵻	du	.	0
㵺	db	氵卑	0
㵹	dm	.	0
㵸	dc	氵艹	0
㵷	dx	氵辛	0
㵶	dj	氵截	0
㵵	dj	氵聚	0
㵴	dz	氵臧	0
㵳	dl	氵寥	0
㵲	dw	氵舞	0
㵱	pc	漂寸	0
㵰	dy	氵與	0
㵯	df	氵鳳	0
㵮	de	.	0
㵭	dv	氵煮	0
㵬	dy	氵盈	0
㵫	dn	.	0
㵪	dx	氵羡	0
㵪	dy	.	0
㵩	dy	氵葉	0
㵨	ub	.	0
㵧	dg	氵葛	0
㵦	ds	.	0
㵥	dm	氵皿	0
㵤	dj	氵夾	0
㵣	dx	氵歇	0
㵢	dl	氵雷	0
㵡	db	氵雹	0
㵠	dk	氵窟	0
㵟	dw	氵微	0
㵞	di	氵愁	0
㵝	dy	氵裔	0
㵜	dn	氵南	0
㵚	dj	氵金	0
㵙	dx	氵喜	0
㵘	uu	水水	0
㵗	uf	水馮	0
㵖	dx	氵絮	0
㵕	dc	.	0
㵔	du	氵奢	0
㵓	du	氵是	0
㵒	df	氵費	0
㵑	dh	氵賀	0
㵐	dj	氵厥	0
㵏	dc	氵萃	0
㵎	dx	氵閒	0
㵍	dm	氵悶	0
㵌	dx	氵循	0
㵋	dm	氵買	0
㵊	dz	氵最	0
㵉	dl	氵淋	0
㵈	dg	氵姑	0
㵇	dt	氵甜	0
㵆	dh	.	0
㵅	dt	氵貪	0
㵄	dt	.	0
㵄	dw	氵吴	0
㵃	du	氵蛇	0
㵂	du	氵庶	0
㵁	di	.	0
㵀	dz	氵族	0
㴿	dd	氵頂	0
㴾	db	.	0
㴽	dx	氵悉	0
㴼	ds	氵宿	0
㴻	dc	氵寸	0
㴺	dj	氵浹	0
㴹	dm	氵迷	0
㴸	du	氵閃	0
㴷	dd	氵耽	0
㴶	dh	氵隺	0
㴵	dm	氵皿	0
㴴	dh	氵火	0
㴳	dm	氵尨	0
㴲	ds	氵虒	0
㴱	dd	.	0
㴰	dn	氵能	0
㴯	dv	氵脂	0
㴮	dx	氵屑	0
㴭	dy	氵窅	0
㴬	du	氵射	0
㴫	dj	氵郡	0
㴪	dg	.	0
㴩	dy	氵邕	0
㴨	dv	氵朕	0
㴧	dx	氵息	0
㴦	dg	氵宫	0
㴥	dq	氵峭	0
㴤	dv	氵柱	0
㴣	dy	氵夷	0
㴢	dv	氵仲	0
㴠	dk	.	0
㴟	dh	氵厚	0
㴞	dj	氵臼	0
㴝	lt	.	0
㴜	db	氵扁	0
㴛	dv	氵致	0
㴚	ds	.	0
㴙	di	.	0
㴘	dm	氵冒	0
㴗	dy	氵要	0
㴖	dg	氵革	0
㴕	dh	氵禾	0
㴔	dj	氵急	0
㴓	ds	氵思	0
㴒	dy	氵弈	0
㴑	di	.	0
㴐	dm	氵眄	0
㴏	dw	氵王	0
㴎	dn	氵奈	0
㴌	dg	氵姑	0
㴋	ds	氵肃	0
㴊	dd	氵刂	0
㴉	dj	.	0
㴈	dy	氵岳	0
㴇	uu	水水	0
㴆	dv	氵帚	0
㴅	uj	.	0
㴄	dj	.	0
㴄	dy	.	0
㴃	du	.	0
㴂	jr	江冉	0
㴁	dj	氵井	0
㴀	df	氵乏	0
㳿	dm	氵木	0
㳾	dq	氵羌	0
㳽	dm	氵弥	0
㳼	uh	水或	0
㳻	dx	氵昔	0
㳺	dz	氵子	0
㳹	dw	氵枉	0
㳸	dh	氵花	0
㳷	dh	.	0
㳶	dr	氵乳	0
㳵	dj	氵季	0
㳴	dm	.	0
㳳	dk	氵克	0
㳲	dt	氵汰	0
㳱	dy	氵阳	0
㳰	dq	氵弃	0
㳯	dx	氵辛	0
㳮	dn	氵尿	0
㳭	dd	氵呆	0
㳬	dp	氵疋	0
㳫	uj	水臼	0
㳪	df	氵否	0
㳩	jd	江丹	0
㳨	dy	.	0
㳧	dv	.	0
㳦	dj	氵戒	0
㳥	dn	氵弄	0
㳤	dd	氵丶	0
㳣	dl	氵老	0
㳢	dq	氵乔	0
㳡	dg	氵过	0
㳠	dd	氵达	0
㳟	ug	水共	0
㳞	dv	氵仲	0
㳝	dr	氵任	0
㳜	dx	氵休	0
㳛	dy	氵臾	0
㳚	du	氵戍	0
㳙	dy	.	0
㳘	di	氵充	0
㳗	dt	氵土	0
㳖	dy	氵衣	0
㳕	dl	氵兰	0
㳔	dd	氵对	0
㳓	dy	氵右	0
㳒	dq	.	0
㳑	dm	氵皿	0
㳐	dv	氵札	0
㳏	du	氵史	0
㳎	db	氵弁	0
㳍	db	氵布	0
㳌	dj	氵甲	0
㳋	dq	氵丘	0
㳊	dw	氵攵	0
㳉	do	氵月	0
㳈	dp	.	0
㳇	df	氵父	0
㳆	dd	氵斗	0
㳅	db	氵不	0
㳄	dq	氵欠	0
㳃	dc	.	0
㳂	dg	氵公	0
㳁	dz	氵仄	0
㳀	dg	氵戈	0
㲿	dy	.	0
㲾	ub	水宀	0
㲽	dr	氵刃	0
㲼	da	.	0
㲻	ur	水亻	0
㲺	dq	氵七	0
㲹	dj	氵几	0
㲸	dy	氵乙	0
㲷	qd	气單	0
㲶	ql	.	0
㲵	qx	气肖	0
㲴	qv	气中	0
㲳	du	氐失	0
㲲	md	毛疊	0
㲱	ml	.	0
㲰	mn	毛寧	0
㲯	mj	毛監	0
㲮	md	毛答	0
㲭	my	毛焱	0
㲬	mj	毛焦	0
㲫	mp	.	0
㲪	md	毛登	0
㲩	mt	.	0
㲨	mr	毛茸	0
㲧	mz	毛蚤	0
㲦	mr	毛人	0
㲦	um	十毛	0
㲥	mt	毛唐	0
㲤	mu	毛衰	0
㲣	sm	叟毛	0
㲢	mb	毛扁	0
㲡	mn	毛柰	0
㲠	mw	毛攵	0
㲟	my	毛英	0
㲞	mz	毛卒	0
㲝	mv	毛隹	0
㲜	my	毛炎	0
㲛	mv	毛知	0
㲚	mu	毛沙	0
㲙	mi	.	0
㲘	mb	毛貝	0
㲗	mf	毛孚	0
㲖	mx	毛肖	0
㲕	ml	.	0
㲔	mx	毛辛	0
㲓	mu	毛戍	0
㲒	mj	毛句	0
㲑	mu	毛水	0
㲐	mj	毛今	0
㲏	mp	毛片	0
㲎	mm	毛毛	0
㲍	mv	毛支	0
㲌	mn	毛乃	0
㲋	db	.	0
㲊	ru	睿殳	0
㲊	ur	殳睿	0
㲉	uu	.	0
㲈	kv	.	0
㲇	ud	声冬	0
㲆	kl	.	0
㲅	uh	殳害	0
㲄	uu	.	0
㲃	bu	卜殳	0
㲃	ub	殳匕	0
㲂	uu	殳尚	0
㲁	uk	殳空	0
㲀	ui	殳辰	0
㱿	uq	.	0
㱿	uu	.	0
㱾	uh	殳亥	0
㱽	uy	.	0
㱼	us	殳巳	0
㱻	dl	歹羸	0
㱺	dl	歹盧	0
㱹	dl	歹歷	0
㱸	db	.	0
㱷	dj	歹集	0
㱶	dp	歹彭	0
㱵	dp	.	0
㱴	dz	歹責	0
㱳	dm	歹莫	0
㱲	dy	歹益	0
㱱	dg	歹鬼	0
㱰	dz	歹宰	0
㱯	dq	歹豈	0
㱮	dg	歹贵	0
㱭	dd	歹段	0
㱬	dw	歹畏	0
㱫	dj	歹柬	0
㱪	dh	.	0
㱩	dm	歹卖	0
㱨	dd	歹定	0
㱧	dw	歹宛	0
㱦	dq	歹奇	0
㱥	dl	.	0
㱤	dx	歹析	0
㱣	dt	歹妥	0
㱢	dl	歹良	0
㱡	dx	歹先	0
㱠	dg	歹古	0
㱟	dp	歹皮	0
㱞	dl	歹立	0
㱝	sl	死力	0
㱜	db	歹卜	0
㱛	dd	歹歹	0
㱚	do	歹月	0
㱙	dk	.	0
㱘	vy	止厭	0
㱗	vi	止臭	0
㱖	vz	止卒	0
㱕	vj	.	0
㱔	cx	此夕	0
㱓	vl	止令	0
㱒	vk	止可	0
㱑	vx	止夕	0
㱐	ad	.	0
㱏	av	.	0
㱎	qs	.	0
㱎	qt	.	0
㱍	ql	.	0
㱌	qn	欠聶	0
㱋	qh	欠霍	0
㱊	qy	欠憂	0
㱉	qy	欠業	0
㱈	qj	欠禁	0
㱇	qs	欠嗇	0
㱆	qx	.	0
㱅	qy	欠壹	0
㱄	qh	欠黑	0
㱃	qy	欠酉	0
㱂	qk	欠康	0
㱁	qs	欠祟	0
㱀	qi	欠芻	0
㰿	qx	欠奚	0
㰾	qb	.	0
㰽	qy	.	0
㰼	qq	.	0
㰻	qv	.	0
㰺	qj	欠叚	0
㰹	qx	欠咸	0
㰸	qj	.	0
㰸	rq	人欠	0
㰷	qs	欠死	0
㰶	qj	欠咎	0
㰵	qz	欠卒	0
㰴	qp	.	0
㰳	qy	欠亞	0
㰲	qh	欠或	0
㰱	qj	欠臼	0
㰱	qq	千欠	0
㰰	qj	欠夾	0
㰯	qd	欠豆	0
㰮	qi	欠辰	0
㰭	qk	欠夸	0
㰬	qx	欠旬	0
㰫	qx	欠先	0
㰪	qg	欠圭	0
㰩	qi	欠虫	0
㰨	qv	欠只	0
㰧	qt	欠台	0
㰦	qq	去欠	0
㰥	qu	欠世	0
㰤	qk	欠可	0
㰣	qc	欠此	0
㰢	qj	.	0
㰡	qj	欠介	0
㰠	qk	欠亢	0
㰟	qq	欠气	0
㰞	qu	欠山	0
㰝	qs	欠巳	0
㰜	md	木顛	0
㰛	my	木藥	0
㰚	ml	木離	0
㰙	mn	木難	0
㰘	my	木彝	0
㰗	mc	木蹙	0
㰖	ml	.	0
㰕	mx	木羲	0
㰔	mx	木燮	0
㰓	mx	.	0
㰒	mx	木學	0
㰑	mr	.	0
㰐	ms	木隨	0
㰏	mg	木篙	0
㰎	ms	.	0
㰍	ml	木龍	0
㰌	mh	木霍	0
㰋	mp	木頻	0
㰊	mx	.	0
㰉	mv	木臻	0
㰈	ll	林連	0
㰇	mg	.	0
㰆	ma	.	0
㰅	mu	木適	0
㰄	mj	木賤	0
㰃	mx	木系	0
㰂	mu	木審	0
㰁	ml	木磊	0
㰀	ml	木黎	0
㯿	ml	.	0
㯾	mz	木遭	0
㯽	mb	木賓	0
㯼	mg	木蓋	0
㯻	mu	木豕	0
㯻	um	十木	0
㯺	im	臣木	0
㯺	ms	木罒	0
㯹	bc	標寸	0
㯸	mj	木盡	0
㯷	mp	木僕	0
㯶	mz	.	0
㯵	md	木董	0
㯴	mr	木蓉	0
㯳	mj	木敬	0
㯲	mj	木禁	0
㯱	mf	木缶	0
㯱	um	十木	0
㯰	mv	木置	0
㯯	mb	木貝	0
㯯	mg	.	0
㯮	mu	木蜀	0
㯭	ml	木虜	0
㯬	lj	林建	0
㯫	mj	.	0
㯪	ml	木零	0
㯩	sy	桑夷	0
㯨	ms	木粟	0
㯧	mi	木超	0
㯦	mj	.	0
㯥	dd	東東	0
㯤	ll	來來	0
㯣	mf	木棻	0
㯢	ms	.	0
㯡	qb	.	0
㯠	mq	木牽	0
㯟	ll	林录	0
㯞	mj	木絹	0
㯝	ml	木路	0
㯜	mc	木萃	0
㯛	mh	木壺	0
㯚	md	木答	0
㯙	mw	木攵	0
㯘	mk	木款	0
㯗	mx	.	0
㯖	mx	木心	0
㯕	ms	木斯	0
㯔	mc	木毳	0
㯓	mh	.	0
㯒	mm	木覓	0
㯐	ms	木隋	0
㯏	mk	.	0
㯎	mm	木木	0
㯍	mj	木將	0
㯌	mv	木逐	0
㯋	ym	.	0
㯊	my	木焉	0
㯉	mh	木乎	0
㯈	ms	木速	0
㯇	mf	.	0
㯆	mi	.	0
㯅	mb	木庳	0
㯄	lv	.	0
㯃	mu	木氺	0
㯂	md	木帶	0
㯁	mp	木陪	0
㯀	mx	木旋	0
㮿	mb	木畢	0
㮾	ml	木朗	0
㮽	mb	木般	0
㮼	mu	木扇	0
㮻	mz	木蚤	0
㮺	bl	.	0
㮹	mv	木致	0
㮸	ms	木送	0
㮷	mv	木旨	0
㮶	mu	木朔	0
㮵	md	.	0
㮴	ms	木叟	0
㮳	mv	木朕	0
㮲	mi	木芻	0
㮱	mx	木先	0
㮰	mp	.	0
㮯	mh	.	0
㮮	mq	木挈	0
㮭	mh	.	0
㮬	mw	木翁	0
㮫	mh	木害	0
㮪	mq	.	0
㮩	mx	木息	0
㮨	mc	.	0
㮧	mw	木烏	0
㮦	ms	木索	0
㮥	mb	木畚	0
㮤	mr	木容	0
㮣	mj	木既	0
㮢	mh	木侯	0
㮡	mj	木炬	0
㮠	mr	木荣	0
㮟	mv	木柘	0
㮞	mz	木咨	0
㮝	mq	.	0
㮜	mc	.	0
㮛	mu	木是	0
㮚	mt	.	0
㮙	me	.	0
㮘	mw	木攵	0
㮗	mj	木矜	0
㮖	mg	木革	0
㮕	mr	.	0
㮔	mv	木重	0
㮓	mh	木恆	0
㮒	my	.	0
㮑	mi	.	0
㮐	mu	木省	0
㮏	mn	木柰	0
㮎	mm	木皿	0
㮍	mq	木前	0
㮌	mm	木面	0
㮋	my	木郁	0
㮊	mm	.	0
㮉	mx	木侠	0
㮈	mn	木奈	0
㮇	mt	木忝	0
㮆	my	木羊	0
㮅	mv	木隹	0
㮄	mp	.	0
㮃	mw	木委	0
㮂	jm	具木	0
㮂	mj	木具	0
㮁	my	木肴	0
㮀	mh	木函	0
㭿	ma	木昂	0
㭾	mq	木屈	0
㭽	md	木底	0
㭼	mt	.	0
㭻	mu	木尚	0
㭺	my	木奄	0
㭹	mx	木弦	0
㭸	md	.	0
㭸	mt	木兔	0
㭶	mf	木芳	0
㭴	mj	木坚	0
㭳	mx	木孝	0
㭲	mg	木谷	0
㭲	mk	.	0
㭱	mx	木匣	0
㭰	cc	.	0
㭯	mv	.	0
㭮	my	.	0
㭭	mb	木别	0
㭬	mu	木豕	0
㭫	mz	木坐	0
㭪	mf	木甫	0
㭩	ml	.	0
㭨	mx	木邪	0
㭧	mv	木舟	0
㭦	mv	木宅	0
㭥	mf	木负	0
㭤	mn	木鸟	0
㭣	mw	木问	0
㭢	mx	木刑	0
㭡	mx	木囟	0
㭠	mx	木先	0
㭟	mg	木共	0
㭞	ml	木劣	0
㭝	lj	林九	0
㭜	mr	木戎	0
㭛	mp	.	0
㭚	mp	.	0
㭙	ms	木寺	0
㭘	mh	木合	0
㭗	mm	木皿	0
㭖	md	木代	0
㭕	mq	木去	0
㭔	mh	木乎	0
㭓	mb	木弁	0
㭒	mv	.	0
㭑	mw	木未	0
㭏	mw	木韦	0
㭎	mg	木冈	0
㭍	mq	木七	0
㭌	mn	木牛	0
㭋	mf	木丰	0
㭊	mp	木片	0
㭉	mc	木艹	0
㭈	mg	木夬	0
㭇	my	木允	0
㭅	ms	木三	0
㭄	mx	.	0
㭃	my	木幺	0
㭂	mx	木小	0
㭁	mn	木乃	0
㭀	ow	.	0
㬿	od	月敦	0
㬾	ou	月殳	0
㬽	ok	.	0
㬼	yf	有复	0
㬻	oh	月荒	0
㬹	ov	月争	0
㬸	oh	月花	0
㬷	ok	月困	0
㬶	og	月告	0
㬵	oj	月交	0
㬴	og	月共	0
㬳	ow	月午	0
㬲	gy	更益	0
㬱	ou	.	0
㬰	or	日人	0
㬯	ol	日羸	0
㬮	on	日難	0
㬭	oc	.	0
㬭	oj	日爵	0
㬬	oq	日瞿	0
㬫	oy	日燕	0
㬪	oa	.	0
㬩	oh	日慧	0
㬨	oh	日赫	0
㬧	os	日糸	0
㬦	oh	.	0
㬦	ov	.	0
㬥	om	日米	0
㬤	ox	日㬎	0
㬣	od	日對	0
㬢	oy	日義	0
㬡	ol	日零	0
㬠	ou	日煞	0
㬟	wc	勿曾	0
㬞	oh	日曷	0
㬝	oc	日曾	0
㬜	ov	日至	0
㬛	oh	.	0
㬚	ow	日攵	0
㬙	ow	日爲	0
㬘	os	日肅	0
㬗	or	日然	0
㬖	oq	日啓	0
㬕	ox	日祥	0
㬔	ol	.	0
㬓	op	日票	0
㬒	om	日莽	0
㬑	og	日郭	0
㬐	oj	日晋	0
㬏	og	日鬲	0
㬎	oh	日灬	0
㬍	of	.	0
㬌	oj	.	0
㬋	oh	日侯	0
㬊	oy	日爰	0
㬉	or	.	0
㬈	ow	.	0
㬇	oh	日奂	0
㬆	oh	.	0
㬅	of	日方	0
㬄	oi	日赤	0
㬃	od	.	0
㬂	oo	.	0
㬁	oq	日洽	0
㫿	ov	日隹	0
㫾	ou	日尚	0
㫽	ol	日录	0
㫼	ov	日制	0
㫻	ol	日侖	0
㫺	or	日人	0
㫹	os	日所	0
㫸	oj	.	0
㫷	oq	日其	0
㫶	ov	日帚	0
㫵	of	日非	0
㫴	ox	日孝	0
㫳	oi	日辰	0
㫲	ob	日孛	0
㫱	oi	日赤	0
㫰	ol	日良	0
㫯	iw	.	0
㫮	oc	日此	0
㫭	os	日寺	0
㫬	ox	日旬	0
㫫	oy	日亚	0
㫪	fj	.	0
㫩	oh	.	0
㫨	oa	日安	0
㫧	om	日米	0
㫦	ro	.	0
㫥	om	日名	0
㫤	ou	.	0
㫤	oy	日永	0
㫣	od	日电	0
㫢	oq	日去	0
㫡	od	日冬	0
㫠	ob	日半	0
㫟	ok	日口	0
㫞	ot	.	0
㫝	od	日氐	0
㫜	od	日旦	0
㫛	ox	日兄	0
㫚	ow	.	0
㫚	wo	勿曰	0
㫙	of	日夫	0
㫘	ob	日不	0
㫗	oz	日子	0
㫖	ou	日上	0
㫕	ow	日兀	0
㫔	ou	日上	0
㫓	oq	日乞	0
㫒	oc	日廾	0
㫑	ol	日力	0
㫐	ob	日匕	0
㫏	fy	方要	0
㫎	fj	方軍	0
㫍	fy	方攸	0
㫌	fv	方正	0
㫋	fr	方冉	0
㫊	fk	方可	0
㫉	fw	方危	0
㫅	fq	方亓	0
㫄	fe	.	0
㫄	fw	.	0
㫃	fr	方人	0
㫂	ju	斤庶	0
㫁	jy	.	0
㫀	ji	斤昌	0
㪿	cj	屮斤	0
㪿	jc	斤屮	0
㪾	jg	斤各	0
㪽	ax	一昕	0
㪼	jk	斤可	0
㪻	dl	.	0
㪺	dj	.	0
㪹	dl	斗婁	0
㪸	dq	斗其	0
㪷	dd	斗豆	0
㪶	db	斗百	0
㪵	db	斗半	0
㪴	dy	斗元	0
㪱	wh	文奂	0
㪰	wm	文米	0
㪯	we	文二	0
㪮	wl	.	0
㪭	wl	.	0
㪬	wv	.	0
㪫	wr	.	0
㪪	wz	.	0
㪩	ws	.	0
㪨	wu	.	0
㪧	wh	.	0
㪦	wy	.	0
㪥	wc	.	0
㪤	wb	.	0
㪣	wg	.	0
㪢	ws	.	0
㪡	wh	.	0
㪠	wj	.	0
㪟	wo	.	0
㪞	wm	.	0
㪝	wj	.	0
㪜	wd	.	0
㪛	wu	.	0
㪚	wx	.	0
㪙	wg	.	0
㪘	rw	人攵	0
㪗	wp	.	0
㪖	wl	.	0
㪕	wv	.	0
㪔	wl	.	0
㪓	wg	.	0
㪒	we	.	0
㪑	wy	.	0
㪐	wl	.	0
㪏	wb	.	0
㪎	wj	.	0
㪍	wb	.	0
㪌	wy	.	0
㪋	wh	.	0
㪊	wj	.	0
㪉	wh	.	0
㪈	wg	.	0
㪇	wx	.	0
㪆	wd	.	0
㪅	bp	丙攴	0
㪅	pb	攴丙	0
㪄	wf	.	0
㪃	wk	.	0
㪂	wq	.	0
㪁	wj	.	0
㪀	wy	.	0
㩿	wq	.	0
㩾	vi	支垂	0
㩽	vu	支束	0
㩼	vd	支多	0
㩻	vw	支危	0
㩺	bv	比支	0
㩹	fd	扌疊	0
㩸	fj	扌彑	0
㩷	fj	.	0
㩶	fm	.	0
㩵	fx	扌獻	0
㩴	fq	扌瞿	0
㩳	fu	扌雙	0
㩲	fg	.	0
㩱	fj	扌爵	0
㩰	fm	扌木	0
㩯	ff	扌繁	0
㩮	fj	.	0
㩭	fx	扌學	0
㩬	fx	.	0
㩫	fv	扌質	0
㩪	fx	.	0
㩩	fy	扌潁	0
㩨	fh	扌慧	0
㩧	fb	扌暴	0
㩦	fj	扌冏	0
㩥	fg	.	0
㩤	ff	扌敷	0
㩣	fj	.	0
㩢	fm	扌蔑	0
㩡	fl	扌磊	0
㩠	fb	.	0
㩟	fv	扌寨	0
㩞	fr	扌榮	0
㩝	fh	扌豪	0
㩜	fj	扌監	0
㩛	ft	扌團	0
㩚	fm	扌蒙	0
㩙	fs	扌塞	0
㩘	fy	扌義	0
㩗	fx	.	0
㩖	fj	.	0
㩕	fl	扌零	0
㩔	fd	扌殿	0
㩓	hu	毁手	0
㩒	fj	扌禁	0
㩑	ff	扌非	0
㩐	fd	扌等	0
㩏	fh	扌黑	0
㩎	fy	.	0
㩍	fc	扌策	0
㩌	ff	扌費	0
㩋	fs	扌肅	0
㩊	fu	.	0
㩉	fh	.	0
㩈	fj	扌窘	0
㩇	fh	扌畫	0
㩆	fj	扌就	0
㩅	ft	扌田	0
㩄	fz	扌崽	0
㩃	fh	扌寒	0
㩂	fd	.	0
㩁	fq	.	0
㩀	fi	.	0
㨿	fi	扌處	0
㨾	fy	扌羕	0
㨽	ff	扌副	0
㨼	ul	手略	0
㨻	uv	手斬	0
㨺	fm	.	0
㨹	fh	扌彗	0
㨸	fm	扌密	0
㨷	fj	扌堇	0
㨶	fn	扌鳥	0
㨵	fj	扌剪	0
㨴	fq	扌乾	0
㨳	fj	扌寄	0
㨲	fs	扌宋	0
㨱	fy	扌言	0
㨰	fg	扌衮	0
㨯	fg	扌郭	0
㨮	fd	扌兜	0
㨭	fh	扌扈	0
㨬	fy	扌袁	0
㨫	fj	扌监	0
㨪	fh	扌晃	0
㨩	ft	扌庭	0
㨨	fl	扌留	0
㨧	fb	扌畚	0
㨦	fv	.	0
㨥	fn	扌納	0
㨤	fv	扌隹	0
㨣	fw	扌翁	0
㨢	fn	扌能	0
㨡	fh	.	0
㨠	fm	扌冥	0
㨟	fq	扌豈	0
㨞	fs	扌素	0
㨝	fx	扌屑	0
㨜	fq	扌虔	0
㨛	fu	扌閃	0
㨚	fx	扌荀	0
㨙	fx	扌奚	0
㨘	fu	扌省	0
㨗	fj	.	0
㨖	fv	扌致	0
㨕	fy	扌盈	0
㨔	fx	扌咸	0
㨓	fh	.	0
㨒	fk	扌奎	0
㨑	fz	.	0
㨐	fb	扌保	0
㨏	ft	扌炭	0
㨎	fr	.	0
㨍	uf	手封	0
㨌	uu	手殳	0
㨋	fv	扌者	0
㨊	fr	.	0
㨉	fh	.	0
㨈	fq	.	0
㨇	ub	手波	0
㨆	fl	扌林	0
㨅	fr	扌芮	0
㨄	fv	扌周	0
㨃	fx	扌享	0
㨂	fd	扌東	0
㨁	fv	扌直	0
㨀	fb	扌秉	0
㧿	fv	.	0
㧾	fh	扌忽	0
㧽	fg	扌固	0
㧼	fb	扌表	0
㧻	fi	.	0
㧺	fd	扌沓	0
㧹	fd	.	0
㧸	fh	扌亨	0
㧷	ft	扌吞	0
㧶	fu	扌身	0
㧵	ff	扌否	0
㧴	fw	扌我	0
㧳	ub	手扮	0
㧲	fs	扌宋	0
㧱	uh	手合	0
㧰	fl	扌乐	0
㧯	fl	扌老	0
㧮	fj	扌臼	0
㧭	uq	手邛	0
㧬	ug	手巩	0
㧫	fe	扌而	0
㧪	fw	扌危	0
㧩	fj	扌巾	0
㧨	fh	扌后	0
㧧	fi	.	0
㧦	fx	扌旬	0
㧥	fx	扌先	0
㧤	fi	扌充	0
㧣	fv	扌朱	0
㧢	fy	扌因	0
㧡	fh	扌亥	0
㧠	fx	扌小	0
㧟	fh	扌汇	0
㧞	fy	扌友	0
㧝	uj	手加	0
㧜	fz	扌匝	0
㧛	uv	.	0
㧚	fw	扌瓦	0
㧙	fb	扌必	0
㧘	uc	手此	0
㧗	fc	扌此	0
㧖	fy	扌乙	0
㧕	fm	扌卯	0
㧔	fw	扌戊	0
㧓	fg	扌瓜	0
㧒	fx	扌穴	0
㧑	fw	扌为	0
㧐	fu	扌双	0
㧏	fg	扌冈	0
㧎	fy	扌牙	0
㧍	ff	扌方	0
㧌	fm	扌毛	0
㧋	fq	扌犬	0
㧊	fu	.	0
㧉	fq	扌气	0
㧈	fg	扌弓	0
㧇	fm	.	0
㧆	fj	扌巾	0
㧅	fd	扌刀	0
㧄	fk	扌凵	0
㧃	fj	扌丩	0
㧂	ht	户田	0
㧁	hq	户去	0
㧀	hj	户及	0
㦿	hm	户木	0
㦾	hy	户也	0
㦽	yh	.	0
㦼	gi	戈舂	0
㦻	gx	戈習	0
㦺	gi	.	0
㦺	gr	戈辱	0
㦹	gy	.	0
㦸	gv	戈卓	0
㦷	gy	戈甬	0
㦶	gv	戈至	0
㦵	gv	戈朱	0
㦴	gg	戈各	0
㦳	tg	.	0
㦲	gw	.	0
㦱	gt	戈土	0
㦰	gc	戈从	0
㦯	ga	戈一	0
㦮	ja	.	0
㦭	xl	心靈	0
㦬	xl	忄羅	0
㦫	xz	心贊	0
㦪	xx	心燮	0
㦩	xy	忄隱	0
㦨	xl	心闌	0
㦧	xt	.	0
㦦	xd	.	0
㦥	xx	心憲	0
㦤	xq	心欠	0
㦤	yx	壹心	0
㦣	xw	心衛	0
㦢	xj	心節	0
㦡	xl	心樂	0
㦠	xd	心對	0
㦟	xl	心里	0
㦞	xu	心壽	0
㦝	xm	心貌	0
㦜	xh	.	0
㦜	xv	.	0
㦛	xy	心與	0
㦚	xx	心辛	0
㦘	xj	心敫	0
㦗	xj	心禁	0
㦖	xm	心悶	0
㦕	xl	心隆	0
㦔	xy	.	0
㦓	xr	忄然	0
㦒	xl	心詈	0
㦑	xg	心敢	0
㦐	xe	忄貳	0
㦏	xs	.	0
㦎	xh	忄畫	0
㦍	xe	.	0
㦌	xc	心毳	0
㦋	xu	心奢	0
㦊	xh	忄華	0
㦉	xy	心壹	0
㦈	xg	忄盖	0
㦇	xl	忄鹿	0
㦆	xh	忄乎	0
㦅	xd	心帶	0
㦄	xm	心麻	0
㦃	xi	.	0
㦂	xi	心常	0
㦁	xl	心連	0
㦀	xf	心逢	0
㥿	xa	心敖	0
㥾	xn	忄匿	0
㥽	xz	心責	0
㥼	xy	忄焉	0
㥻	xg	.	0
㥺	xg	.	0
㥹	xf	心粉	0
㥸	ms	民思	0
㥷	yq	.	0
㥶	xs	.	0
㥵	xh	.	0
㥴	xs	心虒	0
㥳	xy	忄原	0
㥲	xv	心真	0
㥱	xf	心匪	0
㥰	xs	心叟	0
㥯	vx	爫心	0
㥯	xx	心𫜹	0
㥮	xi	忄芻	0
㥭	xt	忄泰	0
㥬	xp	忄旁	0
㥫	xo	忄日	0
㥪	xl	心娄	0
㥩	xd	.	0
㥩	xv	心者	0
㥨	xw	心娃	0
㥧	xy	心頁	0
㥦	xq	.	0
㥥	xo	.	0
㥤	xj	心矜	0
㥣	xk	.	0
㥢	xq	心酋	0
㥡	xm	忄木	0
㥠	xx	忄胥	0
㥟	xh	.	0
㥞	xs	.	0
㥝	xm	心弭	0
㥜	xw	忄胃	0
㥛	xj	心亟	0
㥚	xy	忄臾	0
㥙	xv	忄忠	0
㥘	xr	心刃	0
㥗	xw	.	0
㥖	dc	.	0
㥕	xy	心炎	0
㥔	xy	心育	0
㥓	xq	忄奇	0
㥒	xc	忄采	0
㥑	xb	.	0
㥐	xm	心命	0
㥏	xd	心典	0
㥎	xl	.	0
㥍	xq	忄其	0
㥌	xj	.	0
㥋	xy	心依	0
㥊	xp	忄朋	0
㥉	xp	.	0
㥈	xt	心帖	0
㥇	xj	心戔	0
㥆	xd	.	0
㥅	xu	心受	0
㥄	xl	.	0
㥃	xm	忄門	0
㥂	xd	.	0
㥁	xy	.	0
㥀	xv	忄直	0
㤿	xy	心奄	0
㤾	xm	忄木	0
㤽	xu	心寿	0
㤼	xj	忄劫	0
㤻	xl	心卵	0
㤺	xh	.	0
㤹	xq	忄求	0
㤸	xi	心赤	0
㤷	xh	心含	0
㤶	xm	忄尨	0
㤵	xz	心孜	0
㤴	xv	.	0
㤳	xf	忄否	0
㤲	xj	心夾	0
㤱	xd	心豆	0
㤰	xz	心作	0
㤯	xj	忄冏	0
㤮	xk	心狂	0
㤭	xq	忄乔	0
㤬	xg	心圭	0
㤫	xy	心有	0
㤪	ay	一怨	0
㤪	xd	.	0
㤩	xg	心各	0
㤨	xg	忄共	0
㤧	xh	心后	0
㤦	xl	忄吏	0
㤥	xh	忄亥	0
㤤	xy	忄臾	0
㤣	xb	心并	0
㤢	xy	心有	0
㤡	xl	心列	0
㤠	xl	心列	0
㤟	xq	心曲	0
㤞	xv	忄宅	0
㤝	xi	忄充	0
㤜	xu	心戍	0
㤛	xr	心任	0
㤚	xx	忄行	0
㤙	xk	.	0
㤘	xi	心刍	0
㤗	xf	.	0
㤖	xv	.	0
㤕	xi	心出	0
㤔	xf	忄付	0
㤓	xb	忄本	0
㤒	xb	.	0
㤑	xy	心右	0
㤐	xv	心占	0
㤏	xd	心冬	0
㤎	xj	心加	0
㤍	xq	心巧	0
㤌	xg	心甘	0
㤋	xf	忄分	0
㤊	xx	.	0
㤉	xy	忄牙	0
㤈	xx	忄心	0
㤇	xy	心夭	0
㤆	xf	心反	0
㤅	xj	.	0
㤄	xu	.	0
㤃	xf	忄方	0
㤂	xj	心及	0
㤁	xt	心天	0
㤀	xa	.	0
㣿	xu	心勺	0
㣾	xi	心叉	0
㣽	xn	心女	0
㣼	xr	心刃	0
㣻	xa	.	0
㣺	xd	忄丶	0
㣹	ry	.	0
㣸	ru	.	0
㣷	xn	彳寧	0
㣶	xd	彳亶	0
㣵	xd	彳達	0
㣴	xh	彳黄	0
㣳	xw	彳無	0
㣲	xw	彳攵	0
㣱	xz	彳責	0
㣰	xx	彳悉	0
㣯	xx	彳屑	0
㣮	xn	彳南	0
㣭	xz	.	0
㣬	xj	.	0
㣫	xv	彳重	0
㣪	xy	彳爰	0
㣩	xl	彳林	0
㣨	xg	彳姑	0
㣧	xg	彳乚	0
㣦	xw	彳委	0
㣥	xu	彳侍	0
㣤	xj	彳戔	0
㣣	xu	.	0
㣢	xd	彳弟	0
㣡	xv	彳仲	0
㣠	xd	彳冬	0
㣟	xj	彳吉	0
㣞	xd	.	0
㣝	xr	彳戎	0
㣜	xx	彳刑	0
㣛	xh	彳合	0
㣚	xt	彳同	0
㣙	xy	彳由	0
㣘	xj	彳句	0
㣗	xh	彳户	0
㣖	xt	彳太	0
㣕	xd	彳大	0
㣔	xd	彳丁	0
㣓	pc	.	0
㣒	pc	.	0
㣑	py	.	0
㣐	pq	.	0
㣏	pd	.	0
㣎	pb	.	0
㣍	pt	.	0
㣌	pv	.	0
㣋	pd	.	0
㣊	wp	.	0
㣉	pg	.	0
㣈	yy	.	0
㣇	jj	彑巾	0
㣇	jx	.	0
㣆	gw	弓王	0
㣅	gc	.	0
㣄	gq	弓渠	0
㣃	gg	.	0
㣂	gg	弓鬲	0
㣁	gy	弓用	0
㣀	gv	弓真	0
㢿	gh	弓侯	0
㢾	gy	.	0
㢽	gm	弓弭	0
㢼	gb	.	0
㢻	gw	弓委	0
㢺	gq	弓妾	0
㢹	gx	弓辛	0
㢸	gw	弓攵	0
㢷	gs	弓岁	0
㢶	gb	弓百	0
㢵	gh	弓合	0
㢴	gd	弓丶	0
㢳	gp	.	0
㢲	gb	弓八	0
㢰	gp	弓皮	0
㢯	gm	弓民	0
㢮	gt	.	0
㢭	gp	弓攴	0
㢬	gg	.	0
㢫	gu	弓山	0
㢪	gk	弓亏	0
㢩	gu	弓勺	0
㢨	gg	弓干	0
㢧	ga	弓一	0
㢦	gy	哥弋	0
㢥	yt	.	0
㢤	gw	.	0
㢣	cj	廾敬	0
㢢	ci	廾敞	0
㢡	cj	廾將	0
㢠	zh	.	0
㢟	zv	廴止	0
㢞	yy	.	0
㢝	ys	.	0
㢜	ys	.	0
㢛	yj	.	0
㢚	yl	.	0
㢙	yq	.	0
㢘	gh	广灬	0
㢗	yq	.	0
㢖	yf	.	0
㢕	gv	广隹	0
㢔	yc	.	0
㢓	yv	.	0
㢒	yc	.	0
㢑	ys	.	0
㢐	gk	.	0
㢏	yy	.	0
㢎	yi	.	0
㢍	yy	.	0
㢌	ga	广阿	0
㢋	yi	.	0
㢊	yq	.	0
㢉	yi	.	0
㢈	yv	.	0
㢇	gy	广言	0
㢆	yl	.	0
㢅	yn	.	0
㢄	yd	.	0
㢃	yl	.	0
㢂	yd	.	0
㢁	yd	.	0
㢀	yc	.	0
㡿	yn	.	0
㡾	yg	.	0
㡽	yy	.	0
㡼	yy	.	0
㡻	ym	.	0
㡺	yd	.	0
㡹	yq	.	0
㡸	yv	.	0
㡷	yb	.	0
㡶	yv	.	0
㡵	yl	.	0
㡴	yl	.	0
㡳	yu	.	0
㡲	yg	.	0
㡱	yj	.	0
㡰	yy	.	0
㡯	yv	.	0
㡮	jq	幾气	0
㡭	ya	.	0
㡬	yg	.	0
㡫	yh	幺曷	0
㡪	jw	巾夂	0
㡩	jl	.	0
㡨	jq	.	0
㡧	jv	.	0
㡦	jb	巾賓	0
㡥	jy	.	0
㡤	jy	巾業	0
㡣	da	.	0
㡢	jf	巾方	0
㡡	ji	巾厨	0
㡠	jd	巾登	0
㡟	jc	巾曹	0
㡞	jl	巾婁	0
㡝	jf	巾逢	0
㡜	jj	巾祭	0
㡛	jh	巾荒	0
㡚	jg	.	0
㡙	jp	.	0
㡘	jj	巾兼	0
㡗	js	巾虒	0
㡖	jv	巾重	0
㡕	jy	巾英	0
㡔	jw	巾攵	0
㡓	jj	巾軍	0
㡒	jd	巾盾	0
㡑	jq	巾秋	0
㡐	jq	巾前	0
㡏	jy	巾俞	0
㡎	jc	巾参	0
㡍	bj	白巾	0
㡌	jo	巾月	0
㡋	jy	巾奄	0
㡊	jd	.	0
㡉	jx	巾弦	0
㡈	jm	巾免	0
㡇	jv	.	0
㡆	ji	.	0
㡅	jd	巾多	0
㡄	jx	巾旬	0
㡃	je	巾儿	0
㡂	jl	巾列	0
㡁	jk	巾夸	0
㡀	dd	.	0
㠿	jc	巾此	0
㠾	jy	.	0
㠽	jd	巾冬	0
㠼	jj	巾斤	0
㠻	jl	巾耂	0
㠺	ju	巾少	0
㠹	jj	巾介	0
㠸	jf	巾夫	0
㠷	jj	巾及	0
㠶	jf	.	0
㠵	jw	巾亡	0
㠴	jr	巾刃	0
㠳	jr	巾入	0
㠲	jb	巾匕	0
㠱	jq	己其	0
㠯	aa	.	0
㠮	gp	工普	0
㠭	gg	工工	0
㠬	fk	.	0
㠫	fg	.	0
㠪	aa	一一	0
㠩	ia	.	0
㠨	uy	.	0
㠧	um	山靡	0
㠦	uf	山豐	0
㠥	ul	山壘	0
㠤	ux	山襄	0
㠣	ul	山歷	0
㠢	wy	嵬衣	0
㠡	un	.	0
㠠	ul	山盧	0
㠟	ul	山黎	0
㠞	uv	山徵	0
㠝	uz	.	0
㠜	uy	山疑	0
㠛	uh	.	0
㠛	uv	.	0
㠚	ud	山對	0
㠙	uh	山豪	0
㠘	uy	山與	0
㠗	ua	山奥	0
㠖	uy	山義	0
㠕	uw	.	0
㠔	ub	.	0
㠓	um	山蒙	0
㠒	up	山剽	0
㠑	uz	山罪	0
㠐	uq	山喬	0
㠏	uh	山華	0
㠎	uj	山集	0
㠍	uj	山集	0
㠌	uq	山欺	0
㠋	ux	.	0
㠋	yx	.	0
㠊	ux	山虚	0
㠉	ut	山童	0
㠈	ur	山閏	0
㠇	uj	山就	0
㠆	ud	山單	0
㠅	uf	山復	0
㠄	ux	山習	0
㠃	ug	山古	0
㠂	ua	山敖	0
㠁	uc	山參	0
㠀	un	山鳥	0
㟿	um	山莽	0
㟾	uy	山庸	0
㟽	up	山票	0
㟼	ua	山敖	0
㟻	uv	山斬	0
㟺	ul	山婁	0
㟹	ul	山聊	0
㟸	ug	山皋	0
㟷	ud	.	0
㟶	uy	山原	0
㟵	ug	山罡	0
㟴	ug	山鬼	0
㟳	ul	山栗	0
㟲	uy	山原	0
㟱	ug	山羔	0
㟰	um	山冥	0
㟯	uk	山客	0
㟮	ut	山突	0
㟭	uh	.	0
㟬	us	山叟	0
㟫	uq	山泉	0
㟪	uw	山畏	0
㟩	um	.	0
㟨	ud	山耑	0
㟧	ue	.	0
㟦	uj	山軍	0
㟥	uc	山参	0
㟤	ul	山录	0
㟣	us	山松	0
㟢	uq	山奇	0
㟡	uj	山卷	0
㟠	ug	山岡	0
㟟	uj	.	0
㟟	ux	山巷	0
㟞	uj	山戔	0
㟝	up	.	0
㟜	ue	.	0
㟜	um	山弥	0
㟛	ug	山甘	0
㟚	uv	山枝	0
㟙	ux	山昔	0
㟘	uv	山周	0
㟗	kf	凵分	0
㟖	un	山弄	0
㟕	ud	山斗	0
㟔	uh	山含	0
㟓	ux	山希	0
㟒	uj	山君	0
㟑	ub	山孛	0
㟐	um	山芒	0
㟏	uh	山含	0
㟎	ut	山妥	0
㟍	ul	山良	0
㟌	um	山尨	0
㟋	ud	山兑	0
㟊	uf	山孚	0
㟉	ul	山牢	0
㟈	uq	山求	0
㟇	uz	山坐	0
㟆	uh	山华	0
㟅	ux	山兇	0
㟄	uy	山羊	0
㟃	us	山司	0
㟂	um	山母	0
㟁	ua	.	0
㟀	uh	山禾	0
㞿	ua	.	0
㞾	un	山尼	0
㞽	uy	.	0
㞼	ui	.	0
㞻	uh	山号	0
㞺	uu	山矢	0
㞹	uk	山可	0
㞸	ub	山不	0
㞷	cw	屮王	0
㞷	uw	山王	0
㞶	uw	山文	0
㞵	uw	山文	0
㞴	uu	山氏	0
㞳	ud	山斗	0
㞲	uv	山中	0
㞱	uo	山日	0
㞰	uw	山午	0
㞯	uj	山己	0
㞮	ud	山丶	0
㞭	ud	山大	0
㞬	ug	山工	0
㞫	uv	山之	0
㞪	ux	山彐	0
㞪	xu	彐山	0
㞩	uf	山凡	0
㞨	uz	山子	0
㞧	un	山乃	0
㞦	uj	山几	0
㞥	ur	山入	0
㞤	ur	山人	0
㞣	cf	屮分	0
㞢	ca	屮一	0
㞡	uy	.	0
㞠	ul	.	0
㞟	ud	尸奠	0
㞞	uc	尸從	0
㞝	uq	尸戚	0
㞜	uw	尸委	0
㞛	uv	尸旨	0
㞚	ui	.	0
㞙	wu	尾水	0
㞘	ui	.	0
㞗	uq	尸求	0
㞖	uc	.	0
㞕	uq	.	0
㞔	ud	尸多	0
㞓	uv	尸旨	0
㞒	uz	尸自	0
㞑	ud	尸丶	0
㞐	ul	尸立	0
㞏	uf	尸乏	0
㞎	ub	尸巴	0
㞍	uw	尸丸	0
㞌	uz	尸子	0
㞋	uy	尸又	0
㞊	ws	.	0
㞉	wi	.	0
㞈	wb	.	0
㞇	ww	.	0
㞆	wq	.	0
㞅	wg	.	0
㞄	wy	.	0
㞃	gy	谷尤	0
㞂	wt	.	0
㞁	wy	.	0
㞀	wh	.	0
㝿	wp	.	0
㝾	wz	.	0
㝽	wu	.	0
㝼	wy	.	0
㝻	ju	堇少	0
㝺	ju	兼少	0
㝹	um	少免	0
㝹	ut	少兔	0
㝸	xe	小儿	0
㝷	xc	𫜹寸	0
㝶	cs	.	0
㝵	cd	寸旦	0
㝴	cy	寸元	0
㝲	bv	宀帚	0
㝱	bm	宀夢	0
㝰	bm	.	0
㝯	bq	宀喬	0
㝮	bs	.	0
㝭	bx	宀惺	0
㝬	hf	害夫	0
㝫	bl	宀隆	0
㝪	bv	宀執	0
㝩	bk	宀康	0
㝨	by	宀袁	0
㝧	az	安坐	0
㝦	bj	宀隽	0
㝥	bm	宀米	0
㝤	bg	.	0
㝣	bq	宀契	0
㝢	by	宀禹	0
㝡	bq	宀取	0
㝠	bz	.	0
㝟	vj	.	0
㝞	by	宀亞	0
㝝	bl	宀林	0
㝜	bx	宀昔	0
㝛	bk	宀口	0
㝚	by	宀延	0
㝙	bb	宀八	0
㝘	by	宀言	0
㝗	bl	宀良	0
㝖	bd	宀多	0
㝕	by	宀又	0
㝔	bj	宀交	0
㝓	bh	宀合	0
㝒	bg	宀古	0
㝑	bf	宀方	0
㝐	bg	.	0
㝏	bj	宀介	0
㝎	bv	宀之	0
㝍	by	宀与	0
㝌	bj	宀久	0
㝋	bl	宀了	0
㝊	by	宀又	0
㝉	ba	宀一	0
㝈	lz	.	0
㝇	xx	享享	0
㝆	zx	子喜	0
㝅	tu	土殳	0
㝅	zu	子殳	0
㝄	xt	享屯	0
㝃	zm	子免	0
㝂	zv	子折	0
㝁	zx	子旬	0
㝀	zm	子母	0
㜿	zy	子予	0
㜾	zj	子介	0
㜽	zi	.	0
㜼	nd	女疊	0
㜻	nl	女戀	0
㜺	nz	女贊	0
㜹	nq	女瞿	0
㜸	nx	女薛	0
㜷	nm	女彌	0
㜶	ni	.	0
㜵	nn	.	0
㜴	nm	女瞢	0
㜳	nh	.	0
㜲	ny	女嬴	0
㜱	nv	女質	0
㜰	nl	女樂	0
㜯	nx	女熙	0
㜮	nj	女監	0
㜭	nd	女當	0
㜬	nv	女詹	0
㜫	nw	女微	0
㜪	nx	女新	0
㜩	na	女奥	0
㜨	nx	女犀	0
㜧	nj	女厥	0
㜦	nx	女尋	0
㜥	nm	女買	0
㜤	nq	.	0
㜣	nr	女然	0
㜢	nl	女婁	0
㜡	nc	女從	0
㜠	nc	女崔	0
㜟	ng	女敢	0
㜞	nv	女斬	0
㜝	ny	女酉	0
㜜	na	女敖	0
㜛	nr	女軟	0
㜚	ns	女宿	0
㜙	nl	女鹿	0
㜘	nc	.	0
㜗	nc	女參	0
㜖	nc	女曹	0
㜕	nl	女連	0
㜔	nj	女竞	0
㜓	nd	.	0
㜒	ny	女舁	0
㜑	np	女浦	0
㜐	nq	女豈	0
㜏	ny	女員	0
㜎	nx	女奚	0
㜍	nt	女唐	0
㜌	un	.	0
㜋	ny	女益	0
㜊	nv	女展	0
㜉	ny	女邕	0
㜈	nw	女務	0
㜇	nh	女恚	0
㜆	nm	女迷	0
㜅	ni	女畜	0
㜄	nf	女風	0
㜃	nx	女信	0
㜂	nf	女封	0
㜁	ni	女查	0
㜀	nx	女相	0
㛿	nd	女带	0
㛾	nx	女咸	0
㛽	nm	女米	0
㛼	ni	.	0
㛻	nk	女奎	0
㛺	ny	女音	0
㛹	nb	女便	0
㛸	nv	.	0
㛷	hn	禾女	0
㛷	ny	女尤	0
㛶	nt	女炭	0
㛵	ni	.	0
㛴	nn	.	0
㛳	nd	女帝	0
㛲	ny	女頁	0
㛱	nw	女畏	0
㛰	no	女日	0
㛯	nm	女勉	0
㛮	ns	.	0
㛭	nx	女昔	0
㛬	nl	.	0
㛫	ny	女易	0
㛪	ny	女奄	0
㛩	ny	女育	0
㛨	nq	女羌	0
㛧	ny	女岩	0
㛦	nl	女林	0
㛥	nt	.	0
㛤	nl	女丽	0
㛣	ny	女员	0
㛢	nx	女秀	0
㛡	nw	女完	0
㛠	nj	女间	0
㛟	nh	女奂	0
㛞	nn	女弄	0
㛝	nb	女貝	0
㛜	ny	女攸	0
㛛	nu	女身	0
㛚	ny	女甬	0
㛙	nx	女辛	0
㛘	nb	女孛	0
㛗	nz	女坐	0
㛖	nj	.	0
㛕	ny	女邑	0
㛔	nf	女丰	0
㛓	nx	女希	0
㛒	nd	女豆	0
㛑	nc	.	0
㛐	ng	女更	0
㛏	nq	女求	0
㛎	nl	女吕	0
㛍	nj	女夾	0
㛌	nm	女牟	0
㛋	nx	女心	0
㛊	nd	女朵	0
㛉	nx	女西	0
㛈	nk	女考	0
㛇	nv	女庄	0
㛆	nd	女朵	0
㛅	ne	女耳	0
㛄	ny	女衣	0
㛃	nq	.	0
㛂	nb	女巴	0
㛁	np	女平	0
㛀	ni	女刍	0
㚿	nb	女包	0
㚾	nx	女兄	0
㚽	nq	女巧	0
㚼	nt	女田	0
㚻	nt	女田	0
㚺	ny	女孕	0
㚹	nm	女卯	0
㚸	ns	女司	0
㚷	ne	.	0
㚶	nv	.	0
㚵	nd	女冬	0
㚴	nb	女布	0
㚳	nj	女加	0
㚲	nv	女占	0
㚱	nq	女丘	0
㚰	np	女丕	0
㚯	nf	女风	0
㚮	nr	女冗	0
㚭	ny	女尤	0
㚬	ny	女匀	0
㚫	nj	女及	0
㚪	nm	女毛	0
㚩	nr	.	0
㚨	nx	.	0
㚧	ny	.	0
㚦	nj	.	0
㚥	ny	女于	0
㚤	ny	女弋	0
㚣	nn	女女	0
㚢	nr	女亻	0
㚡	qq	奇奇	0
㚠	dg	大羔	0
㚟	di	.	0
㚞	dl	大林	0
㚝	dj	大佳	0
㚜	dh	大或	0
㚛	dv	大旨	0
㚚	dm	大名	0
㚙	dj	大加	0
㚘	ff	夫夫	0
㚗	dq	大且	0
㚖	db	大白	0
㚕	df	大弗	0
㚔	dr	.	0
㚓	dm	大木	0
㚓	dp	.	0
㚒	dl	.	0
㚑	xd	.	0
㚐	dd	大大	0
㚏	dc	大廾	0
㚎	dk	大凵	0
㚍	dg	多貴	0
㚌	dg	多果	0
㚋	dv	多周	0
㚊	dh	多亥	0
㚉	nd	乃多	0
㚈	xu	夕十	0
㚇	vx	.	0
㚆	wo	夂日	0
㚆	ww	亠夂	0
㚅	wu	夂生	0
㚄	up	.	0
㚃	uq	.	0
㚂	tn	土囊	0
㚁	yy	堯堯	0
㚀	tx	土戲	0
㙿	tg	.	0
㙾	tx	土學	0
㙽	tb	.	0
㙼	tl	.	0
㙻	ti	土廛	0
㙺	tk	土匱	0
㙹	tm	土夢	0
㙸	tp	土僕	0
㙷	tx	土㬎	0
㙶	wt	亠堂	0
㙵	ti	.	0
㙴	tv	土詹	0
㙳	tg	土感	0
㙲	ty	土雍	0
㙱	th	土號	0
㙰	tj	土解	0
㙯	uy	.	0
㙮	td	土答	0
㙭	tj	土厥	0
㙬	ty	.	0
㙫	tj	土集	0
㙪	ty	土壹	0
㙩	tl	.	0
㙨	tj	土幾	0
㙧	tt	土田	0
㙦	tx	土斜	0
㙥	tg	土衮	0
㙤	th	土乎	0
㙣	tv	土張	0
㙢	tm	.	0
㙡	tc	土從	0
㙠	ty	.	0
㙟	tl	土朗	0
㙞	tg	.	0
㙝	tx	土脅	0
㙜	tg	土高	0
㙛	tf	.	0
㙚	tn	土牛	0
㙙	tm	土尨	0
㙘	ty	土要	0
㙗	tw	土畏	0
㙖	ty	土禹	0
㙕	tw	土胃	0
㙔	tw	土韋	0
㙓	ty	土垚	0
㙒	tt	田土	0
㙒	ty	土予	0
㙑	ty	土禹	0
㙐	td	土耑	0
㙏	tf	土复	0
㙎	tw	土威	0
㙍	tv	土叕	0
㙌	ts	土肃	0
㙋	tq	土其	0
㙊	ti	土長	0
㙉	td	土典	0
㙈	th	土虎	0
㙇	ti	.	0
㙆	th	土宏	0
㙅	td	土呆	0
㙄	tb	土坒	0
㙃	tb	土兵	0
㙂	td	土兑	0
㙁	tm	土每	0
㙀	tj	土究	0
㘿	tn	.	0
㘾	ty	土宇	0
㘽	tg	.	0
㘻	ty	土因	0
㘺	tf	土伐	0
㘹	tc	土此	0
㘸	ts	土死	0
㘷	ta	土艾	0
㘶	ti	土舛	0
㘵	tb	土布	0
㘴	tu	.	0
㘳	tb	土北	0
㘲	tk	土尻	0
㘱	tr	土冉	0
㘰	td	土斗	0
㘯	tl	土力	0
㘮	ti	土尺	0
㘭	th	土幻	0
㘬	tg	土勾	0
㘫	tj	土井	0
㘪	tm	土毛	0
㘩	tb	土比	0
㘨	tn	土内	0
㘧	ty	土予	0
㘦	tl	土力	0
㘥	wy	.	0
㘤	wy	.	0
㘣	wy	.	0
㘢	wg	.	0
㘡	wj	.	0
㘠	wb	.	0
㘟	kc	.	0
㘞	wl	.	0
㘝	wy	.	0
㘜	ki	口讎	0
㘛	kk	口龕	0
㘚	kk	.	0
㘙	ky	口嚴	0
㘘	kl	.	0
㘗	kq	口瞿	0
㘖	ky	口頁	0
㘕	kl	口藍	0
㘔	ks	口賽	0
㘓	kl	口闌	0
㘑	kl	口隶	0
㘐	kb	.	0
㘎	kk	.	0
㘍	kg	口戈	0
㘌	kj	口劇	0
㘋	kx	口賢	0
㘊	ky	.	0
㘉	kj	口節	0
㘈	ky	口疑	0
㘇	kr	口榮	0
㘆	kt	口臺	0
㘅	kx	口銜	0
㘄	kl	口楞	0
㘃	kr	口惹	0
㘂	kc	口慈	0
㘁	kg	.	0
㘀	kj	.	0
㗿	ke	.	0
㗾	kx	口靴	0
㗽	kx	口鄉	0
㗼	ky	口業	0
㗻	kg	口過	0
㗺	kf	口非	0
㗹	kx	口心	0
㗸	ki	口亍	0
㗷	kb	口贝	0
㗶	kf	口發	0
㗵	ki	口欻	0
㗴	kx	口閒	0
㗳	kd	口答	0
㗲	kh	口畫	0
㗱	kj	口集	0
㗰	kc	口從	0
㗮	mg	名庚	0
㗭	kx	口悉	0
㗬	ud	尚多	0
㗫	kj	口祭	0
㗪	kz	口紫	0
㗩	kx	口習	0
㗨	ky	.	0
㗧	kv	口窒	0
㗦	kl	口聊	0
㗥	kg	口郭	0
㗤	kq	口戚	0
㗣	kd	口帶	0
㗢	kd	口動	0
㗞	kp	口破	0
㗝	kg	口羔	0
㗜	ki	口畜	0
㗛	kx	口笑	0
㗚	kl	口栗	0
㗙	ki	口芻	0
㗘	kf	.	0
㗗	bb	.	0
㗗	lb	另卑	0
㗖	ky	口舀	0
㗕	kg	.	0
㗔	kq	口虔	0
㗓	kv	口追	0
㗒	ka	口哀	0
㗑	kb	口拜	0
㗐	km	口皿	0
㗏	kw	口歪	0
㗎	kj	口架	0
㗍	kx	口香	0
㗌	ku	口室	0
㗋	kh	.	0
㗊	ll	吕吕	0
㗉	qg	.	0
㗈	ky	口勇	0
㗇	kj	口叚	0
㗆	kg	口革	0
㗅	kh	口胡	0
㗄	kf	口方	0
㗃	kh	.	0
㗂	ku	口省	0
㗁	ke	.	0
㗀	ky	口幽	0
㖿	ky	口耶	0
㖾	ln	.	0
㖽	ky	口頁	0
㖼	km	口某	0
㖻	kr	口柔	0
㖺	ki	口春	0
㖹	kp	口盆	0
㖸	kn	口虐	0
㖷	ku	口是	0
㖶	ky	.	0
㖵	kj	口具	0
㖴	kw	口芴	0
㖮	kl	口侖	0
㖭	kt	口忝	0
㖬	ky	口又	0
㖫	kl	.	0
㖪	kh	口或	0
㖩	kq	口取	0
㖨	kl	口录	0
㖧	kh	口昏	0
㖦	kd	口東	0
㖥	kj	.	0
㖤	kh	口函	0
㖣	kp	.	0
㖢	kc	口此	0
㖡	ky	口夜	0
㖠	kn	口奈	0
㖟	ku	口受	0
㖞	kg	口呙	0
㖘	ki	口辰	0
㖗	kc	口岑	0
㖖	kx	口辛	0
㖕	kx	口辛	0
㖔	kt	口吞	0
㖓	kf	口丰	0
㖒	kd	口弟	0
㖑	kj	口戒	0
㖐	ly	.	0
㖏	kn	.	0
㖏	kt	口土	0
㖊	kx	口寻	0
㖉	kq	口企	0
㖇	ke	口而	0
㖆	kq	口曲	0
㖅	kx	口戌	0
㖄	kv	口州	0
㖃	kh	口后	0
㖂	ky	口曳	0
㖁	ks	口厶	0
㖀	ky	口聿	0
㕿	hk	禾口	0
㕽	ky	口以	0
㕼	kx	口匈	0
㕻	df	丶否	0
㕺	lk	.	0
㕹	kb	.	0
㕸	kl	口立	0
㕷	kb	口白	0
㕶	kw	口五	0
㕵	kw	口王	0
㕴	kr	口冗	0
㕳	kx	口凶	0
㕲	km	口木	0
㕱	ky	口尤	0
㕰	km	口毛	0
㕯	kn	口内	0
㕮	kf	口父	0
㕭	ky	口夭	0
㕬	kg	口公	0
㕫	kf	口方	0
㕪	ka	.	0
㕪	ky	.	0
㕩	kf	口丰	0
㕨	kf	口凡	0
㕧	ku	口尸	0
㕦	kd	口大	0
㕥	kr	口人	0
㕤	kj	口九	0
㕣	kb	口八	0
㕢	by	卜又	0
㕢	yb	又貝	0
㕡	yj	.	0
㕠	yv	又准	0
㕟	by	卜又	0
㕟	yc	又艹	0
㕞	yb	.	0
㕝	gy	古又	0
㕜	yv	又中	0
㕛	yy	又又	0
㕚	id	.	0
㕙	tw	.	0
㕘	sx	厶小	0
㕗	sy	厶羑	0
㕖	lm	.	0
㕕	ss	厶厶	0
㕔	it	厂聽	0
㕓	im	厂墨	0
㕒	iy	厂義	0
㕑	iu	.	0
㕐	ix	厂舄	0
㕏	id	厂斗	0
㕎	ig	.	0
㕍	iv	厂隹	0
㕌	id	.	0
㕋	ij	厂金	0
㕊	if	厂甫	0
㕉	ih	厂合	0
㕈	iy	厂衣	0
㕇	il	厂立	0
㕆	ig	厂古	0
㕅	ij	厂甲	0
㕄	ih	.	0
㕃	ij	.	0
㕂	ij	厂今	0
㕁	es	卩厶	0
㕁	ie	乂卩	0
㕀	ey	.	0
㔿	aj	一丩	0
㔾	aa	.	0
㔽	bh	卜回	0
㔼	ut	十推	0
㔻	bu	不十	0
㔺	uu	.	0
㔹	ul	十力	0
㔸	ks	匚虒	0
㔷	kb	匚丙	0
㔶	kg	匚贛	0
㔵	ks	.	0
㔴	ky	匚異	0
㔳	kj	匚飢	0
㔲	kj	匚九	0
㔱	ky	匚臾	0
㔰	kw	匚外	0
㔯	kk	匚口	0
㔯	ky	.	0
㔮	hn	𦰩能	0
㔭	bu	匕是	0
㔬	bz	匕早	0
㔫	ub	.	0
㔪	gl	.	0
㔩	gg	.	0
㔨	gb	勹背	0
㔧	ll	盧力	0
㔦	ly	力養	0
㔥	lb	力罷	0
㔤	lu	力審	0
㔣	ll	.	0
㔢	lj	.	0
㔡	lp	.	0
㔠	lh	力曷	0
㔟	lw	力丸	0
㔞	lg	力乖	0
㔝	ll	力兩	0
㔜	lf	力孚	0
㔚	lu	力舌	0
㔙	lb	力并	0
㔘	li	力出	0
㔗	lf	力弗	0
㔕	lq	力气	0
㔕	lr	.	0
㔓	lq	力千	0
㔒	ds	.	0
㔑	dx	刀薛	0
㔐	dj	刂韭	0
㔏	dl	刂磊	0
㔎	dx	刀辛	0
㔍	ds	刂算	0
㔌	dj	刂聚	0
㔋	dj	刂監	0
㔊	dd	刂亶	0
㔉	du	刂属	0
㔈	df	刂菲	0
㔇	df	刂發	0
㔆	dc	.	0
㔅	ds	刂肅	0
㔄	ds	刂粟	0
㔃	dj	.	0
㔂	dl	.	0
㔁	dd	登刂	0
㔀	dj	刂景	0
㓿	du	刂水	0
㓾	dx	刂犀	0
㓽	di	刂崇	0
㓼	dq	.	0
㓻	dg	刂罡	0
㓺	dq	刂虔	0
㓹	di	.	0
㓸	dd	.	0
㓷	dg	.	0
㓶	dq	刂契	0
㓵	de	.	0
㓴	dr	.	0
㓳	du	刂是	0
㓲	db	刂扁	0
㓱	dy	刂俞	0
㓰	dh	刂画	0
㓯	dz	刂甾	0
㓮	dv	刂周	0
㓮	vd	周刂	0
㓭	dh	刂曷	0
㓬	dq	刂券	0
㓫	dk	刂开	0
㓪	dd	丶刀	0
㓪	ld	良刀	0
㓩	dj	刂角	0
㓨	dj	刂夾	0
㓧	dh	刂含	0
㓦	db	刂百	0
㓥	dd	当刂	0
㓤	dj	刂吉	0
㓣	dh	刂合	0
㓢	dg	刂各	0
㓡	df	刂缶	0
㓠	dv	刂占	0
㓟	dp	刂皮	0
㓞	df	刀丰	0
㓝	dj	刂井	0
㓜	dy	刀幺	0
㓛	gd	工刀	0
㓚	dg	刂工	0
㓙	kw	凵文	0
㓘	jy	.	0
㓗	dj	冫絜	0
㓖	db	冫畢	0
㓕	dh	冫火	0
㓔	du	冫射	0
㓓	dn	冫南	0
㓑	dx	冫幸	0
㓐	dl	.	0
㓏	dj	冫冏	0
㓎	dj	.	0
㓍	di	冫充	0
㓌	dq	冫全	0
㓋	dg	冫共	0
㓊	dt	冫同	0
㓉	du	冫舌	0
㓈	du	冫石	0
㓇	dy	冫夭	0
㓆	dl	冫仑	0
㓅	dd	冫丁	0
㓄	cy	.	0
㓃	bt	冖託	0
㓂	bn	冖女	0
㓁	br	.	0
㓀	bb	冖卜	0
㒿	ml	.	0
㒿	ol	.	0
㒾	mu	.	0
㒾	ou	.	0
㒽	mj	.	0
㒽	oj	.	0
㒼	cr	廿入	0
㒻	mj	.	0
㒻	oj	.	0
㒺	ka	.	0
㒹	vv	真真	0
㒸	bu	丷豕	0
㒷	by	.	0
㒷	kb	冂八	0
㒶	bb	八白	0
㒵	bb	八白	0
㒴	ri	入出	0
㒳	kr	冂入	0
㒲	ro	入日	0
㒱	rx	入夕	0
㒰	rg	入工	0
㒯	gh	光華	0
㒮	yu	元豕	0
㒭	xx	兄兄	0
㒬	yw	元王	0
㒫	ey	.	0
㒫	iw	厂兀	0
㒪	ru	人豕	0
㒩	rl	亻蠡	0
㒨	rs	.	0
㒧	rl	亻離	0
㒦	rl	亻壘	0
㒥	rf	亻豐	0
㒤	rn	亻聶	0
㒣	ry	亻應	0
㒢	rl	.	0
㒡	ry	亻繇	0
㒠	rj	亻韭	0
㒟	rn	.	0
㒞	rs	.	0
㒝	rm	亻蔑	0
㒜	ry	亻與	0
㒛	rv	.	0
㒚	ry	.	0
㒙	rm	亻綿	0
㒘	ru	.	0
㒗	rt	.	0
㒖	rw	亻萬	0
㒕	ry	亻雍	0
㒔	ru	亻蜀	0
㒓	rd	亻達	0
㒒	ry	亻業	0
㒑	rh	亻匯	0
㒐	rs	亻筍	0
㒏	rh	亻寒	0
㒎	rz	.	0
㒍	rl	.	0
㒌	rq	亻煢	0
㒋	rs	亻斯	0
㒊	rs	.	0
㒉	rt	亻棠	0
㒈	rg	亻敢	0
㒇	rw	亻無	0
㒆	rh	.	0
㒅	ri	.	0
㒄	rr	亻然	0
㒃	re	亻貳	0
㒂	rv	亻著	0
㒁	ry	亻圉	0
㒀	rd	.	0
㑿	ri	亻巢	0
㑾	ry	亻言	0
㑽	rt	亻堂	0
㑼	rl	亻略	0
㑻	rm	亻密	0
㑺	rj	亻隽	0
㑹	ro	人日	0
㑸	rk	亻可	0
㑷	rn	亻能	0
㑶	rq	亻氣	0
㑵	rj	亻疾	0
㑴	ry	亻又	0
㑳	ri	亻芻	0
㑲	rn	亻南	0
㑱	rr	亻柔	0
㑰	rh	.	0
㑯	ry	亻頁	0
㑮	rj	亻軍	0
㑭	rc	.	0
㑬	rg	亻姑	0
㑫	rn	亻念	0
㑪	rj	.	0
㑩	rl	亻罗	0
㑨	ru	亻矢	0
㑧	rj	亻季	0
㑦	rl	亻戾	0
㑥	ry	亻易	0
㑤	rm	亻苗	0
㑣	rl	亻林	0
㑢	rq	亻却	0
㑡	rj	亻即	0
㑠	rj	亻坚	0
㑟	rb	亻兵	0
㑞	rv	.	0
㑝	rn	亻弄	0
㑜	rv	亻折	0
㑛	ru	亻束	0
㑚	rn	亻那	0
㑙	rv	.	0
㑘	rj	亻戒	0
㑗	ru	亻身	0
㑖	rv	亻仲	0
㑕	rs	亻岁	0
㑔	ry	亻页	0
㑓	ry	亻友	0
㑒	rd	.	0
㑑	rz	亻自	0
㑐	ru	.	0
㑏	ru	亻守	0
㑎	ru	亻山	0
㑍	rl	亻耒	0
㑌	rk	亻匡	0
㑋	rq	亻曲	0
㑊	ry	亻亦	0
㑉	rs	亻夙	0
㑈	rd	亻东	0
㑇	ri	亻刍	0
㑆	rx	亻兄	0
㑅	ra	.	0
㑅	ru	亻上	0
㑄	rm	亻母	0
㑃	ry	亻幼	0
㑂	rb	亻丙	0
㑁	ri	亻出	0
㑀	rt	亻太	0
㐾	ry	亻元	0
㐽	rf	亻风	0
㐼	ru	亻升	0
㐻	rn	亻内	0
㐺	rr	亻人	0
㐹	rq	亻气	0
㐸	rq	亻欠	0
㐷	rm	亻马	0
㐶	rs	亻巳	0
㐵	ry	亻于	0
㐴	rx	亻夕	0
㐳	rw	亻兀	0
㐲	rd	亻大	0
㐱	rp	.	0
㐰	rk	亻口	0
㐯	wx	亠香	0
㐮	wd	.	0
㐭	wh	亠回	0
㐬	wi	.	0
㐫	wx	亠凶	0
㐪	wd	.	0
㐩	jj	井井	0
㐨	yy	予予	0
㐧	dp	.	0
㐤	jv	九真	0
㐡	jr	.	0
㐜	qj	求九	0
㐖	jy	.	0
㐎	wy	文乙	0
㐌	ry	𠂉也	0
㐆	pg	.	0
㐅	pd	.	0
㐄	aa	丨一	0
㐄	fg	.	0
㐂	qq	七七	0
㐁	aa	一一	0
㐁	ak	一口	0
㐀	aa	一一	0
の	aa	{の}	0
〇	aa	{〇}	0
𦬫	cq	艹犬	0
顁	yd	頁定	0
縪	sb	糸畢	0
紨	sf	糸付	0
鼜	gz	鼓蚤	0
鷛	ny	鳥庸	0
鯞	yj	.	0
鯞	yv	魚帚	0
鯜	yq	魚妾	0
鯄	yq	魚求	0
鮵	yd	魚兑	0
馰	mu	馬勺	0
飌	fv	風隹	0
顅	yj	頁肩	0
陱	ej	.	0
鏶	jj	金集	0
鎥	jt	金條	0
鍒	jr	金柔	0
錓	jg	.	0
錓	jq	金羌	0
鋾	jt	.	0
鉡	jb	金半	0
鈂	jg	.	0
鈂	jy	.	0
酠	yk	酉可	0
轙	iy	車義	0
輁	ig	車共	0
軶	ia	.	0
軶	iy	車乙	0
踿	zq	足秋	0
賰	bi	貝春	0
貤	by	貝也	0
貑	vj	豸叚	0
豵	uc	豕從	0
豵	uv	.	0
誺	yl	言來	0
襹	yl	衤麗	0
褬	ys	衤桑	0
蠗	id	虫翟	0
蠗	iv	.	0
螮	id	虫帶	0
螚	in	虫能	0
螇	ix	虫奚	0
虤	hh	虎虎	0
虋	cf	.	0
虋	cx	艹釁	0
藇	cy	艹與	0
蕶	cl	艹零	0
蓾	cl	.	0
菤	cj	艹卷	0
莝	cz	艹坐	0
艐	vw	舟夂	0
臄	oj	.	0
臄	ou	月豕	0
胑	ov	月只	0
翑	yj	羽句	0
羍	dy	大羊	0
縎	sg	糸骨	0
緰	sy	糸俞	0
簩	vl	𥫗勞	0
笲	vb	𥫗弁	0
笲	vc	.	0
笝	vy	𥫗又	0
窔	bj	.	0
窔	xj	穴交	0
穱	hj	禾爵	0
穘	hy	禾堯	0
礿	uu	示勺	0
磿	iu	厂石	0
磿	uh	石禾	0
矄	ox	目熏	0
瞁	oj	.	0
瞁	oq	目犬	0
眧	ov	目召	0
痶	bd	疒典	0
瓝	gu	瓜勺	0
玴	wu	王世	0
玬	wd	王丹	0
獥	qj	犭敫	0
獥	qw	.	0
牉	pb	片半	0
烼	hu	火豕	0
炃	hf	火分	0
瀇	dg	氵廣	0
澯	dc	氵粲	0
澯	dm	.	0
漃	dj	氵寂	0
漃	du	.	0
滒	dg	氵哥	0
涻	du	氵舍	0
涺	dj	氵居	0
涃	dk	氵困	0
洖	dw	氵吴	0
洀	dv	氵舟	0
櫹	ms	.	0
櫹	mx	木蕭	0
櫙	mq	木區	0
橩	mq	木煢	0
橩	mu	.	0
橩	mx	.	0
榽	mx	木奚	0
楎	mj	木軍	0
棞	mh	.	0
棞	mq	木囷	0
梋	mo	木月	0
梋	my	.	0
梊	mv	木折	0
枔	mj	木今	0
朹	mj	木九	0
暆	ou	日施	0
斞	dy	斗臾	0
攍	fy	扌嬴	0
摫	fg	扌規	0
挔	fy	扌衣	0
悹	xg	心官	0
怌	xp	忄丕	0
徻	xh	彳會	0
廜	gt	广屠	0
庍	gj	广斤	0
庉	gt	广屯	0
崨	uj	.	0
寠	bl	宀婁	0
孷	wz	未子	0
孷	zi	子厂	0
媹	nl	女留	0
婝	nd	女定	0
婇	nc	女采	0
姲	na	女安	0
姭	nl	女力	0
姭	nx	.	0
姃	nv	女正	0
奅	dm	大卯	0
塱	tl	土朗	0
塣	ti	土呈	0
垗	tv	土兆	0
嗀	uk	.	0
嗀	uu	.	0
哅	kx	口匈	0
匎	gd	.	0
匎	gy	勹奄	0
剼	dc	刂參	0
傂	rh	.	0
倇	rw	亻宛	0
丱	aa	.	0
丱	vu	.	0
鼊	mb	.	0
鼊	mx	.	0
鼊	zh	.	0
麙	lx	鹿咸	0
鷻	nd	鳥敦	0
鮿	yg	魚乚	0
鮿	yy	.	0
鬁	il	髟利	0
騛	mf	馬飛	0
駧	mt	馬同	0
駣	mv	馬兆	0
餫	uj	食軍	0
飹	um	飠卯	0
颲	fl	風列	0
頖	yb	頁半	0
霵	yg	.	0
霵	yj	雨戢	0
霯	yd	雨登	0
陾	ed	耳大	0
闅	mp	門攴	0
闅	my	.	0
閵	mv	門隹	0
镽	il	.	0
镽	ix	镸小	0
鑉	jg	金蓋	0
鑉	jm	.	0
鐑	jj	金結	0
鍏	jw	金韋	0
錔	jt	.	0
鉯	jy	金以	0
醂	yl	酉林	0
鄳	em	耳黽	0
鄳	ss	.	0
逜	zw	辶吾	0
躤	zj	足藉	0
躗	zw	足衛	0
跮	zv	足至	0
趭	zj	走焦	0
趏	zu	走舌	0
諆	yq	言其	0
襣	yb	衤鼻	0
裚	yv	衣折	0
裍	yk	衤困	0
袎	yy	衤幼	0
蝔	ij	虫皆	0
蚙	ij	虫今	0
蘻	cs	艹糸	0
蘻	cx	.	0
蕦	cx	艹須	0
蔖	cc	.	0
蔖	cq	艹且	0
蔊	ch	艹焊	0
蒰	cb	艹般	0
蒢	ci	艹除	0
蒆	cn	艹女	0
葞	ce	.	0
葞	cm	艹弭	0
萻	cy	艹音	0
萶	ci	艹春	0
萴	cz	艹則	0
艕	vp	舟旁	0
臮	zd	.	0
臮	zy	.	0
聜	ek	耳空	0
翐	yu	羽失	0
罺	si	罒巢	0
絟	sq	糸全	0
紏	sd	糸斗	0
糋	mq	米前	0
箹	vy	竹約	0
箖	vl	竹林	0
箈	vv	𥫗治	0
筎	vr	𥫗如	0
竻	vl	𥫗力	0
禓	uy	.	0
礉	uj	石敫	0
礉	uw	.	0
磃	uh	.	0
硱	uk	石困	0
砨	ua	.	0
砨	uy	石乙	0
瞛	oc	目從	0
瞛	ov	.	0
猀	qu	犭沙	0
狅	qr	犭壬	0
犥	nb	.	0
犥	nd	.	0
犥	nh	牛灬	0
牼	ng	牛工	0
牼	nj	.	0
燤	hw	火萬	0
熡	hl	火婁	0
煂	hg	火革	0
烳	hf	火甫	0
烗	hh	火亥	0
炾	hx	火兄	0
灆	dl	氵藍	0
瀜	dr	氵融	0
濲	dg	氵榖	0
濲	du	.	0
漮	dk	氵康	0
滱	dk	氵寇	0
溗	di	氵乘	0
湤	du	氵施	0
湁	du	氵拾	0
渮	dk	氵苛	0
淭	dm	氵木	0
沀	uy	水予	0
毄	uk	殳口	0
欋	mq	木瞿	0
欋	mv	.	0
欈	mj	木冏	0
欈	mk	.	0
櫏	mq	木遷	0
櫏	ms	.	0
檽	mx	木需	0
樦	mv	木主	0
梜	mj	木夾	0
杶	mt	木屯	0
昢	oi	日出	0
斳	jj	堇斤	0
攠	ff	.	0
攠	fm	扌靡	0
扴	fj	扌介	0
懪	xb	忄暴	0
愶	xo	.	0
愶	xx	心脅	0
愶	xy	.	0
惉	xv	心沾	0
怲	xb	忄丙	0
巀	ug	山戈	0
嶨	ju	.	0
嶨	ub	山冖	0
嵀	uv	山柱	0
岯	up	山丕	0
岪	uf	山弗	0
尰	yv	尤重	0
孍	ng	.	0
孍	ny	女嚴	0
孇	nu	女雙	0
嫶	nj	女焦	0
嫢	ng	女規	0
姳	nm	女名	0
塕	tw	土翁	0
塓	tl	.	0
塓	tm	土冥	0
垽	tj	.	0
垽	ty	土沂	0
囆	ki	口蠆	0
嚫	kq	口親	0
嚂	kj	口監	0
厹	js	九厶	0
匷	kq	匚瞿	0
匷	kv	.	0
勫	lf	力番	0
勓	lj	力皆	0
偩	rf	亻負	0
丮	yf	.	0
虮	ij	虫几	0
鼳	uj	.	0
鼳	uq	鼠犬	0
鼏	bd	冖鼎	0
鼀	mb	.	0
鼀	tm	土黽	0
鶤	nj	鳥軍	0
鶐	nu	鳥述	0
鱱	yl	魚厲	0
鱱	yw	.	0
鱕	yf	魚番	0
鱐	ys	魚肅	0
鱍	yf	魚發	0
鯚	yj	魚季	0
駺	ml	馬良	0
駜	mb	馬必	0
駗	mp	.	0
駇	mw	馬攵	0
餭	uh	飠皇	0
餩	uh	食亥	0
颾	fz	風蚤	0
顲	yh	頁回	0
顣	yq	頁戚	0
顣	yw	.	0
顊	yu	.	0
顃	yy	炎頁	0
頯	yc	頁廾	0
韕	wx	韋享	0
鞂	gh	革禾	0
霣	yy	雨員	0
霋	yq	雨妻	0
雥	vv	隹隹	0
隒	ej	阝兼	0
陯	el	阝侖	0
闛	mt	門堂	0
钀	jq	.	0
钀	jx	金獻	0
鑴	jj	金冏	0
鑴	jk	.	0
鑅	jr	金榮	0
鐆	jd	金隊	0
鏂	jq	金區	0
鎟	js	金桑	0
鍷	jk	金奎	0
鍎	jd	金盾	0
鍌	jx	金洗	0
鋧	jj	金見	0
鋓	jl	金利	0
醳	yx	酉幸	0
酁	ei	.	0
酁	et	耳兔	0
鄻	en	耳輦	0
鄍	el	.	0
鄍	em	耳冥	0
鄇	eh	耳侯	0
郲	el	耳來	0
邆	zd	辶登	0
迗	zt	辶天	0
轞	ij	車監	0
轈	ii	車巢	0
輷	ih	車訇	0
輷	iy	.	0
輣	ip	車朋	0
輐	iw	車完	0
軗	iu	車殳	0
躽	un	身女	0
躽	uy	.	0
蹸	zl	.	0
蹪	zg	足貴	0
蹝	zv	.	0
蹝	zx	足徙	0
踸	zu	足甚	0
踥	zq	足妾	0
踕	zj	.	0
踃	zx	足肖	0
趛	zj	走金	0
賹	by	貝益	0
賌	bh	貝亥	0
貁	vx	豸穴	0
豅	gl	谷龍	0
谼	gg	谷共	0
讔	yy	言隱	0
諓	yj	言戔	0
訬	yu	言少	0
觛	jd	角旦	0
覾	jf	.	0
覾	ju	見審	0
覛	jp	.	0
襱	yl	衤龍	0
襓	yy	衤堯	0
褣	yr	衤容	0
褗	yn	衤女	0
褗	yy	.	0
袲	dy	.	0
袲	wy	.	0
袲	yd	衣多	0
袟	yu	衤失	0
袀	yy	衤匀	0
蠬	il	虫龍	0
螛	ih	虫害	0
螒	iu	.	0
螒	ui	十虫	0
蝞	im	虫眉	0
蜳	ix	虫享	0
蜬	ih	虫函	0
蜦	il	虫侖	0
蜠	ih	.	0
蜠	iq	虫囷	0
蛚	il	虫列	0
蚅	ie	虫厄	0
蘬	cg	艹歸	0
蘬	cj	.	0
藽	cq	艹親	0
藡	cu	艹適	0
薉	cs	艹歲	0
薂	cj	艹敫	0
薂	cw	.	0
蔮	cg	艹國	0
蔉	cg	艹衮	0
蔉	cy	.	0
蓩	cw	艹務	0
蓔	cg	艹羔	0
蒝	cy	艹原	0
蒚	cg	艹鬲	0
萰	cj	艹柬	0
莃	cx	艹希	0
荶	cy	艹吟	0
芅	cy	艹弋	0
舿	vk	舟夸	0
腤	oy	月音	0
腏	ou	.	0
腏	ov	月叕	0
脀	oi	月丞	0
胵	ov	月至	0
肒	ow	月丸	0
翗	yd	羽多	0
羻	yq	羊慶	0
缹	df	.	0
缹	fd	.	0
缹	fh	缶灬	0
缹	hf	.	0
繵	sd	糸亶	0
縸	sm	糸莫	0
縍	sp	糸旁	0
緀	sq	糸妻	0
綡	sj	糸京	0
絒	sv	糸州	0
粊	mb	米比	0
籔	vu	𥫗數	0
簨	vg	.	0
簅	vi	.	0
笣	vb	竹包	0
笓	vb	𥫗比	0
窙	bx	.	0
窙	xx	穴孝	0
穾	by	.	0
穾	xy	穴夭	0
穇	hc	禾參	0
稘	hq	禾其	0
稒	hg	禾固	0
秎	hf	禾分	0
祣	up	.	0
礯	us	.	0
礯	uy	石縈	0
礂	ux	石喜	0
碠	ut	石亭	0
碄	ul	石林	0
砏	uf	石分	0
瞗	on	目鳥	0
瘯	bz	疒族	0
痸	bv	疒制	0
疶	bu	疒世	0
甂	wb	瓦扁	0
玝	ww	王午	0
玒	wg	王工	0
獡	qd	.	0
獡	qh	.	0
獛	qd	.	0
獛	qf	犭夫	0
獛	qp	.	0
猒	qo	犬月	0
猒	qy	.	0
犪	nk	牛夔	0
犪	nw	.	0
犤	nb	牛罷	0
犤	nn	.	0
犝	nt	牛童	0
犚	nw	牛尉	0
犈	nj	牛卷	0
犆	nv	牛直	0
犅	ng	牛岡	0
燨	hy	火義	0
熩	hb	.	0
熩	hh	火扈	0
煘	hx	火咸	0
煓	he	.	0
煁	hu	火甚	0
焲	hy	火夜	0
烚	hh	火合	0
灚	dj	氵覺	0
瀷	dy	氵翼	0
瀔	dg	.	0
瀔	du	氵殳	0
瀄	dj	氵節	0
濷	um	水滿	0
濦	dj	.	0
濦	dx	氵心	0
濍	dc	氵葱	0
澓	df	氵復	0
澋	dj	氵景	0
滜	dg	氵皋	0
滜	du	.	0
滊	dq	氵氣	0
溠	di	氵差	0
渵	dm	氵苗	0
淉	dg	氵果	0
浘	dw	氵尾	0
沎	dh	氵化	0
汫	dj	氵井	0
氠	qu	气申	0
毸	ms	毛思	0
毲	mu	.	0
毲	mv	毛叕	0
毞	mb	毛比	0
毊	qq	.	0
毊	qu	.	0
櫌	my	木憂	0
檹	mq	.	0
檹	my	木旖	0
檌	mz	木罪	0
橪	mr	木然	0
橤	mr	.	0
橤	xm	心木	0
樧	mu	木殺	0
樈	mj	木竟	0
榳	mt	木庭	0
榬	my	木袁	0
榓	mm	木皿	0
棳	mu	.	0
棳	mv	木叕	0
梪	md	木豆	0
桏	me	.	0
桏	mq	木邛	0
栚	mg	木关	0
柧	mg	木瓜	0
枎	mf	木夫	0
曋	ot	日覃	0
暯	om	日莫	0
敹	wb	.	0
敹	wm	攵米	0
敥	hy	.	0
敥	py	攴炎	0
敜	wn	攵念	0
摨	fx	扌犀	0
揯	fh	扌恆	0
揈	fh	扌訇	0
揈	fy	.	0
挸	fj	扌見	0
拻	fh	扌灰	0
戃	xd	心黨	0
憃	xi	心舂	0
惀	xl	忄侖	0
帄	jd	巾丁	0
巕	un	山女	0
嶴	ua	山奥	0
嶭	ux	山辛	0
嶜	uo	山日	0
岓	uj	山斤	0
寁	bj	.	0
嬦	nu	女壽	0
嬞	nd	女董	0
嫳	nb	女敝	0
嫳	nw	.	0
嫬	nu	女庶	0
姛	nt	女同	0
姏	ng	女甘	0
妎	nj	女介	0
奫	dy	大淵	0
壴	ua	.	0
壴	ud	十豆	0
墺	ta	土奥	0
圢	td	土丁	0
圔	kh	.	0
圔	km	.	0
噚	kx	口尋	0
嗋	ko	.	0
嗋	kx	口脅	0
嗋	ky	.	0
哸	kt	口妥	0
厗	ix	厂辛	0
剆	dl	.	0
冹	db	.	0
俀	rt	亻妥	0
齞	iv	齒只	0
齝	it	齒台	0
齘	ij	齒介	0
齖	iy	齒牙	0
鼥	ub	.	0
鼞	gt	鼓堂	0
鶷	nh	鳥害	0
鵳	nj	鳥肩	0
鵊	nj	鳥夾	0
鰝	yg	魚高	0
鯬	yd	.	0
鬤	ix	髟襄	0
鬄	iy	髟易	0
驨	mj	馬冏	0
驨	mk	.	0
驧	mj	馬鞠	0
驐	md	馬敦	0
駍	mp	馬平	0
馯	mg	馬干	0
馦	xj	香兼	0
饡	uz	飠贊	0
饓	ut	飠棠	0
顝	yg	頁骨	0
頧	vy	.	0
頧	yv	.	0
鞪	gm	.	0
鞪	gw	革攵	0
霒	yj	雲今	0
雈	cv	卝隹	0
雈	sh	.	0
雈	va	.	0
閍	mf	門方	0
鑳	jj	金蹇	0
鑳	jz	.	0
鑏	jn	金寧	0
鑆	jd	金對	0
鏀	jl	.	0
鎈	ji	金差	0
鍹	jx	金宣	0
錖	ju	金叔	0
鋍	jb	金孛	0
鋍	jz	.	0
銌	jc	金存	0
銆	jb	金百	0
鉠	jy	金央	0
釸	jx	金夕	0
釢	jn	金乃	0
醾	ym	酉糜	0
醠	ya	酉盎	0
醆	yj	酉戔	0
郺	db	.	0
郺	dy	多邕	0
郹	ej	.	0
郹	eq	耳犬	0
遳	zc	辶莝	0
遳	zz	.	0
轝	iy	車與	0
輵	ih	車曷	0
輴	id	車盾	0
輲	ie	.	0
輑	ij	車君	0
躎	ze	足爾	0
趀	zz	.	0
赲	zl	走力	0
貵	bd	貝大	0
貥	bk	貝亢	0
貕	vx	豸奚	0
貄	vy	豸聿	0
譿	yh	言慧	0
譋	yx	言閒	0
譈	yd	言敦	0
謕	yh	.	0
觾	jy	角燕	0
觨	jg	角汞	0
覕	jb	見必	0
襡	yi	.	0
襡	yu	衤蜀	0
裺	yd	.	0
裺	yy	衤奄	0
衋	xb	血皕	0
衋	yx	聿血	0
蠩	iv	虫諸	0
蠉	ih	.	0
蠉	iy	.	0
蟼	ij	虫敬	0
蟅	iu	虫庶	0
螏	ij	虫疾	0
蝩	iv	虫重	0
蝆	ia	.	0
蝆	if	.	0
蝆	im	虫芈	0
蛃	ib	虫丙	0
虈	cl	艹吕	0
蘱	cl	艹類	0
蘥	cc	.	0
蘥	cy	艹龠	0
蘌	cu	艹示	0
蘌	cy	.	0
藱	cg	艹鬼	0
藱	ch	.	0
薞	cc	.	0
薞	cu	艹食	0
蔤	cm	艹密	0
蔝	cm	艹眯	0
蓶	cw	艹唯	0
蓌	cc	.	0
蓌	cw	艹夂	0
萷	cx	艹削	0
莦	cx	艹肖	0
莥	ci	.	0
莥	cn	艹狃	0
莔	cj	.	0
莔	ck	艹冂	0
苃	cy	艹友	0
苂	ch	艹火	0
臡	rn	肉難	0
臗	ok	月寬	0
腷	of	.	0
腷	ot	月田	0
肵	oj	月斤	0
繠	sr	.	0
繠	sx	糸心	0
縓	sy	糸原	0
絧	st	糸同	0
粁	mq	米千	0
簻	vg	𥫗過	0
箌	vd	𥫗到	0
箄	vb	𥫗卑	0
笰	vf	竹弗	0
竀	bj	.	0
竀	xj	穴見	0
窱	bt	.	0
窱	xt	穴條	0
穛	hj	禾焦	0
稨	hb	禾扁	0
禗	us	示思	0
禈	uj	示軍	0
祪	uw	示危	0
碫	ud	石段	0
硻	uy	石又	0
砎	uj	石介	0
瞣	oh	目患	0
睯	om	.	0
睯	ow	目攵	0
盵	oq	目乞	0
瘑	bg	疒咼	0
瘑	bk	.	0
疧	bu	疒氏	0
甔	wv	瓦詹	0
甔	wy	.	0
瓥	gi	瓜虫	0
瓥	iu	.	0
璻	wc	王翠	0
珿	wz	王足	0
珸	ww	王吾	0
獿	qn	.	0
獿	qw	犭夂	0
猳	qj	犭叚	0
犐	nk	牛科	0
犌	nj	牛叚	0
牬	nz	.	0
燛	hg	.	0
燛	hi	火臣	0
燛	hj	.	0
熼	hg	.	0
熼	hy	火異	0
烰	hf	火孚	0
烒	hu	火式	0
灱	hd	火刀	0
灅	dl	氵壘	0
灅	dt	.	0
瀸	dg	.	0
瀸	dx	.	0
瀪	um	.	0
漍	dg	氵國	0
溛	dg	.	0
溛	dw	氵窊	0
溒	dy	氵袁	0
洯	ud	水刀	0
毤	my	.	0
殧	dj	歹就	0
殦	dn	歹鳥	0
殔	dl	歹隶	0
歾	dw	歹勿	0
歶	vy	.	0
歶	yc	.	0
欘	mi	.	0
欘	mu	木屬	0
檃	mx	木𫜹	0
檃	my	.	0
橍	mr	木閏	0
樲	me	木貳	0
樀	md	.	0
榶	mt	木唐	0
榩	mq	木虔	0
榩	mw	.	0
楒	ms	木思	0
椻	mn	木女	0
棦	mv	木争	0
棎	mm	木木	0
棎	mu	.	0
桾	mj	木君	0
桼	mu	木氺	0
柋	md	木代	0
枅	mk	木开	0
杺	mx	木心	0
朠	oy	月英	0
昮	og	日功	0
旲	od	日大	0
斖	wq	文且	0
斖	wx	.	0
敳	wd	.	0
敳	wq	攵豈	0
擨	fq	扌欠	0
擨	fy	.	0
擙	fa	扌奥	0
摬	fj	扌竟	0
摙	fl	扌連	0
抰	fy	扌央	0
戫	yh	有或	0
憴	dh	.	0
憴	xm	心黽	0
慡	xu	心爽	0
愮	xf	忄缶	0
惁	xx	心析	0
忀	xx	彳襄	0
忀	xy	.	0
彶	xj	彳及	0
彔	au	.	0
彔	ju	彑氺	0
彔	uj	.	0
彔	vu	.	0
彔	zd	.	0
弝	gb	弓巴	0
廅	gh	广盍	0
廅	gm	.	0
庣	gv	广兆	0
庌	gy	广牙	0
幧	jz	.	0
幁	jy	巾頁	0
嶟	uz	山尊	0
嵾	up	.	0
崥	ub	山卑	0
崣	uw	山委	0
峿	uw	山吾	0
岋	uj	山及	0
尳	yg	尢骨	0
寱	bn	宀臬	0
嬼	nl	女劉	0
嫊	ns	女素	0
媶	nr	女茸	0
媐	ns	女巳	0
娾	ny	.	0
妢	nf	女分	0
奾	nu	女山	0
壛	ty	土閻	0
墋	tc	土參	0
墂	tp	土票	0
塛	tl	土栗	0
垥	th	土合	0
垀	th	土乎	0
坽	tl	土令	0
坁	tu	土氏	0
圚	kg	.	0
圁	ky	.	0
囃	kv	.	0
囃	kz	口雜	0
噾	ky	.	0
嗕	kr	口辱	0
唲	ke	口兒	0
呥	kr	口冉	0
厏	iv	厂乍	0
儱	rl	亻龍	0
儮	rl	亻歷	0
儮	rv	.	0
傿	ry	亻焉	0
偣	ry	亻音	0
倱	rk	亻昆	0
倗	rp	亻朋	0
侺	rc	亻岑	0
仜	rg	亻工	0
惊	xj	心京	0
复	pw	丿夂	0
复	rw	𠂉夂	0
复	wo	夂日	0
厂	ap	一丿	0
蚕	it	虫天	0
蚕	ti	天虫	0
蚝	im	虫毛	0
齹	ii	齒差	0
齴	iy	齒彦	0
齥	iy	齒曳	0
齈	bn	鼻農	0
黈	hv	黄主	0
黂	mb	麻賁	0
麡	lq	鹿齊	0
鷕	nw	鳥唯	0
鴅	nd	鳥丹	0
鳱	ng	鳥干	0
鱞	yh	.	0
鱞	yy	.	0
鱙	yy	魚堯	0
鰔	yx	魚咸	0
鯦	yj	魚咎	0
鯠	yl	魚來	0
鮥	yg	魚各	0
魦	yu	魚少	0
魡	yu	魚勺	0
鬠	ih	髟會	0
鬞	in	髟農	0
髬	ip	髟丕	0
騴	ma	.	0
騴	my	馬晏	0
騉	mk	馬昆	0
駽	mo	馬月	0
駽	my	.	0
饙	ub	食賁	0
餤	uy	食炎	0
餀	ua	食艾	0
顪	ys	頁歲	0
顤	yy	頁堯	0
顜	yg	.	0
顜	yr	頁冉	0
頄	jy	九頁	0
頄	yj	頁九	0
韣	wi	.	0
韣	wu	韋蜀	0
韎	wm	韋末	0
鞻	gl	革婁	0
鞢	gm	革木	0
霺	yw	雨微	0
隿	vy	隹弋	0
陎	ev	耳朱	0
阣	eq	耳乞	0
閐	mm	門毛	0
镻	iu	镸失	0
鑶	jc	金藏	0
鐼	jb	金賁	0
鏾	js	金散	0
鏎	jb	金畢	0
鎷	jm	金馬	0
錌	ja	金岸	0
鋑	jj	.	0
銇	jl	金耒	0
鈙	jp	金攴	0
鈙	jy	.	0
鈗	jy	金允	0
鈏	jy	金引	0
酳	yo	酉月	0
酳	yy	.	0
鄬	ew	耳爲	0
郬	eq	耳青	0
郘	el	耳吕	0
郋	ez	耳自	0
輠	ig	車果	0
輘	il	.	0
軴	iv	車主	0
軬	id	車大	0
軬	si	厶車	0
蹖	zi	足舂	0
蹖	zj	.	0
踙	zq	足取	0
跾	zw	.	0
跾	zy	足攸	0
跇	zu	足世	0
趪	zh	走黄	0
賗	bi	貝串	0
貾	bd	貝氐	0
貚	vd	豸單	0
豥	uh	豕亥	0
豟	ua	.	0
豟	uy	豕乙	0
谻	gp	.	0
讘	yn	言聶	0
讅	yf	.	0
讅	yu	言審	0
譧	yl	言廉	0
謯	yq	言且	0
諿	ye	言耳	0
諿	yq	.	0
諨	yf	.	0
諨	yt	言田	0
諙	yh	言昏	0
諃	yl	言林	0
觢	jd	角刀	0
襋	yj	衤棘	0
袕	yx	衤穴	0
衴	yg	.	0
衴	yy	.	0
衧	yy	衤于	0
蠮	iy	虫翳	0
螷	ib	虫卑	0
蜸	iy	虫又	0
蜭	ij	虫臼	0
蜭	ix	.	0
蚗	id	.	0
蚗	ig	虫夬	0
虭	id	虫刀	0
虥	hj	虎戔	0
藙	cy	艹毅	0
薽	cv	艹甄	0
薽	cw	.	0
薸	cp	艹漂	0
薎	cf	艹伐	0
薍	cl	艹亂	0
蕱	cu	艹稍	0
蕇	cd	艹單	0
蔏	cu	艹商	0
蓪	ct	艹通	0
蒛	cq	艹缺	0
蒏	cy	艹酉	0
葮	cd	艹段	0
葝	cj	艹勁	0
菧	cd	艹底	0
菕	cl	艹侖	0
莏	ci	艹抄	0
茢	cl	艹列	0
艵	bs	并色	0
艜	vd	舟帶	0
腶	od	月段	0
脙	oq	月求	0
聏	ee	耳而	0
翉	yb	羽本	0
羠	yy	羊夷	0
縒	si	糸差	0
緷	sj	糸軍	0
緳	gj	广絜	0
緳	gs	.	0
緁	sj	.	0
綧	sx	糸享	0
綒	sf	糸孚	0
絼	sv	糸豸	0
絘	sc	糸次	0
絖	sg	糸光	0
籈	vv	竹甄	0
籈	vw	.	0
簥	vq	竹喬	0
簎	vc	竹措	0
篧	vv	.	0
箷	vu	𥫗施	0
箯	vb	竹便	0
筡	vy	竹余	0
笚	vj	竹甲	0
穊	hj	禾既	0
秶	hc	禾次	0
秜	hn	禾尼	0
禷	ul	示類	0
礭	uh	石霍	0
礝	ux	石需	0
礛	uj	石監	0
磭	ui	石脣	0
磭	uo	.	0
磭	uy	.	0
磢	uu	石爽	0
磏	uj	石兼	0
眃	oy	目云	0
皾	pm	皮賣	0
瘲	bc	疒從	0
瘲	bv	.	0
瘱	bx	疒心	0
痻	bh	疒昏	0
痯	bg	疒官	0
瓁	wh	.	0
瓁	wy	王又	0
珴	ww	王我	0
獌	qm	犭曼	0
牊	pv	片召	0
燡	hx	火幸	0
焺	hu	火昇	0
焀	hg	火谷	0
烅	hx	火血	0
灉	dv	氵隹	0
灉	dy	.	0
瀿	df	氵繁	0
瀯	dy	氵營	0
瀩	dt	.	0
瀗	dx	氵憲	0
瀎	dm	氵蔑	0
瀊	dm	.	0
瀊	dp	氵盤	0
濇	dh	.	0
濇	ds	氵嗇	0
潫	dj	.	0
潫	ds	氵糸	0
潧	dc	氵曾	0
潣	dm	氵閔	0
潣	dw	.	0
漀	uq	.	0
漀	uu	水殳	0
溾	dg	氵鬼	0
溔	dg	氵羔	0
湱	du	.	0
渽	dz	氵哉	0
淗	dj	.	0
浢	dd	氵豆	0
殶	uv	殳主	0
殶	vu	主殳	0
殟	dw	.	0
殌	dg	歹工	0
殌	dj	.	0
欼	qu	.	0
欼	qv	欠叕	0
櫅	mq	木齊	0
檷	me	木爾	0
檦	mp	木剽	0
橁	ms	木筍	0
橁	mx	.	0
橀	mm	木皿	0
樴	mg	.	0
樴	mv	.	0
槶	mg	木國	0
槏	mj	木兼	0
槄	my	木舀	0
榃	lt	林田	0
榃	tl	.	0
楋	md	.	0
楋	ml	木剌	0
栮	me	木耳	0
栦	mv	木州	0
栜	mc	.	0
杚	mq	木乞	0
昈	oh	日户	0
斔	wy	文臾	0
斔	yw	.	0
攇	fx	扌憲	0
撱	fs	扌隋	0
摮	ua	手敖	0
摮	uw	.	0
挋	fi	扌臣	0
扂	hv	户占	0
懱	xm	心蔑	0
懥	xp	忄疐	0
懥	xv	.	0
憢	xy	忄堯	0
慖	xg	心國	0
惌	by	宀怨	0
惌	xw	.	0
惃	xk	忄昆	0
悈	xj	忄戒	0
怭	xb	忄必	0
忨	xy	心元	0
忁	xu	彳氺	0
徲	xx	彳犀	0
彋	gh	.	0
彋	gy	.	0
弤	gd	弓氐	0
廥	gh	广會	0
幯	jj	巾節	0
嶵	uz	山罪	0
嵧	ul	山留	0
崲	uh	山皇	0
崠	ud	山東	0
岟	uy	山央	0
孻	zj	子盡	0
嬽	nd	女大	0
嬯	nt	女臺	0
嬨	nc	女慈	0
嫷	ns	女隋	0
婈	nl	.	0
姾	nq	女全	0
妽	nu	女申	0
妼	nb	女必	0
妐	ng	女公	0
夎	wz	夂坐	0
壿	uz	士尊	0
墏	tj	土將	0
塝	tp	土旁	0
堲	tj	土即	0
垘	tf	土伏	0
坴	tt	土土	0
嚪	ky	口閻	0
噞	kq	口僉	0
喿	mp	.	0
唹	ky	口於	0
剭	dw	刂屋	0
剒	dx	刂昔	0
刞	dq	刂且	0
儤	rb	亻暴	0
傽	rv	亻章	0
俷	rf	亻肥	0
俔	rj	亻見	0
侇	ry	亻夷	0
丳	aa	.	0
确	uj	石角	0
宁	bd	宀丁	0
构	mg	木勾	0
忏	xq	心千	0
炖	ht	火屯	0
齤	if	.	0
齤	ji	.	0
齇	bc	.	0
齇	bq	鼻且	0
齂	bl	鼻隶	0
麧	mq	麥乞	0
鶳	nu	鳥師	0
鵨	nu	鳥舍	0
鵘	nj	鳥君	0
鱹	yv	魚隹	0
鱵	yx	.	0
鱴	ym	魚蔑	0
鰽	yc	魚曹	0
鰋	yn	魚女	0
鰋	yy	.	0
鯸	yh	魚侯	0
驠	my	馬燕	0
驓	mc	馬曾	0
騲	mc	馬草	0
騢	mj	馬叚	0
馣	xd	.	0
馣	xy	香奄	0
餰	uy	飠衍	0
餯	ut	飠彖	0
餯	uu	.	0
餇	ut	飠同	0
顈	ys	頁糸	0
顄	yh	頁函	0
頝	yj	頁交	0
韸	yf	音丰	0
韘	wm	韋木	0
鞤	gf	革封	0
靲	gj	革今	0
雿	yv	雨兆	0
雡	vl	.	0
雡	vp	.	0
隞	ea	耳敖	0
隞	ew	.	0
隓	ez	阝左	0
鑝	jf	.	0
鑝	jp	金蓬	0
鎀	jx	金修	0
錥	jy	金育	0
鋺	jw	金宛	0
鋊	jg	金谷	0
鈤	jo	金日	0
醥	yp	酉票	0
鄵	ez	.	0
郳	ee	耳兒	0
輍	ig	車谷	0
輂	ig	車共	0
軩	it	車台	0
軧	id	車氐	0
軜	in	車内	0
軘	it	車屯	0
蹗	zl	足鹿	0
趶	zy	足于	0
趓	zd	走朵	0
赽	zd	.	0
赽	zg	走夬	0
赹	zy	走匀	0
贉	bt	貝覃	0
賱	bj	貝軍	0
豩	uu	豕豕	0
豍	db	豆卑	0
讆	yw	言衛	0
譝	dh	.	0
譝	ym	言黽	0
謼	yh	言乎	0
謑	yx	言奚	0
諻	yh	言皇	0
誫	yi	言辰	0
詙	yb	.	0
觠	jj	.	0
裷	yj	衤卷	0
裫	ya	衤丨	0
裋	yd	衤豆	0
衯	yf	衤分	0
衚	xh	.	0
衚	xi	彳亍	0
蠾	iu	虫屬	0
蠽	ig	.	0
蠫	id	.	0
蠌	ix	虫幸	0
蟿	iu	虫殳	0
蟝	iq	虫渠	0
螼	ij	虫堇	0
螴	ii	陳虫	0
螰	il	虫鹿	0
螑	ii	虫臭	0
蝵	iq	虫秋	0
蝛	iw	虫威	0
蝘	in	虫女	0
蝘	iy	.	0
蜵	ia	虫丨	0
蛫	iw	虫危	0
蛗	iv	.	0
蛗	vi	.	0
蚘	iy	虫尤	0
虨	pl	.	0
蘣	cv	艹主	0
藄	cq	艹綦	0
藄	cs	.	0
薧	cs	艹死	0
蕵	cu	.	0
蕮	cd	.	0
蕮	ch	.	0
蕛	cd	艹弟	0
蔙	cx	艹旋	0
蔈	cp	艹票	0
蓫	cv	艹逐	0
菶	cf	艹奉	0
菵	cw	艹罔	0
菣	cy	艹又	0
莍	cq	艹求	0
艬	vi	.	0
艬	vt	舟兔	0
舽	vj	.	0
臸	vv	至至	0
臐	ox	月熏	0
聸	ev	耳詹	0
聸	ey	.	0
聐	ej	耳吉	0
翴	yl	羽連	0
翞	yj	羽京	0
翇	yb	.	0
羦	yw	羊完	0
罦	sf	罒孚	0
緆	sy	糸易	0
絭	js	.	0
絭	sf	.	0
粀	mv	米丈	0
簊	vj	竹基	0
筀	vg	𥫗圭	0
窢	bh	.	0
窢	xh	穴或	0
稫	hf	.	0
稫	ht	禾田	0
秺	hv	禾宅	0
秮	ht	禾台	0
祒	uv	示召	0
硥	ul	.	0
硥	um	石尨	0
瞚	oy	目寅	0
睔	ol	目侖	0
睋	ow	目我	0
皛	bb	白白	0
皒	bw	白我	0
癪	bj	疒積	0
癪	bz	.	0
畣	rf	.	0
畣	rt	人田	0
畣	th	.	0
甇	hw	火瓦	0
甇	wb	瓦冖	0
璭	wy	王運	0
珚	wy	王因	0
玶	wp	王平	0
玵	wg	王甘	0
獊	qc	犭倉	0
猑	qk	犭昆	0
狦	qa	.	0
狦	qc	.	0
牞	nl	牛力	0
爦	hj	.	0
爦	hl	火覽	0
燢	hb	火冖	0
燢	jh	.	0
燀	hd	火單	0
熪	hy	火移	0
熧	hc	火從	0
熧	hv	.	0
焍	hd	火弟	0
烠	hy	火有	0
灁	dq	氵泉	0
瀱	dd	.	0
瀱	dy	.	0
瀢	dy	氵遺	0
濝	dq	氵綦	0
濝	ds	.	0
滐	dj	氵桀	0
滐	dm	.	0
湕	dj	氵建	0
淣	de	氵兒	0
泭	df	氵付	0
泍	db	氵本	0
沋	dy	氵尤	0
毻	mo	毛月	0
毻	my	.	0
欥	oq	日欠	0
欂	mb	木薄	0
櫰	mh	.	0
櫰	my	.	0
櫇	mp	木頗	0
櫇	my	.	0
檭	my	木銀	0
榹	mh	.	0
榰	mo	.	0
榰	mq	木耆	0
榰	mr	.	0
榤	mj	木桀	0
榤	mm	.	0
楈	mx	木胥	0
椌	mk	木空	0
棇	mx	木心	0
柶	ms	木四	0
柭	mb	.	0
柍	my	木央	0
柉	mf	木乏	0
暺	od	日單	0
昋	to	天日	0
旍	fl	方令	0
斒	wb	文扁	0
攩	fd	扌黨	0
攗	fm	扌麋	0
撠	fg	.	0
撠	fj	扌戟	0
搣	fh	扌火	0
搣	fm	.	0
揊	ff	.	0
揊	ft	扌田	0
捚	fl	扌里	0
捗	fb	扌步	0
捇	fi	扌赤	0
抁	fy	扌允	0
戺	hs	户巳	0
戙	gt	戈同	0
憛	xt	忄覃	0
慺	xl	忄婁	0
愋	xy	心爰	0
惈	xg	忄果	0
恀	xd	心多	0
忥	qx	气心	0
徿	xl	彳龍	0
庂	gr	广人	0
幠	jw	巾無	0
嶚	ul	.	0
嶚	ux	山小	0
嶉	uw	山唯	0
嵼	ui	.	0
尒	rx	人小	0
嫹	nh	女黄	0
嫨	nh	女𦰩	0
嫥	nv	女專	0
媎	nv	女者	0
婩	na	女岸	0
婒	ny	女炎	0
娹	nx	女弦	0
奰	ds	大罒	0
奰	sd	罒大	0
塯	tl	土留	0
塎	tr	土容	0
埐	ty	土又	0
喒	ko	.	0
喒	kr	.	0
喒	kz	口昝	0
匒	gd	.	0
匒	gh	勹合	0
勂	lg	力告	0
刉	dq	刂乞	0
僛	rq	亻欺	0
僋	rt	亻貪	0
偨	ri	亻柴	0
偗	ru	亻省	0
偅	rv	亻重	0
俖	rf	亻否	0
侳	rz	亻坐	0
仱	rj	亻今	0
仚	ru	人山	0
仈	rb	亻八	0
怀	xb	心不	0
泞	dn	氵宁	0
嗀	uk	.	0
齯	ie	齒兒	0
鼪	uu	鼠生	0
鼁	mq	黽去	0
麶	ml	麥离	0
麎	li	鹿辰	0
麊	ml	米鹿	0
麆	lq	鹿且	0
鸗	nl	鳥龍	0
鷰	cn	廿鳥	0
鷰	nb	.	0
鷤	nd	鳥單	0
鷐	ni	鳥晨	0
鶈	nq	鳥妻	0
鴄	np	鳥匹	0
鱢	yz	.	0
鱋	yx	魚虚	0
鱀	yj	魚既	0
鰇	yr	魚柔	0
魶	yn	魚内	0
鬾	gv	鬼支	0
髧	ig	髟乚	0
髧	iy	髟冘	0
驞	mb	馬賓	0
驆	mb	馬畢	0
騚	mq	馬前	0
駶	mj	馬局	0
靻	gq	革且	0
靃	yv	雨隹	0
霠	yj	雨今	0
雓	vy	隹余	0
隇	ew	耳威	0
陓	ek	耳夸	0
閷	iu	.	0
閷	uu	杀閃	0
閷	wu	.	0
鑸	jl	金壘	0
鑸	jt	.	0
鑮	jb	金薄	0
鎴	jx	金息	0
鎝	jd	.	0
鎝	jh	金合	0
鎎	jq	金氣	0
錝	jz	金宗	0
鉧	jm	金母	0
釴	jy	金弋	0
鄾	ey	耳憂	0
鄝	el	.	0
鄝	ep	.	0
鄁	eb	耳背	0
邞	ef	耳夫	0
轑	il	.	0
轑	ix	車小	0
輋	id	車大	0
輋	ui	山車	0
軓	if	車凡	0
躌	zw	足舞	0
踇	zm	足每	0
趮	zz	.	0
趠	zv	走卓	0
貀	vi	豸出	0
豦	hu	虍豕	0
讈	yl	言歷	0
讈	yv	.	0
讂	yw	.	0
讂	yx	言夐	0
譣	yq	言僉	0
譆	yx	言喜	0
謽	yq	言强	0
謪	yu	言商	0
謜	yy	言原	0
謘	yx	言辛	0
謆	yu	言扇	0
諘	yb	言表	0
觻	jl	角樂	0
觻	jy	.	0
觰	jv	角者	0
觬	je	角兒	0
褮	hy	火衣	0
褮	yb	衣冖	0
褖	yt	衤彖	0
褖	yu	.	0
袡	yr	衤冉	0
衶	yv	衤中	0
蠷	iq	虫瞿	0
蠷	iv	.	0
蠀	iz	虫資	0
蟃	im	虫曼	0
螪	iu	虫商	0
蜰	if	虫肥	0
蜌	ib	虫坒	0
蜌	it	.	0
蛵	ig	虫工	0
蛵	ij	.	0
蛨	ib	虫百	0
蛌	ig	虫瓜	0
蛅	iv	虫占	0
虴	iq	虫七	0
虴	it	.	0
虳	iu	虫勺	0
虍	hu	.	0
蘵	cv	艹職	0
蘟	cx	.	0
蘟	cy	艹隱	0
藸	cv	艹豬	0
藬	cg	.	0
藬	ct	艹隤	0
薕	cl	艹廉	0
薃	cg	艹高	0
薃	ch	.	0
蔜	ca	艹敖	0
蔜	cw	.	0
蓻	cv	艹執	0
蓒	cx	艹軒	0
蒩	cz	艹租	0
蒤	ct	艹涂	0
葟	ch	艹皇	0
葃	cz	艹昨	0
萭	cy	艹禹	0
萒	cy	艹兖	0
菬	cv	艹沼	0
菙	ci	艹垂	0
莌	cd	艹兑	0
荿	ci	艹成	0
荌	ca	艹安	0
苨	cn	艹尼	0
苀	ck	艹亢	0
艡	vd	舟當	0
艞	vv	舟兆	0
艞	vy	.	0
艂	vf	舟丰	0
臩	hs	.	0
臩	ia	臣丨	0
臩	id	.	0
膮	oy	月堯	0
肂	dy	歹聿	0
翿	yu	羽壽	0
翸	yb	羽賁	0
羛	yf	.	0
繺	su	糸煞	0
繶	sy	糸意	0
縼	sx	糸旋	0
縜	sy	糸員	0
縔	ss	糸桑	0
縃	sx	糸胥	0
緎	sh	糸或	0
綼	sb	糸卑	0
粴	ml	米里	0
粣	mc	米册	0
粡	mt	米同	0
粅	mw	米勿	0
篣	vp	竹旁	0
篞	vn	竹涅	0
篎	vm	𥫗眇	0
笴	vk	竹可	0
竁	bm	.	0
竁	bq	.	0
竁	xm	.	0
竁	xq	.	0
禭	us	示遂	0
祳	ui	示辰	0
礸	uz	石贊	0
碤	uy	石英	0
硢	uy	石余	0
矷	uz	石子	0
瘽	bj	疒堇	0
瘨	bv	疒真	0
瓻	wx	瓦希	0
瓕	ym	玉彌	0
璶	wj	王盡	0
琈	wf	王孚	0
猈	qb	犭卑	0
犓	nc	.	0
犓	ni	牛芻	0
爣	hd	火黨	0
爃	hr	火榮	0
燱	hy	火意	0
熉	hy	火員	0
煪	hq	火酋	0
焋	hv	火壯	0
烶	ht	火廷	0
烡	hg	火共	0
烎	hk	火开	0
炓	hd	火斗	0
灛	dd	.	0
灛	di	氵闡	0
潩	dg	.	0
潩	dy	氵異	0
潗	dj	氵集	0
潒	dx	氵象	0
湀	dg	氵癸	0
湀	dt	.	0
渜	dd	氵大	0
淢	dh	氵或	0
淔	dv	氵直	0
涆	dg	氵旰	0
泧	dy	.	0
殥	dy	歹寅	0
歞	qs	.	0
欳	qc	欠艹	0
欭	qy	欠因	0
欨	qj	欠句	0
欙	ml	.	0
欙	ms	木糸	0
櫯	mh	.	0
櫯	ms	木穌	0
櫮	me	木噩	0
橶	mg	.	0
橶	mj	木戟	0
橭	mg	木辜	0
橨	mb	木賁	0
槉	mj	木疾	0
榐	mv	木展	0
楴	md	木帝	0
楁	mk	木客	0
棴	mf	木服	0
梑	md	木狄	0
梉	mv	木壯	0
桸	mx	木希	0
栵	ml	木列	0
柌	ms	木司	0
朄	uj	申柬	0
斻	fj	方几	0
敿	wq	攵喬	0
搟	fx	扌軒	0
抮	fp	.	0
扷	fy	扌夭	0
憌	xj	心鈞	0
慹	xv	心執	0
愃	xx	心宣	0
悿	xt	忄忝	0
悿	xx	.	0
悇	xy	心余	0
恄	xj	心吉	0
彉	gh	弓黄	0
庢	gv	广至	0
幊	jg	巾貢	0
嶪	uy	山業	0
嶡	uj	山厥	0
嶡	uq	.	0
嶆	uc	山曹	0
嵱	ur	山容	0
崼	uu	山是	0
崶	uf	山封	0
屾	uu	山山	0
寲	by	宀疑	0
嬥	nd	女翟	0
嬥	nv	.	0
嫴	ng	女辜	0
媰	nc	.	0
媰	ni	女芻	0
媏	ne	.	0
媋	ni	女春	0
婛	nj	女京	0
娷	ni	女垂	0
娮	ny	女言	0
娊	nj	女見	0
姇	nf	女付	0
夒	aw	一夂	0
夒	wb	夂八	0
壉	tj	.	0
壉	tu	土豕	0
墽	tj	土敫	0
墽	tw	.	0
墔	tc	土崔	0
塶	tl	土鹿	0
堹	tv	土重	0
堬	ty	土俞	0
堁	tg	土果	0
垶	tx	土辛	0
坋	tf	土分	0
嘝	kd	.	0
嘝	kh	口斛	0
唴	kg	.	0
唴	kq	口羌	0
咠	ke	口耳	0
厬	ig	厂晷	0
厬	ik	.	0
劀	dk	.	0
劀	dy	刂矞	0
僔	rz	亻尊	0
僆	rl	亻連	0
傝	ry	亻羽	0
偝	rb	亻背	0
倳	ru	亻事	0
倯	rs	亻松	0
圣	ty	土又	0
圣	yt	又土	0
肮	ok	月亢	0
沄	dy	氵云	0
齾	iq	.	0
齾	ix	齒獻	0
麮	mq	麥去	0
鳵	nu	鳥十	0
鳵	nx	.	0
鰿	yz	魚責	0
魾	yp	魚丕	0
魰	yw	魚文	0
魬	yf	魚反	0
魕	gj	鬼幾	0
鬗	ir	髟入	0
鬕	im	髟莫	0
鬌	io	髟月	0
駻	mh	馬旱	0
駤	mv	馬至	0
駎	my	馬由	0
駋	mv	馬召	0
馵	mc	馬廾	0
馧	xw	.	0
霥	ym	.	0
霥	yu	.	0
霐	yh	雨泓	0
霐	ys	.	0
隑	ed	.	0
隑	eq	耳豈	0
陫	ef	阝非	0
闚	mg	門規	0
鐷	jm	.	0
鐱	jq	金僉	0
鐰	jz	.	0
鐎	jj	金焦	0
鐉	jg	.	0
鎱	jy	金袁	0
鎍	js	金索	0
鍻	jh	金曷	0
鍡	jw	金畏	0
鍕	jj	金軍	0
錭	jv	金周	0
鋠	ji	金辰	0
鉽	ju	金式	0
鈶	jt	金台	0
鄪	ef	耳費	0
郥	eb	耳貝	0
遧	zv	辶章	0
轠	il	.	0
轋	il	車連	0
輆	ih	車亥	0
軷	ib	.	0
軡	ij	車今	0
軉	ub	身寶	0
踍	zx	足孝	0
跢	zd	足多	0
賝	bm	貝木	0
賝	bu	.	0
豱	uw	.	0
豏	dj	豆兼	0
謰	yl	言連	0
謒	yc	言倉	0
詶	yv	言州	0
詴	yy	言有	0
襼	yy	衤藝	0
襑	yx	衤尋	0
褋	ym	衤木	0
裮	yi	衤昌	0
衃	xb	血不	0
蠳	iy	虫嬰	0
螹	iv	虫斬	0
螖	ig	虫骨	0
蝳	id	虫毒	0
蝫	iv	虫者	0
蝝	it	虫彖	0
蝝	iu	.	0
蚥	if	虫父	0
蚞	im	虫木	0
蘾	ch	艹壞	0
蘲	cl	艹壘	0
蘲	ct	.	0
藣	cb	艹罷	0
藣	cn	.	0
藃	cq	艹欠	0
藃	cx	.	0
薚	cw	艹勿	0
薚	cy	.	0
蔱	cu	艹殺	0
蔨	cq	艹圈	0
蔒	cd	.	0
蔒	ch	艹灬	0
莇	cv	艹助	0
荵	cr	艹忍	0
荁	cg	艹亘	0
茥	cg	艹圭	0
艛	vl	舟婁	0
舼	vg	舟共	0
膷	ox	月鄉	0
腞	ot	月彖	0
腞	ou	.	0
胹	oe	月而	0
肙	ko	口月	0
肙	ky	.	0
翵	yn	羽鳥	0
紶	sq	糸去	0
紎	sq	糸犬	0
籸	mu	米十	0
籸	mx	.	0
籵	mu	米十	0
簭	ku	.	0
簭	vk	竹口	0
篿	vv	𥫗專	0
笐	vk	竹亢	0
竷	vw	章夂	0
窷	bl	.	0
窷	xl	穴聊	0
窇	bb	.	0
窇	xb	穴包	0
稰	hx	禾胥	0
稦	hw	禾韋	0
秠	hp	禾丕	0
礹	ug	.	0
礹	uy	石嚴	0
磹	ut	石覃	0
磛	uv	石斬	0
瞙	om	目莫	0
盰	og	目干	0
瘺	bl	.	0
瘺	by	疒雨	0
瘔	bk	疒苦	0
疘	bg	疒工	0
瑂	wm	王眉	0
獶	qy	犭憂	0
獙	qb	犭敝	0
獙	qw	.	0
猌	ql	犬來	0
狫	ql	犭老	0
牪	nn	牛牛	0
爙	hx	火襄	0
爁	hj	火監	0
熆	hh	火盍	0
熆	hm	.	0
炩	hl	火令	0
灟	du	氵屬	0
濻	dg	.	0
濻	dt	氵隤	0
潎	db	氵敝	0
潎	dw	.	0
滽	dy	氵庸	0
溣	dl	氵倫	0
湡	dy	氵禺	0
汏	dd	氵大	0
氥	qx	气西	0
欓	md	木黨	0
檴	mh	.	0
檴	my	木又	0
檤	md	木道	0
檅	ms	木歲	0
橯	ml	木勞	0
橠	mi	.	0
橠	my	.	0
橆	pl	.	0
橆	rl	𠂉林	0
槬	mg	.	0
槬	mh	木瓠	0
楖	mj	木即	0
椥	mv	木知	0
棩	ma	木丨	0
桽	mz	木坐	0
桵	mt	木妥	0
桋	my	木夷	0
栫	mc	木存	0
栠	mr	木任	0
杅	my	木于	0
暊	oy	日頁	0
暀	ow	日往	0
敶	ew	.	0
敶	wi	攵陳	0
攎	fl	扌盧	0
攃	fc	扌蔡	0
揤	fj	扌即	0
挬	fb	扌孛	0
挬	fz	.	0
拵	fc	扌存	0
憳	xx	心尋	0
憡	xc	忄策	0
慦	xj	心救	0
徾	xw	彳攵	0
嶩	un	山農	0
嵿	ud	山頂	0
崹	ud	山帝	0
崰	ut	.	0
崰	uz	山甾	0
峔	ul	山老	0
嬮	nq	.	0
嬮	ny	女厭	0
嬧	nj	女盡	0
嬣	nn	女寧	0
嬂	ng	.	0
嬂	nv	.	0
嫸	nu	女善	0
嫝	nk	女康	0
媯	nw	女爲	0
姷	ny	女有	0
埌	tl	土良	0
垙	tg	土光	0
呁	ky	口匀	0
厧	iv	厂真	0
厜	ii	厂垂	0
匰	kd	匚單	0
匑	gg	勹躬	0
劋	dz	.	0
儠	rl	.	0
儚	rm	亻夢	0
儚	rx	.	0
儑	rs	.	0
儿	pg	丿乚	0
赶	zg	走干	0
岭	ul	山令	0
蔂	cl	艹累	0
齺	ic	.	0
齺	ii	齒芻	0
齱	iq	齒取	0
齛	iu	齒世	0
麜	ll	鹿栗	0
麌	lw	鹿吴	0
鷝	nb	鳥畢	0
鶿	nz	鳥兹	0
鶜	nm	鳥茅	0
鵏	nf	鳥甫	0
鮤	yl	魚列	0
鮡	yv	魚兆	0
鮇	yw	魚未	0
髜	gu	高昇	0
騱	mx	馬奚	0
騆	mv	馬周	0
顐	yj	頁軍	0
顉	yj	頁金	0
頛	yl	頁耒	0
韥	wm	韋賣	0
韐	wh	韋合	0
雂	vj	隹今	0
鑐	jx	金需	0
鑈	je	金爾	0
鐪	jl	金虜	0
鐪	jn	.	0
鐊	jy	金陽	0
鐀	jg	金貴	0
鏸	jh	金惠	0
鍣	jt	.	0
鍣	jv	.	0
鍜	jj	金叚	0
鍐	jw	金夂	0
鋻	jy	金又	0
銔	ju	金十	0
鈭	jc	金此	0
釽	jv	金爪	0
釱	jd	金大	0
邍	zl	辶录	0
辴	id	辰單	0
輤	iq	車青	0
輖	iv	車周	0
輎	ix	車肖	0
軮	iy	車央	0
軠	ir	車壬	0
躖	za	.	0
躖	zy	足幺	0
赻	zu	走少	0
豻	vg	豸干	0
譹	yh	言豪	0
譊	yy	言堯	0
詀	yv	言占	0
觷	jb	角冖	0
觷	jj	.	0
觲	jn	角牛	0
觩	jq	角求	0
覹	jw	見微	0
褎	dy	.	0
褎	wy	.	0
褎	yh	衣禾	0
裻	yu	衣叔	0
袾	yv	衤朱	0
袶	yj	.	0
袬	dy	.	0
袬	wy	.	0
袬	yk	.	0
袬	yt	衣台	0
蟙	ig	.	0
蟙	iv	.	0
螤	id	.	0
螤	wd	.	0
螤	wr	.	0
蝧	iy	虫英	0
蛈	iu	虫失	0
蚽	ip	虫丕	0
蚷	ij	虫巨	0
虪	hh	虎黑	0
虪	ht	.	0
虃	cg	.	0
虃	cj	艹韭	0
蘳	cg	艹圭	0
藯	cw	艹慰	0
藆	cu	.	0
蕄	cm	艹悶	0
蔋	cu	艹淑	0
葌	cj	.	0
葌	cn	艹女	0
菗	ci	艹抽	0
菃	cj	艹巨	0
莗	ci	艹車	0
茤	cd	艹多	0
茙	cr	艹戎	0
苵	cu	艹失	0
苰	ch	艹弘	0
苰	cs	.	0
苬	cq	艹囚	0
艩	vq	舟齊	0
膟	ol	月率	0
膟	ou	.	0
腲	ow	月畏	0
聈	ey	耳幼	0
羷	yq	羊僉	0
羉	ss	罒糸	0
繜	sz	糸尊	0
紻	sy	糸央	0
紃	si	糸川	0
篽	vy	竹御	0
篢	vg	𥫗貢	0
篕	vh	𥫗盍	0
篕	vm	.	0
篊	vh	𥫗洪	0
箂	vl	竹來	0
笵	ve	.	0
笵	vf	竹氾	0
笉	vy	竹匀	0
稄	hj	.	0
祴	uj	示戒	0
祑	uu	示失	0
礥	ux	石賢	0
硹	us	石松	0
砃	ud	石丹	0
矲	ub	矢罷	0
矲	un	.	0
瞺	oh	目會	0
瞨	od	.	0
瞨	of	目夫	0
瞨	op	.	0
疌	ad	.	0
疌	av	.	0
甐	wl	.	0
瓡	gx	瓜幸	0
瓡	xg	幸瓜	0
狾	qv	犭折	0
狆	qv	犭中	0
爩	hp	.	0
爩	hy	火鬱	0
燽	hu	火壽	0
煍	hq	火秋	0
焥	hw	火宛	0
濨	dc	氵慈	0
濧	dd	氵對	0
潪	dv	氵智	0
湚	dg	.	0
湚	do	.	0
湚	dy	氵胤	0
湇	do	氵月	0
湇	dy	.	0
渶	dy	氵英	0
涋	dq	氵犬	0
涋	dt	.	0
沰	du	氵石	0
汻	dw	氵午	0
毈	ld	卵段	0
殙	dh	歹昏	0
殈	dx	歹血	0
歋	qh	欠虎	0
欴	ql	欠良	0
欚	mi	木虫	0
欚	ml	木蠡	0
欀	mx	木襄	0
櫼	mg	木戈	0
櫼	mx	木韱	0
櫠	mf	木廢	0
樍	mz	木責	0
槫	mv	木專	0
槆	mx	木荀	0
楀	my	木禹	0
棤	mx	木昔	0
柼	mx	木穴	0
杽	mu	木手	0
曊	of	日費	0
旟	fy	方與	0
敆	hy	合又	0
敆	ph	攴合	0
攭	fi	扌虫	0
攭	fl	扌蠡	0
攌	fh	扌圜	0
拹	fl	扌力	0
拹	fx	扌劦	0
戠	gy	戈音	0
戠	lg	立戈	0
戠	og	日戈	0
戠	yg	音戈	0
懁	xh	忄睘	0
懁	xy	忄睘	0
愲	xg	忄骨	0
徆	xx	彳西	0
彏	gj	弓矍	0
彏	gy	弓又	0
廗	gd	广帶	0
庴	gx	广昔	0
庨	gx	广孝	0
帴	jj	巾戔	0
嵢	uc	山倉	0
崷	uq	山酋	0
崝	uq	山青	0
峌	uv	山至	0
岤	ux	山穴	0
屳	ru	入山	0
寪	bw	宀爲	0
寎	bb	宀丙	0
嬓	nj	女敫	0
嬓	nw	女攵	0
媷	nr	女辱	0
媴	ny	女袁	0
姀	nh	女禾	0
夗	xe	卩夕	0
夗	xe	夕卩	0
堛	tf	土畐	0
堛	tt	土田	0
埁	tc	土岑	0
坅	tj	土今	0
嘾	kt	口覃	0
嗿	kt	口貪	0
啿	ku	口甚	0
呬	ks	口四	0
匴	ks	匚算	0
刱	jb	井八	0
凞	dd	冫灬	0
凞	dh	冫灬	0
凞	dx	冫熙	0
凗	dc	冫崔	0
冔	oy	日于	0
儢	rs	亻思	0
偠	ry	亻要	0
异	cs	廾巳	0
异	sc	巳廾	0
茧	ci	艹虫	0
瓮	wg	瓦公	0
黕	hg	黑乚	0
黕	hy	黑冘	0
鸏	nm	鳥蒙	0
鶙	nd	鳥帝	0
鱊	yk	魚口	0
鱊	yy	魚矞	0
魻	yj	魚甲	0
鬫	dg	鬥敢	0
騪	ms	馬叟	0
馫	xx	香香	0
饖	us	食歲	0
顩	yq	頁僉	0
鑩	je	金噩	0
鐬	js	金歲	0
鏒	jc	金參	0
鎨	js	金隼	0
鎨	ju	金十	0
鎤	jh	金晃	0
鋷	jq	金取	0
釮	jc	金才	0
醀	yv	酉隹	0
鄦	ew	耳無	0
郠	eg	耳更	0
轃	iq	車秦	0
踓	zv	足隹	0
跲	zh	足合	0
趜	zj	走匊	0
譨	yn	言農	0
譥	yj	言敫	0
譥	yw	言攵	0
譕	yw	言無	0
譐	yz	言尊	0
譇	yu	言奢	0
詊	yb	言半	0
襺	yi	衤虫	0
襺	yj	衤繭	0
蠰	ix	虫襄	0
螔	ih	虫虎	0
蝷	in	虫屰	0
薶	cl	艹里	0
蓛	cw	艹攵	0
蓎	ct	艹唐	0
蓅	cl	艹流	0
葐	cp	艹盆	0
莐	cu	艹沈	0
荴	cf	艹扶	0
艒	vm	舟冒	0
膌	oj	月脊	0
胅	ou	月失	0
翋	yl	羽立	0
羺	yx	羊需	0
罜	sv	罒主	0
篻	vp	竹票	0
筤	vl	𥫗良	0
笎	vy	𥫗元	0
窏	by	宀于	0
窏	xy	穴于	0
稓	hx	禾昔	0
秞	hy	禾由	0
礣	um	石蔑	0
礗	ub	石賓	0
磍	uh	石害	0
硈	uj	石吉	0
矏	of	目方	0
瞲	ok	目口	0
瞲	oy	目矞	0
瞈	ow	目翁	0
痝	bl	疒龙	0
痝	bm	疒尨	0
痎	bh	疒亥	0
疀	jt	疌田	0
疀	jz	疌甾	0
瓾	ww	瓦委	0
珼	wb	王貝	0
玿	wv	王召	0
獟	qy	犭堯	0
猣	qw	犭夂	0
猏	qj	犭肩	0
牄	pc	爿倉	0
爅	hm	火墨	0
燆	hq	火喬	0
燅	hl	火坴	0
燅	ht	火土	0
燅	yl	炎坴	0
燅	yt	炎土	0
熀	hh	火晃	0
瀳	dd	氵灬	0
瀳	dh	氵灬	0
瀳	dj	氵薦	0
澸	dg	氵感	0
滵	dm	氵密	0
湒	de	氵耳	0
湒	dq	氵咠	0
湆	dy	氵音	0
涄	dk	氵丂	0
涄	dp	氵甹	0
洉	dh	氵后	0
沶	du	氵示	0
汳	df	氵反	0
汯	dh	氵厷	0
汯	ds	氵厶	0
歊	qg	欠高	0
檕	mu	木殳	0
槾	mm	木曼	0
榵	mr	木茸	0
楑	mg	木癸	0
楑	mt	木天	0
楅	mf	木畐	0
楅	mt	木田	0
梤	mf	木分	0
梒	mh	木含	0
晪	od	日典	0
旞	fs	方遂	0
攳	vx	支尋	0
搚	fo	扌月	0
搚	fx	扌脅	0
揧	ud	手刂	0
揧	ul	手剌	0
捑	fd	扌大	0
抌	fg	扌乚	0
抌	fy	扌冘	0
惍	xj	忄金	0
怴	xy	忄戉	0
怑	xb	忄半	0
怉	xb	忄包	0
徟	xv	彳周	0
帣	jf	巾夫	0
帣	jj	龹巾	0
嶊	ut	山推	0
嵞	uy	山余	0
嵞	yu	余山	0
峸	ui	山成	0
峉	ug	山各	0
寋	be	宀	0
孎	nu	女屬	0
奊	da	大𠃊	0
奊	dv	大𠃊	0
夃	ny	乃又	0
壧	tg	土敢	0
壧	ty	土嚴	0
壔	tu	土壽	0
嘪	km	口買	0
勴	ll	力慮	0
剫	dd	刂度	0
刡	dm	刂民	0
儓	rt	亻臺	0
侜	rv	亻舟	0
侀	rx	亻刑	0
篱	vl	𥫗离	0
黀	mq	麻取	0
鶢	ny	鳥爰	0
鰆	yi	魚春	0
鯃	yw	魚吾	0
鮢	yv	魚朱	0
鮠	yw	魚危	0
騵	my	馬原	0
騥	mr	馬柔	0
騇	mu	馬舍	0
駩	mq	馬全	0
馲	mq	馬七	0
馲	mt	馬乇	0
馜	xn	香尼	0
餥	uf	食非	0
韺	yy	音英	0
韅	gs	革絲	0
雵	yy	雨央	0
闀	mx	門巷	0
鑇	jq	金齊	0
鐹	jg	金過	0
鎑	jh	金盍	0
鎑	jm	金皿	0
錼	jn	金奈	0
錂	jl	金夌	0
鋕	jv	金志	0
銴	jv	金折	0
鈲	jg	金瓜	0
鄿	ed	耳單	0
鄎	ex	耳息	0
鄋	es	耳叟	0
迿	zx	辶旬	0
軞	im	車毛	0
踗	zn	足念	0
贙	bh	貝虎	0
譗	yd	言答	0
謤	yp	言票	0
諈	yi	言垂	0
詻	yg	言各	0
褼	ys	衤巳	0
蠯	gi	广虫	0
蠯	ib	虫卑	0
螸	iy	虫欲	0
蜤	ix	虫析	0
蚚	ij	虫斤	0
藲	cq	艹區	0
藲	cu	艹樞	0
蓹	cy	艹御	0
菳	cj	艹金	0
繴	sb	糸辟	0
繴	sx	糸辛	0
紸	sv	糸主	0
簐	vr	竹軟	0
碬	uj	石叚	0
硉	uy	石聿	0
盓	my	皿于	0
癙	bu	疒鼠	0
甈	wn	瓦臬	0
瓋	wu	王適	0
瓅	wl	王樂	0
瓅	wy	王樂	0
狚	qd	犭旦	0
熐	hl	火六	0
熐	hm	火冥	0
烿	ht	火彤	0
烑	hv	火兆	0
瀻	dd	氵戴	0
瀴	dy	氵嬰	0
澺	dy	氵意	0
漹	dy	氵焉	0
漞	dj	氵見	0
漞	dm	氵覓	0
漜	dt	氵土	0
漜	dy	氵埜	0
沊	ug	水乚	0
沊	uy	水冘	0
沊	yu	冘水	0
毠	mj	毛加	0
毇	um	殳米	0
殎	dj	歹夾	0
棜	my	木於	0
枍	mx	木兮	0
朢	wo	王月	0
擛	fm	扌木	0
擛	fy	扌葉	0
撉	ud	手敦	0
懩	xy	心養	0
怷	xu	心术	0
嶞	us	山隋	0
嵹	uq	山强	0
屘	uz	尸子	0
屘	zw	子尾	0
塻	tm	土莫	0
堻	tj	土津	0
堈	tg	土岡	0
僗	rl	亻勞	0
僓	rg	亻貴	0
俙	rx	亻希	0
伬	ri	亻尺	0
扰	fy	扌尤	0
黺	fb	分㡀	0
黺	yf	业分	0
鷌	nm	鳥馬	0
鶲	nw	鳥翁	0
鶁	nj	鳥京	0
鱁	yv	魚逐	0
鮅	yb	魚必	0
髇	gg	骨高	0
駂	mu	馬十	0
鞊	gj	革吉	0
鑪	jl	金盧	0
鏬	jh	金乎	0
鏚	jq	金戚	0
酓	yj	酉今	0
郻	ei	阝川	0
郖	ed	耳豆	0
謏	ys	言叟	0
諵	yn	言南	0
裗	yi	衤川	0
袧	yj	衤句	0
袉	yt	衤它	0
蝬	iw	虫夂	0
薐	cl	艹夌	0
蕔	cb	艹報	0
菞	cd	艹ㄉ	0
莮	cn	艹男	0
艣	vl	舟虜	0
艣	vn	舟男	0
聤	et	耳亭	0
聝	eh	耳或	0
罬	su	罒双	0
罬	sv	罒叕	0
罧	sl	罒林	0
繌	sw	糸夂	0
縥	sq	糸秦	0
緧	sq	糸酋	0
糽	sd	糸丁	0
糪	mb	米辟	0
糪	mx	米辛	0
糔	mz	米蚤	0
粈	mi	米丑	0
甮	wy	勿用	0
瓨	gw	工瓦	0
瓨	wg	瓦工	0
玂	qj	犭蘄	0
犞	nq	牛喬	0
灥	qq	泉泉	0
渱	dh	氵虹	0
泲	dz	氵𠂔	0
歖	qx	欠喜	0
欐	ml	木麗	0
櫡	mv	木箸	0
檺	mh	木豪	0
樼	mi	木孱	0
樼	mz	木子	0
榠	ml	木六	0
榠	mm	木冥	0
椕	mf	木分	0
椕	mm	木木	0
椔	mt	木田	0
椔	mz	木甾	0
栯	my	木有	0
杋	mf	木凡	0
攁	fy	扌養	0
摷	fi	扌巢	0
搮	fl	扌栗	0
愻	xs	心孫	0
庰	gb	广并	0
庈	gj	广今	0
嵽	ud	山帶	0
嵃	uy	山彦	0
峚	ut	山土	0
嫍	ny	女舀	0
妡	nj	女斤	0
奻	nn	女女	0
吘	kw	口午	0
勼	gj	勹九	0
傶	rq	亻戚	0
侞	rr	亻如	0
齍	dm	丶皿	0
齍	qm	齊皿	0
齍	wm	亠皿	0
黭	hc	黑廾	0
黭	hy	黑弇	0
黖	hw	黑旡	0
麭	mb	麥包	0
魧	yk	魚亢	0
驙	md	馬亶	0
驉	mx	馬虚	0
颽	fd	風豆	0
颽	fq	風豈	0
陭	eq	耳奇	0
錤	jq	金其	0
銵	ju	金身	0
鈱	jm	金民	0
釫	jk	金亏	0
遾	zu	辶筮	0
遾	zw	辶巫	0
逽	zr	辶若	0
貗	vl	豸婁	0
譅	ys	言歰	0
譅	yv	言止	0
謣	yk	言亏	0
謣	yy	言雩	0
襮	yb	衤暴	0
蘉	cq	艹侵	0
薱	cd	艹對	0
菢	cb	艹抱	0
艀	vf	舟孚	0
罿	st	罒童	0
簬	vl	𥫗路	0
禶	uz	示贊	0
眻	oy	目羊	0
痭	bp	疒朋	0
珔	wc	王存	0
狣	qv	犭兆	0
犣	nl	牛巤	0
炑	hm	火木	0
澅	dh	氵畫	0
淐	di	氵昌	0
沜	dp	氵片	0
氝	qn	气内	0
殗	dd	歹电	0
殗	dy	歹奄	0
樝	mc	木虘	0
樝	mq	木且	0
榞	my	木原	0
梇	mn	木弄	0
栺	mv	木旨	0
朻	mj	木丩	0
晜	od	日弟	0
昍	oo	日日	0
攕	fg	扌戈	0
攕	fx	扌韱	0
捔	fj	扌角	0
挃	fv	扌至	0
懖	xu	心銛	0
懖	xx	心銛	0
宒	bm	宀毛	0
宎	by	宀夭	0
嫛	nu	女殳	0
嫛	ny	女殹	0
堨	th	土曷	0
傋	rg	亻冓	0
傋	rr	亻冉	0
偯	ra	亻哀	0
俴	rj	亻戔	0
伄	rd	亻弔	0
与	aa	一一	0
离	dl	亠{离下}	0
离	ds	丶厶	0
离	wl	亠{离下}	0
离	ws	亠厶	0
蜡	ix	虫昔	0
洼	dg	氵圭	0
鴠	nd	鳥旦	0
踜	zl	足夌	0
蟴	is	虫斯	0
蟔	ih	虫黑	0
蝒	im	虫面	0
蘦	ck	艹口	0
蘦	cl	艹霝	0
蒫	ci	艹差	0
翨	yu	羽是	0
纗	sj	糸冏	0
纗	sk	糸口	0
繨	sd	糸達	0
縿	sc	糸參	0
縚	sy	糸舀	0
紑	sb	糸不	0
粺	mb	米卑	0
穻	by	宀于	0
穻	xy	穴于	0
礒	uy	石義	0
眳	om	目名	0
眲	oe	目耳	0
痚	bx	疒孝	0
珨	wh	王合	0
犩	nw	牛魏	0
爞	hi	火蟲	0
澬	dz	氵資	0
潃	do	氵月	0
漺	du	氵爽	0
櫐	ml	木畾	0
曭	od	日黨	0
揱	ux	手削	0
扻	fq	扌欠	0
懘	xv	心滯	0
廔	gl	广婁	0
寙	bg	宀瓜	0
嬭	ne	女爾	0
婟	ng	女固	0
墇	tv	土章	0
堭	th	土皇	0
堜	tj	土柬	0
伔	rr	亻冗	0
跖	zu	足石	0
鼆	ml	黽六	0
鼆	mm	冥黽	0
鷶	nm	鳥買	0
閺	mm	門旻	0
閺	mw	門文	0
閜	mk	門可	0
鎉	jy	金羽	0
醟	hy	火酉	0
醟	yb	酉冖	0
酀	ey	耳燕	0
蚳	id	虫氐	0
蘮	cd	艹刂	0
蘮	cj	艹罽	0
藑	cw	艹攵	0
藑	cx	艹夐	0
蔧	ch	艹彗	0
蔆	cl	艹淩	0
荋	ce	艹而	0
罻	sw	罒尉	0
絩	sv	糸兆	0
穧	hq	禾齊	0
獢	qq	犭喬	0
澖	dx	氵閑	0
梂	mq	木求	0
栭	me	木而	0
抎	fy	扌云	0
恮	xq	心全	0
幭	jm	巾蔑	0
夌	tw	土夂	0
夌	wb	夊八	0
堣	ty	土禺	0
埩	tv	土争	0
厒	if	厂缶	0
偰	rq	亻契	0
气	py	丿乙	0
气	ry	人乙	0
极	mj	木及	0
淀	dd	氵定	0
麠	lj	鹿畺	0
鶧	ny	鳥英	0
鱳	yl	魚樂	0
鱳	yy	魚樂	0
鯙	yx	魚享	0
騿	mv	馬章	0
鍱	jm	金木	0
鄑	ej	耳晋	0
郩	ey	耳肴	0
覞	jj	見見	0
衈	xe	血耳	0
蠦	il	虫盧	0
藈	ck	艹睽	0
萓	cy	艹宜	0
耡	lv	耒助	0
絽	sl	糸吕	0
糷	mj	米柬	0
糷	ml	米蘭	0
簢	vm	𥫗閔	0
祌	uv	示中	0
瓗	wj	王冏	0
瓗	wk	王口	0
瑼	wv	王專	0
玔	wi	王川	0
焨	ho	火月	0
榣	mf	木缶	0
朁	jo	兓日	0
朁	og	日乚	0
朁	oj	日兓	0
晥	ow	日完	0
擸	fl	扌巤	0
慞	xv	忄章	0
寣	by	宀言	0
嬠	nz	女喿	0
婃	nz	女宗	0
妴	ne	女	0
妴	ny	女夘	0
壝	ty	土遺	0
堶	to	土月	0
吇	kz	口子	0
僈	rm	亻曼	0
鴭	nv	女𠂤	0
魱	yh	魚互	0
髲	ip	髟皮	0
髲	pb	皮髟	0
飉	fl	風尞	0
飉	fx	風小	0
韟	wg	韋皋	0
韟	wu	韋十	0
銤	jm	金米	0
蟡	iw	虫爲	0
絇	sj	糸句	0
睅	oh	目旱	0
琄	wo	王月	0
琄	wy	王肙	0
狪	qt	犭同	0
狋	qu	犭示	0
焛	hm	火門	0
焛	mh	門火	0
烞	hp	火朴	0
灨	db	氵貝	0
灨	dg	氵贛	0
樄	mi	木陳	0
棯	mn	木念	0
栨	mc	木次	0
暟	od	日豆	0
暟	oq	日豈	0
嶀	uk	山亏	0
嶀	uy	山雩	0
媊	nq	女前	0
偞	rm	亻木	0
仩	ru	亻上	0
亃	gl	乚粦	0
适	zu	辶舌	0
鱌	yx	魚象	0
酄	ev	耳隹	0
贆	bb	貝猋	0
贆	bq	貝犬	0
蚸	ii	虫斥	0
莿	cc	艹刺	0
芞	cq	艹气	0
籅	vy	竹與	0
箊	vy	𥫗於	0
穮	hb	禾麃	0
穮	hd	禾灬	0
穮	hh	禾灬	0
濣	dd	氵斗	0
濣	dw	氵斡	0
擃	fn	扌農	0
妦	nf	女丰	0
埮	ty	土炎	0
噆	ko	口日	0
噆	kq	口朁	0
倠	rv	亻隹	0
栖	mx	木西	0
鶸	nr	鳥弱	0
霮	yu	雨甚	0
霮	yv	雨湛	0
鄸	em	耳夢	0
灖	df	氵非	0
灖	dm	氵靡	0
殕	dk	歹口	0
殕	dp	歹咅	0
楰	my	木臾	0
昑	oj	日今	0
擏	fj	扌敬	0
捙	fi	扌車	0
悐	xd	心狄	0
怬	xs	忄四	0
峖	ua	山安	0
壨	tt	田土	0
倵	rw	亻武	0
侕	re	亻而	0
髍	gm	骨麻	0
鎕	jt	金唐	0
荍	cu	艹收	0
膱	og	月戈	0
膱	ov	月戠	0
籉	vt	竹臺	0
湷	di	氵春	0
沺	dt	氵田	0
搷	fv	扌真	0
怓	xn	心奴	0
麚	lj	鹿叚	0
鍙	jh	金洪	0
銝	jx	金休	0
逿	zy	辶昜	0
謍	hy	火言	0
睊	oo	目月	0
煣	hr	火柔	0
寍	bm	宀皿	0
姼	nd	女多	0
嘂	jl	丩吕	0
嘂	kl	口吕	0
嘂	ll	吕吕	0
鰴	yw	魚攵	0
鰫	yr	魚容	0
銗	jh	金后	0
鉹	jd	金多	0
辿	zu	辶山	0
蔇	cj	艹既	0
芢	cr	艹仁	0
粨	mb	米百	0
椷	mx	木咸	0
嵨	uw	山烏	0
胜	ou	月生	0
腌	od	月电	0
腌	oy	月奄	0
隡	ei	阝產	0
鉎	ju	金生	0
蝖	ix	虫宣	0
稐	hl	禾侖	0
珒	wy	王聿	0
恛	xh	心回	0
啎	ww	午吾	0
鴘	nb	鳥弁	0
鴘	nc	鳥廾	0
錵	jh	金花	0
鉐	ju	金石	0
蛬	ig	虫共	0
蛪	id	虫刀	0
萛	cc	艹廾	0
萛	cm	廾目	0
撋	fr	扌閏	0
嵅	ux	山咸	0
墱	td	土登	0
价	rj	亻介	0
昵	on	日尼	0
阭	ey	耳允	0
茠	cx	艹休	0
灦	dx	氵顯	0
灦	dy	氵頁	0
潓	dh	氵惠	0
抾	fq	扌去	0
怐	xj	忄句	0
墘	tq	土乾	0
哠	kg	口告	0
騬	mi	馬乘	0
菺	cj	艹肩	0
穚	hq	禾喬	0
琠	wd	王典	0
徫	xw	彳韋	0
銋	jr	金任	0
蛜	iy	虫伊	0
蘴	cd	艹豆	0
蘴	cf	艹豐	0
芔	cc	屮屮	0
澢	dd	氵當	0
椇	mj	木具	0
峆	uh	山合	0
鈜	jh	金厷	0
鈜	js	金厶	0
氻	dl	氵力	0
憓	xh	忄惠	0
婽	nj	女叚	0
趒	zv	走兆	0
葀	ck	艹括	0
齀	bw	鼻瓦	0
魙	gj	鬼漸	0
忯	xu	忄氏	0
佸	ru	亻舌	0
笘	vv	𥫗占	0
揂	fq	扌酋	0
鷈	nh	鳥虎	0
瘜	bx	疒息	0
痐	bh	疒回	0
歕	qb	欠賁	0
椳	mw	木畏	0
巟	wi	亡川	0
娸	nq	女其	0
嚝	kg	口廣	0
吨	kt	口屯	0
篫	uv	手筑	0
篫	vu	竹手	0
堸	tf	土風	0
葥	cq	艹前	0
潳	dt	氵屠	0
亄	gy	乚壹	0
棑	mf	木非	0
优	ry	亻尤	0
擣	fu	扌壽	0
諅	qy	其言	0
凐	dt	冫土	0
洘	dk	氵考	0
裞	yd	衤兑	0
駖	ml	馬令	0
峓	uy	山夷	0
掅	fq	扌青	0
杠	mg	木工	0
堎	tl	土夌	0
埥	tq	土青	0
迣	zu	辶世	0
凎	dj	冫金	0
网	ki	冂乂	0
琡	wu	王叔	0
澔	dh	氵皓	0
痒	by	疒羊	0
怢	xu	心失	0
怜	xl	忄令	0
触	ij	虫角	0
触	ji	角虫	0
竤	lh	立宏	0
肴	ou	月𠂇	0
洁	dj	氵吉	0
絣	sb	糸并	0
潀	dd	氵丶	0
潀	dv	氵眾	0
傱	rc	亻從	0
傱	rv	亻止	0
腊	ox	月昔	0
濋	di	氵楚	0
竫	lv	立争	0
岦	ul	山立	0
撜	fd	扌登	0
惼	xb	心扁	0
儰	rw	亻蔿	0
党	dx	丶兄	0
党	ek	儿口	0
党	xx	兄	0
凄	dq	冫妻	0
蟘	id	虫貸	0
蛂	ib	虫犮	0
戭	gy	戈寅	0
蹔	zv	足斬	0
砪	um	石母	0
瞴	ow	目無	0
荎	cv	艹至	0
坏	tb	土不	0
偀	ry	亻英	0
豭	uj	豕叚	0
洍	di	氵臣	0
峈	ug	山各	0
攷	wk	攵丂	0
种	hv	禾中	0
圴	tu	土勺	0
珗	wx	王先	0
焂	hw	火攵	0
焂	hy	火攸	0
秝	hh	禾禾	0
听	kj	口斤	0
恒	xg	心亘	0
桹	ml	木良	0
誏	yl	言良	0
滮	db	氵彪	0
掔	uy	手又	0
賸	ob	日貝	0
賸	bf	貝夫	0
椆	mv	木周	0
柜	mj	木巨	0
熏	da	灬一	0
熏	ha	灬一	0
熏	ph	丿灬	0
葄	cv	艹乍	0
葄	cz	艹胙	0
苹	cp	艹平	0
湠	dt	氵炭	0
蝎	ih	虫曷	0
兀	ae	一儿	0
兀	ag	一乚	0
兀	wu	{兀}	0
銂	jv	金州	0
羡	yc	羊次	0
捀	ff	扌丰	0
蹛	zd	足帶	0
帘	bj	宀巾	0
帘	jb	巾八	0
帘	jx	巾穴	0
帘	xj	穴巾	0
据	fj	扌居	0
韆	gq	革遷	0
韆	gs	革巳	0
徛	xq	彳奇	0
涌	dy	氵甬	0
鐽	jd	金達	0
灶	ht	火土	0
佣	ry	亻用	0
厘	il	厂里	0
賏	bb	貝貝	0
吁	ky	口于	0
梖	mb	木貝	0
万	ag	一勹	0
万	ap	一丿	0
虱	iy	虫乙	0
虱	yi	乙虫	0
媄	nm	女美	0
仆	rb	亻卜	0
朴	mb	木卜	0
咨	kc	口次	0
尸	ap	乛丿	0
尸	kp	コ丿	0
尸	vp	乛丿	0
晒	ox	日西	0
辟	xk	辛口	0
洒	dx	氵西	0
机	mj	木几	0
抴	fu	扌世	0
扑	fb	扌卜	0
荐	cc	艹存	0
咸	gk	戈口	0
咸	kg	口戈	0
咸	wk	戊口	0
夸	dk	大亏	0
筑	vg	𥫗巩	0
皂	bq	白七	0
雇	hv	户隹	0
挂	fg	扌圭	0
愿	xy	心原	0
丰	aa	一丨	0
庄	gt	广土	0
丑	aa	一丨	0
丑	at	乛土	0
丑	vt	乛土	0
迋	zw	辶王	0
凶	ik	乂凵	0
凶	ki	凵乂	0
霉	ym	雨每	0
栗	xm	覀木	0
唇	ik	辰口	0
唇	ki	口辰	0
岩	uu	山石	0
并	bk	八开	0
并	qc	䒑廾	0
郁	ey	耳有	0
范	ce	艹	0
范	cf	艹氾	0
涂	dy	氵余	0
划	dg	刂戈	0
划	gd	戈刂	0
粽	mz	米宗	0
几	py	丿乙	0
占	bk	卜口	0
岳	qu	丘山	0
岳	uq	山丘	0
体	rb	亻本	0
杰	dm	灬木	0
杰	hm	灬木	0
杰	md	木灬	0
杰	mh	木灬	0
虫	ad	乛丶	0
虫	vd	中丶	0
余	rb	人八	0
余	rd	人丶	0
余	rh	人禾	0
征	xv	彳正	0
斗	du	冫十	0
云	es	二厶	0
云	se	厶二	0
采	mv	木爪	0
采	vm	爫木	0
痴	bv	疒知	0
么	ps	丿厶	0
托	fq	扌七	0
托	ft	扌乇	0
准	dv	冫隹	0
后	pk	丿口	0
于	aa	一亅	0
床	gm	广木	0
床	mg	木广	0
伙	rh	亻火	0
干	aa	一丨	0
秘	hb	禾必	0
峰	uf	山丰	0
游	dz	氵子	0
里	aa	丨一	0
里	tt	田土	0
群	yj	羊君	0
吃	kq	口乞	0
台	sk	厶口	0
